2026-05-18 12:41:17,750  INFO  Fresh ALLaVA start from ../checkpoints/stage2_h100/epoch1_final
2026-05-18 12:42:51,846  INFO  [ALLaVA] Loading JSON: ../data/data/allava/allava_laion/ALLaVA-Instruct-LAION-4V.json
2026-05-18 12:43:02,073  INFO  [ALLaVA] Total samples: 468670
2026-05-18 12:48:46,924  INFO  [ALLaVA] After image-exists filter: 468668
2026-05-18 12:48:47,179  INFO  [ALLaVA] Dataset ready: 468668 samples
2026-05-18 12:48:47,370  INFO  Phase allava start | batches=58583 | global_step=0
2026-05-18 12:48:54,307  INFO  [allava] Step 0/26578 | Loss 0.1554 | LR 0.00e+00 | phase_samples=8
2026-05-18 12:48:54,693  INFO  [allava] Step 0/26578 | Loss 0.1504 | LR 0.00e+00 | phase_samples=16
2026-05-18 12:48:55,078  INFO  [allava] Step 0/26578 | Loss 0.1594 | LR 0.00e+00 | phase_samples=24
2026-05-18 12:49:10,934  INFO  [allava] Step 10/26578 | Loss 6.2187 | LR 2.51e-07 | phase_samples=320
2026-05-18 12:49:11,302  INFO  [allava] Step 10/26578 | Loss 0.1438 | LR 2.51e-07 | phase_samples=328
2026-05-18 12:49:11,675  INFO  [allava] Step 10/26578 | Loss 0.1481 | LR 2.51e-07 | phase_samples=336
2026-05-18 12:49:12,068  INFO  [allava] Step 10/26578 | Loss 0.1740 | LR 2.51e-07 | phase_samples=344
2026-05-18 12:49:27,898  INFO  [allava] Step 20/26578 | Loss 5.8551 | LR 5.02e-07 | phase_samples=640
2026-05-18 12:49:28,280  INFO  [allava] Step 20/26578 | Loss 0.1747 | LR 5.02e-07 | phase_samples=648
2026-05-18 12:49:28,630  INFO  [allava] Step 20/26578 | Loss 0.1640 | LR 5.02e-07 | phase_samples=656
2026-05-18 12:49:29,082  INFO  [allava] Step 20/26578 | Loss 0.1816 | LR 5.02e-07 | phase_samples=664
2026-05-18 12:49:44,573  INFO  [allava] Step 30/26578 | Loss 5.8883 | LR 7.53e-07 | phase_samples=960
2026-05-18 12:49:44,945  INFO  [allava] Step 30/26578 | Loss 0.1604 | LR 7.53e-07 | phase_samples=968
2026-05-18 12:49:45,325  INFO  [allava] Step 30/26578 | Loss 0.1772 | LR 7.53e-07 | phase_samples=976
2026-05-18 12:49:45,710  INFO  [allava] Step 30/26578 | Loss 0.1601 | LR 7.53e-07 | phase_samples=984
2026-05-18 12:50:01,594  INFO  [allava] Step 40/26578 | Loss 6.1126 | LR 1.00e-06 | phase_samples=1280
2026-05-18 12:50:02,014  INFO  [allava] Step 40/26578 | Loss 0.1576 | LR 1.00e-06 | phase_samples=1288
2026-05-18 12:50:02,345  INFO  [allava] Step 40/26578 | Loss 0.1359 | LR 1.00e-06 | phase_samples=1296
2026-05-18 12:50:02,784  INFO  [allava] Step 40/26578 | Loss 0.1666 | LR 1.00e-06 | phase_samples=1304
2026-05-18 12:50:18,147  INFO  [allava] Step 50/26578 | Loss 5.9917 | LR 1.25e-06 | phase_samples=1600
2026-05-18 12:50:18,541  INFO  [allava] Step 50/26578 | Loss 0.1661 | LR 1.25e-06 | phase_samples=1608
2026-05-18 12:50:18,925  INFO  [allava] Step 50/26578 | Loss 0.1567 | LR 1.25e-06 | phase_samples=1616
2026-05-18 12:50:19,424  INFO  [allava] Step 50/26578 | Loss 0.1524 | LR 1.25e-06 | phase_samples=1624
2026-05-18 12:50:35,421  INFO  [allava] Step 60/26578 | Loss 6.0059 | LR 1.51e-06 | phase_samples=1920
2026-05-18 12:50:35,793  INFO  [allava] Step 60/26578 | Loss 0.1849 | LR 1.51e-06 | phase_samples=1928
2026-05-18 12:50:36,252  INFO  [allava] Step 60/26578 | Loss 0.1526 | LR 1.51e-06 | phase_samples=1936
2026-05-18 12:50:36,633  INFO  [allava] Step 60/26578 | Loss 0.1815 | LR 1.51e-06 | phase_samples=1944
2026-05-18 12:50:51,956  INFO  [allava] Step 70/26578 | Loss 5.8847 | LR 1.76e-06 | phase_samples=2240
2026-05-18 12:50:52,321  INFO  [allava] Step 70/26578 | Loss 0.1661 | LR 1.76e-06 | phase_samples=2248
2026-05-18 12:50:52,761  INFO  [allava] Step 70/26578 | Loss 0.1659 | LR 1.76e-06 | phase_samples=2256
2026-05-18 12:50:53,113  INFO  [allava] Step 70/26578 | Loss 0.1766 | LR 1.76e-06 | phase_samples=2264
2026-05-18 12:51:09,353  INFO  [allava] Step 80/26578 | Loss 5.9086 | LR 2.01e-06 | phase_samples=2560
2026-05-18 12:51:09,779  INFO  [allava] Step 80/26578 | Loss 0.1718 | LR 2.01e-06 | phase_samples=2568
2026-05-18 12:51:10,154  INFO  [allava] Step 80/26578 | Loss 0.1396 | LR 2.01e-06 | phase_samples=2576
2026-05-18 12:51:10,549  INFO  [allava] Step 80/26578 | Loss 0.1629 | LR 2.01e-06 | phase_samples=2584
2026-05-18 12:51:26,025  INFO  [allava] Step 90/26578 | Loss 5.7948 | LR 2.26e-06 | phase_samples=2880
2026-05-18 12:51:26,389  INFO  [allava] Step 90/26578 | Loss 0.1454 | LR 2.26e-06 | phase_samples=2888
2026-05-18 12:51:26,772  INFO  [allava] Step 90/26578 | Loss 0.1520 | LR 2.26e-06 | phase_samples=2896
2026-05-18 12:51:27,146  INFO  [allava] Step 90/26578 | Loss 0.1327 | LR 2.26e-06 | phase_samples=2904
2026-05-18 12:51:43,042  INFO  [allava] Step 100/26578 | Loss 5.6141 | LR 2.51e-06 | phase_samples=3200
2026-05-18 12:51:43,423  INFO  [allava] Step 100/26578 | Loss 0.1392 | LR 2.51e-06 | phase_samples=3208
2026-05-18 12:51:43,793  INFO  [allava] Step 100/26578 | Loss 0.1628 | LR 2.51e-06 | phase_samples=3216
2026-05-18 12:51:44,196  INFO  [allava] Step 100/26578 | Loss 0.1792 | LR 2.51e-06 | phase_samples=3224
2026-05-18 12:51:59,626  INFO  [allava] Step 110/26578 | Loss 5.7153 | LR 2.76e-06 | phase_samples=3520
2026-05-18 12:51:59,990  INFO  [allava] Step 110/26578 | Loss 0.1668 | LR 2.76e-06 | phase_samples=3528
2026-05-18 12:52:00,393  INFO  [allava] Step 110/26578 | Loss 0.1794 | LR 2.76e-06 | phase_samples=3536
2026-05-18 12:52:00,786  INFO  [allava] Step 110/26578 | Loss 0.1537 | LR 2.76e-06 | phase_samples=3544
2026-05-18 12:52:16,487  INFO  [allava] Step 120/26578 | Loss 5.6918 | LR 3.01e-06 | phase_samples=3840
2026-05-18 12:52:16,811  INFO  [allava] Step 120/26578 | Loss 0.1577 | LR 3.01e-06 | phase_samples=3848
2026-05-18 12:52:17,197  INFO  [allava] Step 120/26578 | Loss 0.1536 | LR 3.01e-06 | phase_samples=3856
2026-05-18 12:52:17,600  INFO  [allava] Step 120/26578 | Loss 0.1556 | LR 3.01e-06 | phase_samples=3864
2026-05-18 12:52:33,129  INFO  [allava] Step 130/26578 | Loss 5.5215 | LR 3.26e-06 | phase_samples=4160
2026-05-18 12:52:33,513  INFO  [allava] Step 130/26578 | Loss 0.1544 | LR 3.26e-06 | phase_samples=4168
2026-05-18 12:52:33,903  INFO  [allava] Step 130/26578 | Loss 0.1905 | LR 3.26e-06 | phase_samples=4176
2026-05-18 12:52:34,249  INFO  [allava] Step 130/26578 | Loss 0.1667 | LR 3.26e-06 | phase_samples=4184
2026-05-18 12:52:50,205  INFO  [allava] Step 140/26578 | Loss 5.6321 | LR 3.51e-06 | phase_samples=4480
2026-05-18 12:52:50,560  INFO  [allava] Step 140/26578 | Loss 0.1557 | LR 3.51e-06 | phase_samples=4488
2026-05-18 12:52:50,938  INFO  [allava] Step 140/26578 | Loss 0.1366 | LR 3.51e-06 | phase_samples=4496
2026-05-18 12:52:51,374  INFO  [allava] Step 140/26578 | Loss 0.1505 | LR 3.51e-06 | phase_samples=4504
2026-05-18 12:53:06,778  INFO  [allava] Step 150/26578 | Loss 5.5616 | LR 3.76e-06 | phase_samples=4800
2026-05-18 12:53:07,218  INFO  [allava] Step 150/26578 | Loss 0.1637 | LR 3.76e-06 | phase_samples=4808
2026-05-18 12:53:07,519  INFO  [allava] Step 150/26578 | Loss 0.0927 | LR 3.76e-06 | phase_samples=4816
2026-05-18 12:53:08,038  INFO  [allava] Step 150/26578 | Loss 0.1684 | LR 3.76e-06 | phase_samples=4824
2026-05-18 12:53:23,632  INFO  [allava] Step 160/26578 | Loss 5.4873 | LR 4.02e-06 | phase_samples=5120
2026-05-18 12:53:24,013  INFO  [allava] Step 160/26578 | Loss 0.1274 | LR 4.02e-06 | phase_samples=5128
2026-05-18 12:53:24,352  INFO  [allava] Step 160/26578 | Loss 0.1437 | LR 4.02e-06 | phase_samples=5136
2026-05-18 12:53:24,743  INFO  [allava] Step 160/26578 | Loss 0.1456 | LR 4.02e-06 | phase_samples=5144
2026-05-18 12:53:40,197  INFO  [allava] Step 170/26578 | Loss 5.4659 | LR 4.27e-06 | phase_samples=5440
2026-05-18 12:53:40,500  INFO  [allava] Step 170/26578 | Loss 0.1267 | LR 4.27e-06 | phase_samples=5448
2026-05-18 12:53:40,877  INFO  [allava] Step 170/26578 | Loss 0.1589 | LR 4.27e-06 | phase_samples=5456
2026-05-18 12:53:41,257  INFO  [allava] Step 170/26578 | Loss 0.1642 | LR 4.27e-06 | phase_samples=5464
2026-05-18 12:53:57,034  INFO  [allava] Step 180/26578 | Loss 5.5240 | LR 4.52e-06 | phase_samples=5760
2026-05-18 12:53:57,393  INFO  [allava] Step 180/26578 | Loss 0.1518 | LR 4.52e-06 | phase_samples=5768
2026-05-18 12:53:57,785  INFO  [allava] Step 180/26578 | Loss 0.1088 | LR 4.52e-06 | phase_samples=5776
2026-05-18 12:53:58,133  INFO  [allava] Step 180/26578 | Loss 0.1424 | LR 4.52e-06 | phase_samples=5784
2026-05-18 12:54:13,458  INFO  [allava] Step 190/26578 | Loss 5.3290 | LR 4.77e-06 | phase_samples=6080
2026-05-18 12:54:13,794  INFO  [allava] Step 190/26578 | Loss 0.1576 | LR 4.77e-06 | phase_samples=6088
2026-05-18 12:54:14,184  INFO  [allava] Step 190/26578 | Loss 0.1215 | LR 4.77e-06 | phase_samples=6096
2026-05-18 12:54:14,569  INFO  [allava] Step 190/26578 | Loss 0.1390 | LR 4.77e-06 | phase_samples=6104
2026-05-18 12:54:31,166  INFO  [allava] Step 200/26578 | Loss 5.4153 | LR 5.02e-06 | phase_samples=6400
2026-05-18 12:54:31,546  INFO  [allava] Step 200/26578 | Loss 0.1782 | LR 5.02e-06 | phase_samples=6408
2026-05-18 12:54:32,006  INFO  [allava] Step 200/26578 | Loss 0.1529 | LR 5.02e-06 | phase_samples=6416
2026-05-18 12:54:32,356  INFO  [allava] Step 200/26578 | Loss 0.1214 | LR 5.02e-06 | phase_samples=6424
2026-05-18 12:54:47,487  INFO  [allava] Step 210/26578 | Loss 5.4806 | LR 5.27e-06 | phase_samples=6720
2026-05-18 12:54:47,812  INFO  [allava] Step 210/26578 | Loss 0.1309 | LR 5.27e-06 | phase_samples=6728
2026-05-18 12:54:48,201  INFO  [allava] Step 210/26578 | Loss 0.1273 | LR 5.27e-06 | phase_samples=6736
2026-05-18 12:54:48,568  INFO  [allava] Step 210/26578 | Loss 0.1487 | LR 5.27e-06 | phase_samples=6744
2026-05-18 12:55:04,150  INFO  [allava] Step 220/26578 | Loss 5.5317 | LR 5.52e-06 | phase_samples=7040
2026-05-18 12:55:04,535  INFO  [allava] Step 220/26578 | Loss 0.1363 | LR 5.52e-06 | phase_samples=7048
2026-05-18 12:55:04,904  INFO  [allava] Step 220/26578 | Loss 0.1664 | LR 5.52e-06 | phase_samples=7056
2026-05-18 12:55:05,299  INFO  [allava] Step 220/26578 | Loss 0.1341 | LR 5.52e-06 | phase_samples=7064
2026-05-18 12:55:20,644  INFO  [allava] Step 230/26578 | Loss 5.3427 | LR 5.77e-06 | phase_samples=7360
2026-05-18 12:55:21,026  INFO  [allava] Step 230/26578 | Loss 0.1645 | LR 5.77e-06 | phase_samples=7368
2026-05-18 12:55:21,428  INFO  [allava] Step 230/26578 | Loss 0.1234 | LR 5.77e-06 | phase_samples=7376
2026-05-18 12:55:21,819  INFO  [allava] Step 230/26578 | Loss 0.1491 | LR 5.77e-06 | phase_samples=7384
2026-05-18 12:55:37,619  INFO  [allava] Step 240/26578 | Loss 5.5557 | LR 6.02e-06 | phase_samples=7680
2026-05-18 12:55:37,978  INFO  [allava] Step 240/26578 | Loss 0.1268 | LR 6.02e-06 | phase_samples=7688
2026-05-18 12:55:38,314  INFO  [allava] Step 240/26578 | Loss 0.1302 | LR 6.02e-06 | phase_samples=7696
2026-05-18 12:55:38,687  INFO  [allava] Step 240/26578 | Loss 0.1608 | LR 6.02e-06 | phase_samples=7704
2026-05-18 12:55:54,108  INFO  [allava] Step 250/26578 | Loss 5.5113 | LR 6.27e-06 | phase_samples=8000
2026-05-18 12:55:54,523  INFO  [allava] Step 250/26578 | Loss 0.1297 | LR 6.27e-06 | phase_samples=8008
2026-05-18 12:55:54,890  INFO  [allava] Step 250/26578 | Loss 0.1345 | LR 6.27e-06 | phase_samples=8016
2026-05-18 12:55:55,236  INFO  [allava] Step 250/26578 | Loss 0.1544 | LR 6.27e-06 | phase_samples=8024
2026-05-18 12:56:10,988  INFO  [allava] Step 260/26578 | Loss 5.6151 | LR 6.52e-06 | phase_samples=8320
2026-05-18 12:56:11,367  INFO  [allava] Step 260/26578 | Loss 0.1229 | LR 6.52e-06 | phase_samples=8328
2026-05-18 12:56:11,757  INFO  [allava] Step 260/26578 | Loss 0.1200 | LR 6.52e-06 | phase_samples=8336
2026-05-18 12:56:12,190  INFO  [allava] Step 260/26578 | Loss 0.1683 | LR 6.52e-06 | phase_samples=8344
2026-05-18 12:56:27,191  INFO  [allava] Step 270/26578 | Loss 5.5312 | LR 6.78e-06 | phase_samples=8640
2026-05-18 12:56:27,575  INFO  [allava] Step 270/26578 | Loss 0.1685 | LR 6.78e-06 | phase_samples=8648
2026-05-18 12:56:27,951  INFO  [allava] Step 270/26578 | Loss 0.1429 | LR 6.78e-06 | phase_samples=8656
2026-05-18 12:56:28,353  INFO  [allava] Step 270/26578 | Loss 0.1538 | LR 6.78e-06 | phase_samples=8664
2026-05-18 12:56:44,201  INFO  [allava] Step 280/26578 | Loss 5.4769 | LR 7.03e-06 | phase_samples=8960
2026-05-18 12:56:44,581  INFO  [allava] Step 280/26578 | Loss 0.1376 | LR 7.03e-06 | phase_samples=8968
2026-05-18 12:56:44,974  INFO  [allava] Step 280/26578 | Loss 0.1621 | LR 7.03e-06 | phase_samples=8976
2026-05-18 12:56:45,357  INFO  [allava] Step 280/26578 | Loss 0.1425 | LR 7.03e-06 | phase_samples=8984
2026-05-18 12:57:00,373  INFO  [allava] Step 290/26578 | Loss 5.3743 | LR 7.28e-06 | phase_samples=9280
2026-05-18 12:57:00,726  INFO  [allava] Step 290/26578 | Loss 0.1578 | LR 7.28e-06 | phase_samples=9288
2026-05-18 12:57:01,152  INFO  [allava] Step 290/26578 | Loss 0.1352 | LR 7.28e-06 | phase_samples=9296
2026-05-18 12:57:01,532  INFO  [allava] Step 290/26578 | Loss 0.1302 | LR 7.28e-06 | phase_samples=9304
2026-05-18 12:57:17,456  INFO  [allava] Step 300/26578 | Loss 5.4594 | LR 7.53e-06 | phase_samples=9600
2026-05-18 12:57:17,816  INFO  [allava] Step 300/26578 | Loss 0.1426 | LR 7.53e-06 | phase_samples=9608
2026-05-18 12:57:18,192  INFO  [allava] Step 300/26578 | Loss 0.1251 | LR 7.53e-06 | phase_samples=9616
2026-05-18 12:57:18,588  INFO  [allava] Step 300/26578 | Loss 0.1682 | LR 7.53e-06 | phase_samples=9624
2026-05-18 12:57:33,887  INFO  [allava] Step 310/26578 | Loss 5.4708 | LR 7.78e-06 | phase_samples=9920
2026-05-18 12:57:34,251  INFO  [allava] Step 310/26578 | Loss 0.1295 | LR 7.78e-06 | phase_samples=9928
2026-05-18 12:57:34,686  INFO  [allava] Step 310/26578 | Loss 0.1495 | LR 7.78e-06 | phase_samples=9936
2026-05-18 12:57:35,083  INFO  [allava] Step 310/26578 | Loss 0.1664 | LR 7.78e-06 | phase_samples=9944
2026-05-18 12:57:50,639  INFO  [allava] Step 320/26578 | Loss 5.3098 | LR 8.03e-06 | phase_samples=10240
2026-05-18 12:57:50,965  INFO  [allava] Step 320/26578 | Loss 0.1250 | LR 8.03e-06 | phase_samples=10248
2026-05-18 12:57:51,357  INFO  [allava] Step 320/26578 | Loss 0.1297 | LR 8.03e-06 | phase_samples=10256
2026-05-18 12:57:51,740  INFO  [allava] Step 320/26578 | Loss 0.1229 | LR 8.03e-06 | phase_samples=10264
2026-05-18 12:58:07,110  INFO  [allava] Step 330/26578 | Loss 5.3349 | LR 8.28e-06 | phase_samples=10560
2026-05-18 12:58:07,495  INFO  [allava] Step 330/26578 | Loss 0.1436 | LR 8.28e-06 | phase_samples=10568
2026-05-18 12:58:07,866  INFO  [allava] Step 330/26578 | Loss 0.1291 | LR 8.28e-06 | phase_samples=10576
2026-05-18 12:58:08,214  INFO  [allava] Step 330/26578 | Loss 0.1443 | LR 8.28e-06 | phase_samples=10584
2026-05-18 12:58:23,640  INFO  [allava] Step 340/26578 | Loss 5.4038 | LR 8.53e-06 | phase_samples=10880
2026-05-18 12:58:23,975  INFO  [allava] Step 340/26578 | Loss 0.1546 | LR 8.53e-06 | phase_samples=10888
2026-05-18 12:58:24,367  INFO  [allava] Step 340/26578 | Loss 0.1577 | LR 8.53e-06 | phase_samples=10896
2026-05-18 12:58:24,770  INFO  [allava] Step 340/26578 | Loss 0.1370 | LR 8.53e-06 | phase_samples=10904
2026-05-18 12:58:40,548  INFO  [allava] Step 350/26578 | Loss 5.4850 | LR 8.78e-06 | phase_samples=11200
2026-05-18 12:58:40,872  INFO  [allava] Step 350/26578 | Loss 0.1319 | LR 8.78e-06 | phase_samples=11208
2026-05-18 12:58:41,271  INFO  [allava] Step 350/26578 | Loss 0.1378 | LR 8.78e-06 | phase_samples=11216
2026-05-18 12:58:41,615  INFO  [allava] Step 350/26578 | Loss 0.1462 | LR 8.78e-06 | phase_samples=11224
2026-05-18 12:58:57,087  INFO  [allava] Step 360/26578 | Loss 5.3255 | LR 9.03e-06 | phase_samples=11520
2026-05-18 12:58:57,449  INFO  [allava] Step 360/26578 | Loss 0.1505 | LR 9.03e-06 | phase_samples=11528
2026-05-18 12:58:57,833  INFO  [allava] Step 360/26578 | Loss 0.1435 | LR 9.03e-06 | phase_samples=11536
2026-05-18 12:58:58,205  INFO  [allava] Step 360/26578 | Loss 0.1497 | LR 9.03e-06 | phase_samples=11544
2026-05-18 12:59:13,588  INFO  [allava] Step 370/26578 | Loss 5.3991 | LR 9.28e-06 | phase_samples=11840
2026-05-18 12:59:13,920  INFO  [allava] Step 370/26578 | Loss 0.1289 | LR 9.28e-06 | phase_samples=11848
2026-05-18 12:59:14,247  INFO  [allava] Step 370/26578 | Loss 0.1206 | LR 9.28e-06 | phase_samples=11856
2026-05-18 12:59:14,601  INFO  [allava] Step 370/26578 | Loss 0.1340 | LR 9.28e-06 | phase_samples=11864
2026-05-18 12:59:30,058  INFO  [allava] Step 380/26578 | Loss 5.2772 | LR 9.54e-06 | phase_samples=12160
2026-05-18 12:59:30,426  INFO  [allava] Step 380/26578 | Loss 0.1437 | LR 9.54e-06 | phase_samples=12168
2026-05-18 12:59:30,806  INFO  [allava] Step 380/26578 | Loss 0.1184 | LR 9.54e-06 | phase_samples=12176
2026-05-18 12:59:31,187  INFO  [allava] Step 380/26578 | Loss 0.1856 | LR 9.54e-06 | phase_samples=12184
2026-05-18 12:59:46,363  INFO  [allava] Step 390/26578 | Loss 5.3270 | LR 9.79e-06 | phase_samples=12480
2026-05-18 12:59:46,728  INFO  [allava] Step 390/26578 | Loss 0.1393 | LR 9.79e-06 | phase_samples=12488
2026-05-18 12:59:47,101  INFO  [allava] Step 390/26578 | Loss 0.1308 | LR 9.79e-06 | phase_samples=12496
2026-05-18 12:59:47,477  INFO  [allava] Step 390/26578 | Loss 0.1290 | LR 9.79e-06 | phase_samples=12504
2026-05-18 13:00:03,196  INFO  [allava] Step 400/26578 | Loss 5.3269 | LR 1.00e-05 | phase_samples=12800
2026-05-18 13:00:03,554  INFO  [allava] Step 400/26578 | Loss 0.1296 | LR 1.00e-05 | phase_samples=12808
2026-05-18 13:00:03,893  INFO  [allava] Step 400/26578 | Loss 0.1269 | LR 1.00e-05 | phase_samples=12816
2026-05-18 13:00:04,276  INFO  [allava] Step 400/26578 | Loss 0.1592 | LR 1.00e-05 | phase_samples=12824
2026-05-18 13:00:19,726  INFO  [allava] Step 410/26578 | Loss 5.2261 | LR 1.03e-05 | phase_samples=13120
2026-05-18 13:00:20,089  INFO  [allava] Step 410/26578 | Loss 0.1386 | LR 1.03e-05 | phase_samples=13128
2026-05-18 13:00:20,486  INFO  [allava] Step 410/26578 | Loss 0.1247 | LR 1.03e-05 | phase_samples=13136
2026-05-18 13:00:20,923  INFO  [allava] Step 410/26578 | Loss 0.1603 | LR 1.03e-05 | phase_samples=13144
2026-05-18 13:00:36,641  INFO  [allava] Step 420/26578 | Loss 5.3331 | LR 1.05e-05 | phase_samples=13440
2026-05-18 13:00:37,054  INFO  [allava] Step 420/26578 | Loss 0.1737 | LR 1.05e-05 | phase_samples=13448
2026-05-18 13:00:37,420  INFO  [allava] Step 420/26578 | Loss 0.1330 | LR 1.05e-05 | phase_samples=13456
2026-05-18 13:00:37,806  INFO  [allava] Step 420/26578 | Loss 0.1350 | LR 1.05e-05 | phase_samples=13464
2026-05-18 13:00:53,396  INFO  [allava] Step 430/26578 | Loss 5.2419 | LR 1.08e-05 | phase_samples=13760
2026-05-18 13:00:53,721  INFO  [allava] Step 430/26578 | Loss 0.1215 | LR 1.08e-05 | phase_samples=13768
2026-05-18 13:00:54,098  INFO  [allava] Step 430/26578 | Loss 0.1467 | LR 1.08e-05 | phase_samples=13776
2026-05-18 13:00:54,475  INFO  [allava] Step 430/26578 | Loss 0.1542 | LR 1.08e-05 | phase_samples=13784
2026-05-18 13:01:10,102  INFO  [allava] Step 440/26578 | Loss 5.2634 | LR 1.10e-05 | phase_samples=14080
2026-05-18 13:01:10,466  INFO  [allava] Step 440/26578 | Loss 0.1380 | LR 1.10e-05 | phase_samples=14088
2026-05-18 13:01:10,846  INFO  [allava] Step 440/26578 | Loss 0.1450 | LR 1.10e-05 | phase_samples=14096
2026-05-18 13:01:11,273  INFO  [allava] Step 440/26578 | Loss 0.1587 | LR 1.10e-05 | phase_samples=14104
2026-05-18 13:01:26,392  INFO  [allava] Step 450/26578 | Loss 5.2868 | LR 1.13e-05 | phase_samples=14400
2026-05-18 13:01:26,745  INFO  [allava] Step 450/26578 | Loss 0.1398 | LR 1.13e-05 | phase_samples=14408
2026-05-18 13:01:27,167  INFO  [allava] Step 450/26578 | Loss 0.1488 | LR 1.13e-05 | phase_samples=14416
2026-05-18 13:01:27,547  INFO  [allava] Step 450/26578 | Loss 0.1290 | LR 1.13e-05 | phase_samples=14424
2026-05-18 13:01:43,076  INFO  [allava] Step 460/26578 | Loss 5.1077 | LR 1.15e-05 | phase_samples=14720
2026-05-18 13:01:43,438  INFO  [allava] Step 460/26578 | Loss 0.1400 | LR 1.15e-05 | phase_samples=14728
2026-05-18 13:01:43,819  INFO  [allava] Step 460/26578 | Loss 0.1228 | LR 1.15e-05 | phase_samples=14736
2026-05-18 13:01:44,247  INFO  [allava] Step 460/26578 | Loss 0.1075 | LR 1.15e-05 | phase_samples=14744
2026-05-18 13:01:59,830  INFO  [allava] Step 470/26578 | Loss 5.3025 | LR 1.18e-05 | phase_samples=15040
2026-05-18 13:02:00,187  INFO  [allava] Step 470/26578 | Loss 0.1305 | LR 1.18e-05 | phase_samples=15048
2026-05-18 13:02:00,565  INFO  [allava] Step 470/26578 | Loss 0.1337 | LR 1.18e-05 | phase_samples=15056
2026-05-18 13:02:00,964  INFO  [allava] Step 470/26578 | Loss 0.1377 | LR 1.18e-05 | phase_samples=15064
2026-05-18 13:02:16,661  INFO  [allava] Step 480/26578 | Loss 5.2386 | LR 1.20e-05 | phase_samples=15360
2026-05-18 13:02:17,098  INFO  [allava] Step 480/26578 | Loss 0.1644 | LR 1.20e-05 | phase_samples=15368
2026-05-18 13:02:17,492  INFO  [allava] Step 480/26578 | Loss 0.1660 | LR 1.20e-05 | phase_samples=15376
2026-05-18 13:02:17,864  INFO  [allava] Step 480/26578 | Loss 0.1514 | LR 1.20e-05 | phase_samples=15384
2026-05-18 13:02:33,159  INFO  [allava] Step 490/26578 | Loss 5.2360 | LR 1.23e-05 | phase_samples=15680
2026-05-18 13:02:33,524  INFO  [allava] Step 490/26578 | Loss 0.1067 | LR 1.23e-05 | phase_samples=15688
2026-05-18 13:02:33,955  INFO  [allava] Step 490/26578 | Loss 0.1423 | LR 1.23e-05 | phase_samples=15696
2026-05-18 13:02:34,347  INFO  [allava] Step 490/26578 | Loss 0.1578 | LR 1.23e-05 | phase_samples=15704
2026-05-18 13:02:50,412  INFO  [allava] Step 500/26578 | Loss 5.3866 | LR 1.25e-05 | phase_samples=16000
2026-05-18 13:02:50,825  INFO  [allava] Step 500/26578 | Loss 0.1506 | LR 1.25e-05 | phase_samples=16008
2026-05-18 13:02:51,228  INFO  [allava] Step 500/26578 | Loss 0.1598 | LR 1.25e-05 | phase_samples=16016
2026-05-18 13:02:51,660  INFO  [allava] Step 500/26578 | Loss 0.1278 | LR 1.25e-05 | phase_samples=16024
2026-05-18 13:03:07,020  INFO  [allava] Step 510/26578 | Loss 5.2896 | LR 1.28e-05 | phase_samples=16320
2026-05-18 13:03:07,445  INFO  [allava] Step 510/26578 | Loss 0.1446 | LR 1.28e-05 | phase_samples=16328
2026-05-18 13:03:07,817  INFO  [allava] Step 510/26578 | Loss 0.1474 | LR 1.28e-05 | phase_samples=16336
2026-05-18 13:03:08,191  INFO  [allava] Step 510/26578 | Loss 0.1277 | LR 1.28e-05 | phase_samples=16344
2026-05-18 13:03:23,812  INFO  [allava] Step 520/26578 | Loss 5.3318 | LR 1.30e-05 | phase_samples=16640
2026-05-18 13:03:24,167  INFO  [allava] Step 520/26578 | Loss 0.1332 | LR 1.30e-05 | phase_samples=16648
2026-05-18 13:03:24,548  INFO  [allava] Step 520/26578 | Loss 0.1441 | LR 1.30e-05 | phase_samples=16656
2026-05-18 13:03:24,953  INFO  [allava] Step 520/26578 | Loss 0.1474 | LR 1.30e-05 | phase_samples=16664
2026-05-18 13:03:40,006  INFO  [allava] Step 530/26578 | Loss 5.3206 | LR 1.33e-05 | phase_samples=16960
2026-05-18 13:03:40,361  INFO  [allava] Step 530/26578 | Loss 0.1380 | LR 1.33e-05 | phase_samples=16968
2026-05-18 13:03:40,755  INFO  [allava] Step 530/26578 | Loss 0.1389 | LR 1.33e-05 | phase_samples=16976
2026-05-18 13:03:41,100  INFO  [allava] Step 530/26578 | Loss 0.1310 | LR 1.33e-05 | phase_samples=16984
2026-05-18 13:03:56,762  INFO  [allava] Step 540/26578 | Loss 5.1936 | LR 1.36e-05 | phase_samples=17280
2026-05-18 13:03:57,138  INFO  [allava] Step 540/26578 | Loss 0.1631 | LR 1.36e-05 | phase_samples=17288
2026-05-18 13:03:57,535  INFO  [allava] Step 540/26578 | Loss 0.1468 | LR 1.36e-05 | phase_samples=17296
2026-05-18 13:03:57,939  INFO  [allava] Step 540/26578 | Loss 0.1407 | LR 1.36e-05 | phase_samples=17304
2026-05-18 13:04:13,141  INFO  [allava] Step 550/26578 | Loss 5.2990 | LR 1.38e-05 | phase_samples=17600
2026-05-18 13:04:13,494  INFO  [allava] Step 550/26578 | Loss 0.1518 | LR 1.38e-05 | phase_samples=17608
2026-05-18 13:04:13,893  INFO  [allava] Step 550/26578 | Loss 0.1351 | LR 1.38e-05 | phase_samples=17616
2026-05-18 13:04:14,265  INFO  [allava] Step 550/26578 | Loss 0.1640 | LR 1.38e-05 | phase_samples=17624
2026-05-18 13:04:30,228  INFO  [allava] Step 560/26578 | Loss 5.2561 | LR 1.41e-05 | phase_samples=17920
2026-05-18 13:04:30,560  INFO  [allava] Step 560/26578 | Loss 0.1264 | LR 1.41e-05 | phase_samples=17928
2026-05-18 13:04:30,994  INFO  [allava] Step 560/26578 | Loss 0.1401 | LR 1.41e-05 | phase_samples=17936
2026-05-18 13:04:31,387  INFO  [allava] Step 560/26578 | Loss 0.1366 | LR 1.41e-05 | phase_samples=17944
2026-05-18 13:04:47,031  INFO  [allava] Step 570/26578 | Loss 5.2434 | LR 1.43e-05 | phase_samples=18240
2026-05-18 13:04:47,406  INFO  [allava] Step 570/26578 | Loss 0.1507 | LR 1.43e-05 | phase_samples=18248
2026-05-18 13:04:47,778  INFO  [allava] Step 570/26578 | Loss 0.1455 | LR 1.43e-05 | phase_samples=18256
2026-05-18 13:04:48,232  INFO  [allava] Step 570/26578 | Loss 0.1554 | LR 1.43e-05 | phase_samples=18264
2026-05-18 13:05:04,021  INFO  [allava] Step 580/26578 | Loss 5.3105 | LR 1.46e-05 | phase_samples=18560
2026-05-18 13:05:04,352  INFO  [allava] Step 580/26578 | Loss 0.1374 | LR 1.46e-05 | phase_samples=18568
2026-05-18 13:05:04,724  INFO  [allava] Step 580/26578 | Loss 0.1490 | LR 1.46e-05 | phase_samples=18576
2026-05-18 13:05:05,075  INFO  [allava] Step 580/26578 | Loss 0.1195 | LR 1.46e-05 | phase_samples=18584
2026-05-18 13:05:20,327  INFO  [allava] Step 590/26578 | Loss 5.2024 | LR 1.48e-05 | phase_samples=18880
2026-05-18 13:05:20,708  INFO  [allava] Step 590/26578 | Loss 0.1356 | LR 1.48e-05 | phase_samples=18888
2026-05-18 13:05:21,047  INFO  [allava] Step 590/26578 | Loss 0.1388 | LR 1.48e-05 | phase_samples=18896
2026-05-18 13:05:21,419  INFO  [allava] Step 590/26578 | Loss 0.1498 | LR 1.48e-05 | phase_samples=18904
2026-05-18 13:05:37,200  INFO  [allava] Step 600/26578 | Loss 5.3289 | LR 1.51e-05 | phase_samples=19200
2026-05-18 13:05:37,537  INFO  [allava] Step 600/26578 | Loss 0.1423 | LR 1.51e-05 | phase_samples=19208
2026-05-18 13:05:37,906  INFO  [allava] Step 600/26578 | Loss 0.1368 | LR 1.51e-05 | phase_samples=19216
2026-05-18 13:05:38,313  INFO  [allava] Step 600/26578 | Loss 0.1790 | LR 1.51e-05 | phase_samples=19224
2026-05-18 13:05:53,379  INFO  [allava] Step 610/26578 | Loss 5.3159 | LR 1.53e-05 | phase_samples=19520
2026-05-18 13:05:53,793  INFO  [allava] Step 610/26578 | Loss 0.0941 | LR 1.53e-05 | phase_samples=19528
2026-05-18 13:05:54,221  INFO  [allava] Step 610/26578 | Loss 0.1442 | LR 1.53e-05 | phase_samples=19536
2026-05-18 13:05:54,597  INFO  [allava] Step 610/26578 | Loss 0.1356 | LR 1.53e-05 | phase_samples=19544
2026-05-18 13:06:10,187  INFO  [allava] Step 620/26578 | Loss 5.2596 | LR 1.56e-05 | phase_samples=19840
2026-05-18 13:06:10,567  INFO  [allava] Step 620/26578 | Loss 0.1199 | LR 1.56e-05 | phase_samples=19848
2026-05-18 13:06:10,962  INFO  [allava] Step 620/26578 | Loss 0.1177 | LR 1.56e-05 | phase_samples=19856
2026-05-18 13:06:11,340  INFO  [allava] Step 620/26578 | Loss 0.1723 | LR 1.56e-05 | phase_samples=19864
2026-05-18 13:06:26,743  INFO  [allava] Step 630/26578 | Loss 5.2001 | LR 1.58e-05 | phase_samples=20160
2026-05-18 13:06:27,079  INFO  [allava] Step 630/26578 | Loss 0.1038 | LR 1.58e-05 | phase_samples=20168
2026-05-18 13:06:27,570  INFO  [allava] Step 630/26578 | Loss 0.1485 | LR 1.58e-05 | phase_samples=20176
2026-05-18 13:06:28,008  INFO  [allava] Step 630/26578 | Loss 0.1656 | LR 1.58e-05 | phase_samples=20184
2026-05-18 13:06:43,743  INFO  [allava] Step 640/26578 | Loss 5.2916 | LR 1.61e-05 | phase_samples=20480
2026-05-18 13:06:44,185  INFO  [allava] Step 640/26578 | Loss 0.1221 | LR 1.61e-05 | phase_samples=20488
2026-05-18 13:06:44,558  INFO  [allava] Step 640/26578 | Loss 0.1561 | LR 1.61e-05 | phase_samples=20496
2026-05-18 13:06:44,933  INFO  [allava] Step 640/26578 | Loss 0.1283 | LR 1.61e-05 | phase_samples=20504
2026-05-18 13:07:00,049  INFO  [allava] Step 650/26578 | Loss 5.3724 | LR 1.63e-05 | phase_samples=20800
2026-05-18 13:07:00,464  INFO  [allava] Step 650/26578 | Loss 0.1639 | LR 1.63e-05 | phase_samples=20808
2026-05-18 13:07:00,858  INFO  [allava] Step 650/26578 | Loss 0.1292 | LR 1.63e-05 | phase_samples=20816
2026-05-18 13:07:01,252  INFO  [allava] Step 650/26578 | Loss 0.1300 | LR 1.63e-05 | phase_samples=20824
2026-05-18 13:07:16,873  INFO  [allava] Step 660/26578 | Loss 5.0994 | LR 1.66e-05 | phase_samples=21120
2026-05-18 13:07:17,345  INFO  [allava] Step 660/26578 | Loss 0.1432 | LR 1.66e-05 | phase_samples=21128
2026-05-18 13:07:17,734  INFO  [allava] Step 660/26578 | Loss 0.1511 | LR 1.66e-05 | phase_samples=21136
2026-05-18 13:07:18,105  INFO  [allava] Step 660/26578 | Loss 0.1410 | LR 1.66e-05 | phase_samples=21144
2026-05-18 13:07:33,177  INFO  [allava] Step 670/26578 | Loss 5.3001 | LR 1.68e-05 | phase_samples=21440
2026-05-18 13:07:33,564  INFO  [allava] Step 670/26578 | Loss 0.1697 | LR 1.68e-05 | phase_samples=21448
2026-05-18 13:07:33,944  INFO  [allava] Step 670/26578 | Loss 0.1241 | LR 1.68e-05 | phase_samples=21456
2026-05-18 13:07:34,354  INFO  [allava] Step 670/26578 | Loss 0.1326 | LR 1.68e-05 | phase_samples=21464
2026-05-18 13:07:49,867  INFO  [allava] Step 680/26578 | Loss 5.3886 | LR 1.71e-05 | phase_samples=21760
2026-05-18 13:07:50,222  INFO  [allava] Step 680/26578 | Loss 0.1205 | LR 1.71e-05 | phase_samples=21768
2026-05-18 13:07:50,595  INFO  [allava] Step 680/26578 | Loss 0.1663 | LR 1.71e-05 | phase_samples=21776
2026-05-18 13:07:50,994  INFO  [allava] Step 680/26578 | Loss 0.1666 | LR 1.71e-05 | phase_samples=21784
2026-05-18 13:08:05,961  INFO  [allava] Step 690/26578 | Loss 5.4848 | LR 1.73e-05 | phase_samples=22080
2026-05-18 13:08:06,322  INFO  [allava] Step 690/26578 | Loss 0.1591 | LR 1.73e-05 | phase_samples=22088
2026-05-18 13:08:06,713  INFO  [allava] Step 690/26578 | Loss 0.1472 | LR 1.73e-05 | phase_samples=22096
2026-05-18 13:08:07,109  INFO  [allava] Step 690/26578 | Loss 0.1371 | LR 1.73e-05 | phase_samples=22104
2026-05-18 13:08:23,269  INFO  [allava] Step 700/26578 | Loss 5.1787 | LR 1.76e-05 | phase_samples=22400
2026-05-18 13:08:23,652  INFO  [allava] Step 700/26578 | Loss 0.1533 | LR 1.76e-05 | phase_samples=22408
2026-05-18 13:08:24,031  INFO  [allava] Step 700/26578 | Loss 0.1569 | LR 1.76e-05 | phase_samples=22416
2026-05-18 13:08:24,473  INFO  [allava] Step 700/26578 | Loss 0.1407 | LR 1.76e-05 | phase_samples=22424
2026-05-18 13:08:39,502  INFO  [allava] Step 710/26578 | Loss 5.1470 | LR 1.78e-05 | phase_samples=22720
2026-05-18 13:08:39,869  INFO  [allava] Step 710/26578 | Loss 0.1464 | LR 1.78e-05 | phase_samples=22728
2026-05-18 13:08:40,250  INFO  [allava] Step 710/26578 | Loss 0.1236 | LR 1.78e-05 | phase_samples=22736
2026-05-18 13:08:40,633  INFO  [allava] Step 710/26578 | Loss 0.1205 | LR 1.78e-05 | phase_samples=22744
2026-05-18 13:08:56,116  INFO  [allava] Step 720/26578 | Loss 5.2231 | LR 1.81e-05 | phase_samples=23040
2026-05-18 13:08:56,498  INFO  [allava] Step 720/26578 | Loss 0.1289 | LR 1.81e-05 | phase_samples=23048
2026-05-18 13:08:56,886  INFO  [allava] Step 720/26578 | Loss 0.1504 | LR 1.81e-05 | phase_samples=23056
2026-05-18 13:08:57,318  INFO  [allava] Step 720/26578 | Loss 0.1538 | LR 1.81e-05 | phase_samples=23064
2026-05-18 13:09:12,547  INFO  [allava] Step 730/26578 | Loss 5.0878 | LR 1.83e-05 | phase_samples=23360
2026-05-18 13:09:12,988  INFO  [allava] Step 730/26578 | Loss 0.1349 | LR 1.83e-05 | phase_samples=23368
2026-05-18 13:09:13,370  INFO  [allava] Step 730/26578 | Loss 0.1413 | LR 1.83e-05 | phase_samples=23376
2026-05-18 13:09:13,857  INFO  [allava] Step 730/26578 | Loss 0.1590 | LR 1.83e-05 | phase_samples=23384
2026-05-18 13:09:29,677  INFO  [allava] Step 740/26578 | Loss 4.9673 | LR 1.86e-05 | phase_samples=23680
2026-05-18 13:09:30,121  INFO  [allava] Step 740/26578 | Loss 0.1526 | LR 1.86e-05 | phase_samples=23688
2026-05-18 13:09:30,527  INFO  [allava] Step 740/26578 | Loss 0.1594 | LR 1.86e-05 | phase_samples=23696
2026-05-18 13:09:30,956  INFO  [allava] Step 740/26578 | Loss 0.1402 | LR 1.86e-05 | phase_samples=23704
2026-05-18 13:09:46,149  INFO  [allava] Step 750/26578 | Loss 5.2218 | LR 1.88e-05 | phase_samples=24000
2026-05-18 13:09:46,512  INFO  [allava] Step 750/26578 | Loss 0.1305 | LR 1.88e-05 | phase_samples=24008
2026-05-18 13:09:46,944  INFO  [allava] Step 750/26578 | Loss 0.1500 | LR 1.88e-05 | phase_samples=24016
2026-05-18 13:09:47,341  INFO  [allava] Step 750/26578 | Loss 0.1159 | LR 1.88e-05 | phase_samples=24024
2026-05-18 13:10:03,199  INFO  [allava] Step 760/26578 | Loss 5.2528 | LR 1.91e-05 | phase_samples=24320
2026-05-18 13:10:03,567  INFO  [allava] Step 760/26578 | Loss 0.1249 | LR 1.91e-05 | phase_samples=24328
2026-05-18 13:10:03,954  INFO  [allava] Step 760/26578 | Loss 0.1505 | LR 1.91e-05 | phase_samples=24336
2026-05-18 13:10:04,335  INFO  [allava] Step 760/26578 | Loss 0.1331 | LR 1.91e-05 | phase_samples=24344
2026-05-18 13:10:19,742  INFO  [allava] Step 770/26578 | Loss 5.3502 | LR 1.93e-05 | phase_samples=24640
2026-05-18 13:10:20,053  INFO  [allava] Step 770/26578 | Loss 0.1256 | LR 1.93e-05 | phase_samples=24648
2026-05-18 13:10:20,394  INFO  [allava] Step 770/26578 | Loss 0.1177 | LR 1.93e-05 | phase_samples=24656
2026-05-18 13:10:20,780  INFO  [allava] Step 770/26578 | Loss 0.1174 | LR 1.93e-05 | phase_samples=24664
2026-05-18 13:10:36,507  INFO  [allava] Step 780/26578 | Loss 5.1831 | LR 1.96e-05 | phase_samples=24960
2026-05-18 13:10:36,872  INFO  [allava] Step 780/26578 | Loss 0.1300 | LR 1.96e-05 | phase_samples=24968
2026-05-18 13:10:37,248  INFO  [allava] Step 780/26578 | Loss 0.1107 | LR 1.96e-05 | phase_samples=24976
2026-05-18 13:10:37,631  INFO  [allava] Step 780/26578 | Loss 0.1430 | LR 1.96e-05 | phase_samples=24984
2026-05-18 13:10:52,761  INFO  [allava] Step 790/26578 | Loss 5.2535 | LR 1.98e-05 | phase_samples=25280
2026-05-18 13:10:53,144  INFO  [allava] Step 790/26578 | Loss 0.1675 | LR 1.98e-05 | phase_samples=25288
2026-05-18 13:10:53,541  INFO  [allava] Step 790/26578 | Loss 0.1474 | LR 1.98e-05 | phase_samples=25296
2026-05-18 13:10:53,917  INFO  [allava] Step 790/26578 | Loss 0.1543 | LR 1.98e-05 | phase_samples=25304
2026-05-18 13:11:09,748  INFO  [allava] Step 800/26578 | Loss 5.2626 | LR 2.00e-05 | phase_samples=25600
2026-05-18 13:11:10,115  INFO  [allava] Step 800/26578 | Loss 0.1259 | LR 2.00e-05 | phase_samples=25608
2026-05-18 13:11:10,545  INFO  [allava] Step 800/26578 | Loss 0.1234 | LR 2.00e-05 | phase_samples=25616
2026-05-18 13:11:10,921  INFO  [allava] Step 800/26578 | Loss 0.1458 | LR 2.00e-05 | phase_samples=25624
2026-05-18 13:11:26,324  INFO  [allava] Step 810/26578 | Loss 5.3945 | LR 2.00e-05 | phase_samples=25920
2026-05-18 13:11:26,680  INFO  [allava] Step 810/26578 | Loss 0.1476 | LR 2.00e-05 | phase_samples=25928
2026-05-18 13:11:27,047  INFO  [allava] Step 810/26578 | Loss 0.1229 | LR 2.00e-05 | phase_samples=25936
2026-05-18 13:11:27,388  INFO  [allava] Step 810/26578 | Loss 0.1115 | LR 2.00e-05 | phase_samples=25944
2026-05-18 13:11:42,810  INFO  [allava] Step 820/26578 | Loss 5.1651 | LR 2.00e-05 | phase_samples=26240
2026-05-18 13:11:43,197  INFO  [allava] Step 820/26578 | Loss 0.1329 | LR 2.00e-05 | phase_samples=26248
2026-05-18 13:11:43,596  INFO  [allava] Step 820/26578 | Loss 0.1487 | LR 2.00e-05 | phase_samples=26256
2026-05-18 13:11:44,004  INFO  [allava] Step 820/26578 | Loss 0.1419 | LR 2.00e-05 | phase_samples=26264
2026-05-18 13:11:59,065  INFO  [allava] Step 830/26578 | Loss 5.1990 | LR 2.00e-05 | phase_samples=26560
2026-05-18 13:11:59,420  INFO  [allava] Step 830/26578 | Loss 0.1432 | LR 2.00e-05 | phase_samples=26568
2026-05-18 13:11:59,801  INFO  [allava] Step 830/26578 | Loss 0.1604 | LR 2.00e-05 | phase_samples=26576
2026-05-18 13:12:00,191  INFO  [allava] Step 830/26578 | Loss 0.1376 | LR 2.00e-05 | phase_samples=26584
2026-05-18 13:12:15,864  INFO  [allava] Step 840/26578 | Loss 5.1443 | LR 2.00e-05 | phase_samples=26880
2026-05-18 13:12:16,244  INFO  [allava] Step 840/26578 | Loss 0.1668 | LR 2.00e-05 | phase_samples=26888
2026-05-18 13:12:16,636  INFO  [allava] Step 840/26578 | Loss 0.1531 | LR 2.00e-05 | phase_samples=26896
2026-05-18 13:12:17,042  INFO  [allava] Step 840/26578 | Loss 0.1747 | LR 2.00e-05 | phase_samples=26904
2026-05-18 13:12:32,330  INFO  [allava] Step 850/26578 | Loss 5.2491 | LR 2.00e-05 | phase_samples=27200
2026-05-18 13:12:32,684  INFO  [allava] Step 850/26578 | Loss 0.1264 | LR 2.00e-05 | phase_samples=27208
2026-05-18 13:12:33,063  INFO  [allava] Step 850/26578 | Loss 0.1422 | LR 2.00e-05 | phase_samples=27216
2026-05-18 13:12:33,459  INFO  [allava] Step 850/26578 | Loss 0.1659 | LR 2.00e-05 | phase_samples=27224
2026-05-18 13:12:49,259  INFO  [allava] Step 860/26578 | Loss 5.2208 | LR 2.00e-05 | phase_samples=27520
2026-05-18 13:12:49,620  INFO  [allava] Step 860/26578 | Loss 0.1660 | LR 2.00e-05 | phase_samples=27528
2026-05-18 13:12:50,082  INFO  [allava] Step 860/26578 | Loss 0.1496 | LR 2.00e-05 | phase_samples=27536
2026-05-18 13:12:50,457  INFO  [allava] Step 860/26578 | Loss 0.1317 | LR 2.00e-05 | phase_samples=27544
2026-05-18 13:13:05,643  INFO  [allava] Step 870/26578 | Loss 5.3278 | LR 2.00e-05 | phase_samples=27840
2026-05-18 13:13:05,999  INFO  [allava] Step 870/26578 | Loss 0.1393 | LR 2.00e-05 | phase_samples=27848
2026-05-18 13:13:06,377  INFO  [allava] Step 870/26578 | Loss 0.1477 | LR 2.00e-05 | phase_samples=27856
2026-05-18 13:13:06,721  INFO  [allava] Step 870/26578 | Loss 0.1393 | LR 2.00e-05 | phase_samples=27864
2026-05-18 13:13:22,451  INFO  [allava] Step 880/26578 | Loss 5.3030 | LR 2.00e-05 | phase_samples=28160
2026-05-18 13:13:22,842  INFO  [allava] Step 880/26578 | Loss 0.1410 | LR 2.00e-05 | phase_samples=28168
2026-05-18 13:13:23,238  INFO  [allava] Step 880/26578 | Loss 0.1323 | LR 2.00e-05 | phase_samples=28176
2026-05-18 13:13:23,590  INFO  [allava] Step 880/26578 | Loss 0.1603 | LR 2.00e-05 | phase_samples=28184
2026-05-18 13:13:38,739  INFO  [allava] Step 890/26578 | Loss 5.2179 | LR 2.00e-05 | phase_samples=28480
2026-05-18 13:13:39,103  INFO  [allava] Step 890/26578 | Loss 0.1329 | LR 2.00e-05 | phase_samples=28488
2026-05-18 13:13:39,529  INFO  [allava] Step 890/26578 | Loss 0.1624 | LR 2.00e-05 | phase_samples=28496
2026-05-18 13:13:39,906  INFO  [allava] Step 890/26578 | Loss 0.1357 | LR 2.00e-05 | phase_samples=28504
2026-05-18 13:13:55,788  INFO  [allava] Step 900/26578 | Loss 5.1769 | LR 2.00e-05 | phase_samples=28800
2026-05-18 13:13:56,174  INFO  [allava] Step 900/26578 | Loss 0.1638 | LR 2.00e-05 | phase_samples=28808
2026-05-18 13:13:56,555  INFO  [allava] Step 900/26578 | Loss 0.1395 | LR 2.00e-05 | phase_samples=28816
2026-05-18 13:13:56,935  INFO  [allava] Step 900/26578 | Loss 0.1105 | LR 2.00e-05 | phase_samples=28824
2026-05-18 13:14:11,988  INFO  [allava] Step 910/26578 | Loss 5.3158 | LR 2.00e-05 | phase_samples=29120
2026-05-18 13:14:12,320  INFO  [allava] Step 910/26578 | Loss 0.1498 | LR 2.00e-05 | phase_samples=29128
2026-05-18 13:14:12,712  INFO  [allava] Step 910/26578 | Loss 0.1569 | LR 2.00e-05 | phase_samples=29136
2026-05-18 13:14:13,158  INFO  [allava] Step 910/26578 | Loss 0.1494 | LR 2.00e-05 | phase_samples=29144
2026-05-18 13:14:28,965  INFO  [allava] Step 920/26578 | Loss 5.2697 | LR 2.00e-05 | phase_samples=29440
2026-05-18 13:14:29,342  INFO  [allava] Step 920/26578 | Loss 0.1152 | LR 2.00e-05 | phase_samples=29448
2026-05-18 13:14:29,742  INFO  [allava] Step 920/26578 | Loss 0.1366 | LR 2.00e-05 | phase_samples=29456
2026-05-18 13:14:30,132  INFO  [allava] Step 920/26578 | Loss 0.1477 | LR 2.00e-05 | phase_samples=29464
2026-05-18 13:14:45,524  INFO  [allava] Step 930/26578 | Loss 5.1683 | LR 2.00e-05 | phase_samples=29760
2026-05-18 13:14:45,887  INFO  [allava] Step 930/26578 | Loss 0.1523 | LR 2.00e-05 | phase_samples=29768
2026-05-18 13:14:46,262  INFO  [allava] Step 930/26578 | Loss 0.1283 | LR 2.00e-05 | phase_samples=29776
2026-05-18 13:14:46,637  INFO  [allava] Step 930/26578 | Loss 0.1145 | LR 2.00e-05 | phase_samples=29784
2026-05-18 13:15:02,428  INFO  [allava] Step 940/26578 | Loss 5.1774 | LR 2.00e-05 | phase_samples=30080
2026-05-18 13:15:02,809  INFO  [allava] Step 940/26578 | Loss 0.1706 | LR 2.00e-05 | phase_samples=30088
2026-05-18 13:15:03,199  INFO  [allava] Step 940/26578 | Loss 0.1436 | LR 2.00e-05 | phase_samples=30096
2026-05-18 13:15:03,603  INFO  [allava] Step 940/26578 | Loss 0.1183 | LR 2.00e-05 | phase_samples=30104
2026-05-18 13:15:19,116  INFO  [allava] Step 950/26578 | Loss 5.0677 | LR 2.00e-05 | phase_samples=30400
2026-05-18 13:15:19,495  INFO  [allava] Step 950/26578 | Loss 0.1587 | LR 2.00e-05 | phase_samples=30408
2026-05-18 13:15:19,865  INFO  [allava] Step 950/26578 | Loss 0.1375 | LR 2.00e-05 | phase_samples=30416
2026-05-18 13:15:20,307  INFO  [allava] Step 950/26578 | Loss 0.1324 | LR 2.00e-05 | phase_samples=30424
2026-05-18 13:15:36,163  INFO  [allava] Step 960/26578 | Loss 5.0227 | LR 2.00e-05 | phase_samples=30720
2026-05-18 13:15:36,609  INFO  [allava] Step 960/26578 | Loss 0.1486 | LR 2.00e-05 | phase_samples=30728
2026-05-18 13:15:36,954  INFO  [allava] Step 960/26578 | Loss 0.1297 | LR 2.00e-05 | phase_samples=30736
2026-05-18 13:15:37,337  INFO  [allava] Step 960/26578 | Loss 0.1507 | LR 2.00e-05 | phase_samples=30744
2026-05-18 13:15:52,754  INFO  [allava] Step 970/26578 | Loss 5.1854 | LR 2.00e-05 | phase_samples=31040
2026-05-18 13:15:53,117  INFO  [allava] Step 970/26578 | Loss 0.1391 | LR 2.00e-05 | phase_samples=31048
2026-05-18 13:15:53,467  INFO  [allava] Step 970/26578 | Loss 0.1470 | LR 2.00e-05 | phase_samples=31056
2026-05-18 13:15:53,844  INFO  [allava] Step 970/26578 | Loss 0.1365 | LR 2.00e-05 | phase_samples=31064
2026-05-18 13:16:09,775  INFO  [allava] Step 980/26578 | Loss 5.2044 | LR 2.00e-05 | phase_samples=31360
2026-05-18 13:16:10,131  INFO  [allava] Step 980/26578 | Loss 0.1712 | LR 2.00e-05 | phase_samples=31368
2026-05-18 13:16:10,469  INFO  [allava] Step 980/26578 | Loss 0.1122 | LR 2.00e-05 | phase_samples=31376
2026-05-18 13:16:10,861  INFO  [allava] Step 980/26578 | Loss 0.1273 | LR 2.00e-05 | phase_samples=31384
2026-05-18 13:16:26,359  INFO  [allava] Step 990/26578 | Loss 5.1860 | LR 2.00e-05 | phase_samples=31680
2026-05-18 13:16:26,694  INFO  [allava] Step 990/26578 | Loss 0.1239 | LR 2.00e-05 | phase_samples=31688
2026-05-18 13:16:27,063  INFO  [allava] Step 990/26578 | Loss 0.1422 | LR 2.00e-05 | phase_samples=31696
2026-05-18 13:16:27,446  INFO  [allava] Step 990/26578 | Loss 0.1215 | LR 2.00e-05 | phase_samples=31704
2026-05-18 13:16:43,206  INFO  [allava] Step 1000/26578 | Loss 5.2816 | LR 2.00e-05 | phase_samples=32000
2026-05-18 13:16:43,617  INFO  [allava] Step 1000/26578 | Loss 0.1449 | LR 2.00e-05 | phase_samples=32008
2026-05-18 13:16:43,997  INFO  [allava] Step 1000/26578 | Loss 0.1709 | LR 2.00e-05 | phase_samples=32016
2026-05-18 13:16:44,348  INFO  [allava] Step 1000/26578 | Loss 0.1444 | LR 2.00e-05 | phase_samples=32024
2026-05-18 13:16:59,828  INFO  [allava] Step 1010/26578 | Loss 5.1025 | LR 2.00e-05 | phase_samples=32320
2026-05-18 13:17:00,220  INFO  [allava] Step 1010/26578 | Loss 0.1516 | LR 2.00e-05 | phase_samples=32328
2026-05-18 13:17:00,651  INFO  [allava] Step 1010/26578 | Loss 0.1498 | LR 2.00e-05 | phase_samples=32336
2026-05-18 13:17:01,034  INFO  [allava] Step 1010/26578 | Loss 0.1458 | LR 2.00e-05 | phase_samples=32344
2026-05-18 13:17:16,543  INFO  [allava] Step 1020/26578 | Loss 5.0565 | LR 2.00e-05 | phase_samples=32640
2026-05-18 13:17:16,897  INFO  [allava] Step 1020/26578 | Loss 0.1430 | LR 2.00e-05 | phase_samples=32648
2026-05-18 13:17:17,330  INFO  [allava] Step 1020/26578 | Loss 0.1221 | LR 2.00e-05 | phase_samples=32656
2026-05-18 13:17:17,730  INFO  [allava] Step 1020/26578 | Loss 0.1367 | LR 2.00e-05 | phase_samples=32664
2026-05-18 13:17:32,865  INFO  [allava] Step 1030/26578 | Loss 5.0408 | LR 2.00e-05 | phase_samples=32960
2026-05-18 13:17:33,244  INFO  [allava] Step 1030/26578 | Loss 0.1281 | LR 2.00e-05 | phase_samples=32968
2026-05-18 13:17:33,612  INFO  [allava] Step 1030/26578 | Loss 0.1167 | LR 2.00e-05 | phase_samples=32976
2026-05-18 13:17:33,960  INFO  [allava] Step 1030/26578 | Loss 0.0967 | LR 2.00e-05 | phase_samples=32984
2026-05-18 13:17:49,800  INFO  [allava] Step 1040/26578 | Loss 5.1528 | LR 2.00e-05 | phase_samples=33280
2026-05-18 13:17:50,177  INFO  [allava] Step 1040/26578 | Loss 0.1365 | LR 2.00e-05 | phase_samples=33288
2026-05-18 13:17:50,582  INFO  [allava] Step 1040/26578 | Loss 0.1346 | LR 2.00e-05 | phase_samples=33296
2026-05-18 13:17:50,976  INFO  [allava] Step 1040/26578 | Loss 0.1659 | LR 2.00e-05 | phase_samples=33304
2026-05-18 13:18:06,036  INFO  [allava] Step 1050/26578 | Loss 5.0263 | LR 2.00e-05 | phase_samples=33600
2026-05-18 13:18:06,391  INFO  [allava] Step 1050/26578 | Loss 0.1446 | LR 2.00e-05 | phase_samples=33608
2026-05-18 13:18:06,740  INFO  [allava] Step 1050/26578 | Loss 0.1130 | LR 2.00e-05 | phase_samples=33616
2026-05-18 13:18:07,132  INFO  [allava] Step 1050/26578 | Loss 0.1558 | LR 2.00e-05 | phase_samples=33624
2026-05-18 13:18:22,614  INFO  [allava] Step 1060/26578 | Loss 5.0321 | LR 2.00e-05 | phase_samples=33920
2026-05-18 13:18:23,002  INFO  [allava] Step 1060/26578 | Loss 0.1814 | LR 2.00e-05 | phase_samples=33928
2026-05-18 13:18:23,382  INFO  [allava] Step 1060/26578 | Loss 0.1539 | LR 2.00e-05 | phase_samples=33936
2026-05-18 13:18:23,776  INFO  [allava] Step 1060/26578 | Loss 0.1316 | LR 2.00e-05 | phase_samples=33944
2026-05-18 13:18:38,909  INFO  [allava] Step 1070/26578 | Loss 4.9649 | LR 2.00e-05 | phase_samples=34240
2026-05-18 13:18:39,232  INFO  [allava] Step 1070/26578 | Loss 0.1031 | LR 2.00e-05 | phase_samples=34248
2026-05-18 13:18:39,606  INFO  [allava] Step 1070/26578 | Loss 0.1266 | LR 2.00e-05 | phase_samples=34256
2026-05-18 13:18:40,039  INFO  [allava] Step 1070/26578 | Loss 0.1339 | LR 2.00e-05 | phase_samples=34264
2026-05-18 13:18:55,742  INFO  [allava] Step 1080/26578 | Loss 5.1003 | LR 2.00e-05 | phase_samples=34560
2026-05-18 13:18:56,118  INFO  [allava] Step 1080/26578 | Loss 0.1378 | LR 2.00e-05 | phase_samples=34568
2026-05-18 13:18:56,511  INFO  [allava] Step 1080/26578 | Loss 0.1422 | LR 2.00e-05 | phase_samples=34576
2026-05-18 13:18:56,863  INFO  [allava] Step 1080/26578 | Loss 0.1427 | LR 2.00e-05 | phase_samples=34584
2026-05-18 13:19:12,380  INFO  [allava] Step 1090/26578 | Loss 5.2500 | LR 2.00e-05 | phase_samples=34880
2026-05-18 13:19:12,708  INFO  [allava] Step 1090/26578 | Loss 0.1029 | LR 2.00e-05 | phase_samples=34888
2026-05-18 13:19:13,136  INFO  [allava] Step 1090/26578 | Loss 0.1333 | LR 2.00e-05 | phase_samples=34896
2026-05-18 13:19:13,531  INFO  [allava] Step 1090/26578 | Loss 0.1399 | LR 2.00e-05 | phase_samples=34904
2026-05-18 13:19:29,284  INFO  [allava] Step 1100/26578 | Loss 5.0416 | LR 2.00e-05 | phase_samples=35200
2026-05-18 13:19:29,670  INFO  [allava] Step 1100/26578 | Loss 0.1593 | LR 2.00e-05 | phase_samples=35208
2026-05-18 13:19:30,064  INFO  [allava] Step 1100/26578 | Loss 0.1421 | LR 2.00e-05 | phase_samples=35216
2026-05-18 13:19:30,460  INFO  [allava] Step 1100/26578 | Loss 0.1680 | LR 2.00e-05 | phase_samples=35224
2026-05-18 13:19:45,522  INFO  [allava] Step 1110/26578 | Loss 5.0607 | LR 2.00e-05 | phase_samples=35520
2026-05-18 13:19:45,884  INFO  [allava] Step 1110/26578 | Loss 0.1489 | LR 2.00e-05 | phase_samples=35528
2026-05-18 13:19:46,258  INFO  [allava] Step 1110/26578 | Loss 0.1115 | LR 2.00e-05 | phase_samples=35536
2026-05-18 13:19:46,643  INFO  [allava] Step 1110/26578 | Loss 0.1467 | LR 2.00e-05 | phase_samples=35544
2026-05-18 13:20:02,274  INFO  [allava] Step 1120/26578 | Loss 5.1585 | LR 2.00e-05 | phase_samples=35840
2026-05-18 13:20:02,637  INFO  [allava] Step 1120/26578 | Loss 0.1318 | LR 2.00e-05 | phase_samples=35848
2026-05-18 13:20:03,086  INFO  [allava] Step 1120/26578 | Loss 0.1235 | LR 2.00e-05 | phase_samples=35856
2026-05-18 13:20:03,469  INFO  [allava] Step 1120/26578 | Loss 0.1197 | LR 2.00e-05 | phase_samples=35864
2026-05-18 13:20:18,584  INFO  [allava] Step 1130/26578 | Loss 5.2536 | LR 2.00e-05 | phase_samples=36160
2026-05-18 13:20:18,946  INFO  [allava] Step 1130/26578 | Loss 0.1465 | LR 2.00e-05 | phase_samples=36168
2026-05-18 13:20:19,344  INFO  [allava] Step 1130/26578 | Loss 0.1420 | LR 2.00e-05 | phase_samples=36176
2026-05-18 13:20:19,739  INFO  [allava] Step 1130/26578 | Loss 0.1250 | LR 2.00e-05 | phase_samples=36184
2026-05-18 13:20:35,461  INFO  [allava] Step 1140/26578 | Loss 5.1275 | LR 2.00e-05 | phase_samples=36480
2026-05-18 13:20:35,846  INFO  [allava] Step 1140/26578 | Loss 0.1521 | LR 2.00e-05 | phase_samples=36488
2026-05-18 13:20:36,213  INFO  [allava] Step 1140/26578 | Loss 0.1268 | LR 2.00e-05 | phase_samples=36496
2026-05-18 13:20:36,649  INFO  [allava] Step 1140/26578 | Loss 0.1492 | LR 2.00e-05 | phase_samples=36504
2026-05-18 13:20:51,720  INFO  [allava] Step 1150/26578 | Loss 4.9796 | LR 2.00e-05 | phase_samples=36800
2026-05-18 13:20:52,100  INFO  [allava] Step 1150/26578 | Loss 0.1465 | LR 2.00e-05 | phase_samples=36808
2026-05-18 13:20:52,447  INFO  [allava] Step 1150/26578 | Loss 0.1341 | LR 2.00e-05 | phase_samples=36816
2026-05-18 13:20:52,878  INFO  [allava] Step 1150/26578 | Loss 0.1305 | LR 2.00e-05 | phase_samples=36824
2026-05-18 13:21:08,520  INFO  [allava] Step 1160/26578 | Loss 5.1283 | LR 2.00e-05 | phase_samples=37120
2026-05-18 13:21:08,843  INFO  [allava] Step 1160/26578 | Loss 0.1315 | LR 2.00e-05 | phase_samples=37128
2026-05-18 13:21:09,242  INFO  [allava] Step 1160/26578 | Loss 0.1467 | LR 2.00e-05 | phase_samples=37136
2026-05-18 13:21:09,622  INFO  [allava] Step 1160/26578 | Loss 0.1531 | LR 2.00e-05 | phase_samples=37144
2026-05-18 13:21:24,660  INFO  [allava] Step 1170/26578 | Loss 5.2632 | LR 2.00e-05 | phase_samples=37440
2026-05-18 13:21:25,101  INFO  [allava] Step 1170/26578 | Loss 0.1553 | LR 2.00e-05 | phase_samples=37448
2026-05-18 13:21:25,502  INFO  [allava] Step 1170/26578 | Loss 0.1315 | LR 2.00e-05 | phase_samples=37456
2026-05-18 13:21:25,849  INFO  [allava] Step 1170/26578 | Loss 0.1469 | LR 2.00e-05 | phase_samples=37464
2026-05-18 13:21:41,746  INFO  [allava] Step 1180/26578 | Loss 5.2745 | LR 2.00e-05 | phase_samples=37760
2026-05-18 13:21:42,124  INFO  [allava] Step 1180/26578 | Loss 0.1347 | LR 2.00e-05 | phase_samples=37768
2026-05-18 13:21:42,522  INFO  [allava] Step 1180/26578 | Loss 0.1349 | LR 2.00e-05 | phase_samples=37776
2026-05-18 13:21:42,951  INFO  [allava] Step 1180/26578 | Loss 0.1218 | LR 2.00e-05 | phase_samples=37784
2026-05-18 13:21:58,107  INFO  [allava] Step 1190/26578 | Loss 5.2180 | LR 2.00e-05 | phase_samples=38080
2026-05-18 13:21:58,459  INFO  [allava] Step 1190/26578 | Loss 0.1218 | LR 2.00e-05 | phase_samples=38088
2026-05-18 13:21:58,846  INFO  [allava] Step 1190/26578 | Loss 0.1387 | LR 2.00e-05 | phase_samples=38096
2026-05-18 13:21:59,195  INFO  [allava] Step 1190/26578 | Loss 0.1210 | LR 2.00e-05 | phase_samples=38104
2026-05-18 13:22:14,959  INFO  [allava] Step 1200/26578 | Loss 5.3169 | LR 2.00e-05 | phase_samples=38400
2026-05-18 13:22:15,293  INFO  [allava] Step 1200/26578 | Loss 0.1260 | LR 2.00e-05 | phase_samples=38408
2026-05-18 13:22:15,688  INFO  [allava] Step 1200/26578 | Loss 0.1165 | LR 2.00e-05 | phase_samples=38416
2026-05-18 13:22:16,057  INFO  [allava] Step 1200/26578 | Loss 0.1416 | LR 2.00e-05 | phase_samples=38424
2026-05-18 13:22:31,361  INFO  [allava] Step 1210/26578 | Loss 5.2062 | LR 2.00e-05 | phase_samples=38720
2026-05-18 13:22:31,747  INFO  [allava] Step 1210/26578 | Loss 0.1350 | LR 2.00e-05 | phase_samples=38728
2026-05-18 13:22:32,119  INFO  [allava] Step 1210/26578 | Loss 0.1257 | LR 2.00e-05 | phase_samples=38736
2026-05-18 13:22:32,553  INFO  [allava] Step 1210/26578 | Loss 0.1389 | LR 2.00e-05 | phase_samples=38744
2026-05-18 13:22:48,156  INFO  [allava] Step 1220/26578 | Loss 4.9181 | LR 2.00e-05 | phase_samples=39040
2026-05-18 13:22:48,572  INFO  [allava] Step 1220/26578 | Loss 0.1391 | LR 2.00e-05 | phase_samples=39048
2026-05-18 13:22:48,962  INFO  [allava] Step 1220/26578 | Loss 0.1164 | LR 2.00e-05 | phase_samples=39056
2026-05-18 13:22:49,368  INFO  [allava] Step 1220/26578 | Loss 0.1333 | LR 2.00e-05 | phase_samples=39064
2026-05-18 13:23:04,385  INFO  [allava] Step 1230/26578 | Loss 4.9749 | LR 2.00e-05 | phase_samples=39360
2026-05-18 13:23:04,760  INFO  [allava] Step 1230/26578 | Loss 0.1597 | LR 2.00e-05 | phase_samples=39368
2026-05-18 13:23:05,153  INFO  [allava] Step 1230/26578 | Loss 0.1454 | LR 2.00e-05 | phase_samples=39376
2026-05-18 13:23:05,524  INFO  [allava] Step 1230/26578 | Loss 0.1314 | LR 2.00e-05 | phase_samples=39384
2026-05-18 13:23:21,302  INFO  [allava] Step 1240/26578 | Loss 5.2883 | LR 2.00e-05 | phase_samples=39680
2026-05-18 13:23:21,656  INFO  [allava] Step 1240/26578 | Loss 0.1179 | LR 2.00e-05 | phase_samples=39688
2026-05-18 13:23:22,004  INFO  [allava] Step 1240/26578 | Loss 0.1514 | LR 2.00e-05 | phase_samples=39696
2026-05-18 13:23:22,387  INFO  [allava] Step 1240/26578 | Loss 0.1652 | LR 2.00e-05 | phase_samples=39704
2026-05-18 13:23:37,660  INFO  [allava] Step 1250/26578 | Loss 4.9425 | LR 2.00e-05 | phase_samples=40000
2026-05-18 13:23:38,035  INFO  [allava] Step 1250/26578 | Loss 0.1167 | LR 2.00e-05 | phase_samples=40008
2026-05-18 13:23:38,380  INFO  [allava] Step 1250/26578 | Loss 0.1112 | LR 2.00e-05 | phase_samples=40016
2026-05-18 13:23:38,754  INFO  [allava] Step 1250/26578 | Loss 0.1475 | LR 2.00e-05 | phase_samples=40024
2026-05-18 13:23:54,311  INFO  [allava] Step 1260/26578 | Loss 4.9657 | LR 2.00e-05 | phase_samples=40320
2026-05-18 13:23:54,647  INFO  [allava] Step 1260/26578 | Loss 0.1216 | LR 2.00e-05 | phase_samples=40328
2026-05-18 13:23:54,974  INFO  [allava] Step 1260/26578 | Loss 0.1194 | LR 2.00e-05 | phase_samples=40336
2026-05-18 13:23:55,340  INFO  [allava] Step 1260/26578 | Loss 0.1505 | LR 2.00e-05 | phase_samples=40344
2026-05-18 13:24:10,144  INFO  [allava] Step 1270/26578 | Loss 4.8431 | LR 2.00e-05 | phase_samples=40640
2026-05-18 13:24:10,473  INFO  [allava] Step 1270/26578 | Loss 0.1279 | LR 2.00e-05 | phase_samples=40648
2026-05-18 13:24:10,867  INFO  [allava] Step 1270/26578 | Loss 0.1276 | LR 2.00e-05 | phase_samples=40656
2026-05-18 13:24:11,266  INFO  [allava] Step 1270/26578 | Loss 0.1401 | LR 2.00e-05 | phase_samples=40664
2026-05-18 13:24:30,861  INFO  [allava] Step 1280/26578 | Loss 5.2561 | LR 2.00e-05 | phase_samples=40960
2026-05-18 13:24:31,237  INFO  [allava] Step 1280/26578 | Loss 0.1202 | LR 2.00e-05 | phase_samples=40968
2026-05-18 13:24:31,620  INFO  [allava] Step 1280/26578 | Loss 0.1161 | LR 2.00e-05 | phase_samples=40976
2026-05-18 13:24:32,078  INFO  [allava] Step 1280/26578 | Loss 0.1499 | LR 2.00e-05 | phase_samples=40984
2026-05-18 13:24:47,170  INFO  [allava] Step 1290/26578 | Loss 5.0265 | LR 2.00e-05 | phase_samples=41280
2026-05-18 13:24:47,523  INFO  [allava] Step 1290/26578 | Loss 0.1149 | LR 2.00e-05 | phase_samples=41288
2026-05-18 13:24:47,903  INFO  [allava] Step 1290/26578 | Loss 0.1140 | LR 2.00e-05 | phase_samples=41296
2026-05-18 13:24:48,326  INFO  [allava] Step 1290/26578 | Loss 0.1513 | LR 2.00e-05 | phase_samples=41304
2026-05-18 13:25:03,907  INFO  [allava] Step 1300/26578 | Loss 5.2070 | LR 2.00e-05 | phase_samples=41600
2026-05-18 13:25:04,275  INFO  [allava] Step 1300/26578 | Loss 0.1294 | LR 2.00e-05 | phase_samples=41608
2026-05-18 13:25:04,700  INFO  [allava] Step 1300/26578 | Loss 0.1318 | LR 2.00e-05 | phase_samples=41616
2026-05-18 13:25:05,097  INFO  [allava] Step 1300/26578 | Loss 0.1673 | LR 2.00e-05 | phase_samples=41624
2026-05-18 13:25:20,165  INFO  [allava] Step 1310/26578 | Loss 5.0710 | LR 2.00e-05 | phase_samples=41920
2026-05-18 13:25:20,541  INFO  [allava] Step 1310/26578 | Loss 0.1455 | LR 2.00e-05 | phase_samples=41928
2026-05-18 13:25:20,930  INFO  [allava] Step 1310/26578 | Loss 0.1197 | LR 2.00e-05 | phase_samples=41936
2026-05-18 13:25:21,395  INFO  [allava] Step 1310/26578 | Loss 0.1458 | LR 2.00e-05 | phase_samples=41944
2026-05-18 13:25:37,151  INFO  [allava] Step 1320/26578 | Loss 5.0559 | LR 2.00e-05 | phase_samples=42240
2026-05-18 13:25:37,538  INFO  [allava] Step 1320/26578 | Loss 0.1421 | LR 2.00e-05 | phase_samples=42248
2026-05-18 13:25:37,936  INFO  [allava] Step 1320/26578 | Loss 0.1187 | LR 2.00e-05 | phase_samples=42256
2026-05-18 13:25:38,329  INFO  [allava] Step 1320/26578 | Loss 0.1447 | LR 2.00e-05 | phase_samples=42264
2026-05-18 13:25:53,208  INFO  [allava] Step 1330/26578 | Loss 5.0147 | LR 2.00e-05 | phase_samples=42560
2026-05-18 13:25:53,569  INFO  [allava] Step 1330/26578 | Loss 0.1485 | LR 2.00e-05 | phase_samples=42568
2026-05-18 13:25:53,957  INFO  [allava] Step 1330/26578 | Loss 0.1430 | LR 2.00e-05 | phase_samples=42576
2026-05-18 13:25:54,342  INFO  [allava] Step 1330/26578 | Loss 0.1293 | LR 2.00e-05 | phase_samples=42584
2026-05-18 13:26:09,978  INFO  [allava] Step 1340/26578 | Loss 5.0619 | LR 2.00e-05 | phase_samples=42880
2026-05-18 13:26:10,260  INFO  [allava] Step 1340/26578 | Loss 0.1048 | LR 2.00e-05 | phase_samples=42888
2026-05-18 13:26:10,650  INFO  [allava] Step 1340/26578 | Loss 0.1589 | LR 2.00e-05 | phase_samples=42896
2026-05-18 13:26:11,021  INFO  [allava] Step 1340/26578 | Loss 0.1263 | LR 2.00e-05 | phase_samples=42904
2026-05-18 13:26:26,077  INFO  [allava] Step 1350/26578 | Loss 5.0279 | LR 2.00e-05 | phase_samples=43200
2026-05-18 13:26:26,453  INFO  [allava] Step 1350/26578 | Loss 0.1154 | LR 2.00e-05 | phase_samples=43208
2026-05-18 13:26:26,847  INFO  [allava] Step 1350/26578 | Loss 0.1472 | LR 2.00e-05 | phase_samples=43216
2026-05-18 13:26:27,235  INFO  [allava] Step 1350/26578 | Loss 0.1090 | LR 2.00e-05 | phase_samples=43224
2026-05-18 13:26:42,942  INFO  [allava] Step 1360/26578 | Loss 5.0895 | LR 2.00e-05 | phase_samples=43520
2026-05-18 13:26:43,319  INFO  [allava] Step 1360/26578 | Loss 0.1777 | LR 2.00e-05 | phase_samples=43528
2026-05-18 13:26:43,692  INFO  [allava] Step 1360/26578 | Loss 0.1238 | LR 2.00e-05 | phase_samples=43536
2026-05-18 13:26:44,086  INFO  [allava] Step 1360/26578 | Loss 0.1609 | LR 2.00e-05 | phase_samples=43544
2026-05-18 13:26:59,093  INFO  [allava] Step 1370/26578 | Loss 4.9874 | LR 2.00e-05 | phase_samples=43840
2026-05-18 13:26:59,509  INFO  [allava] Step 1370/26578 | Loss 0.1445 | LR 2.00e-05 | phase_samples=43848
2026-05-18 13:26:59,895  INFO  [allava] Step 1370/26578 | Loss 0.1377 | LR 2.00e-05 | phase_samples=43856
2026-05-18 13:27:00,337  INFO  [allava] Step 1370/26578 | Loss 0.1177 | LR 2.00e-05 | phase_samples=43864
2026-05-18 13:27:16,084  INFO  [allava] Step 1380/26578 | Loss 5.1944 | LR 2.00e-05 | phase_samples=44160
2026-05-18 13:27:16,504  INFO  [allava] Step 1380/26578 | Loss 0.1553 | LR 2.00e-05 | phase_samples=44168
2026-05-18 13:27:16,896  INFO  [allava] Step 1380/26578 | Loss 0.1160 | LR 2.00e-05 | phase_samples=44176
2026-05-18 13:27:17,271  INFO  [allava] Step 1380/26578 | Loss 0.1438 | LR 2.00e-05 | phase_samples=44184
2026-05-18 13:27:32,675  INFO  [allava] Step 1390/26578 | Loss 5.1353 | LR 2.00e-05 | phase_samples=44480
2026-05-18 13:27:33,092  INFO  [allava] Step 1390/26578 | Loss 0.1440 | LR 2.00e-05 | phase_samples=44488
2026-05-18 13:27:33,456  INFO  [allava] Step 1390/26578 | Loss 0.1091 | LR 2.00e-05 | phase_samples=44496
2026-05-18 13:27:33,836  INFO  [allava] Step 1390/26578 | Loss 0.1014 | LR 2.00e-05 | phase_samples=44504
2026-05-18 13:27:49,623  INFO  [allava] Step 1400/26578 | Loss 4.9384 | LR 2.00e-05 | phase_samples=44800
2026-05-18 13:27:49,951  INFO  [allava] Step 1400/26578 | Loss 0.1136 | LR 2.00e-05 | phase_samples=44808
2026-05-18 13:27:50,413  INFO  [allava] Step 1400/26578 | Loss 0.1384 | LR 2.00e-05 | phase_samples=44816
2026-05-18 13:27:50,785  INFO  [allava] Step 1400/26578 | Loss 0.1331 | LR 2.00e-05 | phase_samples=44824
2026-05-18 13:28:06,142  INFO  [allava] Step 1410/26578 | Loss 5.1721 | LR 2.00e-05 | phase_samples=45120
2026-05-18 13:28:06,532  INFO  [allava] Step 1410/26578 | Loss 0.1390 | LR 2.00e-05 | phase_samples=45128
2026-05-18 13:28:06,908  INFO  [allava] Step 1410/26578 | Loss 0.1339 | LR 2.00e-05 | phase_samples=45136
2026-05-18 13:28:07,282  INFO  [allava] Step 1410/26578 | Loss 0.1315 | LR 2.00e-05 | phase_samples=45144
2026-05-18 13:28:22,795  INFO  [allava] Step 1420/26578 | Loss 4.9540 | LR 2.00e-05 | phase_samples=45440
2026-05-18 13:28:23,217  INFO  [allava] Step 1420/26578 | Loss 0.1445 | LR 2.00e-05 | phase_samples=45448
2026-05-18 13:28:23,560  INFO  [allava] Step 1420/26578 | Loss 0.1237 | LR 2.00e-05 | phase_samples=45456
2026-05-18 13:28:23,943  INFO  [allava] Step 1420/26578 | Loss 0.1166 | LR 2.00e-05 | phase_samples=45464
2026-05-18 13:28:39,426  INFO  [allava] Step 1430/26578 | Loss 5.1760 | LR 2.00e-05 | phase_samples=45760
2026-05-18 13:28:39,808  INFO  [allava] Step 1430/26578 | Loss 0.1516 | LR 2.00e-05 | phase_samples=45768
2026-05-18 13:28:40,211  INFO  [allava] Step 1430/26578 | Loss 0.1416 | LR 2.00e-05 | phase_samples=45776
2026-05-18 13:28:40,608  INFO  [allava] Step 1430/26578 | Loss 0.1688 | LR 2.00e-05 | phase_samples=45784
2026-05-18 13:28:56,550  INFO  [allava] Step 1440/26578 | Loss 5.0937 | LR 2.00e-05 | phase_samples=46080
2026-05-18 13:28:56,884  INFO  [allava] Step 1440/26578 | Loss 0.1357 | LR 2.00e-05 | phase_samples=46088
2026-05-18 13:28:57,274  INFO  [allava] Step 1440/26578 | Loss 0.1319 | LR 2.00e-05 | phase_samples=46096
2026-05-18 13:28:57,702  INFO  [allava] Step 1440/26578 | Loss 0.1082 | LR 2.00e-05 | phase_samples=46104
2026-05-18 13:29:12,728  INFO  [allava] Step 1450/26578 | Loss 5.0517 | LR 2.00e-05 | phase_samples=46400
2026-05-18 13:29:13,140  INFO  [allava] Step 1450/26578 | Loss 0.1395 | LR 2.00e-05 | phase_samples=46408
2026-05-18 13:29:13,532  INFO  [allava] Step 1450/26578 | Loss 0.1479 | LR 2.00e-05 | phase_samples=46416
2026-05-18 13:29:13,964  INFO  [allava] Step 1450/26578 | Loss 0.1381 | LR 2.00e-05 | phase_samples=46424
2026-05-18 13:29:29,971  INFO  [allava] Step 1460/26578 | Loss 5.1557 | LR 2.00e-05 | phase_samples=46720
2026-05-18 13:29:30,340  INFO  [allava] Step 1460/26578 | Loss 0.1667 | LR 2.00e-05 | phase_samples=46728
2026-05-18 13:29:30,762  INFO  [allava] Step 1460/26578 | Loss 0.1470 | LR 2.00e-05 | phase_samples=46736
2026-05-18 13:29:31,160  INFO  [allava] Step 1460/26578 | Loss 0.1740 | LR 2.00e-05 | phase_samples=46744
2026-05-18 13:29:46,306  INFO  [allava] Step 1470/26578 | Loss 5.0411 | LR 2.00e-05 | phase_samples=47040
2026-05-18 13:29:46,801  INFO  [allava] Step 1470/26578 | Loss 0.1020 | LR 2.00e-05 | phase_samples=47048
2026-05-18 13:29:47,198  INFO  [allava] Step 1470/26578 | Loss 0.1274 | LR 2.00e-05 | phase_samples=47056
2026-05-18 13:29:47,594  INFO  [allava] Step 1470/26578 | Loss 0.1594 | LR 2.00e-05 | phase_samples=47064
2026-05-18 13:30:03,491  INFO  [allava] Step 1480/26578 | Loss 5.0106 | LR 2.00e-05 | phase_samples=47360
2026-05-18 13:30:03,854  INFO  [allava] Step 1480/26578 | Loss 0.1249 | LR 2.00e-05 | phase_samples=47368
2026-05-18 13:30:04,238  INFO  [allava] Step 1480/26578 | Loss 0.1527 | LR 2.00e-05 | phase_samples=47376
2026-05-18 13:30:04,611  INFO  [allava] Step 1480/26578 | Loss 0.1228 | LR 2.00e-05 | phase_samples=47384
2026-05-18 13:30:19,801  INFO  [allava] Step 1490/26578 | Loss 4.9477 | LR 2.00e-05 | phase_samples=47680
2026-05-18 13:30:20,186  INFO  [allava] Step 1490/26578 | Loss 0.1229 | LR 2.00e-05 | phase_samples=47688
2026-05-18 13:30:20,565  INFO  [allava] Step 1490/26578 | Loss 0.1555 | LR 2.00e-05 | phase_samples=47696
2026-05-18 13:30:20,962  INFO  [allava] Step 1490/26578 | Loss 0.1205 | LR 2.00e-05 | phase_samples=47704
2026-05-18 13:30:36,762  INFO  [allava] Step 1500/26578 | Loss 5.2027 | LR 2.00e-05 | phase_samples=48000
2026-05-18 13:30:37,117  INFO  [allava] Step 1500/26578 | Loss 0.1345 | LR 2.00e-05 | phase_samples=48008
2026-05-18 13:30:37,504  INFO  [allava] Step 1500/26578 | Loss 0.1667 | LR 2.00e-05 | phase_samples=48016
2026-05-18 13:30:37,936  INFO  [allava] Step 1500/26578 | Loss 0.1519 | LR 2.00e-05 | phase_samples=48024
2026-05-18 13:30:52,965  INFO  [allava] Step 1510/26578 | Loss 4.9804 | LR 2.00e-05 | phase_samples=48320
2026-05-18 13:30:53,352  INFO  [allava] Step 1510/26578 | Loss 0.1546 | LR 2.00e-05 | phase_samples=48328
2026-05-18 13:30:53,725  INFO  [allava] Step 1510/26578 | Loss 0.0978 | LR 2.00e-05 | phase_samples=48336
2026-05-18 13:30:54,126  INFO  [allava] Step 1510/26578 | Loss 0.1483 | LR 2.00e-05 | phase_samples=48344
2026-05-18 13:31:09,866  INFO  [allava] Step 1520/26578 | Loss 4.9504 | LR 2.00e-05 | phase_samples=48640
2026-05-18 13:31:10,232  INFO  [allava] Step 1520/26578 | Loss 0.1393 | LR 2.00e-05 | phase_samples=48648
2026-05-18 13:31:10,668  INFO  [allava] Step 1520/26578 | Loss 0.1329 | LR 2.00e-05 | phase_samples=48656
2026-05-18 13:31:11,052  INFO  [allava] Step 1520/26578 | Loss 0.1297 | LR 2.00e-05 | phase_samples=48664
2026-05-18 13:31:26,296  INFO  [allava] Step 1530/26578 | Loss 4.9657 | LR 2.00e-05 | phase_samples=48960
2026-05-18 13:31:26,658  INFO  [allava] Step 1530/26578 | Loss 0.1399 | LR 2.00e-05 | phase_samples=48968
2026-05-18 13:31:27,059  INFO  [allava] Step 1530/26578 | Loss 0.1388 | LR 2.00e-05 | phase_samples=48976
2026-05-18 13:31:27,450  INFO  [allava] Step 1530/26578 | Loss 0.1461 | LR 2.00e-05 | phase_samples=48984
2026-05-18 13:31:43,184  INFO  [allava] Step 1540/26578 | Loss 5.0724 | LR 2.00e-05 | phase_samples=49280
2026-05-18 13:31:43,564  INFO  [allava] Step 1540/26578 | Loss 0.1433 | LR 2.00e-05 | phase_samples=49288
2026-05-18 13:31:43,931  INFO  [allava] Step 1540/26578 | Loss 0.1146 | LR 2.00e-05 | phase_samples=49296
2026-05-18 13:31:44,283  INFO  [allava] Step 1540/26578 | Loss 0.1477 | LR 2.00e-05 | phase_samples=49304
2026-05-18 13:31:59,566  INFO  [allava] Step 1550/26578 | Loss 5.0238 | LR 2.00e-05 | phase_samples=49600
2026-05-18 13:31:59,934  INFO  [allava] Step 1550/26578 | Loss 0.1412 | LR 2.00e-05 | phase_samples=49608
2026-05-18 13:32:00,319  INFO  [allava] Step 1550/26578 | Loss 0.1290 | LR 2.00e-05 | phase_samples=49616
2026-05-18 13:32:00,723  INFO  [allava] Step 1550/26578 | Loss 0.1527 | LR 2.00e-05 | phase_samples=49624
2026-05-18 13:32:16,071  INFO  [allava] Step 1560/26578 | Loss 4.9910 | LR 2.00e-05 | phase_samples=49920
2026-05-18 13:32:16,424  INFO  [allava] Step 1560/26578 | Loss 0.1346 | LR 2.00e-05 | phase_samples=49928
2026-05-18 13:32:16,770  INFO  [allava] Step 1560/26578 | Loss 0.1263 | LR 2.00e-05 | phase_samples=49936
2026-05-18 13:32:17,170  INFO  [allava] Step 1560/26578 | Loss 0.1401 | LR 2.00e-05 | phase_samples=49944
2026-05-18 13:32:32,399  INFO  [allava] Step 1570/26578 | Loss 4.9862 | LR 2.00e-05 | phase_samples=50240
2026-05-18 13:32:32,822  INFO  [allava] Step 1570/26578 | Loss 0.1397 | LR 2.00e-05 | phase_samples=50248
2026-05-18 13:32:33,198  INFO  [allava] Step 1570/26578 | Loss 0.1530 | LR 2.00e-05 | phase_samples=50256
2026-05-18 13:32:33,591  INFO  [allava] Step 1570/26578 | Loss 0.1641 | LR 2.00e-05 | phase_samples=50264
2026-05-18 13:32:49,253  INFO  [allava] Step 1580/26578 | Loss 4.7613 | LR 2.00e-05 | phase_samples=50560
2026-05-18 13:32:49,608  INFO  [allava] Step 1580/26578 | Loss 0.1214 | LR 2.00e-05 | phase_samples=50568
2026-05-18 13:32:49,996  INFO  [allava] Step 1580/26578 | Loss 0.1291 | LR 2.00e-05 | phase_samples=50576
2026-05-18 13:32:50,367  INFO  [allava] Step 1580/26578 | Loss 0.1323 | LR 2.00e-05 | phase_samples=50584
2026-05-18 13:33:05,736  INFO  [allava] Step 1590/26578 | Loss 5.1063 | LR 2.00e-05 | phase_samples=50880
2026-05-18 13:33:06,072  INFO  [allava] Step 1590/26578 | Loss 0.1463 | LR 2.00e-05 | phase_samples=50888
2026-05-18 13:33:06,499  INFO  [allava] Step 1590/26578 | Loss 0.1336 | LR 2.00e-05 | phase_samples=50896
2026-05-18 13:33:06,850  INFO  [allava] Step 1590/26578 | Loss 0.1240 | LR 2.00e-05 | phase_samples=50904
2026-05-18 13:33:22,564  INFO  [allava] Step 1600/26578 | Loss 5.0160 | LR 2.00e-05 | phase_samples=51200
2026-05-18 13:33:22,919  INFO  [allava] Step 1600/26578 | Loss 0.1351 | LR 2.00e-05 | phase_samples=51208
2026-05-18 13:33:23,312  INFO  [allava] Step 1600/26578 | Loss 0.1639 | LR 2.00e-05 | phase_samples=51216
2026-05-18 13:33:23,768  INFO  [allava] Step 1600/26578 | Loss 0.1404 | LR 2.00e-05 | phase_samples=51224
2026-05-18 13:33:39,024  INFO  [allava] Step 1610/26578 | Loss 5.1174 | LR 2.00e-05 | phase_samples=51520
2026-05-18 13:33:39,402  INFO  [allava] Step 1610/26578 | Loss 0.1287 | LR 2.00e-05 | phase_samples=51528
2026-05-18 13:33:39,790  INFO  [allava] Step 1610/26578 | Loss 0.1094 | LR 2.00e-05 | phase_samples=51536
2026-05-18 13:33:40,227  INFO  [allava] Step 1610/26578 | Loss 0.1451 | LR 2.00e-05 | phase_samples=51544
2026-05-18 13:33:55,993  INFO  [allava] Step 1620/26578 | Loss 5.0811 | LR 1.99e-05 | phase_samples=51840
2026-05-18 13:33:56,368  INFO  [allava] Step 1620/26578 | Loss 0.1126 | LR 1.99e-05 | phase_samples=51848
2026-05-18 13:33:56,767  INFO  [allava] Step 1620/26578 | Loss 0.1446 | LR 1.99e-05 | phase_samples=51856
2026-05-18 13:33:57,203  INFO  [allava] Step 1620/26578 | Loss 0.1435 | LR 1.99e-05 | phase_samples=51864
2026-05-18 13:34:12,452  INFO  [allava] Step 1630/26578 | Loss 5.0589 | LR 1.99e-05 | phase_samples=52160
2026-05-18 13:34:12,775  INFO  [allava] Step 1630/26578 | Loss 0.1148 | LR 1.99e-05 | phase_samples=52168
2026-05-18 13:34:13,117  INFO  [allava] Step 1630/26578 | Loss 0.1151 | LR 1.99e-05 | phase_samples=52176
2026-05-18 13:34:13,465  INFO  [allava] Step 1630/26578 | Loss 0.1432 | LR 1.99e-05 | phase_samples=52184
2026-05-18 13:34:28,928  INFO  [allava] Step 1640/26578 | Loss 5.1630 | LR 1.99e-05 | phase_samples=52480
2026-05-18 13:34:29,295  INFO  [allava] Step 1640/26578 | Loss 0.1095 | LR 1.99e-05 | phase_samples=52488
2026-05-18 13:34:29,692  INFO  [allava] Step 1640/26578 | Loss 0.1281 | LR 1.99e-05 | phase_samples=52496
2026-05-18 13:34:30,136  INFO  [allava] Step 1640/26578 | Loss 0.1104 | LR 1.99e-05 | phase_samples=52504
2026-05-18 13:34:45,173  INFO  [allava] Step 1650/26578 | Loss 4.8574 | LR 1.99e-05 | phase_samples=52800
2026-05-18 13:34:45,550  INFO  [allava] Step 1650/26578 | Loss 0.1192 | LR 1.99e-05 | phase_samples=52808
2026-05-18 13:34:45,939  INFO  [allava] Step 1650/26578 | Loss 0.1274 | LR 1.99e-05 | phase_samples=52816
2026-05-18 13:34:46,343  INFO  [allava] Step 1650/26578 | Loss 0.1197 | LR 1.99e-05 | phase_samples=52824
2026-05-18 13:35:02,392  INFO  [allava] Step 1660/26578 | Loss 5.0160 | LR 1.99e-05 | phase_samples=53120
2026-05-18 13:35:02,777  INFO  [allava] Step 1660/26578 | Loss 0.1324 | LR 1.99e-05 | phase_samples=53128
2026-05-18 13:35:03,149  INFO  [allava] Step 1660/26578 | Loss 0.1505 | LR 1.99e-05 | phase_samples=53136
2026-05-18 13:35:03,542  INFO  [allava] Step 1660/26578 | Loss 0.1572 | LR 1.99e-05 | phase_samples=53144
2026-05-18 13:35:18,949  INFO  [allava] Step 1670/26578 | Loss 5.2062 | LR 1.99e-05 | phase_samples=53440
2026-05-18 13:35:19,306  INFO  [allava] Step 1670/26578 | Loss 0.1242 | LR 1.99e-05 | phase_samples=53448
2026-05-18 13:35:19,762  INFO  [allava] Step 1670/26578 | Loss 0.1277 | LR 1.99e-05 | phase_samples=53456
2026-05-18 13:35:20,133  INFO  [allava] Step 1670/26578 | Loss 0.1246 | LR 1.99e-05 | phase_samples=53464
2026-05-18 13:35:35,992  INFO  [allava] Step 1680/26578 | Loss 5.0894 | LR 1.99e-05 | phase_samples=53760
2026-05-18 13:35:36,368  INFO  [allava] Step 1680/26578 | Loss 0.1387 | LR 1.99e-05 | phase_samples=53768
2026-05-18 13:35:36,750  INFO  [allava] Step 1680/26578 | Loss 0.1464 | LR 1.99e-05 | phase_samples=53776
2026-05-18 13:35:37,211  INFO  [allava] Step 1680/26578 | Loss 0.1107 | LR 1.99e-05 | phase_samples=53784
2026-05-18 13:35:52,500  INFO  [allava] Step 1690/26578 | Loss 5.2555 | LR 1.99e-05 | phase_samples=54080
2026-05-18 13:35:52,862  INFO  [allava] Step 1690/26578 | Loss 0.1389 | LR 1.99e-05 | phase_samples=54088
2026-05-18 13:35:53,264  INFO  [allava] Step 1690/26578 | Loss 0.1617 | LR 1.99e-05 | phase_samples=54096
2026-05-18 13:35:53,688  INFO  [allava] Step 1690/26578 | Loss 0.1385 | LR 1.99e-05 | phase_samples=54104
2026-05-18 13:36:09,358  INFO  [allava] Step 1700/26578 | Loss 4.8424 | LR 1.99e-05 | phase_samples=54400
2026-05-18 13:36:09,717  INFO  [allava] Step 1700/26578 | Loss 0.1102 | LR 1.99e-05 | phase_samples=54408
2026-05-18 13:36:10,087  INFO  [allava] Step 1700/26578 | Loss 0.1314 | LR 1.99e-05 | phase_samples=54416
2026-05-18 13:36:10,438  INFO  [allava] Step 1700/26578 | Loss 0.1294 | LR 1.99e-05 | phase_samples=54424
2026-05-18 13:36:25,724  INFO  [allava] Step 1710/26578 | Loss 5.0386 | LR 1.99e-05 | phase_samples=54720
2026-05-18 13:36:26,081  INFO  [allava] Step 1710/26578 | Loss 0.1255 | LR 1.99e-05 | phase_samples=54728
2026-05-18 13:36:26,467  INFO  [allava] Step 1710/26578 | Loss 0.1275 | LR 1.99e-05 | phase_samples=54736
2026-05-18 13:36:26,925  INFO  [allava] Step 1710/26578 | Loss 0.1454 | LR 1.99e-05 | phase_samples=54744
2026-05-18 13:36:42,658  INFO  [allava] Step 1720/26578 | Loss 5.1319 | LR 1.99e-05 | phase_samples=55040
2026-05-18 13:36:43,016  INFO  [allava] Step 1720/26578 | Loss 0.1255 | LR 1.99e-05 | phase_samples=55048
2026-05-18 13:36:43,393  INFO  [allava] Step 1720/26578 | Loss 0.1266 | LR 1.99e-05 | phase_samples=55056
2026-05-18 13:36:43,856  INFO  [allava] Step 1720/26578 | Loss 0.1136 | LR 1.99e-05 | phase_samples=55064
2026-05-18 13:36:59,027  INFO  [allava] Step 1730/26578 | Loss 5.0086 | LR 1.99e-05 | phase_samples=55360
2026-05-18 13:36:59,379  INFO  [allava] Step 1730/26578 | Loss 0.1361 | LR 1.99e-05 | phase_samples=55368
2026-05-18 13:36:59,758  INFO  [allava] Step 1730/26578 | Loss 0.1373 | LR 1.99e-05 | phase_samples=55376
2026-05-18 13:37:00,138  INFO  [allava] Step 1730/26578 | Loss 0.1269 | LR 1.99e-05 | phase_samples=55384
2026-05-18 13:37:15,872  INFO  [allava] Step 1740/26578 | Loss 4.9861 | LR 1.99e-05 | phase_samples=55680
2026-05-18 13:37:16,232  INFO  [allava] Step 1740/26578 | Loss 0.1408 | LR 1.99e-05 | phase_samples=55688
2026-05-18 13:37:16,578  INFO  [allava] Step 1740/26578 | Loss 0.0987 | LR 1.99e-05 | phase_samples=55696
2026-05-18 13:37:16,985  INFO  [allava] Step 1740/26578 | Loss 0.1427 | LR 1.99e-05 | phase_samples=55704
2026-05-18 13:37:32,340  INFO  [allava] Step 1750/26578 | Loss 5.0000 | LR 1.99e-05 | phase_samples=56000
2026-05-18 13:37:32,760  INFO  [allava] Step 1750/26578 | Loss 0.1579 | LR 1.99e-05 | phase_samples=56008
2026-05-18 13:37:33,146  INFO  [allava] Step 1750/26578 | Loss 0.1682 | LR 1.99e-05 | phase_samples=56016
2026-05-18 13:37:33,552  INFO  [allava] Step 1750/26578 | Loss 0.1469 | LR 1.99e-05 | phase_samples=56024
2026-05-18 13:37:49,078  INFO  [allava] Step 1760/26578 | Loss 5.0899 | LR 1.99e-05 | phase_samples=56320
2026-05-18 13:37:49,520  INFO  [allava] Step 1760/26578 | Loss 0.1305 | LR 1.99e-05 | phase_samples=56328
2026-05-18 13:37:49,869  INFO  [allava] Step 1760/26578 | Loss 0.1510 | LR 1.99e-05 | phase_samples=56336
2026-05-18 13:37:50,294  INFO  [allava] Step 1760/26578 | Loss 0.1600 | LR 1.99e-05 | phase_samples=56344
2026-05-18 13:38:05,411  INFO  [allava] Step 1770/26578 | Loss 5.0504 | LR 1.99e-05 | phase_samples=56640
2026-05-18 13:38:05,792  INFO  [allava] Step 1770/26578 | Loss 0.1537 | LR 1.99e-05 | phase_samples=56648
2026-05-18 13:38:06,182  INFO  [allava] Step 1770/26578 | Loss 0.1493 | LR 1.99e-05 | phase_samples=56656
2026-05-18 13:38:06,562  INFO  [allava] Step 1770/26578 | Loss 0.1471 | LR 1.99e-05 | phase_samples=56664
2026-05-18 13:38:22,395  INFO  [allava] Step 1780/26578 | Loss 5.0041 | LR 1.99e-05 | phase_samples=56960
2026-05-18 13:38:22,752  INFO  [allava] Step 1780/26578 | Loss 0.1377 | LR 1.99e-05 | phase_samples=56968
2026-05-18 13:38:23,143  INFO  [allava] Step 1780/26578 | Loss 0.1628 | LR 1.99e-05 | phase_samples=56976
2026-05-18 13:38:23,549  INFO  [allava] Step 1780/26578 | Loss 0.1416 | LR 1.99e-05 | phase_samples=56984
2026-05-18 13:38:38,990  INFO  [allava] Step 1790/26578 | Loss 5.0864 | LR 1.99e-05 | phase_samples=57280
2026-05-18 13:38:39,325  INFO  [allava] Step 1790/26578 | Loss 0.1537 | LR 1.99e-05 | phase_samples=57288
2026-05-18 13:38:39,709  INFO  [allava] Step 1790/26578 | Loss 0.1052 | LR 1.99e-05 | phase_samples=57296
2026-05-18 13:38:40,096  INFO  [allava] Step 1790/26578 | Loss 0.1447 | LR 1.99e-05 | phase_samples=57304
2026-05-18 13:38:56,034  INFO  [allava] Step 1800/26578 | Loss 4.9755 | LR 1.99e-05 | phase_samples=57600
2026-05-18 13:38:56,420  INFO  [allava] Step 1800/26578 | Loss 0.1440 | LR 1.99e-05 | phase_samples=57608
2026-05-18 13:38:56,849  INFO  [allava] Step 1800/26578 | Loss 0.1481 | LR 1.99e-05 | phase_samples=57616
2026-05-18 13:38:57,197  INFO  [allava] Step 1800/26578 | Loss 0.1184 | LR 1.99e-05 | phase_samples=57624
2026-05-18 13:39:12,571  INFO  [allava] Step 1810/26578 | Loss 5.2588 | LR 1.99e-05 | phase_samples=57920
2026-05-18 13:39:12,932  INFO  [allava] Step 1810/26578 | Loss 0.1428 | LR 1.99e-05 | phase_samples=57928
2026-05-18 13:39:13,302  INFO  [allava] Step 1810/26578 | Loss 0.1545 | LR 1.99e-05 | phase_samples=57936
2026-05-18 13:39:13,651  INFO  [allava] Step 1810/26578 | Loss 0.1152 | LR 1.99e-05 | phase_samples=57944
2026-05-18 13:39:29,655  INFO  [allava] Step 1820/26578 | Loss 5.0682 | LR 1.99e-05 | phase_samples=58240
2026-05-18 13:39:30,029  INFO  [allava] Step 1820/26578 | Loss 0.1501 | LR 1.99e-05 | phase_samples=58248
2026-05-18 13:39:30,344  INFO  [allava] Step 1820/26578 | Loss 0.0764 | LR 1.99e-05 | phase_samples=58256
2026-05-18 13:39:30,695  INFO  [allava] Step 1820/26578 | Loss 0.1363 | LR 1.99e-05 | phase_samples=58264
2026-05-18 13:39:45,776  INFO  [allava] Step 1830/26578 | Loss 5.0333 | LR 1.99e-05 | phase_samples=58560
2026-05-18 13:39:46,138  INFO  [allava] Step 1830/26578 | Loss 0.1505 | LR 1.99e-05 | phase_samples=58568
2026-05-18 13:39:46,481  INFO  [allava] Step 1830/26578 | Loss 0.1347 | LR 1.99e-05 | phase_samples=58576
2026-05-18 13:39:46,915  INFO  [allava] Step 1830/26578 | Loss 0.1466 | LR 1.99e-05 | phase_samples=58584
2026-05-18 13:40:02,345  INFO  [allava] Step 1840/26578 | Loss 4.8152 | LR 1.99e-05 | phase_samples=58880
2026-05-18 13:40:02,879  INFO  [allava] Step 1840/26578 | Loss 0.1568 | LR 1.99e-05 | phase_samples=58888
2026-05-18 13:40:03,311  INFO  [allava] Step 1840/26578 | Loss 0.1574 | LR 1.99e-05 | phase_samples=58896
2026-05-18 13:40:03,681  INFO  [allava] Step 1840/26578 | Loss 0.1183 | LR 1.99e-05 | phase_samples=58904
2026-05-18 13:40:19,133  INFO  [allava] Step 1850/26578 | Loss 5.0188 | LR 1.99e-05 | phase_samples=59200
2026-05-18 13:40:19,523  INFO  [allava] Step 1850/26578 | Loss 0.1513 | LR 1.99e-05 | phase_samples=59208
2026-05-18 13:40:19,900  INFO  [allava] Step 1850/26578 | Loss 0.1489 | LR 1.99e-05 | phase_samples=59216
2026-05-18 13:40:20,336  INFO  [allava] Step 1850/26578 | Loss 0.1408 | LR 1.99e-05 | phase_samples=59224
2026-05-18 13:40:36,027  INFO  [allava] Step 1860/26578 | Loss 5.0504 | LR 1.99e-05 | phase_samples=59520
2026-05-18 13:40:36,359  INFO  [allava] Step 1860/26578 | Loss 0.1229 | LR 1.99e-05 | phase_samples=59528
2026-05-18 13:40:36,789  INFO  [allava] Step 1860/26578 | Loss 0.1421 | LR 1.99e-05 | phase_samples=59536
2026-05-18 13:40:37,186  INFO  [allava] Step 1860/26578 | Loss 0.1125 | LR 1.99e-05 | phase_samples=59544
2026-05-18 13:40:52,428  INFO  [allava] Step 1870/26578 | Loss 5.0304 | LR 1.99e-05 | phase_samples=59840
2026-05-18 13:40:52,785  INFO  [allava] Step 1870/26578 | Loss 0.1479 | LR 1.99e-05 | phase_samples=59848
2026-05-18 13:40:53,243  INFO  [allava] Step 1870/26578 | Loss 0.1394 | LR 1.99e-05 | phase_samples=59856
2026-05-18 13:40:53,640  INFO  [allava] Step 1870/26578 | Loss 0.1672 | LR 1.99e-05 | phase_samples=59864
2026-05-18 13:41:09,384  INFO  [allava] Step 1880/26578 | Loss 5.1532 | LR 1.99e-05 | phase_samples=60160
2026-05-18 13:41:09,743  INFO  [allava] Step 1880/26578 | Loss 0.1456 | LR 1.99e-05 | phase_samples=60168
2026-05-18 13:41:10,094  INFO  [allava] Step 1880/26578 | Loss 0.1168 | LR 1.99e-05 | phase_samples=60176
2026-05-18 13:41:10,487  INFO  [allava] Step 1880/26578 | Loss 0.1632 | LR 1.99e-05 | phase_samples=60184
2026-05-18 13:41:25,344  INFO  [allava] Step 1890/26578 | Loss 5.0816 | LR 1.99e-05 | phase_samples=60480
2026-05-18 13:41:25,711  INFO  [allava] Step 1890/26578 | Loss 0.1459 | LR 1.99e-05 | phase_samples=60488
2026-05-18 13:41:26,131  INFO  [allava] Step 1890/26578 | Loss 0.1578 | LR 1.99e-05 | phase_samples=60496
2026-05-18 13:41:26,569  INFO  [allava] Step 1890/26578 | Loss 0.1398 | LR 1.99e-05 | phase_samples=60504
2026-05-18 13:41:42,470  INFO  [allava] Step 1900/26578 | Loss 4.9024 | LR 1.99e-05 | phase_samples=60800
2026-05-18 13:41:42,850  INFO  [allava] Step 1900/26578 | Loss 0.1186 | LR 1.99e-05 | phase_samples=60808
2026-05-18 13:41:43,251  INFO  [allava] Step 1900/26578 | Loss 0.1441 | LR 1.99e-05 | phase_samples=60816
2026-05-18 13:41:43,644  INFO  [allava] Step 1900/26578 | Loss 0.1282 | LR 1.99e-05 | phase_samples=60824
2026-05-18 13:41:58,974  INFO  [allava] Step 1910/26578 | Loss 5.0427 | LR 1.99e-05 | phase_samples=61120
2026-05-18 13:41:59,446  INFO  [allava] Step 1910/26578 | Loss 0.1475 | LR 1.99e-05 | phase_samples=61128
2026-05-18 13:41:59,826  INFO  [allava] Step 1910/26578 | Loss 0.1186 | LR 1.99e-05 | phase_samples=61136
2026-05-18 13:42:00,220  INFO  [allava] Step 1910/26578 | Loss 0.1482 | LR 1.99e-05 | phase_samples=61144
2026-05-18 13:42:15,741  INFO  [allava] Step 1920/26578 | Loss 4.8792 | LR 1.99e-05 | phase_samples=61440
2026-05-18 13:42:16,129  INFO  [allava] Step 1920/26578 | Loss 0.1310 | LR 1.99e-05 | phase_samples=61448
2026-05-18 13:42:16,520  INFO  [allava] Step 1920/26578 | Loss 0.1306 | LR 1.99e-05 | phase_samples=61456
2026-05-18 13:42:16,926  INFO  [allava] Step 1920/26578 | Loss 0.1303 | LR 1.99e-05 | phase_samples=61464
2026-05-18 13:42:32,364  INFO  [allava] Step 1930/26578 | Loss 5.0455 | LR 1.99e-05 | phase_samples=61760
2026-05-18 13:42:32,728  INFO  [allava] Step 1930/26578 | Loss 0.1313 | LR 1.99e-05 | phase_samples=61768
2026-05-18 13:42:33,123  INFO  [allava] Step 1930/26578 | Loss 0.1464 | LR 1.99e-05 | phase_samples=61776
2026-05-18 13:42:33,473  INFO  [allava] Step 1930/26578 | Loss 0.1227 | LR 1.99e-05 | phase_samples=61784
2026-05-18 13:42:49,089  INFO  [allava] Step 1940/26578 | Loss 5.2302 | LR 1.99e-05 | phase_samples=62080
2026-05-18 13:42:49,451  INFO  [allava] Step 1940/26578 | Loss 0.1437 | LR 1.99e-05 | phase_samples=62088
2026-05-18 13:42:49,819  INFO  [allava] Step 1940/26578 | Loss 0.1556 | LR 1.99e-05 | phase_samples=62096
2026-05-18 13:42:50,170  INFO  [allava] Step 1940/26578 | Loss 0.1456 | LR 1.99e-05 | phase_samples=62104
2026-05-18 13:45:45,510  INFO  Checkpoint saved → ../checkpoints/stage2_h100/allava/step1942 | step=1942 | phase=allava | samples_seen_phase=62144 | total=62144
2026-05-18 13:45:58,860  INFO  [allava] Step 1950/26578 | Loss 5.0674 | LR 1.99e-05 | phase_samples=62400
2026-05-18 13:45:59,198  INFO  [allava] Step 1950/26578 | Loss 0.1498 | LR 1.99e-05 | phase_samples=62408
2026-05-18 13:45:59,563  INFO  [allava] Step 1950/26578 | Loss 0.1201 | LR 1.99e-05 | phase_samples=62416
2026-05-18 13:45:59,960  INFO  [allava] Step 1950/26578 | Loss 0.1353 | LR 1.99e-05 | phase_samples=62424
2026-05-18 13:46:15,737  INFO  [allava] Step 1960/26578 | Loss 5.0503 | LR 1.99e-05 | phase_samples=62720
2026-05-18 13:46:16,073  INFO  [allava] Step 1960/26578 | Loss 0.1171 | LR 1.99e-05 | phase_samples=62728
2026-05-18 13:46:16,466  INFO  [allava] Step 1960/26578 | Loss 0.1159 | LR 1.99e-05 | phase_samples=62736
2026-05-18 13:46:16,869  INFO  [allava] Step 1960/26578 | Loss 0.1706 | LR 1.99e-05 | phase_samples=62744
2026-05-18 13:46:32,105  INFO  [allava] Step 1970/26578 | Loss 4.9857 | LR 1.99e-05 | phase_samples=63040
2026-05-18 13:46:32,489  INFO  [allava] Step 1970/26578 | Loss 0.1371 | LR 1.99e-05 | phase_samples=63048
2026-05-18 13:46:32,866  INFO  [allava] Step 1970/26578 | Loss 0.1414 | LR 1.99e-05 | phase_samples=63056
2026-05-18 13:46:33,245  INFO  [allava] Step 1970/26578 | Loss 0.1110 | LR 1.99e-05 | phase_samples=63064
2026-05-18 13:46:49,151  INFO  [allava] Step 1980/26578 | Loss 5.0300 | LR 1.99e-05 | phase_samples=63360
2026-05-18 13:46:49,535  INFO  [allava] Step 1980/26578 | Loss 0.1347 | LR 1.99e-05 | phase_samples=63368
2026-05-18 13:46:49,910  INFO  [allava] Step 1980/26578 | Loss 0.1490 | LR 1.99e-05 | phase_samples=63376
2026-05-18 13:46:50,321  INFO  [allava] Step 1980/26578 | Loss 0.1236 | LR 1.99e-05 | phase_samples=63384
2026-05-18 13:47:05,604  INFO  [allava] Step 1990/26578 | Loss 4.9864 | LR 1.99e-05 | phase_samples=63680
2026-05-18 13:47:05,945  INFO  [allava] Step 1990/26578 | Loss 0.1177 | LR 1.99e-05 | phase_samples=63688
2026-05-18 13:47:06,291  INFO  [allava] Step 1990/26578 | Loss 0.1039 | LR 1.99e-05 | phase_samples=63696
2026-05-18 13:47:06,689  INFO  [allava] Step 1990/26578 | Loss 0.1686 | LR 1.99e-05 | phase_samples=63704
2026-05-18 13:47:22,467  INFO  [allava] Step 2000/26578 | Loss 4.9610 | LR 1.99e-05 | phase_samples=64000
2026-05-18 13:47:22,825  INFO  [allava] Step 2000/26578 | Loss 0.1063 | LR 1.99e-05 | phase_samples=64008
2026-05-18 13:47:23,256  INFO  [allava] Step 2000/26578 | Loss 0.1322 | LR 1.99e-05 | phase_samples=64016
2026-05-18 13:47:23,636  INFO  [allava] Step 2000/26578 | Loss 0.1554 | LR 1.99e-05 | phase_samples=64024
2026-05-18 13:47:39,180  INFO  [allava] Step 2010/26578 | Loss 5.0173 | LR 1.99e-05 | phase_samples=64320
2026-05-18 13:47:39,558  INFO  [allava] Step 2010/26578 | Loss 0.1557 | LR 1.99e-05 | phase_samples=64328
2026-05-18 13:47:39,954  INFO  [allava] Step 2010/26578 | Loss 0.1627 | LR 1.99e-05 | phase_samples=64336
2026-05-18 13:47:40,342  INFO  [allava] Step 2010/26578 | Loss 0.1187 | LR 1.99e-05 | phase_samples=64344
2026-05-18 13:47:56,197  INFO  [allava] Step 2020/26578 | Loss 4.9661 | LR 1.99e-05 | phase_samples=64640
2026-05-18 13:47:56,536  INFO  [allava] Step 2020/26578 | Loss 0.1602 | LR 1.99e-05 | phase_samples=64648
2026-05-18 13:47:56,904  INFO  [allava] Step 2020/26578 | Loss 0.1256 | LR 1.99e-05 | phase_samples=64656
2026-05-18 13:47:57,309  INFO  [allava] Step 2020/26578 | Loss 0.1638 | LR 1.99e-05 | phase_samples=64664
2026-05-18 13:48:12,733  INFO  [allava] Step 2030/26578 | Loss 5.0447 | LR 1.99e-05 | phase_samples=64960
2026-05-18 13:48:13,088  INFO  [allava] Step 2030/26578 | Loss 0.1285 | LR 1.99e-05 | phase_samples=64968
2026-05-18 13:48:13,483  INFO  [allava] Step 2030/26578 | Loss 0.1266 | LR 1.99e-05 | phase_samples=64976
2026-05-18 13:48:13,918  INFO  [allava] Step 2030/26578 | Loss 0.1409 | LR 1.99e-05 | phase_samples=64984
2026-05-18 13:48:29,559  INFO  [allava] Step 2040/26578 | Loss 4.9464 | LR 1.99e-05 | phase_samples=65280
2026-05-18 13:48:29,928  INFO  [allava] Step 2040/26578 | Loss 0.1484 | LR 1.99e-05 | phase_samples=65288
2026-05-18 13:48:30,319  INFO  [allava] Step 2040/26578 | Loss 0.1121 | LR 1.99e-05 | phase_samples=65296
2026-05-18 13:48:30,714  INFO  [allava] Step 2040/26578 | Loss 0.1330 | LR 1.99e-05 | phase_samples=65304
2026-05-18 13:48:46,106  INFO  [allava] Step 2050/26578 | Loss 5.1607 | LR 1.99e-05 | phase_samples=65600
2026-05-18 13:48:46,492  INFO  [allava] Step 2050/26578 | Loss 0.1444 | LR 1.99e-05 | phase_samples=65608
2026-05-18 13:48:46,888  INFO  [allava] Step 2050/26578 | Loss 0.1084 | LR 1.99e-05 | phase_samples=65616
2026-05-18 13:48:47,261  INFO  [allava] Step 2050/26578 | Loss 0.1298 | LR 1.99e-05 | phase_samples=65624
2026-05-18 13:49:03,251  INFO  [allava] Step 2060/26578 | Loss 4.9773 | LR 1.99e-05 | phase_samples=65920
2026-05-18 13:49:03,639  INFO  [allava] Step 2060/26578 | Loss 0.1432 | LR 1.99e-05 | phase_samples=65928
2026-05-18 13:49:03,959  INFO  [allava] Step 2060/26578 | Loss 0.1187 | LR 1.99e-05 | phase_samples=65936
2026-05-18 13:49:04,346  INFO  [allava] Step 2060/26578 | Loss 0.1241 | LR 1.99e-05 | phase_samples=65944
2026-05-18 13:49:19,703  INFO  [allava] Step 2070/26578 | Loss 4.9837 | LR 1.99e-05 | phase_samples=66240
2026-05-18 13:49:20,066  INFO  [allava] Step 2070/26578 | Loss 0.1205 | LR 1.99e-05 | phase_samples=66248
2026-05-18 13:49:20,444  INFO  [allava] Step 2070/26578 | Loss 0.1443 | LR 1.99e-05 | phase_samples=66256
2026-05-18 13:49:20,832  INFO  [allava] Step 2070/26578 | Loss 0.1301 | LR 1.99e-05 | phase_samples=66264
2026-05-18 13:49:36,336  INFO  [allava] Step 2080/26578 | Loss 4.8568 | LR 1.99e-05 | phase_samples=66560
2026-05-18 13:49:36,691  INFO  [allava] Step 2080/26578 | Loss 0.1148 | LR 1.99e-05 | phase_samples=66568
2026-05-18 13:49:37,062  INFO  [allava] Step 2080/26578 | Loss 0.1379 | LR 1.99e-05 | phase_samples=66576
2026-05-18 13:49:37,417  INFO  [allava] Step 2080/26578 | Loss 0.1396 | LR 1.99e-05 | phase_samples=66584
2026-05-18 13:49:53,032  INFO  [allava] Step 2090/26578 | Loss 4.9432 | LR 1.99e-05 | phase_samples=66880
2026-05-18 13:49:53,410  INFO  [allava] Step 2090/26578 | Loss 0.1402 | LR 1.99e-05 | phase_samples=66888
2026-05-18 13:49:53,800  INFO  [allava] Step 2090/26578 | Loss 0.1269 | LR 1.99e-05 | phase_samples=66896
2026-05-18 13:49:54,236  INFO  [allava] Step 2090/26578 | Loss 0.1468 | LR 1.99e-05 | phase_samples=66904
2026-05-18 13:50:10,201  INFO  [allava] Step 2100/26578 | Loss 4.9478 | LR 1.99e-05 | phase_samples=67200
2026-05-18 13:50:10,566  INFO  [allava] Step 2100/26578 | Loss 0.1320 | LR 1.99e-05 | phase_samples=67208
2026-05-18 13:50:10,945  INFO  [allava] Step 2100/26578 | Loss 0.1059 | LR 1.99e-05 | phase_samples=67216
2026-05-18 13:50:11,290  INFO  [allava] Step 2100/26578 | Loss 0.1271 | LR 1.99e-05 | phase_samples=67224
2026-05-18 13:50:26,758  INFO  [allava] Step 2110/26578 | Loss 5.0678 | LR 1.99e-05 | phase_samples=67520
2026-05-18 13:50:27,069  INFO  [allava] Step 2110/26578 | Loss 0.1072 | LR 1.99e-05 | phase_samples=67528
2026-05-18 13:50:27,460  INFO  [allava] Step 2110/26578 | Loss 0.1313 | LR 1.99e-05 | phase_samples=67536
2026-05-18 13:50:27,847  INFO  [allava] Step 2110/26578 | Loss 0.1299 | LR 1.99e-05 | phase_samples=67544
2026-05-18 13:50:43,214  INFO  [allava] Step 2120/26578 | Loss 5.0110 | LR 1.99e-05 | phase_samples=67840
2026-05-18 13:50:43,567  INFO  [allava] Step 2120/26578 | Loss 0.1473 | LR 1.99e-05 | phase_samples=67848
2026-05-18 13:50:43,949  INFO  [allava] Step 2120/26578 | Loss 0.1281 | LR 1.99e-05 | phase_samples=67856
2026-05-18 13:50:44,302  INFO  [allava] Step 2120/26578 | Loss 0.1256 | LR 1.99e-05 | phase_samples=67864
2026-05-18 13:50:59,577  INFO  [allava] Step 2130/26578 | Loss 5.0093 | LR 1.99e-05 | phase_samples=68160
2026-05-18 13:50:59,956  INFO  [allava] Step 2130/26578 | Loss 0.1260 | LR 1.99e-05 | phase_samples=68168
2026-05-18 13:51:00,327  INFO  [allava] Step 2130/26578 | Loss 0.1634 | LR 1.99e-05 | phase_samples=68176
2026-05-18 13:51:00,708  INFO  [allava] Step 2130/26578 | Loss 0.1407 | LR 1.99e-05 | phase_samples=68184
2026-05-18 13:51:16,459  INFO  [allava] Step 2140/26578 | Loss 4.9632 | LR 1.99e-05 | phase_samples=68480
2026-05-18 13:51:16,898  INFO  [allava] Step 2140/26578 | Loss 0.1156 | LR 1.99e-05 | phase_samples=68488
2026-05-18 13:51:17,272  INFO  [allava] Step 2140/26578 | Loss 0.1551 | LR 1.99e-05 | phase_samples=68496
2026-05-18 13:51:17,677  INFO  [allava] Step 2140/26578 | Loss 0.1381 | LR 1.99e-05 | phase_samples=68504
2026-05-18 13:51:33,135  INFO  [allava] Step 2150/26578 | Loss 4.9263 | LR 1.99e-05 | phase_samples=68800
2026-05-18 13:51:33,548  INFO  [allava] Step 2150/26578 | Loss 0.1559 | LR 1.99e-05 | phase_samples=68808
2026-05-18 13:51:33,899  INFO  [allava] Step 2150/26578 | Loss 0.1006 | LR 1.99e-05 | phase_samples=68816
2026-05-18 13:51:34,280  INFO  [allava] Step 2150/26578 | Loss 0.1415 | LR 1.99e-05 | phase_samples=68824
2026-05-18 13:51:50,161  INFO  [allava] Step 2160/26578 | Loss 5.1206 | LR 1.99e-05 | phase_samples=69120
2026-05-18 13:51:50,515  INFO  [allava] Step 2160/26578 | Loss 0.1241 | LR 1.99e-05 | phase_samples=69128
2026-05-18 13:51:50,861  INFO  [allava] Step 2160/26578 | Loss 0.1174 | LR 1.99e-05 | phase_samples=69136
2026-05-18 13:51:51,204  INFO  [allava] Step 2160/26578 | Loss 0.1299 | LR 1.99e-05 | phase_samples=69144
2026-05-18 13:52:06,637  INFO  [allava] Step 2170/26578 | Loss 4.9076 | LR 1.99e-05 | phase_samples=69440
2026-05-18 13:52:06,994  INFO  [allava] Step 2170/26578 | Loss 0.1138 | LR 1.99e-05 | phase_samples=69448
2026-05-18 13:52:07,373  INFO  [allava] Step 2170/26578 | Loss 0.1646 | LR 1.99e-05 | phase_samples=69456
2026-05-18 13:52:07,749  INFO  [allava] Step 2170/26578 | Loss 0.1335 | LR 1.99e-05 | phase_samples=69464
2026-05-18 13:52:23,357  INFO  [allava] Step 2180/26578 | Loss 4.8510 | LR 1.99e-05 | phase_samples=69760
2026-05-18 13:52:23,765  INFO  [allava] Step 2180/26578 | Loss 0.1316 | LR 1.99e-05 | phase_samples=69768
2026-05-18 13:52:24,159  INFO  [allava] Step 2180/26578 | Loss 0.1280 | LR 1.99e-05 | phase_samples=69776
2026-05-18 13:52:24,544  INFO  [allava] Step 2180/26578 | Loss 0.1502 | LR 1.99e-05 | phase_samples=69784
2026-05-18 13:52:39,775  INFO  [allava] Step 2190/26578 | Loss 4.9659 | LR 1.99e-05 | phase_samples=70080
2026-05-18 13:52:40,157  INFO  [allava] Step 2190/26578 | Loss 0.1637 | LR 1.99e-05 | phase_samples=70088
2026-05-18 13:52:40,506  INFO  [allava] Step 2190/26578 | Loss 0.1353 | LR 1.99e-05 | phase_samples=70096
2026-05-18 13:52:40,884  INFO  [allava] Step 2190/26578 | Loss 0.1179 | LR 1.99e-05 | phase_samples=70104
2026-05-18 13:52:56,438  INFO  [allava] Step 2200/26578 | Loss 4.9624 | LR 1.99e-05 | phase_samples=70400
2026-05-18 13:52:56,814  INFO  [allava] Step 2200/26578 | Loss 0.1283 | LR 1.99e-05 | phase_samples=70408
2026-05-18 13:52:57,240  INFO  [allava] Step 2200/26578 | Loss 0.1472 | LR 1.99e-05 | phase_samples=70416
2026-05-18 13:52:57,631  INFO  [allava] Step 2200/26578 | Loss 0.1082 | LR 1.99e-05 | phase_samples=70424
2026-05-18 13:53:12,942  INFO  [allava] Step 2210/26578 | Loss 5.0195 | LR 1.99e-05 | phase_samples=70720
2026-05-18 13:53:13,307  INFO  [allava] Step 2210/26578 | Loss 0.1660 | LR 1.99e-05 | phase_samples=70728
2026-05-18 13:53:13,675  INFO  [allava] Step 2210/26578 | Loss 0.1406 | LR 1.99e-05 | phase_samples=70736
2026-05-18 13:53:14,085  INFO  [allava] Step 2210/26578 | Loss 0.1349 | LR 1.99e-05 | phase_samples=70744
2026-05-18 13:53:29,695  INFO  [allava] Step 2220/26578 | Loss 4.8715 | LR 1.99e-05 | phase_samples=71040
2026-05-18 13:53:30,079  INFO  [allava] Step 2220/26578 | Loss 0.1205 | LR 1.99e-05 | phase_samples=71048
2026-05-18 13:53:30,473  INFO  [allava] Step 2220/26578 | Loss 0.1467 | LR 1.99e-05 | phase_samples=71056
2026-05-18 13:53:30,858  INFO  [allava] Step 2220/26578 | Loss 0.1508 | LR 1.99e-05 | phase_samples=71064
2026-05-18 13:53:45,784  INFO  [allava] Step 2230/26578 | Loss 4.8111 | LR 1.98e-05 | phase_samples=71360
2026-05-18 13:53:46,150  INFO  [allava] Step 2230/26578 | Loss 0.1475 | LR 1.98e-05 | phase_samples=71368
2026-05-18 13:53:46,549  INFO  [allava] Step 2230/26578 | Loss 0.1447 | LR 1.98e-05 | phase_samples=71376
2026-05-18 13:53:46,935  INFO  [allava] Step 2230/26578 | Loss 0.1396 | LR 1.98e-05 | phase_samples=71384
2026-05-18 13:54:02,503  INFO  [allava] Step 2240/26578 | Loss 5.0946 | LR 1.98e-05 | phase_samples=71680
2026-05-18 13:54:02,945  INFO  [allava] Step 2240/26578 | Loss 0.1539 | LR 1.98e-05 | phase_samples=71688
2026-05-18 13:54:03,319  INFO  [allava] Step 2240/26578 | Loss 0.1278 | LR 1.98e-05 | phase_samples=71696
2026-05-18 13:54:03,693  INFO  [allava] Step 2240/26578 | Loss 0.1512 | LR 1.98e-05 | phase_samples=71704
2026-05-18 13:54:19,155  INFO  [allava] Step 2250/26578 | Loss 5.0508 | LR 1.98e-05 | phase_samples=72000
2026-05-18 13:54:19,515  INFO  [allava] Step 2250/26578 | Loss 0.1529 | LR 1.98e-05 | phase_samples=72008
2026-05-18 13:54:19,911  INFO  [allava] Step 2250/26578 | Loss 0.1467 | LR 1.98e-05 | phase_samples=72016
2026-05-18 13:54:20,290  INFO  [allava] Step 2250/26578 | Loss 0.1509 | LR 1.98e-05 | phase_samples=72024
2026-05-18 13:54:35,998  INFO  [allava] Step 2260/26578 | Loss 5.0716 | LR 1.98e-05 | phase_samples=72320
2026-05-18 13:54:36,384  INFO  [allava] Step 2260/26578 | Loss 0.1379 | LR 1.98e-05 | phase_samples=72328
2026-05-18 13:54:36,752  INFO  [allava] Step 2260/26578 | Loss 0.1491 | LR 1.98e-05 | phase_samples=72336
2026-05-18 13:54:37,147  INFO  [allava] Step 2260/26578 | Loss 0.1658 | LR 1.98e-05 | phase_samples=72344
2026-05-18 13:54:52,218  INFO  [allava] Step 2270/26578 | Loss 4.8521 | LR 1.98e-05 | phase_samples=72640
2026-05-18 13:54:52,594  INFO  [allava] Step 2270/26578 | Loss 0.1353 | LR 1.98e-05 | phase_samples=72648
2026-05-18 13:54:52,987  INFO  [allava] Step 2270/26578 | Loss 0.1441 | LR 1.98e-05 | phase_samples=72656
2026-05-18 13:54:53,371  INFO  [allava] Step 2270/26578 | Loss 0.1465 | LR 1.98e-05 | phase_samples=72664
2026-05-18 13:55:09,133  INFO  [allava] Step 2280/26578 | Loss 4.9701 | LR 1.98e-05 | phase_samples=72960
2026-05-18 13:55:09,573  INFO  [allava] Step 2280/26578 | Loss 0.1342 | LR 1.98e-05 | phase_samples=72968
2026-05-18 13:55:09,920  INFO  [allava] Step 2280/26578 | Loss 0.1309 | LR 1.98e-05 | phase_samples=72976
2026-05-18 13:55:10,304  INFO  [allava] Step 2280/26578 | Loss 0.1172 | LR 1.98e-05 | phase_samples=72984
2026-05-18 13:55:25,511  INFO  [allava] Step 2290/26578 | Loss 5.0417 | LR 1.98e-05 | phase_samples=73280
2026-05-18 13:55:25,847  INFO  [allava] Step 2290/26578 | Loss 0.1169 | LR 1.98e-05 | phase_samples=73288
2026-05-18 13:55:26,224  INFO  [allava] Step 2290/26578 | Loss 0.1348 | LR 1.98e-05 | phase_samples=73296
2026-05-18 13:55:26,566  INFO  [allava] Step 2290/26578 | Loss 0.1169 | LR 1.98e-05 | phase_samples=73304
2026-05-18 13:55:42,688  INFO  [allava] Step 2300/26578 | Loss 5.1759 | LR 1.98e-05 | phase_samples=73600
2026-05-18 13:55:43,111  INFO  [allava] Step 2300/26578 | Loss 0.1456 | LR 1.98e-05 | phase_samples=73608
2026-05-18 13:55:43,492  INFO  [allava] Step 2300/26578 | Loss 0.1343 | LR 1.98e-05 | phase_samples=73616
2026-05-18 13:55:43,932  INFO  [allava] Step 2300/26578 | Loss 0.1354 | LR 1.98e-05 | phase_samples=73624
2026-05-18 13:55:58,966  INFO  [allava] Step 2310/26578 | Loss 4.9214 | LR 1.98e-05 | phase_samples=73920
2026-05-18 13:55:59,326  INFO  [allava] Step 2310/26578 | Loss 0.1438 | LR 1.98e-05 | phase_samples=73928
2026-05-18 13:55:59,758  INFO  [allava] Step 2310/26578 | Loss 0.1417 | LR 1.98e-05 | phase_samples=73936
2026-05-18 13:56:00,131  INFO  [allava] Step 2310/26578 | Loss 0.1390 | LR 1.98e-05 | phase_samples=73944
2026-05-18 13:56:15,769  INFO  [allava] Step 2320/26578 | Loss 4.9327 | LR 1.98e-05 | phase_samples=74240
2026-05-18 13:56:16,124  INFO  [allava] Step 2320/26578 | Loss 0.1266 | LR 1.98e-05 | phase_samples=74248
2026-05-18 13:56:16,559  INFO  [allava] Step 2320/26578 | Loss 0.1189 | LR 1.98e-05 | phase_samples=74256
2026-05-18 13:56:16,945  INFO  [allava] Step 2320/26578 | Loss 0.1514 | LR 1.98e-05 | phase_samples=74264
2026-05-18 13:56:32,294  INFO  [allava] Step 2330/26578 | Loss 5.0749 | LR 1.98e-05 | phase_samples=74560
2026-05-18 13:56:32,672  INFO  [allava] Step 2330/26578 | Loss 0.1622 | LR 1.98e-05 | phase_samples=74568
2026-05-18 13:56:33,048  INFO  [allava] Step 2330/26578 | Loss 0.1528 | LR 1.98e-05 | phase_samples=74576
2026-05-18 13:56:33,427  INFO  [allava] Step 2330/26578 | Loss 0.1383 | LR 1.98e-05 | phase_samples=74584
2026-05-18 13:56:49,123  INFO  [allava] Step 2340/26578 | Loss 4.8293 | LR 1.98e-05 | phase_samples=74880
2026-05-18 13:56:49,460  INFO  [allava] Step 2340/26578 | Loss 0.1679 | LR 1.98e-05 | phase_samples=74888
2026-05-18 13:56:49,830  INFO  [allava] Step 2340/26578 | Loss 0.1227 | LR 1.98e-05 | phase_samples=74896
2026-05-18 13:56:50,272  INFO  [allava] Step 2340/26578 | Loss 0.1275 | LR 1.98e-05 | phase_samples=74904
2026-05-18 13:57:05,421  INFO  [allava] Step 2350/26578 | Loss 4.8343 | LR 1.98e-05 | phase_samples=75200
2026-05-18 13:57:05,833  INFO  [allava] Step 2350/26578 | Loss 0.1531 | LR 1.98e-05 | phase_samples=75208
2026-05-18 13:57:06,199  INFO  [allava] Step 2350/26578 | Loss 0.1085 | LR 1.98e-05 | phase_samples=75216
2026-05-18 13:57:06,581  INFO  [allava] Step 2350/26578 | Loss 0.1243 | LR 1.98e-05 | phase_samples=75224
2026-05-18 13:57:22,390  INFO  [allava] Step 2360/26578 | Loss 4.8699 | LR 1.98e-05 | phase_samples=75520
2026-05-18 13:57:22,747  INFO  [allava] Step 2360/26578 | Loss 0.1332 | LR 1.98e-05 | phase_samples=75528
2026-05-18 13:57:23,122  INFO  [allava] Step 2360/26578 | Loss 0.1090 | LR 1.98e-05 | phase_samples=75536
2026-05-18 13:57:23,522  INFO  [allava] Step 2360/26578 | Loss 0.1428 | LR 1.98e-05 | phase_samples=75544
2026-05-18 13:57:38,746  INFO  [allava] Step 2370/26578 | Loss 5.0172 | LR 1.98e-05 | phase_samples=75840
2026-05-18 13:57:39,112  INFO  [allava] Step 2370/26578 | Loss 0.1449 | LR 1.98e-05 | phase_samples=75848
2026-05-18 13:57:39,494  INFO  [allava] Step 2370/26578 | Loss 0.1162 | LR 1.98e-05 | phase_samples=75856
2026-05-18 13:57:39,869  INFO  [allava] Step 2370/26578 | Loss 0.1173 | LR 1.98e-05 | phase_samples=75864
2026-05-18 13:57:55,669  INFO  [allava] Step 2380/26578 | Loss 5.1672 | LR 1.98e-05 | phase_samples=76160
2026-05-18 13:57:56,083  INFO  [allava] Step 2380/26578 | Loss 0.1377 | LR 1.98e-05 | phase_samples=76168
2026-05-18 13:57:56,454  INFO  [allava] Step 2380/26578 | Loss 0.1422 | LR 1.98e-05 | phase_samples=76176
2026-05-18 13:57:57,022  INFO  [allava] Step 2380/26578 | Loss 0.1296 | LR 1.98e-05 | phase_samples=76184
2026-05-18 13:58:12,271  INFO  [allava] Step 2390/26578 | Loss 4.9078 | LR 1.98e-05 | phase_samples=76480
2026-05-18 13:58:12,653  INFO  [allava] Step 2390/26578 | Loss 0.1246 | LR 1.98e-05 | phase_samples=76488
2026-05-18 13:58:13,046  INFO  [allava] Step 2390/26578 | Loss 0.1201 | LR 1.98e-05 | phase_samples=76496
2026-05-18 13:58:13,428  INFO  [allava] Step 2390/26578 | Loss 0.1399 | LR 1.98e-05 | phase_samples=76504
2026-05-18 13:58:29,013  INFO  [allava] Step 2400/26578 | Loss 4.9386 | LR 1.98e-05 | phase_samples=76800
2026-05-18 13:58:29,493  INFO  [allava] Step 2400/26578 | Loss 0.1550 | LR 1.98e-05 | phase_samples=76808
2026-05-18 13:58:29,928  INFO  [allava] Step 2400/26578 | Loss 0.1571 | LR 1.98e-05 | phase_samples=76816
2026-05-18 13:58:30,306  INFO  [allava] Step 2400/26578 | Loss 0.1230 | LR 1.98e-05 | phase_samples=76824
2026-05-18 13:58:45,550  INFO  [allava] Step 2410/26578 | Loss 4.9898 | LR 1.98e-05 | phase_samples=77120
2026-05-18 13:58:45,927  INFO  [allava] Step 2410/26578 | Loss 0.1225 | LR 1.98e-05 | phase_samples=77128
2026-05-18 13:58:46,325  INFO  [allava] Step 2410/26578 | Loss 0.1224 | LR 1.98e-05 | phase_samples=77136
2026-05-18 13:58:46,725  INFO  [allava] Step 2410/26578 | Loss 0.1499 | LR 1.98e-05 | phase_samples=77144
2026-05-18 13:59:02,574  INFO  [allava] Step 2420/26578 | Loss 4.9946 | LR 1.98e-05 | phase_samples=77440
2026-05-18 13:59:02,933  INFO  [allava] Step 2420/26578 | Loss 0.1171 | LR 1.98e-05 | phase_samples=77448
2026-05-18 13:59:03,312  INFO  [allava] Step 2420/26578 | Loss 0.1380 | LR 1.98e-05 | phase_samples=77456
2026-05-18 13:59:03,691  INFO  [allava] Step 2420/26578 | Loss 0.1341 | LR 1.98e-05 | phase_samples=77464
2026-05-18 13:59:19,382  INFO  [allava] Step 2430/26578 | Loss 5.0038 | LR 1.98e-05 | phase_samples=77760
2026-05-18 13:59:19,747  INFO  [allava] Step 2430/26578 | Loss 0.1697 | LR 1.98e-05 | phase_samples=77768
2026-05-18 13:59:20,112  INFO  [allava] Step 2430/26578 | Loss 0.1306 | LR 1.98e-05 | phase_samples=77776
2026-05-18 13:59:20,482  INFO  [allava] Step 2430/26578 | Loss 0.1547 | LR 1.98e-05 | phase_samples=77784
2026-05-18 13:59:36,071  INFO  [allava] Step 2440/26578 | Loss 4.9505 | LR 1.98e-05 | phase_samples=78080
2026-05-18 13:59:36,427  INFO  [allava] Step 2440/26578 | Loss 0.1121 | LR 1.98e-05 | phase_samples=78088
2026-05-18 13:59:36,886  INFO  [allava] Step 2440/26578 | Loss 0.1352 | LR 1.98e-05 | phase_samples=78096
2026-05-18 13:59:37,349  INFO  [allava] Step 2440/26578 | Loss 0.1575 | LR 1.98e-05 | phase_samples=78104
2026-05-18 13:59:52,851  INFO  [allava] Step 2450/26578 | Loss 5.2005 | LR 1.98e-05 | phase_samples=78400
2026-05-18 13:59:53,231  INFO  [allava] Step 2450/26578 | Loss 0.1454 | LR 1.98e-05 | phase_samples=78408
2026-05-18 13:59:53,576  INFO  [allava] Step 2450/26578 | Loss 0.1182 | LR 1.98e-05 | phase_samples=78416
2026-05-18 13:59:53,986  INFO  [allava] Step 2450/26578 | Loss 0.1409 | LR 1.98e-05 | phase_samples=78424
2026-05-18 14:00:09,529  INFO  [allava] Step 2460/26578 | Loss 4.8765 | LR 1.98e-05 | phase_samples=78720
2026-05-18 14:00:09,906  INFO  [allava] Step 2460/26578 | Loss 0.1423 | LR 1.98e-05 | phase_samples=78728
2026-05-18 14:00:10,254  INFO  [allava] Step 2460/26578 | Loss 0.1260 | LR 1.98e-05 | phase_samples=78736
2026-05-18 14:00:10,603  INFO  [allava] Step 2460/26578 | Loss 0.1303 | LR 1.98e-05 | phase_samples=78744
2026-05-18 14:00:25,824  INFO  [allava] Step 2470/26578 | Loss 5.1038 | LR 1.98e-05 | phase_samples=79040
2026-05-18 14:00:26,187  INFO  [allava] Step 2470/26578 | Loss 0.1242 | LR 1.98e-05 | phase_samples=79048
2026-05-18 14:00:26,580  INFO  [allava] Step 2470/26578 | Loss 0.1434 | LR 1.98e-05 | phase_samples=79056
2026-05-18 14:00:27,006  INFO  [allava] Step 2470/26578 | Loss 0.1329 | LR 1.98e-05 | phase_samples=79064
2026-05-18 14:00:42,890  INFO  [allava] Step 2480/26578 | Loss 5.1400 | LR 1.98e-05 | phase_samples=79360
2026-05-18 14:00:43,302  INFO  [allava] Step 2480/26578 | Loss 0.1456 | LR 1.98e-05 | phase_samples=79368
2026-05-18 14:00:43,645  INFO  [allava] Step 2480/26578 | Loss 0.1260 | LR 1.98e-05 | phase_samples=79376
2026-05-18 14:00:44,050  INFO  [allava] Step 2480/26578 | Loss 0.1265 | LR 1.98e-05 | phase_samples=79384
2026-05-18 14:00:59,105  INFO  [allava] Step 2490/26578 | Loss 4.9142 | LR 1.98e-05 | phase_samples=79680
2026-05-18 14:00:59,485  INFO  [allava] Step 2490/26578 | Loss 0.1350 | LR 1.98e-05 | phase_samples=79688
2026-05-18 14:00:59,865  INFO  [allava] Step 2490/26578 | Loss 0.1348 | LR 1.98e-05 | phase_samples=79696
2026-05-18 14:01:00,259  INFO  [allava] Step 2490/26578 | Loss 0.1504 | LR 1.98e-05 | phase_samples=79704
2026-05-18 14:01:15,885  INFO  [allava] Step 2500/26578 | Loss 4.9263 | LR 1.98e-05 | phase_samples=80000
2026-05-18 14:01:16,297  INFO  [allava] Step 2500/26578 | Loss 0.1337 | LR 1.98e-05 | phase_samples=80008
2026-05-18 14:01:16,731  INFO  [allava] Step 2500/26578 | Loss 0.1321 | LR 1.98e-05 | phase_samples=80016
2026-05-18 14:01:17,197  INFO  [allava] Step 2500/26578 | Loss 0.1430 | LR 1.98e-05 | phase_samples=80024
2026-05-18 14:01:32,591  INFO  [allava] Step 2510/26578 | Loss 5.0719 | LR 1.98e-05 | phase_samples=80320
2026-05-18 14:01:32,957  INFO  [allava] Step 2510/26578 | Loss 0.1169 | LR 1.98e-05 | phase_samples=80328
2026-05-18 14:01:33,412  INFO  [allava] Step 2510/26578 | Loss 0.1440 | LR 1.98e-05 | phase_samples=80336
2026-05-18 14:01:33,852  INFO  [allava] Step 2510/26578 | Loss 0.1231 | LR 1.98e-05 | phase_samples=80344
2026-05-18 14:01:49,534  INFO  [allava] Step 2520/26578 | Loss 4.8401 | LR 1.98e-05 | phase_samples=80640
2026-05-18 14:01:49,919  INFO  [allava] Step 2520/26578 | Loss 0.1245 | LR 1.98e-05 | phase_samples=80648
2026-05-18 14:01:50,313  INFO  [allava] Step 2520/26578 | Loss 0.1346 | LR 1.98e-05 | phase_samples=80656
2026-05-18 14:01:50,713  INFO  [allava] Step 2520/26578 | Loss 0.1554 | LR 1.98e-05 | phase_samples=80664
2026-05-18 14:02:06,008  INFO  [allava] Step 2530/26578 | Loss 4.9645 | LR 1.98e-05 | phase_samples=80960
2026-05-18 14:02:06,418  INFO  [allava] Step 2530/26578 | Loss 0.1404 | LR 1.98e-05 | phase_samples=80968
2026-05-18 14:02:06,788  INFO  [allava] Step 2530/26578 | Loss 0.1098 | LR 1.98e-05 | phase_samples=80976
2026-05-18 14:02:07,181  INFO  [allava] Step 2530/26578 | Loss 0.1306 | LR 1.98e-05 | phase_samples=80984
2026-05-18 14:02:23,027  INFO  [allava] Step 2540/26578 | Loss 5.0243 | LR 1.98e-05 | phase_samples=81280
2026-05-18 14:02:23,417  INFO  [allava] Step 2540/26578 | Loss 0.1516 | LR 1.98e-05 | phase_samples=81288
2026-05-18 14:02:23,844  INFO  [allava] Step 2540/26578 | Loss 0.1585 | LR 1.98e-05 | phase_samples=81296
2026-05-18 14:02:24,198  INFO  [allava] Step 2540/26578 | Loss 0.1613 | LR 1.98e-05 | phase_samples=81304
2026-05-18 14:02:39,232  INFO  [allava] Step 2550/26578 | Loss 4.9784 | LR 1.98e-05 | phase_samples=81600
2026-05-18 14:02:39,589  INFO  [allava] Step 2550/26578 | Loss 0.1006 | LR 1.98e-05 | phase_samples=81608
2026-05-18 14:02:39,970  INFO  [allava] Step 2550/26578 | Loss 0.1174 | LR 1.98e-05 | phase_samples=81616
2026-05-18 14:02:40,350  INFO  [allava] Step 2550/26578 | Loss 0.1732 | LR 1.98e-05 | phase_samples=81624
2026-05-18 14:02:56,220  INFO  [allava] Step 2560/26578 | Loss 4.9631 | LR 1.98e-05 | phase_samples=81920
2026-05-18 14:02:56,598  INFO  [allava] Step 2560/26578 | Loss 0.1540 | LR 1.98e-05 | phase_samples=81928
2026-05-18 14:02:56,987  INFO  [allava] Step 2560/26578 | Loss 0.1487 | LR 1.98e-05 | phase_samples=81936
2026-05-18 14:02:57,370  INFO  [allava] Step 2560/26578 | Loss 0.1312 | LR 1.98e-05 | phase_samples=81944
2026-05-18 14:03:12,521  INFO  [allava] Step 2570/26578 | Loss 4.9342 | LR 1.98e-05 | phase_samples=82240
2026-05-18 14:03:12,959  INFO  [allava] Step 2570/26578 | Loss 0.1122 | LR 1.98e-05 | phase_samples=82248
2026-05-18 14:03:13,297  INFO  [allava] Step 2570/26578 | Loss 0.1058 | LR 1.98e-05 | phase_samples=82256
2026-05-18 14:03:13,674  INFO  [allava] Step 2570/26578 | Loss 0.1542 | LR 1.98e-05 | phase_samples=82264
2026-05-18 14:03:29,829  INFO  [allava] Step 2580/26578 | Loss 4.8272 | LR 1.98e-05 | phase_samples=82560
2026-05-18 14:03:30,159  INFO  [allava] Step 2580/26578 | Loss 0.1419 | LR 1.98e-05 | phase_samples=82568
2026-05-18 14:03:30,554  INFO  [allava] Step 2580/26578 | Loss 0.1333 | LR 1.98e-05 | phase_samples=82576
2026-05-18 14:03:30,928  INFO  [allava] Step 2580/26578 | Loss 0.1333 | LR 1.98e-05 | phase_samples=82584
2026-05-18 14:03:46,089  INFO  [allava] Step 2590/26578 | Loss 4.8965 | LR 1.98e-05 | phase_samples=82880
2026-05-18 14:03:46,504  INFO  [allava] Step 2590/26578 | Loss 0.1315 | LR 1.98e-05 | phase_samples=82888
2026-05-18 14:03:46,877  INFO  [allava] Step 2590/26578 | Loss 0.1409 | LR 1.98e-05 | phase_samples=82896
2026-05-18 14:03:47,278  INFO  [allava] Step 2590/26578 | Loss 0.1597 | LR 1.98e-05 | phase_samples=82904
2026-05-18 14:04:02,951  INFO  [allava] Step 2600/26578 | Loss 5.0229 | LR 1.98e-05 | phase_samples=83200
2026-05-18 14:04:03,310  INFO  [allava] Step 2600/26578 | Loss 0.1474 | LR 1.98e-05 | phase_samples=83208
2026-05-18 14:04:03,706  INFO  [allava] Step 2600/26578 | Loss 0.1503 | LR 1.98e-05 | phase_samples=83216
2026-05-18 14:04:04,080  INFO  [allava] Step 2600/26578 | Loss 0.1150 | LR 1.98e-05 | phase_samples=83224
2026-05-18 14:04:18,968  INFO  [allava] Step 2610/26578 | Loss 5.0418 | LR 1.98e-05 | phase_samples=83520
2026-05-18 14:04:19,379  INFO  [allava] Step 2610/26578 | Loss 0.1481 | LR 1.98e-05 | phase_samples=83528
2026-05-18 14:04:19,809  INFO  [allava] Step 2610/26578 | Loss 0.1297 | LR 1.98e-05 | phase_samples=83536
2026-05-18 14:04:20,186  INFO  [allava] Step 2610/26578 | Loss 0.1307 | LR 1.98e-05 | phase_samples=83544
2026-05-18 14:04:35,882  INFO  [allava] Step 2620/26578 | Loss 4.8753 | LR 1.98e-05 | phase_samples=83840
2026-05-18 14:04:36,264  INFO  [allava] Step 2620/26578 | Loss 0.1504 | LR 1.98e-05 | phase_samples=83848
2026-05-18 14:04:36,644  INFO  [allava] Step 2620/26578 | Loss 0.1679 | LR 1.98e-05 | phase_samples=83856
2026-05-18 14:04:37,017  INFO  [allava] Step 2620/26578 | Loss 0.1147 | LR 1.98e-05 | phase_samples=83864
2026-05-18 14:04:52,317  INFO  [allava] Step 2630/26578 | Loss 5.0123 | LR 1.98e-05 | phase_samples=84160
2026-05-18 14:04:52,734  INFO  [allava] Step 2630/26578 | Loss 0.1386 | LR 1.98e-05 | phase_samples=84168
2026-05-18 14:04:53,099  INFO  [allava] Step 2630/26578 | Loss 0.1080 | LR 1.98e-05 | phase_samples=84176
2026-05-18 14:04:53,481  INFO  [allava] Step 2630/26578 | Loss 0.1326 | LR 1.98e-05 | phase_samples=84184
2026-05-18 14:05:09,105  INFO  [allava] Step 2640/26578 | Loss 4.9748 | LR 1.97e-05 | phase_samples=84480
2026-05-18 14:05:09,458  INFO  [allava] Step 2640/26578 | Loss 0.1152 | LR 1.97e-05 | phase_samples=84488
2026-05-18 14:05:09,888  INFO  [allava] Step 2640/26578 | Loss 0.1008 | LR 1.97e-05 | phase_samples=84496
2026-05-18 14:05:10,265  INFO  [allava] Step 2640/26578 | Loss 0.1348 | LR 1.97e-05 | phase_samples=84504
2026-05-18 14:05:25,259  INFO  [allava] Step 2650/26578 | Loss 4.8872 | LR 1.97e-05 | phase_samples=84800
2026-05-18 14:05:25,633  INFO  [allava] Step 2650/26578 | Loss 0.1122 | LR 1.97e-05 | phase_samples=84808
2026-05-18 14:05:26,025  INFO  [allava] Step 2650/26578 | Loss 0.1408 | LR 1.97e-05 | phase_samples=84816
2026-05-18 14:05:26,366  INFO  [allava] Step 2650/26578 | Loss 0.1278 | LR 1.97e-05 | phase_samples=84824
2026-05-18 14:05:41,923  INFO  [allava] Step 2660/26578 | Loss 4.8861 | LR 1.97e-05 | phase_samples=85120
2026-05-18 14:05:42,259  INFO  [allava] Step 2660/26578 | Loss 0.1333 | LR 1.97e-05 | phase_samples=85128
2026-05-18 14:05:42,696  INFO  [allava] Step 2660/26578 | Loss 0.1380 | LR 1.97e-05 | phase_samples=85136
2026-05-18 14:05:43,079  INFO  [allava] Step 2660/26578 | Loss 0.1324 | LR 1.97e-05 | phase_samples=85144
2026-05-18 14:05:58,390  INFO  [allava] Step 2670/26578 | Loss 4.9036 | LR 1.97e-05 | phase_samples=85440
2026-05-18 14:05:58,752  INFO  [allava] Step 2670/26578 | Loss 0.1481 | LR 1.97e-05 | phase_samples=85448
2026-05-18 14:05:59,133  INFO  [allava] Step 2670/26578 | Loss 0.1168 | LR 1.97e-05 | phase_samples=85456
2026-05-18 14:05:59,514  INFO  [allava] Step 2670/26578 | Loss 0.1417 | LR 1.97e-05 | phase_samples=85464
2026-05-18 14:06:15,295  INFO  [allava] Step 2680/26578 | Loss 5.0246 | LR 1.97e-05 | phase_samples=85760
2026-05-18 14:06:15,712  INFO  [allava] Step 2680/26578 | Loss 0.1469 | LR 1.97e-05 | phase_samples=85768
2026-05-18 14:06:16,095  INFO  [allava] Step 2680/26578 | Loss 0.1121 | LR 1.97e-05 | phase_samples=85776
2026-05-18 14:06:16,475  INFO  [allava] Step 2680/26578 | Loss 0.1447 | LR 1.97e-05 | phase_samples=85784
2026-05-18 14:06:31,635  INFO  [allava] Step 2690/26578 | Loss 5.0161 | LR 1.97e-05 | phase_samples=86080
2026-05-18 14:06:31,962  INFO  [allava] Step 2690/26578 | Loss 0.1074 | LR 1.97e-05 | phase_samples=86088
2026-05-18 14:06:32,308  INFO  [allava] Step 2690/26578 | Loss 0.1309 | LR 1.97e-05 | phase_samples=86096
2026-05-18 14:06:32,707  INFO  [allava] Step 2690/26578 | Loss 0.1191 | LR 1.97e-05 | phase_samples=86104
2026-05-18 14:06:48,590  INFO  [allava] Step 2700/26578 | Loss 5.1487 | LR 1.97e-05 | phase_samples=86400
2026-05-18 14:06:48,926  INFO  [allava] Step 2700/26578 | Loss 0.1304 | LR 1.97e-05 | phase_samples=86408
2026-05-18 14:06:49,317  INFO  [allava] Step 2700/26578 | Loss 0.1327 | LR 1.97e-05 | phase_samples=86416
2026-05-18 14:06:49,696  INFO  [allava] Step 2700/26578 | Loss 0.1539 | LR 1.97e-05 | phase_samples=86424
2026-05-18 14:07:04,996  INFO  [allava] Step 2710/26578 | Loss 5.0299 | LR 1.97e-05 | phase_samples=86720
2026-05-18 14:07:05,429  INFO  [allava] Step 2710/26578 | Loss 0.1466 | LR 1.97e-05 | phase_samples=86728
2026-05-18 14:07:05,819  INFO  [allava] Step 2710/26578 | Loss 0.1257 | LR 1.97e-05 | phase_samples=86736
2026-05-18 14:07:06,201  INFO  [allava] Step 2710/26578 | Loss 0.1363 | LR 1.97e-05 | phase_samples=86744
2026-05-18 14:07:22,066  INFO  [allava] Step 2720/26578 | Loss 4.8947 | LR 1.97e-05 | phase_samples=87040
2026-05-18 14:07:22,433  INFO  [allava] Step 2720/26578 | Loss 0.1643 | LR 1.97e-05 | phase_samples=87048
2026-05-18 14:07:22,835  INFO  [allava] Step 2720/26578 | Loss 0.1134 | LR 1.97e-05 | phase_samples=87056
2026-05-18 14:07:23,256  INFO  [allava] Step 2720/26578 | Loss 0.1253 | LR 1.97e-05 | phase_samples=87064
2026-05-18 14:07:38,634  INFO  [allava] Step 2730/26578 | Loss 5.0088 | LR 1.97e-05 | phase_samples=87360
2026-05-18 14:07:39,023  INFO  [allava] Step 2730/26578 | Loss 0.1619 | LR 1.97e-05 | phase_samples=87368
2026-05-18 14:07:39,353  INFO  [allava] Step 2730/26578 | Loss 0.1109 | LR 1.97e-05 | phase_samples=87376
2026-05-18 14:07:39,737  INFO  [allava] Step 2730/26578 | Loss 0.1080 | LR 1.97e-05 | phase_samples=87384
2026-05-18 14:07:55,407  INFO  [allava] Step 2740/26578 | Loss 4.9404 | LR 1.97e-05 | phase_samples=87680
2026-05-18 14:07:55,794  INFO  [allava] Step 2740/26578 | Loss 0.1387 | LR 1.97e-05 | phase_samples=87688
2026-05-18 14:07:56,169  INFO  [allava] Step 2740/26578 | Loss 0.1454 | LR 1.97e-05 | phase_samples=87696
2026-05-18 14:07:56,494  INFO  [allava] Step 2740/26578 | Loss 0.1026 | LR 1.97e-05 | phase_samples=87704
2026-05-18 14:08:11,400  INFO  [allava] Step 2750/26578 | Loss 5.0045 | LR 1.97e-05 | phase_samples=88000
2026-05-18 14:08:11,784  INFO  [allava] Step 2750/26578 | Loss 0.1283 | LR 1.97e-05 | phase_samples=88008
2026-05-18 14:08:12,157  INFO  [allava] Step 2750/26578 | Loss 0.1408 | LR 1.97e-05 | phase_samples=88016
2026-05-18 14:08:12,532  INFO  [allava] Step 2750/26578 | Loss 0.1335 | LR 1.97e-05 | phase_samples=88024
2026-05-18 14:08:28,256  INFO  [allava] Step 2760/26578 | Loss 5.0783 | LR 1.97e-05 | phase_samples=88320
2026-05-18 14:08:28,582  INFO  [allava] Step 2760/26578 | Loss 0.1266 | LR 1.97e-05 | phase_samples=88328
2026-05-18 14:08:28,923  INFO  [allava] Step 2760/26578 | Loss 0.1243 | LR 1.97e-05 | phase_samples=88336
2026-05-18 14:08:29,319  INFO  [allava] Step 2760/26578 | Loss 0.1585 | LR 1.97e-05 | phase_samples=88344
2026-05-18 14:08:44,373  INFO  [allava] Step 2770/26578 | Loss 4.6983 | LR 1.97e-05 | phase_samples=88640
2026-05-18 14:08:44,790  INFO  [allava] Step 2770/26578 | Loss 0.1505 | LR 1.97e-05 | phase_samples=88648
2026-05-18 14:08:45,276  INFO  [allava] Step 2770/26578 | Loss 0.1476 | LR 1.97e-05 | phase_samples=88656
2026-05-18 14:08:45,650  INFO  [allava] Step 2770/26578 | Loss 0.1142 | LR 1.97e-05 | phase_samples=88664
2026-05-18 14:09:01,210  INFO  [allava] Step 2780/26578 | Loss 4.8577 | LR 1.97e-05 | phase_samples=88960
2026-05-18 14:09:01,588  INFO  [allava] Step 2780/26578 | Loss 0.1349 | LR 1.97e-05 | phase_samples=88968
2026-05-18 14:09:01,938  INFO  [allava] Step 2780/26578 | Loss 0.1180 | LR 1.97e-05 | phase_samples=88976
2026-05-18 14:09:02,288  INFO  [allava] Step 2780/26578 | Loss 0.1259 | LR 1.97e-05 | phase_samples=88984
2026-05-18 14:09:17,426  INFO  [allava] Step 2790/26578 | Loss 4.9212 | LR 1.97e-05 | phase_samples=89280
2026-05-18 14:09:17,782  INFO  [allava] Step 2790/26578 | Loss 0.1237 | LR 1.97e-05 | phase_samples=89288
2026-05-18 14:09:18,243  INFO  [allava] Step 2790/26578 | Loss 0.1274 | LR 1.97e-05 | phase_samples=89296
2026-05-18 14:09:18,613  INFO  [allava] Step 2790/26578 | Loss 0.1538 | LR 1.97e-05 | phase_samples=89304
2026-05-18 14:09:34,616  INFO  [allava] Step 2800/26578 | Loss 5.1835 | LR 1.97e-05 | phase_samples=89600
2026-05-18 14:09:35,041  INFO  [allava] Step 2800/26578 | Loss 0.1384 | LR 1.97e-05 | phase_samples=89608
2026-05-18 14:09:35,443  INFO  [allava] Step 2800/26578 | Loss 0.1461 | LR 1.97e-05 | phase_samples=89616
2026-05-18 14:09:35,819  INFO  [allava] Step 2800/26578 | Loss 0.1305 | LR 1.97e-05 | phase_samples=89624
2026-05-18 14:09:51,152  INFO  [allava] Step 2810/26578 | Loss 5.0711 | LR 1.97e-05 | phase_samples=89920
2026-05-18 14:09:51,518  INFO  [allava] Step 2810/26578 | Loss 0.1446 | LR 1.97e-05 | phase_samples=89928
2026-05-18 14:09:51,945  INFO  [allava] Step 2810/26578 | Loss 0.1419 | LR 1.97e-05 | phase_samples=89936
2026-05-18 14:09:52,348  INFO  [allava] Step 2810/26578 | Loss 0.1479 | LR 1.97e-05 | phase_samples=89944
2026-05-18 14:10:08,153  INFO  [allava] Step 2820/26578 | Loss 5.0236 | LR 1.97e-05 | phase_samples=90240
2026-05-18 14:10:08,515  INFO  [allava] Step 2820/26578 | Loss 0.1282 | LR 1.97e-05 | phase_samples=90248
2026-05-18 14:10:08,890  INFO  [allava] Step 2820/26578 | Loss 0.1425 | LR 1.97e-05 | phase_samples=90256
2026-05-18 14:10:09,284  INFO  [allava] Step 2820/26578 | Loss 0.1383 | LR 1.97e-05 | phase_samples=90264
2026-05-18 14:10:24,778  INFO  [allava] Step 2830/26578 | Loss 4.9465 | LR 1.97e-05 | phase_samples=90560
2026-05-18 14:10:25,109  INFO  [allava] Step 2830/26578 | Loss 0.1325 | LR 1.97e-05 | phase_samples=90568
2026-05-18 14:10:25,566  INFO  [allava] Step 2830/26578 | Loss 0.1476 | LR 1.97e-05 | phase_samples=90576
2026-05-18 14:10:25,922  INFO  [allava] Step 2830/26578 | Loss 0.1164 | LR 1.97e-05 | phase_samples=90584
2026-05-18 14:10:41,621  INFO  [allava] Step 2840/26578 | Loss 4.8812 | LR 1.97e-05 | phase_samples=90880
2026-05-18 14:10:41,979  INFO  [allava] Step 2840/26578 | Loss 0.1416 | LR 1.97e-05 | phase_samples=90888
2026-05-18 14:10:42,375  INFO  [allava] Step 2840/26578 | Loss 0.1353 | LR 1.97e-05 | phase_samples=90896
2026-05-18 14:10:42,727  INFO  [allava] Step 2840/26578 | Loss 0.1611 | LR 1.97e-05 | phase_samples=90904
2026-05-18 14:10:58,047  INFO  [allava] Step 2850/26578 | Loss 4.8806 | LR 1.97e-05 | phase_samples=91200
2026-05-18 14:10:58,432  INFO  [allava] Step 2850/26578 | Loss 0.1562 | LR 1.97e-05 | phase_samples=91208
2026-05-18 14:10:58,836  INFO  [allava] Step 2850/26578 | Loss 0.1540 | LR 1.97e-05 | phase_samples=91216
2026-05-18 14:10:59,277  INFO  [allava] Step 2850/26578 | Loss 0.1193 | LR 1.97e-05 | phase_samples=91224
2026-05-18 14:11:15,085  INFO  [allava] Step 2860/26578 | Loss 5.0097 | LR 1.97e-05 | phase_samples=91520
2026-05-18 14:11:15,451  INFO  [allava] Step 2860/26578 | Loss 0.1566 | LR 1.97e-05 | phase_samples=91528
2026-05-18 14:11:15,791  INFO  [allava] Step 2860/26578 | Loss 0.1058 | LR 1.97e-05 | phase_samples=91536
2026-05-18 14:11:16,233  INFO  [allava] Step 2860/26578 | Loss 0.1307 | LR 1.97e-05 | phase_samples=91544
2026-05-18 14:11:31,585  INFO  [allava] Step 2870/26578 | Loss 4.9296 | LR 1.97e-05 | phase_samples=91840
2026-05-18 14:11:31,896  INFO  [allava] Step 2870/26578 | Loss 0.1138 | LR 1.97e-05 | phase_samples=91848
2026-05-18 14:11:32,267  INFO  [allava] Step 2870/26578 | Loss 0.1415 | LR 1.97e-05 | phase_samples=91856
2026-05-18 14:11:32,808  INFO  [allava] Step 2870/26578 | Loss 0.1480 | LR 1.97e-05 | phase_samples=91864
2026-05-18 14:11:48,668  INFO  [allava] Step 2880/26578 | Loss 5.1087 | LR 1.97e-05 | phase_samples=92160
2026-05-18 14:11:49,021  INFO  [allava] Step 2880/26578 | Loss 0.1412 | LR 1.97e-05 | phase_samples=92168
2026-05-18 14:11:49,397  INFO  [allava] Step 2880/26578 | Loss 0.1579 | LR 1.97e-05 | phase_samples=92176
2026-05-18 14:11:49,791  INFO  [allava] Step 2880/26578 | Loss 0.1375 | LR 1.97e-05 | phase_samples=92184
2026-05-18 14:12:04,968  INFO  [allava] Step 2890/26578 | Loss 4.9435 | LR 1.97e-05 | phase_samples=92480
2026-05-18 14:12:05,335  INFO  [allava] Step 2890/26578 | Loss 0.1228 | LR 1.97e-05 | phase_samples=92488
2026-05-18 14:12:05,797  INFO  [allava] Step 2890/26578 | Loss 0.1403 | LR 1.97e-05 | phase_samples=92496
2026-05-18 14:12:06,170  INFO  [allava] Step 2890/26578 | Loss 0.1105 | LR 1.97e-05 | phase_samples=92504
2026-05-18 14:12:22,067  INFO  [allava] Step 2900/26578 | Loss 4.9138 | LR 1.97e-05 | phase_samples=92800
2026-05-18 14:12:22,422  INFO  [allava] Step 2900/26578 | Loss 0.1137 | LR 1.97e-05 | phase_samples=92808
2026-05-18 14:12:22,812  INFO  [allava] Step 2900/26578 | Loss 0.1476 | LR 1.97e-05 | phase_samples=92816
2026-05-18 14:12:23,181  INFO  [allava] Step 2900/26578 | Loss 0.1265 | LR 1.97e-05 | phase_samples=92824
2026-05-18 14:12:38,331  INFO  [allava] Step 2910/26578 | Loss 4.7994 | LR 1.97e-05 | phase_samples=93120
2026-05-18 14:12:38,716  INFO  [allava] Step 2910/26578 | Loss 0.1435 | LR 1.97e-05 | phase_samples=93128
2026-05-18 14:12:39,112  INFO  [allava] Step 2910/26578 | Loss 0.1217 | LR 1.97e-05 | phase_samples=93136
2026-05-18 14:12:39,497  INFO  [allava] Step 2910/26578 | Loss 0.1369 | LR 1.97e-05 | phase_samples=93144
2026-05-18 14:12:55,423  INFO  [allava] Step 2920/26578 | Loss 4.8132 | LR 1.97e-05 | phase_samples=93440
2026-05-18 14:12:55,810  INFO  [allava] Step 2920/26578 | Loss 0.1380 | LR 1.97e-05 | phase_samples=93448
2026-05-18 14:12:56,204  INFO  [allava] Step 2920/26578 | Loss 0.1544 | LR 1.97e-05 | phase_samples=93456
2026-05-18 14:12:56,640  INFO  [allava] Step 2920/26578 | Loss 0.1421 | LR 1.97e-05 | phase_samples=93464
2026-05-18 14:13:11,434  INFO  [allava] Step 2930/26578 | Loss 4.9524 | LR 1.97e-05 | phase_samples=93760
2026-05-18 14:13:11,820  INFO  [allava] Step 2930/26578 | Loss 0.1263 | LR 1.97e-05 | phase_samples=93768
2026-05-18 14:13:12,278  INFO  [allava] Step 2930/26578 | Loss 0.1120 | LR 1.97e-05 | phase_samples=93776
2026-05-18 14:13:12,654  INFO  [allava] Step 2930/26578 | Loss 0.1085 | LR 1.97e-05 | phase_samples=93784
2026-05-18 14:13:28,574  INFO  [allava] Step 2940/26578 | Loss 4.9392 | LR 1.97e-05 | phase_samples=94080
2026-05-18 14:13:28,899  INFO  [allava] Step 2940/26578 | Loss 0.1117 | LR 1.97e-05 | phase_samples=94088
2026-05-18 14:13:29,248  INFO  [allava] Step 2940/26578 | Loss 0.1006 | LR 1.97e-05 | phase_samples=94096
2026-05-18 14:13:29,636  INFO  [allava] Step 2940/26578 | Loss 0.1543 | LR 1.97e-05 | phase_samples=94104
2026-05-18 14:13:45,131  INFO  [allava] Step 2950/26578 | Loss 4.9326 | LR 1.97e-05 | phase_samples=94400
2026-05-18 14:13:45,469  INFO  [allava] Step 2950/26578 | Loss 0.1148 | LR 1.97e-05 | phase_samples=94408
2026-05-18 14:13:45,818  INFO  [allava] Step 2950/26578 | Loss 0.1131 | LR 1.97e-05 | phase_samples=94416
2026-05-18 14:13:46,214  INFO  [allava] Step 2950/26578 | Loss 0.1588 | LR 1.97e-05 | phase_samples=94424
2026-05-18 14:14:01,839  INFO  [allava] Step 2960/26578 | Loss 4.9859 | LR 1.97e-05 | phase_samples=94720
2026-05-18 14:14:02,219  INFO  [allava] Step 2960/26578 | Loss 0.1308 | LR 1.97e-05 | phase_samples=94728
2026-05-18 14:14:02,647  INFO  [allava] Step 2960/26578 | Loss 0.1460 | LR 1.97e-05 | phase_samples=94736
2026-05-18 14:14:03,040  INFO  [allava] Step 2960/26578 | Loss 0.1320 | LR 1.97e-05 | phase_samples=94744
2026-05-18 14:14:18,293  INFO  [allava] Step 2970/26578 | Loss 4.8968 | LR 1.97e-05 | phase_samples=95040
2026-05-18 14:14:18,595  INFO  [allava] Step 2970/26578 | Loss 0.1094 | LR 1.97e-05 | phase_samples=95048
2026-05-18 14:14:18,997  INFO  [allava] Step 2970/26578 | Loss 0.1360 | LR 1.97e-05 | phase_samples=95056
2026-05-18 14:14:19,429  INFO  [allava] Step 2970/26578 | Loss 0.1199 | LR 1.97e-05 | phase_samples=95064
2026-05-18 14:14:35,193  INFO  [allava] Step 2980/26578 | Loss 4.9188 | LR 1.96e-05 | phase_samples=95360
2026-05-18 14:14:35,605  INFO  [allava] Step 2980/26578 | Loss 0.1472 | LR 1.96e-05 | phase_samples=95368
2026-05-18 14:14:35,974  INFO  [allava] Step 2980/26578 | Loss 0.1485 | LR 1.96e-05 | phase_samples=95376
2026-05-18 14:14:36,580  INFO  [allava] Step 2980/26578 | Loss 0.1512 | LR 1.96e-05 | phase_samples=95384
2026-05-18 14:14:51,954  INFO  [allava] Step 2990/26578 | Loss 5.0160 | LR 1.96e-05 | phase_samples=95680
2026-05-18 14:14:52,368  INFO  [allava] Step 2990/26578 | Loss 0.1225 | LR 1.96e-05 | phase_samples=95688
2026-05-18 14:14:52,746  INFO  [allava] Step 2990/26578 | Loss 0.0963 | LR 1.96e-05 | phase_samples=95696
2026-05-18 14:14:53,149  INFO  [allava] Step 2990/26578 | Loss 0.1274 | LR 1.96e-05 | phase_samples=95704
2026-05-18 14:15:08,769  INFO  [allava] Step 3000/26578 | Loss 4.8520 | LR 1.96e-05 | phase_samples=96000
2026-05-18 14:15:09,144  INFO  [allava] Step 3000/26578 | Loss 0.1528 | LR 1.96e-05 | phase_samples=96008
2026-05-18 14:15:09,524  INFO  [allava] Step 3000/26578 | Loss 0.1163 | LR 1.96e-05 | phase_samples=96016
2026-05-18 14:15:09,877  INFO  [allava] Step 3000/26578 | Loss 0.1209 | LR 1.96e-05 | phase_samples=96024
2026-05-18 14:15:25,406  INFO  [allava] Step 3010/26578 | Loss 4.9803 | LR 1.96e-05 | phase_samples=96320
2026-05-18 14:15:25,782  INFO  [allava] Step 3010/26578 | Loss 0.1383 | LR 1.96e-05 | phase_samples=96328
2026-05-18 14:15:26,164  INFO  [allava] Step 3010/26578 | Loss 0.1268 | LR 1.96e-05 | phase_samples=96336
2026-05-18 14:15:26,559  INFO  [allava] Step 3010/26578 | Loss 0.1128 | LR 1.96e-05 | phase_samples=96344
2026-05-18 14:15:42,310  INFO  [allava] Step 3020/26578 | Loss 4.9683 | LR 1.96e-05 | phase_samples=96640
2026-05-18 14:15:42,689  INFO  [allava] Step 3020/26578 | Loss 0.1572 | LR 1.96e-05 | phase_samples=96648
2026-05-18 14:15:43,080  INFO  [allava] Step 3020/26578 | Loss 0.1580 | LR 1.96e-05 | phase_samples=96656
2026-05-18 14:15:43,522  INFO  [allava] Step 3020/26578 | Loss 0.1315 | LR 1.96e-05 | phase_samples=96664
2026-05-18 14:15:58,810  INFO  [allava] Step 3030/26578 | Loss 5.0779 | LR 1.96e-05 | phase_samples=96960
2026-05-18 14:15:59,178  INFO  [allava] Step 3030/26578 | Loss 0.1153 | LR 1.96e-05 | phase_samples=96968
2026-05-18 14:15:59,564  INFO  [allava] Step 3030/26578 | Loss 0.1453 | LR 1.96e-05 | phase_samples=96976
2026-05-18 14:16:00,027  INFO  [allava] Step 3030/26578 | Loss 0.1469 | LR 1.96e-05 | phase_samples=96984
2026-05-18 14:16:15,635  INFO  [allava] Step 3040/26578 | Loss 4.9727 | LR 1.96e-05 | phase_samples=97280
2026-05-18 14:16:16,011  INFO  [allava] Step 3040/26578 | Loss 0.1437 | LR 1.96e-05 | phase_samples=97288
2026-05-18 14:16:16,379  INFO  [allava] Step 3040/26578 | Loss 0.1276 | LR 1.96e-05 | phase_samples=97296
2026-05-18 14:16:16,724  INFO  [allava] Step 3040/26578 | Loss 0.1155 | LR 1.96e-05 | phase_samples=97304
2026-05-18 14:16:31,782  INFO  [allava] Step 3050/26578 | Loss 4.7784 | LR 1.96e-05 | phase_samples=97600
2026-05-18 14:16:32,302  INFO  [allava] Step 3050/26578 | Loss 0.1637 | LR 1.96e-05 | phase_samples=97608
2026-05-18 14:16:32,741  INFO  [allava] Step 3050/26578 | Loss 0.1130 | LR 1.96e-05 | phase_samples=97616
2026-05-18 14:16:33,112  INFO  [allava] Step 3050/26578 | Loss 0.1403 | LR 1.96e-05 | phase_samples=97624
2026-05-18 14:16:48,856  INFO  [allava] Step 3060/26578 | Loss 4.7942 | LR 1.96e-05 | phase_samples=97920
2026-05-18 14:16:49,181  INFO  [allava] Step 3060/26578 | Loss 0.1159 | LR 1.96e-05 | phase_samples=97928
2026-05-18 14:16:49,572  INFO  [allava] Step 3060/26578 | Loss 0.1452 | LR 1.96e-05 | phase_samples=97936
2026-05-18 14:16:49,970  INFO  [allava] Step 3060/26578 | Loss 0.1308 | LR 1.96e-05 | phase_samples=97944
2026-05-18 14:17:05,209  INFO  [allava] Step 3070/26578 | Loss 4.8520 | LR 1.96e-05 | phase_samples=98240
2026-05-18 14:17:05,538  INFO  [allava] Step 3070/26578 | Loss 0.1206 | LR 1.96e-05 | phase_samples=98248
2026-05-18 14:17:05,927  INFO  [allava] Step 3070/26578 | Loss 0.1486 | LR 1.96e-05 | phase_samples=98256
2026-05-18 14:17:06,367  INFO  [allava] Step 3070/26578 | Loss 0.1391 | LR 1.96e-05 | phase_samples=98264
2026-05-18 14:17:22,463  INFO  [allava] Step 3080/26578 | Loss 4.8781 | LR 1.96e-05 | phase_samples=98560
2026-05-18 14:17:22,876  INFO  [allava] Step 3080/26578 | Loss 0.1184 | LR 1.96e-05 | phase_samples=98568
2026-05-18 14:17:23,270  INFO  [allava] Step 3080/26578 | Loss 0.1145 | LR 1.96e-05 | phase_samples=98576
2026-05-18 14:17:23,653  INFO  [allava] Step 3080/26578 | Loss 0.1362 | LR 1.96e-05 | phase_samples=98584
2026-05-18 14:17:38,644  INFO  [allava] Step 3090/26578 | Loss 4.7806 | LR 1.96e-05 | phase_samples=98880
2026-05-18 14:17:39,085  INFO  [allava] Step 3090/26578 | Loss 0.1520 | LR 1.96e-05 | phase_samples=98888
2026-05-18 14:17:39,431  INFO  [allava] Step 3090/26578 | Loss 0.1021 | LR 1.96e-05 | phase_samples=98896
2026-05-18 14:17:39,810  INFO  [allava] Step 3090/26578 | Loss 0.1269 | LR 1.96e-05 | phase_samples=98904
2026-05-18 14:17:55,678  INFO  [allava] Step 3100/26578 | Loss 5.0017 | LR 1.96e-05 | phase_samples=99200
2026-05-18 14:17:56,068  INFO  [allava] Step 3100/26578 | Loss 0.1535 | LR 1.96e-05 | phase_samples=99208
2026-05-18 14:17:56,503  INFO  [allava] Step 3100/26578 | Loss 0.1623 | LR 1.96e-05 | phase_samples=99216
2026-05-18 14:17:56,897  INFO  [allava] Step 3100/26578 | Loss 0.1265 | LR 1.96e-05 | phase_samples=99224
2026-05-18 14:18:12,233  INFO  [allava] Step 3110/26578 | Loss 4.8927 | LR 1.96e-05 | phase_samples=99520
2026-05-18 14:18:12,591  INFO  [allava] Step 3110/26578 | Loss 0.1225 | LR 1.96e-05 | phase_samples=99528
2026-05-18 14:18:12,936  INFO  [allava] Step 3110/26578 | Loss 0.1283 | LR 1.96e-05 | phase_samples=99536
2026-05-18 14:18:13,315  INFO  [allava] Step 3110/26578 | Loss 0.1243 | LR 1.96e-05 | phase_samples=99544
2026-05-18 14:18:29,672  INFO  [allava] Step 3120/26578 | Loss 4.8554 | LR 1.96e-05 | phase_samples=99840
2026-05-18 14:18:30,038  INFO  [allava] Step 3120/26578 | Loss 0.1424 | LR 1.96e-05 | phase_samples=99848
2026-05-18 14:18:30,431  INFO  [allava] Step 3120/26578 | Loss 0.1341 | LR 1.96e-05 | phase_samples=99856
2026-05-18 14:18:30,839  INFO  [allava] Step 3120/26578 | Loss 0.1249 | LR 1.96e-05 | phase_samples=99864
2026-05-18 14:18:46,117  INFO  [allava] Step 3130/26578 | Loss 5.0144 | LR 1.96e-05 | phase_samples=100160
2026-05-18 14:18:46,506  INFO  [allava] Step 3130/26578 | Loss 0.1489 | LR 1.96e-05 | phase_samples=100168
2026-05-18 14:18:46,904  INFO  [allava] Step 3130/26578 | Loss 0.1266 | LR 1.96e-05 | phase_samples=100176
2026-05-18 14:18:47,302  INFO  [allava] Step 3130/26578 | Loss 0.1239 | LR 1.96e-05 | phase_samples=100184
2026-05-18 14:19:03,008  INFO  [allava] Step 3140/26578 | Loss 5.0014 | LR 1.96e-05 | phase_samples=100480
2026-05-18 14:19:03,385  INFO  [allava] Step 3140/26578 | Loss 0.1439 | LR 1.96e-05 | phase_samples=100488
2026-05-18 14:19:03,818  INFO  [allava] Step 3140/26578 | Loss 0.0965 | LR 1.96e-05 | phase_samples=100496
2026-05-18 14:19:04,199  INFO  [allava] Step 3140/26578 | Loss 0.1350 | LR 1.96e-05 | phase_samples=100504
2026-05-18 14:19:19,398  INFO  [allava] Step 3150/26578 | Loss 4.9713 | LR 1.96e-05 | phase_samples=100800
2026-05-18 14:19:19,783  INFO  [allava] Step 3150/26578 | Loss 0.1503 | LR 1.96e-05 | phase_samples=100808
2026-05-18 14:19:20,171  INFO  [allava] Step 3150/26578 | Loss 0.1452 | LR 1.96e-05 | phase_samples=100816
2026-05-18 14:19:20,555  INFO  [allava] Step 3150/26578 | Loss 0.1623 | LR 1.96e-05 | phase_samples=100824
2026-05-18 14:19:35,898  INFO  [allava] Step 3160/26578 | Loss 4.9058 | LR 1.96e-05 | phase_samples=101120
2026-05-18 14:19:36,309  INFO  [allava] Step 3160/26578 | Loss 0.1470 | LR 1.96e-05 | phase_samples=101128
2026-05-18 14:19:36,637  INFO  [allava] Step 3160/26578 | Loss 0.1238 | LR 1.96e-05 | phase_samples=101136
2026-05-18 14:19:37,096  INFO  [allava] Step 3160/26578 | Loss 0.1239 | LR 1.96e-05 | phase_samples=101144
2026-05-18 14:19:52,347  INFO  [allava] Step 3170/26578 | Loss 5.0135 | LR 1.96e-05 | phase_samples=101440
2026-05-18 14:19:52,787  INFO  [allava] Step 3170/26578 | Loss 0.1364 | LR 1.96e-05 | phase_samples=101448
2026-05-18 14:19:53,249  INFO  [allava] Step 3170/26578 | Loss 0.1113 | LR 1.96e-05 | phase_samples=101456
2026-05-18 14:19:53,643  INFO  [allava] Step 3170/26578 | Loss 0.1271 | LR 1.96e-05 | phase_samples=101464
2026-05-18 14:20:09,096  INFO  [allava] Step 3180/26578 | Loss 4.8709 | LR 1.96e-05 | phase_samples=101760
2026-05-18 14:20:09,508  INFO  [allava] Step 3180/26578 | Loss 0.1277 | LR 1.96e-05 | phase_samples=101768
2026-05-18 14:20:09,848  INFO  [allava] Step 3180/26578 | Loss 0.1317 | LR 1.96e-05 | phase_samples=101776
2026-05-18 14:20:10,229  INFO  [allava] Step 3180/26578 | Loss 0.1700 | LR 1.96e-05 | phase_samples=101784
2026-05-18 14:20:25,340  INFO  [allava] Step 3190/26578 | Loss 4.9406 | LR 1.96e-05 | phase_samples=102080
2026-05-18 14:20:25,764  INFO  [allava] Step 3190/26578 | Loss 0.1526 | LR 1.96e-05 | phase_samples=102088
2026-05-18 14:20:26,133  INFO  [allava] Step 3190/26578 | Loss 0.1293 | LR 1.96e-05 | phase_samples=102096
2026-05-18 14:20:26,502  INFO  [allava] Step 3190/26578 | Loss 0.1262 | LR 1.96e-05 | phase_samples=102104
2026-05-18 14:20:42,046  INFO  [allava] Step 3200/26578 | Loss 4.8507 | LR 1.96e-05 | phase_samples=102400
2026-05-18 14:20:42,411  INFO  [allava] Step 3200/26578 | Loss 0.1304 | LR 1.96e-05 | phase_samples=102408
2026-05-18 14:20:42,789  INFO  [allava] Step 3200/26578 | Loss 0.1247 | LR 1.96e-05 | phase_samples=102416
2026-05-18 14:20:43,192  INFO  [allava] Step 3200/26578 | Loss 0.1569 | LR 1.96e-05 | phase_samples=102424
2026-05-18 14:20:58,533  INFO  [allava] Step 3210/26578 | Loss 4.9983 | LR 1.96e-05 | phase_samples=102720
2026-05-18 14:20:58,901  INFO  [allava] Step 3210/26578 | Loss 0.1363 | LR 1.96e-05 | phase_samples=102728
2026-05-18 14:20:59,250  INFO  [allava] Step 3210/26578 | Loss 0.1314 | LR 1.96e-05 | phase_samples=102736
2026-05-18 14:20:59,631  INFO  [allava] Step 3210/26578 | Loss 0.1402 | LR 1.96e-05 | phase_samples=102744
2026-05-18 14:21:15,093  INFO  [allava] Step 3220/26578 | Loss 4.7495 | LR 1.96e-05 | phase_samples=103040
2026-05-18 14:21:15,474  INFO  [allava] Step 3220/26578 | Loss 0.1466 | LR 1.96e-05 | phase_samples=103048
2026-05-18 14:21:15,908  INFO  [allava] Step 3220/26578 | Loss 0.1606 | LR 1.96e-05 | phase_samples=103056
2026-05-18 14:21:16,364  INFO  [allava] Step 3220/26578 | Loss 0.1564 | LR 1.96e-05 | phase_samples=103064
2026-05-18 14:21:31,909  INFO  [allava] Step 3230/26578 | Loss 4.9995 | LR 1.96e-05 | phase_samples=103360
2026-05-18 14:21:32,380  INFO  [allava] Step 3230/26578 | Loss 0.1378 | LR 1.96e-05 | phase_samples=103368
2026-05-18 14:21:32,728  INFO  [allava] Step 3230/26578 | Loss 0.1386 | LR 1.96e-05 | phase_samples=103376
2026-05-18 14:21:33,120  INFO  [allava] Step 3230/26578 | Loss 0.1215 | LR 1.96e-05 | phase_samples=103384
2026-05-18 14:21:48,872  INFO  [allava] Step 3240/26578 | Loss 4.9752 | LR 1.96e-05 | phase_samples=103680
2026-05-18 14:21:49,232  INFO  [allava] Step 3240/26578 | Loss 0.1421 | LR 1.96e-05 | phase_samples=103688
2026-05-18 14:21:49,658  INFO  [allava] Step 3240/26578 | Loss 0.1153 | LR 1.96e-05 | phase_samples=103696
2026-05-18 14:21:50,055  INFO  [allava] Step 3240/26578 | Loss 0.1491 | LR 1.96e-05 | phase_samples=103704
2026-05-18 14:22:05,511  INFO  [allava] Step 3250/26578 | Loss 4.8931 | LR 1.96e-05 | phase_samples=104000
2026-05-18 14:22:05,892  INFO  [allava] Step 3250/26578 | Loss 0.1342 | LR 1.96e-05 | phase_samples=104008
2026-05-18 14:22:06,293  INFO  [allava] Step 3250/26578 | Loss 0.1374 | LR 1.96e-05 | phase_samples=104016
2026-05-18 14:22:06,722  INFO  [allava] Step 3250/26578 | Loss 0.1629 | LR 1.96e-05 | phase_samples=104024
2026-05-18 14:22:22,738  INFO  [allava] Step 3260/26578 | Loss 4.9641 | LR 1.96e-05 | phase_samples=104320
2026-05-18 14:22:23,127  INFO  [allava] Step 3260/26578 | Loss 0.1235 | LR 1.96e-05 | phase_samples=104328
2026-05-18 14:22:23,533  INFO  [allava] Step 3260/26578 | Loss 0.1474 | LR 1.96e-05 | phase_samples=104336
2026-05-18 14:22:23,906  INFO  [allava] Step 3260/26578 | Loss 0.1486 | LR 1.96e-05 | phase_samples=104344
2026-05-18 14:22:39,299  INFO  [allava] Step 3270/26578 | Loss 4.9571 | LR 1.95e-05 | phase_samples=104640
2026-05-18 14:22:39,685  INFO  [allava] Step 3270/26578 | Loss 0.1684 | LR 1.95e-05 | phase_samples=104648
2026-05-18 14:22:40,088  INFO  [allava] Step 3270/26578 | Loss 0.1114 | LR 1.95e-05 | phase_samples=104656
2026-05-18 14:22:40,464  INFO  [allava] Step 3270/26578 | Loss 0.1346 | LR 1.95e-05 | phase_samples=104664
2026-05-18 14:22:56,137  INFO  [allava] Step 3280/26578 | Loss 5.0293 | LR 1.95e-05 | phase_samples=104960
2026-05-18 14:22:56,525  INFO  [allava] Step 3280/26578 | Loss 0.1349 | LR 1.95e-05 | phase_samples=104968
2026-05-18 14:22:56,978  INFO  [allava] Step 3280/26578 | Loss 0.1482 | LR 1.95e-05 | phase_samples=104976
2026-05-18 14:22:57,407  INFO  [allava] Step 3280/26578 | Loss 0.1193 | LR 1.95e-05 | phase_samples=104984
2026-05-18 14:23:12,785  INFO  [allava] Step 3290/26578 | Loss 4.7732 | LR 1.95e-05 | phase_samples=105280
2026-05-18 14:23:13,166  INFO  [allava] Step 3290/26578 | Loss 0.1327 | LR 1.95e-05 | phase_samples=105288
2026-05-18 14:23:13,554  INFO  [allava] Step 3290/26578 | Loss 0.1635 | LR 1.95e-05 | phase_samples=105296
2026-05-18 14:23:13,958  INFO  [allava] Step 3290/26578 | Loss 0.1185 | LR 1.95e-05 | phase_samples=105304
2026-05-18 14:23:29,672  INFO  [allava] Step 3300/26578 | Loss 5.0156 | LR 1.95e-05 | phase_samples=105600
2026-05-18 14:23:30,035  INFO  [allava] Step 3300/26578 | Loss 0.1466 | LR 1.95e-05 | phase_samples=105608
2026-05-18 14:23:30,406  INFO  [allava] Step 3300/26578 | Loss 0.1452 | LR 1.95e-05 | phase_samples=105616
2026-05-18 14:23:30,756  INFO  [allava] Step 3300/26578 | Loss 0.1413 | LR 1.95e-05 | phase_samples=105624
2026-05-18 14:23:46,009  INFO  [allava] Step 3310/26578 | Loss 5.1261 | LR 1.95e-05 | phase_samples=105920
2026-05-18 14:23:46,459  INFO  [allava] Step 3310/26578 | Loss 0.1582 | LR 1.95e-05 | phase_samples=105928
2026-05-18 14:23:46,838  INFO  [allava] Step 3310/26578 | Loss 0.1346 | LR 1.95e-05 | phase_samples=105936
2026-05-18 14:23:47,190  INFO  [allava] Step 3310/26578 | Loss 0.1184 | LR 1.95e-05 | phase_samples=105944
2026-05-18 14:24:03,128  INFO  [allava] Step 3320/26578 | Loss 5.0546 | LR 1.95e-05 | phase_samples=106240
2026-05-18 14:24:03,505  INFO  [allava] Step 3320/26578 | Loss 0.1312 | LR 1.95e-05 | phase_samples=106248
2026-05-18 14:24:03,904  INFO  [allava] Step 3320/26578 | Loss 0.1491 | LR 1.95e-05 | phase_samples=106256
2026-05-18 14:24:04,288  INFO  [allava] Step 3320/26578 | Loss 0.1509 | LR 1.95e-05 | phase_samples=106264
2026-05-18 14:24:19,617  INFO  [allava] Step 3330/26578 | Loss 5.0446 | LR 1.95e-05 | phase_samples=106560
2026-05-18 14:24:19,950  INFO  [allava] Step 3330/26578 | Loss 0.1542 | LR 1.95e-05 | phase_samples=106568
2026-05-18 14:24:20,347  INFO  [allava] Step 3330/26578 | Loss 0.1504 | LR 1.95e-05 | phase_samples=106576
2026-05-18 14:24:20,737  INFO  [allava] Step 3330/26578 | Loss 0.1252 | LR 1.95e-05 | phase_samples=106584
2026-05-18 14:24:36,652  INFO  [allava] Step 3340/26578 | Loss 5.0261 | LR 1.95e-05 | phase_samples=106880
2026-05-18 14:24:37,007  INFO  [allava] Step 3340/26578 | Loss 0.1536 | LR 1.95e-05 | phase_samples=106888
2026-05-18 14:24:37,332  INFO  [allava] Step 3340/26578 | Loss 0.1294 | LR 1.95e-05 | phase_samples=106896
2026-05-18 14:24:37,684  INFO  [allava] Step 3340/26578 | Loss 0.1229 | LR 1.95e-05 | phase_samples=106904
2026-05-18 14:24:53,093  INFO  [allava] Step 3350/26578 | Loss 4.9378 | LR 1.95e-05 | phase_samples=107200
2026-05-18 14:24:53,462  INFO  [allava] Step 3350/26578 | Loss 0.1424 | LR 1.95e-05 | phase_samples=107208
2026-05-18 14:24:53,948  INFO  [allava] Step 3350/26578 | Loss 0.1177 | LR 1.95e-05 | phase_samples=107216
2026-05-18 14:24:54,380  INFO  [allava] Step 3350/26578 | Loss 0.1199 | LR 1.95e-05 | phase_samples=107224
2026-05-18 14:25:10,105  INFO  [allava] Step 3360/26578 | Loss 4.9261 | LR 1.95e-05 | phase_samples=107520
2026-05-18 14:25:10,480  INFO  [allava] Step 3360/26578 | Loss 0.1118 | LR 1.95e-05 | phase_samples=107528
2026-05-18 14:25:10,917  INFO  [allava] Step 3360/26578 | Loss 0.1040 | LR 1.95e-05 | phase_samples=107536
2026-05-18 14:25:11,359  INFO  [allava] Step 3360/26578 | Loss 0.1493 | LR 1.95e-05 | phase_samples=107544
2026-05-18 14:25:26,501  INFO  [allava] Step 3370/26578 | Loss 4.8825 | LR 1.95e-05 | phase_samples=107840
2026-05-18 14:25:26,882  INFO  [allava] Step 3370/26578 | Loss 0.1210 | LR 1.95e-05 | phase_samples=107848
2026-05-18 14:25:27,253  INFO  [allava] Step 3370/26578 | Loss 0.1373 | LR 1.95e-05 | phase_samples=107856
2026-05-18 14:25:27,648  INFO  [allava] Step 3370/26578 | Loss 0.1645 | LR 1.95e-05 | phase_samples=107864
2026-05-18 14:25:43,568  INFO  [allava] Step 3380/26578 | Loss 4.9858 | LR 1.95e-05 | phase_samples=108160
2026-05-18 14:25:43,946  INFO  [allava] Step 3380/26578 | Loss 0.1177 | LR 1.95e-05 | phase_samples=108168
2026-05-18 14:25:44,350  INFO  [allava] Step 3380/26578 | Loss 0.1490 | LR 1.95e-05 | phase_samples=108176
2026-05-18 14:25:44,734  INFO  [allava] Step 3380/26578 | Loss 0.1304 | LR 1.95e-05 | phase_samples=108184
2026-05-18 14:26:00,075  INFO  [allava] Step 3390/26578 | Loss 4.9169 | LR 1.95e-05 | phase_samples=108480
2026-05-18 14:26:00,454  INFO  [allava] Step 3390/26578 | Loss 0.1616 | LR 1.95e-05 | phase_samples=108488
2026-05-18 14:26:00,805  INFO  [allava] Step 3390/26578 | Loss 0.1040 | LR 1.95e-05 | phase_samples=108496
2026-05-18 14:26:01,211  INFO  [allava] Step 3390/26578 | Loss 0.1204 | LR 1.95e-05 | phase_samples=108504
2026-05-18 14:26:16,873  INFO  [allava] Step 3400/26578 | Loss 4.7447 | LR 1.95e-05 | phase_samples=108800
2026-05-18 14:26:17,240  INFO  [allava] Step 3400/26578 | Loss 0.1105 | LR 1.95e-05 | phase_samples=108808
2026-05-18 14:26:17,614  INFO  [allava] Step 3400/26578 | Loss 0.1340 | LR 1.95e-05 | phase_samples=108816
2026-05-18 14:26:18,008  INFO  [allava] Step 3400/26578 | Loss 0.1198 | LR 1.95e-05 | phase_samples=108824
2026-05-18 14:26:33,064  INFO  [allava] Step 3410/26578 | Loss 4.8158 | LR 1.95e-05 | phase_samples=109120
2026-05-18 14:26:33,441  INFO  [allava] Step 3410/26578 | Loss 0.1426 | LR 1.95e-05 | phase_samples=109128
2026-05-18 14:26:33,812  INFO  [allava] Step 3410/26578 | Loss 0.1043 | LR 1.95e-05 | phase_samples=109136
2026-05-18 14:26:34,209  INFO  [allava] Step 3410/26578 | Loss 0.1346 | LR 1.95e-05 | phase_samples=109144
2026-05-18 14:26:49,970  INFO  [allava] Step 3420/26578 | Loss 5.0222 | LR 1.95e-05 | phase_samples=109440
2026-05-18 14:26:50,331  INFO  [allava] Step 3420/26578 | Loss 0.1332 | LR 1.95e-05 | phase_samples=109448
2026-05-18 14:26:50,676  INFO  [allava] Step 3420/26578 | Loss 0.1304 | LR 1.95e-05 | phase_samples=109456
2026-05-18 14:26:51,071  INFO  [allava] Step 3420/26578 | Loss 0.1204 | LR 1.95e-05 | phase_samples=109464
2026-05-18 14:27:06,177  INFO  [allava] Step 3430/26578 | Loss 4.9331 | LR 1.95e-05 | phase_samples=109760
2026-05-18 14:27:06,541  INFO  [allava] Step 3430/26578 | Loss 0.1153 | LR 1.95e-05 | phase_samples=109768
2026-05-18 14:27:06,911  INFO  [allava] Step 3430/26578 | Loss 0.1151 | LR 1.95e-05 | phase_samples=109776
2026-05-18 14:27:07,305  INFO  [allava] Step 3430/26578 | Loss 0.1514 | LR 1.95e-05 | phase_samples=109784
2026-05-18 14:27:22,895  INFO  [allava] Step 3440/26578 | Loss 5.1186 | LR 1.95e-05 | phase_samples=110080
2026-05-18 14:27:23,261  INFO  [allava] Step 3440/26578 | Loss 0.1365 | LR 1.95e-05 | phase_samples=110088
2026-05-18 14:27:23,649  INFO  [allava] Step 3440/26578 | Loss 0.1570 | LR 1.95e-05 | phase_samples=110096
2026-05-18 14:27:24,030  INFO  [allava] Step 3440/26578 | Loss 0.1018 | LR 1.95e-05 | phase_samples=110104
2026-05-18 14:27:39,400  INFO  [allava] Step 3450/26578 | Loss 4.8408 | LR 1.95e-05 | phase_samples=110400
2026-05-18 14:27:39,756  INFO  [allava] Step 3450/26578 | Loss 0.1536 | LR 1.95e-05 | phase_samples=110408
2026-05-18 14:27:40,099  INFO  [allava] Step 3450/26578 | Loss 0.1171 | LR 1.95e-05 | phase_samples=110416
2026-05-18 14:27:40,477  INFO  [allava] Step 3450/26578 | Loss 0.1248 | LR 1.95e-05 | phase_samples=110424
2026-05-18 14:27:56,373  INFO  [allava] Step 3460/26578 | Loss 5.0203 | LR 1.95e-05 | phase_samples=110720
2026-05-18 14:27:56,700  INFO  [allava] Step 3460/26578 | Loss 0.1039 | LR 1.95e-05 | phase_samples=110728
2026-05-18 14:27:57,074  INFO  [allava] Step 3460/26578 | Loss 0.1356 | LR 1.95e-05 | phase_samples=110736
2026-05-18 14:27:57,457  INFO  [allava] Step 3460/26578 | Loss 0.1721 | LR 1.95e-05 | phase_samples=110744
2026-05-18 14:28:12,437  INFO  [allava] Step 3470/26578 | Loss 4.8137 | LR 1.95e-05 | phase_samples=111040
2026-05-18 14:28:12,849  INFO  [allava] Step 3470/26578 | Loss 0.1426 | LR 1.95e-05 | phase_samples=111048
2026-05-18 14:28:13,239  INFO  [allava] Step 3470/26578 | Loss 0.1532 | LR 1.95e-05 | phase_samples=111056
2026-05-18 14:28:13,568  INFO  [allava] Step 3470/26578 | Loss 0.1188 | LR 1.95e-05 | phase_samples=111064
2026-05-18 14:28:29,553  INFO  [allava] Step 3480/26578 | Loss 4.8658 | LR 1.95e-05 | phase_samples=111360
2026-05-18 14:28:29,930  INFO  [allava] Step 3480/26578 | Loss 0.1468 | LR 1.95e-05 | phase_samples=111368
2026-05-18 14:28:30,310  INFO  [allava] Step 3480/26578 | Loss 0.1259 | LR 1.95e-05 | phase_samples=111376
2026-05-18 14:28:30,716  INFO  [allava] Step 3480/26578 | Loss 0.1239 | LR 1.95e-05 | phase_samples=111384
2026-05-18 14:28:46,313  INFO  [allava] Step 3490/26578 | Loss 5.0541 | LR 1.95e-05 | phase_samples=111680
2026-05-18 14:28:46,692  INFO  [allava] Step 3490/26578 | Loss 0.1408 | LR 1.95e-05 | phase_samples=111688
2026-05-18 14:28:47,085  INFO  [allava] Step 3490/26578 | Loss 0.1368 | LR 1.95e-05 | phase_samples=111696
2026-05-18 14:28:47,439  INFO  [allava] Step 3490/26578 | Loss 0.1398 | LR 1.95e-05 | phase_samples=111704
2026-05-18 14:29:02,836  INFO  [allava] Step 3500/26578 | Loss 4.9582 | LR 1.95e-05 | phase_samples=112000
2026-05-18 14:29:03,196  INFO  [allava] Step 3500/26578 | Loss 0.1463 | LR 1.95e-05 | phase_samples=112008
2026-05-18 14:29:03,602  INFO  [allava] Step 3500/26578 | Loss 0.1487 | LR 1.95e-05 | phase_samples=112016
2026-05-18 14:29:04,031  INFO  [allava] Step 3500/26578 | Loss 0.1472 | LR 1.95e-05 | phase_samples=112024
2026-05-18 14:29:19,172  INFO  [allava] Step 3510/26578 | Loss 4.9682 | LR 1.95e-05 | phase_samples=112320
2026-05-18 14:29:19,549  INFO  [allava] Step 3510/26578 | Loss 0.1268 | LR 1.95e-05 | phase_samples=112328
2026-05-18 14:29:19,927  INFO  [allava] Step 3510/26578 | Loss 0.1308 | LR 1.95e-05 | phase_samples=112336
2026-05-18 14:29:20,304  INFO  [allava] Step 3510/26578 | Loss 0.1296 | LR 1.95e-05 | phase_samples=112344
2026-05-18 14:29:36,206  INFO  [allava] Step 3520/26578 | Loss 5.0536 | LR 1.95e-05 | phase_samples=112640
2026-05-18 14:29:36,617  INFO  [allava] Step 3520/26578 | Loss 0.1252 | LR 1.95e-05 | phase_samples=112648
2026-05-18 14:29:37,040  INFO  [allava] Step 3520/26578 | Loss 0.1414 | LR 1.95e-05 | phase_samples=112656
2026-05-18 14:29:37,382  INFO  [allava] Step 3520/26578 | Loss 0.1373 | LR 1.95e-05 | phase_samples=112664
2026-05-18 14:29:52,496  INFO  [allava] Step 3530/26578 | Loss 4.5971 | LR 1.95e-05 | phase_samples=112960
2026-05-18 14:29:52,871  INFO  [allava] Step 3530/26578 | Loss 0.1343 | LR 1.95e-05 | phase_samples=112968
2026-05-18 14:29:53,241  INFO  [allava] Step 3530/26578 | Loss 0.1295 | LR 1.95e-05 | phase_samples=112976
2026-05-18 14:29:53,614  INFO  [allava] Step 3530/26578 | Loss 0.1316 | LR 1.95e-05 | phase_samples=112984
2026-05-18 14:30:09,072  INFO  [allava] Step 3540/26578 | Loss 4.9234 | LR 1.94e-05 | phase_samples=113280
2026-05-18 14:30:09,452  INFO  [allava] Step 3540/26578 | Loss 0.1250 | LR 1.94e-05 | phase_samples=113288
2026-05-18 14:30:09,819  INFO  [allava] Step 3540/26578 | Loss 0.1403 | LR 1.94e-05 | phase_samples=113296
2026-05-18 14:30:10,212  INFO  [allava] Step 3540/26578 | Loss 0.1276 | LR 1.94e-05 | phase_samples=113304
2026-05-18 14:30:25,640  INFO  [allava] Step 3550/26578 | Loss 4.8937 | LR 1.94e-05 | phase_samples=113600
2026-05-18 14:30:26,018  INFO  [allava] Step 3550/26578 | Loss 0.1654 | LR 1.94e-05 | phase_samples=113608
2026-05-18 14:30:26,387  INFO  [allava] Step 3550/26578 | Loss 0.1637 | LR 1.94e-05 | phase_samples=113616
2026-05-18 14:30:26,823  INFO  [allava] Step 3550/26578 | Loss 0.1293 | LR 1.94e-05 | phase_samples=113624
2026-05-18 14:30:42,602  INFO  [allava] Step 3560/26578 | Loss 4.9514 | LR 1.94e-05 | phase_samples=113920
2026-05-18 14:30:43,025  INFO  [allava] Step 3560/26578 | Loss 0.1236 | LR 1.94e-05 | phase_samples=113928
2026-05-18 14:30:43,424  INFO  [allava] Step 3560/26578 | Loss 0.1491 | LR 1.94e-05 | phase_samples=113936
2026-05-18 14:30:43,813  INFO  [allava] Step 3560/26578 | Loss 0.1268 | LR 1.94e-05 | phase_samples=113944
2026-05-18 14:30:59,061  INFO  [allava] Step 3570/26578 | Loss 4.9945 | LR 1.94e-05 | phase_samples=114240
2026-05-18 14:30:59,418  INFO  [allava] Step 3570/26578 | Loss 0.1174 | LR 1.94e-05 | phase_samples=114248
2026-05-18 14:30:59,795  INFO  [allava] Step 3570/26578 | Loss 0.1295 | LR 1.94e-05 | phase_samples=114256
2026-05-18 14:31:00,226  INFO  [allava] Step 3570/26578 | Loss 0.1241 | LR 1.94e-05 | phase_samples=114264
2026-05-18 14:31:15,795  INFO  [allava] Step 3580/26578 | Loss 5.0738 | LR 1.94e-05 | phase_samples=114560
2026-05-18 14:31:16,222  INFO  [allava] Step 3580/26578 | Loss 0.1396 | LR 1.94e-05 | phase_samples=114568
2026-05-18 14:31:16,604  INFO  [allava] Step 3580/26578 | Loss 0.1292 | LR 1.94e-05 | phase_samples=114576
2026-05-18 14:31:17,045  INFO  [allava] Step 3580/26578 | Loss 0.1283 | LR 1.94e-05 | phase_samples=114584
2026-05-18 14:31:32,500  INFO  [allava] Step 3590/26578 | Loss 5.0562 | LR 1.94e-05 | phase_samples=114880
2026-05-18 14:31:32,877  INFO  [allava] Step 3590/26578 | Loss 0.1261 | LR 1.94e-05 | phase_samples=114888
2026-05-18 14:31:33,303  INFO  [allava] Step 3590/26578 | Loss 0.1558 | LR 1.94e-05 | phase_samples=114896
2026-05-18 14:31:33,696  INFO  [allava] Step 3590/26578 | Loss 0.1402 | LR 1.94e-05 | phase_samples=114904
2026-05-18 14:31:49,345  INFO  [allava] Step 3600/26578 | Loss 5.0073 | LR 1.94e-05 | phase_samples=115200
2026-05-18 14:31:49,765  INFO  [allava] Step 3600/26578 | Loss 0.1406 | LR 1.94e-05 | phase_samples=115208
2026-05-18 14:31:50,144  INFO  [allava] Step 3600/26578 | Loss 0.1190 | LR 1.94e-05 | phase_samples=115216
2026-05-18 14:31:50,588  INFO  [allava] Step 3600/26578 | Loss 0.1480 | LR 1.94e-05 | phase_samples=115224
2026-05-18 14:32:05,891  INFO  [allava] Step 3610/26578 | Loss 5.0473 | LR 1.94e-05 | phase_samples=115520
2026-05-18 14:32:06,260  INFO  [allava] Step 3610/26578 | Loss 0.1532 | LR 1.94e-05 | phase_samples=115528
2026-05-18 14:32:06,648  INFO  [allava] Step 3610/26578 | Loss 0.1347 | LR 1.94e-05 | phase_samples=115536
2026-05-18 14:32:07,057  INFO  [allava] Step 3610/26578 | Loss 0.1459 | LR 1.94e-05 | phase_samples=115544
2026-05-18 14:32:22,889  INFO  [allava] Step 3620/26578 | Loss 4.6664 | LR 1.94e-05 | phase_samples=115840
2026-05-18 14:32:23,263  INFO  [allava] Step 3620/26578 | Loss 0.1453 | LR 1.94e-05 | phase_samples=115848
2026-05-18 14:32:23,658  INFO  [allava] Step 3620/26578 | Loss 0.1211 | LR 1.94e-05 | phase_samples=115856
2026-05-18 14:32:24,055  INFO  [allava] Step 3620/26578 | Loss 0.1398 | LR 1.94e-05 | phase_samples=115864
2026-05-18 14:32:39,173  INFO  [allava] Step 3630/26578 | Loss 4.8948 | LR 1.94e-05 | phase_samples=116160
2026-05-18 14:32:39,530  INFO  [allava] Step 3630/26578 | Loss 0.1379 | LR 1.94e-05 | phase_samples=116168
2026-05-18 14:32:39,991  INFO  [allava] Step 3630/26578 | Loss 0.1399 | LR 1.94e-05 | phase_samples=116176
2026-05-18 14:32:40,363  INFO  [allava] Step 3630/26578 | Loss 0.1238 | LR 1.94e-05 | phase_samples=116184
2026-05-18 14:32:56,154  INFO  [allava] Step 3640/26578 | Loss 5.0071 | LR 1.94e-05 | phase_samples=116480
2026-05-18 14:32:56,505  INFO  [allava] Step 3640/26578 | Loss 0.1125 | LR 1.94e-05 | phase_samples=116488
2026-05-18 14:32:56,847  INFO  [allava] Step 3640/26578 | Loss 0.1289 | LR 1.94e-05 | phase_samples=116496
2026-05-18 14:32:57,240  INFO  [allava] Step 3640/26578 | Loss 0.1147 | LR 1.94e-05 | phase_samples=116504
2026-05-18 14:33:12,409  INFO  [allava] Step 3650/26578 | Loss 5.0738 | LR 1.94e-05 | phase_samples=116800
2026-05-18 14:33:12,766  INFO  [allava] Step 3650/26578 | Loss 0.1234 | LR 1.94e-05 | phase_samples=116808
2026-05-18 14:33:13,134  INFO  [allava] Step 3650/26578 | Loss 0.1609 | LR 1.94e-05 | phase_samples=116816
2026-05-18 14:33:13,518  INFO  [allava] Step 3650/26578 | Loss 0.1168 | LR 1.94e-05 | phase_samples=116824
2026-05-18 14:33:29,362  INFO  [allava] Step 3660/26578 | Loss 5.0460 | LR 1.94e-05 | phase_samples=117120
2026-05-18 14:33:29,748  INFO  [allava] Step 3660/26578 | Loss 0.1175 | LR 1.94e-05 | phase_samples=117128
2026-05-18 14:33:30,139  INFO  [allava] Step 3660/26578 | Loss 0.1161 | LR 1.94e-05 | phase_samples=117136
2026-05-18 14:33:30,481  INFO  [allava] Step 3660/26578 | Loss 0.1214 | LR 1.94e-05 | phase_samples=117144
2026-05-18 14:33:45,699  INFO  [allava] Step 3670/26578 | Loss 4.7932 | LR 1.94e-05 | phase_samples=117440
2026-05-18 14:33:46,077  INFO  [allava] Step 3670/26578 | Loss 0.1093 | LR 1.94e-05 | phase_samples=117448
2026-05-18 14:33:46,535  INFO  [allava] Step 3670/26578 | Loss 0.1373 | LR 1.94e-05 | phase_samples=117456
2026-05-18 14:33:46,928  INFO  [allava] Step 3670/26578 | Loss 0.1601 | LR 1.94e-05 | phase_samples=117464
2026-05-18 14:34:02,469  INFO  [allava] Step 3680/26578 | Loss 4.8574 | LR 1.94e-05 | phase_samples=117760
2026-05-18 14:34:02,884  INFO  [allava] Step 3680/26578 | Loss 0.1082 | LR 1.94e-05 | phase_samples=117768
2026-05-18 14:34:03,251  INFO  [allava] Step 3680/26578 | Loss 0.1191 | LR 1.94e-05 | phase_samples=117776
2026-05-18 14:34:03,628  INFO  [allava] Step 3680/26578 | Loss 0.1441 | LR 1.94e-05 | phase_samples=117784
2026-05-18 14:34:18,827  INFO  [allava] Step 3690/26578 | Loss 4.9536 | LR 1.94e-05 | phase_samples=118080
2026-05-18 14:34:19,208  INFO  [allava] Step 3690/26578 | Loss 0.1252 | LR 1.94e-05 | phase_samples=118088
2026-05-18 14:34:19,587  INFO  [allava] Step 3690/26578 | Loss 0.1346 | LR 1.94e-05 | phase_samples=118096
2026-05-18 14:34:19,955  INFO  [allava] Step 3690/26578 | Loss 0.1502 | LR 1.94e-05 | phase_samples=118104
2026-05-18 14:34:35,682  INFO  [allava] Step 3700/26578 | Loss 4.8203 | LR 1.94e-05 | phase_samples=118400
2026-05-18 14:34:36,055  INFO  [allava] Step 3700/26578 | Loss 0.1394 | LR 1.94e-05 | phase_samples=118408
2026-05-18 14:34:36,482  INFO  [allava] Step 3700/26578 | Loss 0.1332 | LR 1.94e-05 | phase_samples=118416
2026-05-18 14:34:36,867  INFO  [allava] Step 3700/26578 | Loss 0.1275 | LR 1.94e-05 | phase_samples=118424
2026-05-18 14:34:52,152  INFO  [allava] Step 3710/26578 | Loss 4.8255 | LR 1.94e-05 | phase_samples=118720
2026-05-18 14:34:52,518  INFO  [allava] Step 3710/26578 | Loss 0.1471 | LR 1.94e-05 | phase_samples=118728
2026-05-18 14:34:52,921  INFO  [allava] Step 3710/26578 | Loss 0.1042 | LR 1.94e-05 | phase_samples=118736
2026-05-18 14:34:53,273  INFO  [allava] Step 3710/26578 | Loss 0.1202 | LR 1.94e-05 | phase_samples=118744
2026-05-18 14:35:08,813  INFO  [allava] Step 3720/26578 | Loss 4.7724 | LR 1.94e-05 | phase_samples=119040
2026-05-18 14:35:09,139  INFO  [allava] Step 3720/26578 | Loss 0.1257 | LR 1.94e-05 | phase_samples=119048
2026-05-18 14:35:09,504  INFO  [allava] Step 3720/26578 | Loss 0.1168 | LR 1.94e-05 | phase_samples=119056
2026-05-18 14:35:09,903  INFO  [allava] Step 3720/26578 | Loss 0.1430 | LR 1.94e-05 | phase_samples=119064
2026-05-18 14:35:25,072  INFO  [allava] Step 3730/26578 | Loss 4.7591 | LR 1.94e-05 | phase_samples=119360
2026-05-18 14:35:25,513  INFO  [allava] Step 3730/26578 | Loss 0.1380 | LR 1.94e-05 | phase_samples=119368
2026-05-18 14:35:25,943  INFO  [allava] Step 3730/26578 | Loss 0.1525 | LR 1.94e-05 | phase_samples=119376
2026-05-18 14:35:26,372  INFO  [allava] Step 3730/26578 | Loss 0.1448 | LR 1.94e-05 | phase_samples=119384
2026-05-18 14:35:42,171  INFO  [allava] Step 3740/26578 | Loss 4.9331 | LR 1.94e-05 | phase_samples=119680
2026-05-18 14:35:42,526  INFO  [allava] Step 3740/26578 | Loss 0.1205 | LR 1.94e-05 | phase_samples=119688
2026-05-18 14:35:42,905  INFO  [allava] Step 3740/26578 | Loss 0.1627 | LR 1.94e-05 | phase_samples=119696
2026-05-18 14:35:43,304  INFO  [allava] Step 3740/26578 | Loss 0.1273 | LR 1.94e-05 | phase_samples=119704
2026-05-18 14:35:58,507  INFO  [allava] Step 3750/26578 | Loss 4.9460 | LR 1.94e-05 | phase_samples=120000
2026-05-18 14:35:58,893  INFO  [allava] Step 3750/26578 | Loss 0.1456 | LR 1.94e-05 | phase_samples=120008
2026-05-18 14:35:59,268  INFO  [allava] Step 3750/26578 | Loss 0.1260 | LR 1.94e-05 | phase_samples=120016
2026-05-18 14:35:59,664  INFO  [allava] Step 3750/26578 | Loss 0.1255 | LR 1.94e-05 | phase_samples=120024
2026-05-18 14:36:15,407  INFO  [allava] Step 3760/26578 | Loss 4.8781 | LR 1.94e-05 | phase_samples=120320
2026-05-18 14:36:15,830  INFO  [allava] Step 3760/26578 | Loss 0.1337 | LR 1.94e-05 | phase_samples=120328
2026-05-18 14:36:16,221  INFO  [allava] Step 3760/26578 | Loss 0.1375 | LR 1.94e-05 | phase_samples=120336
2026-05-18 14:36:16,686  INFO  [allava] Step 3760/26578 | Loss 0.1512 | LR 1.94e-05 | phase_samples=120344
2026-05-18 14:36:31,934  INFO  [allava] Step 3770/26578 | Loss 4.9117 | LR 1.94e-05 | phase_samples=120640
2026-05-18 14:36:32,352  INFO  [allava] Step 3770/26578 | Loss 0.1363 | LR 1.94e-05 | phase_samples=120648
2026-05-18 14:36:32,745  INFO  [allava] Step 3770/26578 | Loss 0.1444 | LR 1.94e-05 | phase_samples=120656
2026-05-18 14:36:33,095  INFO  [allava] Step 3770/26578 | Loss 0.1312 | LR 1.94e-05 | phase_samples=120664
2026-05-18 14:36:48,580  INFO  [allava] Step 3780/26578 | Loss 4.8551 | LR 1.93e-05 | phase_samples=120960
2026-05-18 14:36:49,024  INFO  [allava] Step 3780/26578 | Loss 0.1218 | LR 1.93e-05 | phase_samples=120968
2026-05-18 14:36:49,415  INFO  [allava] Step 3780/26578 | Loss 0.1275 | LR 1.93e-05 | phase_samples=120976
2026-05-18 14:36:49,809  INFO  [allava] Step 3780/26578 | Loss 0.1287 | LR 1.93e-05 | phase_samples=120984
2026-05-18 14:37:05,451  INFO  [allava] Step 3790/26578 | Loss 4.9001 | LR 1.93e-05 | phase_samples=121280
2026-05-18 14:37:05,781  INFO  [allava] Step 3790/26578 | Loss 0.1274 | LR 1.93e-05 | phase_samples=121288
2026-05-18 14:37:06,157  INFO  [allava] Step 3790/26578 | Loss 0.1160 | LR 1.93e-05 | phase_samples=121296
2026-05-18 14:37:06,551  INFO  [allava] Step 3790/26578 | Loss 0.1305 | LR 1.93e-05 | phase_samples=121304
2026-05-18 14:37:22,143  INFO  [allava] Step 3800/26578 | Loss 5.0699 | LR 1.93e-05 | phase_samples=121600
2026-05-18 14:37:22,497  INFO  [allava] Step 3800/26578 | Loss 0.1259 | LR 1.93e-05 | phase_samples=121608
2026-05-18 14:37:22,847  INFO  [allava] Step 3800/26578 | Loss 0.1344 | LR 1.93e-05 | phase_samples=121616
2026-05-18 14:37:23,198  INFO  [allava] Step 3800/26578 | Loss 0.1205 | LR 1.93e-05 | phase_samples=121624
2026-05-18 14:37:38,317  INFO  [allava] Step 3810/26578 | Loss 4.9462 | LR 1.93e-05 | phase_samples=121920
2026-05-18 14:37:38,678  INFO  [allava] Step 3810/26578 | Loss 0.1474 | LR 1.93e-05 | phase_samples=121928
2026-05-18 14:37:39,055  INFO  [allava] Step 3810/26578 | Loss 0.1575 | LR 1.93e-05 | phase_samples=121936
2026-05-18 14:37:39,427  INFO  [allava] Step 3810/26578 | Loss 0.1258 | LR 1.93e-05 | phase_samples=121944
2026-05-18 14:37:55,020  INFO  [allava] Step 3820/26578 | Loss 4.8394 | LR 1.93e-05 | phase_samples=122240
2026-05-18 14:37:55,387  INFO  [allava] Step 3820/26578 | Loss 0.1522 | LR 1.93e-05 | phase_samples=122248
2026-05-18 14:37:55,711  INFO  [allava] Step 3820/26578 | Loss 0.0995 | LR 1.93e-05 | phase_samples=122256
2026-05-18 14:37:56,106  INFO  [allava] Step 3820/26578 | Loss 0.1552 | LR 1.93e-05 | phase_samples=122264
2026-05-18 14:38:11,274  INFO  [allava] Step 3830/26578 | Loss 4.8091 | LR 1.93e-05 | phase_samples=122560
2026-05-18 14:38:11,634  INFO  [allava] Step 3830/26578 | Loss 0.0926 | LR 1.93e-05 | phase_samples=122568
2026-05-18 14:38:12,006  INFO  [allava] Step 3830/26578 | Loss 0.1520 | LR 1.93e-05 | phase_samples=122576
2026-05-18 14:38:12,411  INFO  [allava] Step 3830/26578 | Loss 0.1455 | LR 1.93e-05 | phase_samples=122584
2026-05-18 14:38:27,831  INFO  [allava] Step 3840/26578 | Loss 4.8035 | LR 1.93e-05 | phase_samples=122880
2026-05-18 14:38:28,200  INFO  [allava] Step 3840/26578 | Loss 0.1497 | LR 1.93e-05 | phase_samples=122888
2026-05-18 14:38:28,593  INFO  [allava] Step 3840/26578 | Loss 0.1153 | LR 1.93e-05 | phase_samples=122896
2026-05-18 14:38:29,031  INFO  [allava] Step 3840/26578 | Loss 0.1424 | LR 1.93e-05 | phase_samples=122904
2026-05-18 14:38:44,249  INFO  [allava] Step 3850/26578 | Loss 4.9957 | LR 1.93e-05 | phase_samples=123200
2026-05-18 14:38:44,628  INFO  [allava] Step 3850/26578 | Loss 0.1256 | LR 1.93e-05 | phase_samples=123208
2026-05-18 14:38:45,017  INFO  [allava] Step 3850/26578 | Loss 0.1422 | LR 1.93e-05 | phase_samples=123216
2026-05-18 14:38:45,410  INFO  [allava] Step 3850/26578 | Loss 0.1261 | LR 1.93e-05 | phase_samples=123224
2026-05-18 14:39:01,156  INFO  [allava] Step 3860/26578 | Loss 4.9471 | LR 1.93e-05 | phase_samples=123520
2026-05-18 14:39:01,453  INFO  [allava] Step 3860/26578 | Loss 0.1102 | LR 1.93e-05 | phase_samples=123528
2026-05-18 14:39:01,854  INFO  [allava] Step 3860/26578 | Loss 0.1367 | LR 1.93e-05 | phase_samples=123536
2026-05-18 14:39:02,208  INFO  [allava] Step 3860/26578 | Loss 0.1335 | LR 1.93e-05 | phase_samples=123544
2026-05-18 14:39:17,508  INFO  [allava] Step 3870/26578 | Loss 4.8117 | LR 1.93e-05 | phase_samples=123840
2026-05-18 14:39:17,875  INFO  [allava] Step 3870/26578 | Loss 0.1298 | LR 1.93e-05 | phase_samples=123848
2026-05-18 14:39:18,246  INFO  [allava] Step 3870/26578 | Loss 0.1539 | LR 1.93e-05 | phase_samples=123856
2026-05-18 14:39:18,639  INFO  [allava] Step 3870/26578 | Loss 0.1177 | LR 1.93e-05 | phase_samples=123864
2026-05-18 14:39:34,800  INFO  [allava] Step 3880/26578 | Loss 4.9070 | LR 1.93e-05 | phase_samples=124160
2026-05-18 14:39:35,191  INFO  [allava] Step 3880/26578 | Loss 0.1423 | LR 1.93e-05 | phase_samples=124168
2026-05-18 14:39:35,537  INFO  [allava] Step 3880/26578 | Loss 0.0992 | LR 1.93e-05 | phase_samples=124176
2026-05-18 14:39:35,934  INFO  [allava] Step 3880/26578 | Loss 0.1150 | LR 1.93e-05 | phase_samples=124184
2026-05-18 14:39:51,453  INFO  [allava] Step 3890/26578 | Loss 4.9470 | LR 1.93e-05 | phase_samples=124480
2026-05-18 14:39:51,806  INFO  [allava] Step 3890/26578 | Loss 0.1328 | LR 1.93e-05 | phase_samples=124488
2026-05-18 14:39:52,197  INFO  [allava] Step 3890/26578 | Loss 0.1255 | LR 1.93e-05 | phase_samples=124496
2026-05-18 14:39:52,592  INFO  [allava] Step 3890/26578 | Loss 0.1256 | LR 1.93e-05 | phase_samples=124504
2026-05-18 14:40:08,441  INFO  [allava] Step 3900/26578 | Loss 4.9969 | LR 1.93e-05 | phase_samples=124800
2026-05-18 14:40:08,812  INFO  [allava] Step 3900/26578 | Loss 0.1259 | LR 1.93e-05 | phase_samples=124808
2026-05-18 14:40:09,183  INFO  [allava] Step 3900/26578 | Loss 0.1007 | LR 1.93e-05 | phase_samples=124816
2026-05-18 14:40:09,587  INFO  [allava] Step 3900/26578 | Loss 0.1202 | LR 1.93e-05 | phase_samples=124824
2026-05-18 14:40:25,081  INFO  [allava] Step 3910/26578 | Loss 5.0409 | LR 1.93e-05 | phase_samples=125120
2026-05-18 14:40:25,500  INFO  [allava] Step 3910/26578 | Loss 0.1513 | LR 1.93e-05 | phase_samples=125128
2026-05-18 14:40:25,902  INFO  [allava] Step 3910/26578 | Loss 0.1415 | LR 1.93e-05 | phase_samples=125136
2026-05-18 14:40:26,282  INFO  [allava] Step 3910/26578 | Loss 0.1169 | LR 1.93e-05 | phase_samples=125144
2026-05-18 14:40:41,873  INFO  [allava] Step 3920/26578 | Loss 5.1122 | LR 1.93e-05 | phase_samples=125440
2026-05-18 14:40:42,210  INFO  [allava] Step 3920/26578 | Loss 0.1490 | LR 1.93e-05 | phase_samples=125448
2026-05-18 14:40:42,581  INFO  [allava] Step 3920/26578 | Loss 0.1505 | LR 1.93e-05 | phase_samples=125456
2026-05-18 14:40:42,975  INFO  [allava] Step 3920/26578 | Loss 0.1412 | LR 1.93e-05 | phase_samples=125464
2026-05-18 14:40:58,037  INFO  [allava] Step 3930/26578 | Loss 4.8801 | LR 1.93e-05 | phase_samples=125760
2026-05-18 14:40:58,390  INFO  [allava] Step 3930/26578 | Loss 0.1154 | LR 1.93e-05 | phase_samples=125768
2026-05-18 14:40:58,791  INFO  [allava] Step 3930/26578 | Loss 0.1463 | LR 1.93e-05 | phase_samples=125776
2026-05-18 14:40:59,188  INFO  [allava] Step 3930/26578 | Loss 0.1216 | LR 1.93e-05 | phase_samples=125784
2026-05-18 14:41:14,755  INFO  [allava] Step 3940/26578 | Loss 4.9541 | LR 1.93e-05 | phase_samples=126080
2026-05-18 14:41:15,120  INFO  [allava] Step 3940/26578 | Loss 0.1238 | LR 1.93e-05 | phase_samples=126088
2026-05-18 14:41:15,525  INFO  [allava] Step 3940/26578 | Loss 0.1195 | LR 1.93e-05 | phase_samples=126096
2026-05-18 14:41:15,874  INFO  [allava] Step 3940/26578 | Loss 0.1239 | LR 1.93e-05 | phase_samples=126104
2026-05-18 14:41:31,146  INFO  [allava] Step 3950/26578 | Loss 4.9828 | LR 1.93e-05 | phase_samples=126400
2026-05-18 14:41:31,531  INFO  [allava] Step 3950/26578 | Loss 0.1253 | LR 1.93e-05 | phase_samples=126408
2026-05-18 14:41:31,929  INFO  [allava] Step 3950/26578 | Loss 0.1294 | LR 1.93e-05 | phase_samples=126416
2026-05-18 14:41:32,300  INFO  [allava] Step 3950/26578 | Loss 0.1352 | LR 1.93e-05 | phase_samples=126424
2026-05-18 14:41:47,936  INFO  [allava] Step 3960/26578 | Loss 4.7903 | LR 1.93e-05 | phase_samples=126720
2026-05-18 14:41:48,325  INFO  [allava] Step 3960/26578 | Loss 0.1422 | LR 1.93e-05 | phase_samples=126728
2026-05-18 14:41:48,695  INFO  [allava] Step 3960/26578 | Loss 0.1490 | LR 1.93e-05 | phase_samples=126736
2026-05-18 14:41:49,103  INFO  [allava] Step 3960/26578 | Loss 0.1231 | LR 1.93e-05 | phase_samples=126744
2026-05-18 14:42:03,915  INFO  [allava] Step 3970/26578 | Loss 4.9512 | LR 1.93e-05 | phase_samples=127040
2026-05-18 14:42:04,230  INFO  [allava] Step 3970/26578 | Loss 0.1055 | LR 1.93e-05 | phase_samples=127048
2026-05-18 14:42:04,600  INFO  [allava] Step 3970/26578 | Loss 0.1303 | LR 1.93e-05 | phase_samples=127056
2026-05-18 14:42:04,986  INFO  [allava] Step 3970/26578 | Loss 0.1739 | LR 1.93e-05 | phase_samples=127064
2026-05-18 14:42:20,642  INFO  [allava] Step 3980/26578 | Loss 4.9061 | LR 1.93e-05 | phase_samples=127360
2026-05-18 14:42:21,058  INFO  [allava] Step 3980/26578 | Loss 0.1345 | LR 1.93e-05 | phase_samples=127368
2026-05-18 14:42:21,453  INFO  [allava] Step 3980/26578 | Loss 0.1436 | LR 1.93e-05 | phase_samples=127376
2026-05-18 14:42:21,800  INFO  [allava] Step 3980/26578 | Loss 0.1266 | LR 1.93e-05 | phase_samples=127384
2026-05-18 14:42:37,390  INFO  [allava] Step 3990/26578 | Loss 5.0000 | LR 1.93e-05 | phase_samples=127680
2026-05-18 14:42:37,752  INFO  [allava] Step 3990/26578 | Loss 0.1393 | LR 1.93e-05 | phase_samples=127688
2026-05-18 14:42:38,102  INFO  [allava] Step 3990/26578 | Loss 0.1282 | LR 1.93e-05 | phase_samples=127696
2026-05-18 14:42:38,445  INFO  [allava] Step 3990/26578 | Loss 0.1345 | LR 1.93e-05 | phase_samples=127704
2026-05-18 14:42:54,241  INFO  [allava] Step 4000/26578 | Loss 4.8119 | LR 1.92e-05 | phase_samples=128000
2026-05-18 14:42:54,579  INFO  [allava] Step 4000/26578 | Loss 0.1104 | LR 1.92e-05 | phase_samples=128008
2026-05-18 14:42:54,977  INFO  [allava] Step 4000/26578 | Loss 0.1116 | LR 1.92e-05 | phase_samples=128016
2026-05-18 14:42:55,323  INFO  [allava] Step 4000/26578 | Loss 0.1300 | LR 1.92e-05 | phase_samples=128024
2026-05-18 14:43:10,422  INFO  [allava] Step 4010/26578 | Loss 4.9796 | LR 1.92e-05 | phase_samples=128320
2026-05-18 14:43:10,758  INFO  [allava] Step 4010/26578 | Loss 0.1324 | LR 1.92e-05 | phase_samples=128328
2026-05-18 14:43:11,081  INFO  [allava] Step 4010/26578 | Loss 0.1200 | LR 1.92e-05 | phase_samples=128336
2026-05-18 14:43:11,427  INFO  [allava] Step 4010/26578 | Loss 0.1080 | LR 1.92e-05 | phase_samples=128344
2026-05-18 14:43:27,188  INFO  [allava] Step 4020/26578 | Loss 5.0036 | LR 1.92e-05 | phase_samples=128640
2026-05-18 14:43:27,574  INFO  [allava] Step 4020/26578 | Loss 0.1582 | LR 1.92e-05 | phase_samples=128648
2026-05-18 14:43:27,968  INFO  [allava] Step 4020/26578 | Loss 0.1109 | LR 1.92e-05 | phase_samples=128656
2026-05-18 14:43:28,462  INFO  [allava] Step 4020/26578 | Loss 0.1387 | LR 1.92e-05 | phase_samples=128664
2026-05-18 14:43:43,863  INFO  [allava] Step 4030/26578 | Loss 5.0736 | LR 1.92e-05 | phase_samples=128960
2026-05-18 14:43:44,275  INFO  [allava] Step 4030/26578 | Loss 0.1400 | LR 1.92e-05 | phase_samples=128968
2026-05-18 14:43:44,705  INFO  [allava] Step 4030/26578 | Loss 0.1520 | LR 1.92e-05 | phase_samples=128976
2026-05-18 14:43:45,140  INFO  [allava] Step 4030/26578 | Loss 0.1362 | LR 1.92e-05 | phase_samples=128984
2026-05-18 14:44:04,729  INFO  [allava] Step 4040/26578 | Loss 4.9443 | LR 1.92e-05 | phase_samples=129280
2026-05-18 14:44:05,532  INFO  [allava] Step 4040/26578 | Loss 0.1404 | LR 1.92e-05 | phase_samples=129288
2026-05-18 14:44:06,060  INFO  [allava] Step 4040/26578 | Loss 0.1278 | LR 1.92e-05 | phase_samples=129296
2026-05-18 14:44:06,822  INFO  [allava] Step 4040/26578 | Loss 0.1173 | LR 1.92e-05 | phase_samples=129304
2026-05-18 14:44:33,059  INFO  [allava] Step 4050/26578 | Loss 4.8679 | LR 1.92e-05 | phase_samples=129600
2026-05-18 14:44:34,081  INFO  [allava] Step 4050/26578 | Loss 0.1282 | LR 1.92e-05 | phase_samples=129608
2026-05-18 14:44:34,470  INFO  [allava] Step 4050/26578 | Loss 0.1239 | LR 1.92e-05 | phase_samples=129616
2026-05-18 14:44:35,849  INFO  [allava] Step 4050/26578 | Loss 0.1431 | LR 1.92e-05 | phase_samples=129624
2026-05-18 14:45:01,190  INFO  [allava] Step 4060/26578 | Loss 5.1074 | LR 1.92e-05 | phase_samples=129920
2026-05-18 14:45:02,039  INFO  [allava] Step 4060/26578 | Loss 0.1574 | LR 1.92e-05 | phase_samples=129928
2026-05-18 14:45:02,415  INFO  [allava] Step 4060/26578 | Loss 0.1452 | LR 1.92e-05 | phase_samples=129936
2026-05-18 14:45:03,133  INFO  [allava] Step 4060/26578 | Loss 0.1378 | LR 1.92e-05 | phase_samples=129944
2026-05-18 14:45:27,630  INFO  [allava] Step 4070/26578 | Loss 5.0587 | LR 1.92e-05 | phase_samples=130240
2026-05-18 14:45:27,993  INFO  [allava] Step 4070/26578 | Loss 0.1647 | LR 1.92e-05 | phase_samples=130248
2026-05-18 14:45:28,780  INFO  [allava] Step 4070/26578 | Loss 0.1370 | LR 1.92e-05 | phase_samples=130256
2026-05-18 14:45:29,146  INFO  [allava] Step 4070/26578 | Loss 0.1380 | LR 1.92e-05 | phase_samples=130264
2026-05-18 14:48:40,986  INFO  Checkpoint saved → ../checkpoints/stage2_h100/allava/step4076 | step=4076 | phase=allava | samples_seen_phase=130456 | total=130456
2026-05-18 14:48:48,648  INFO  [allava] Step 4080/26578 | Loss 4.9049 | LR 1.92e-05 | phase_samples=130560
2026-05-18 14:48:49,011  INFO  [allava] Step 4080/26578 | Loss 0.1390 | LR 1.92e-05 | phase_samples=130568
2026-05-18 14:48:49,854  INFO  [allava] Step 4080/26578 | Loss 0.1379 | LR 1.92e-05 | phase_samples=130576
2026-05-18 14:48:50,284  INFO  [allava] Step 4080/26578 | Loss 0.1562 | LR 1.92e-05 | phase_samples=130584
2026-05-18 14:49:14,967  INFO  [allava] Step 4090/26578 | Loss 5.0592 | LR 1.92e-05 | phase_samples=130880
2026-05-18 14:49:15,336  INFO  [allava] Step 4090/26578 | Loss 0.1444 | LR 1.92e-05 | phase_samples=130888
2026-05-18 14:49:16,314  INFO  [allava] Step 4090/26578 | Loss 0.1473 | LR 1.92e-05 | phase_samples=130896
2026-05-18 14:49:16,743  INFO  [allava] Step 4090/26578 | Loss 0.1366 | LR 1.92e-05 | phase_samples=130904
2026-05-18 14:49:42,352  INFO  [allava] Step 4100/26578 | Loss 4.9323 | LR 1.92e-05 | phase_samples=131200
2026-05-18 14:49:42,690  INFO  [allava] Step 4100/26578 | Loss 0.1184 | LR 1.92e-05 | phase_samples=131208
2026-05-18 14:49:43,722  INFO  [allava] Step 4100/26578 | Loss 0.1047 | LR 1.92e-05 | phase_samples=131216
2026-05-18 14:49:44,117  INFO  [allava] Step 4100/26578 | Loss 0.1515 | LR 1.92e-05 | phase_samples=131224
2026-05-18 14:50:08,575  INFO  [allava] Step 4110/26578 | Loss 4.8998 | LR 1.92e-05 | phase_samples=131520
2026-05-18 14:50:09,058  INFO  [allava] Step 4110/26578 | Loss 0.1519 | LR 1.92e-05 | phase_samples=131528
2026-05-18 14:50:09,890  INFO  [allava] Step 4110/26578 | Loss 0.1081 | LR 1.92e-05 | phase_samples=131536
2026-05-18 14:50:10,391  INFO  [allava] Step 4110/26578 | Loss 0.1419 | LR 1.92e-05 | phase_samples=131544
2026-05-18 14:50:36,941  INFO  [allava] Step 4120/26578 | Loss 4.8814 | LR 1.92e-05 | phase_samples=131840
2026-05-18 14:50:37,357  INFO  [allava] Step 4120/26578 | Loss 0.1088 | LR 1.92e-05 | phase_samples=131848
2026-05-18 14:50:37,801  INFO  [allava] Step 4120/26578 | Loss 0.1200 | LR 1.92e-05 | phase_samples=131856
2026-05-18 14:50:38,165  INFO  [allava] Step 4120/26578 | Loss 0.1099 | LR 1.92e-05 | phase_samples=131864
2026-05-18 14:51:04,821  INFO  [allava] Step 4130/26578 | Loss 4.8315 | LR 1.92e-05 | phase_samples=132160
2026-05-18 14:51:05,526  INFO  [allava] Step 4130/26578 | Loss 0.1419 | LR 1.92e-05 | phase_samples=132168
2026-05-18 14:51:05,912  INFO  [allava] Step 4130/26578 | Loss 0.1144 | LR 1.92e-05 | phase_samples=132176
2026-05-18 14:51:06,995  INFO  [allava] Step 4130/26578 | Loss 0.1221 | LR 1.92e-05 | phase_samples=132184
2026-05-18 14:51:31,857  INFO  [allava] Step 4140/26578 | Loss 5.0062 | LR 1.92e-05 | phase_samples=132480
2026-05-18 14:51:32,508  INFO  [allava] Step 4140/26578 | Loss 0.1597 | LR 1.92e-05 | phase_samples=132488
2026-05-18 14:51:32,939  INFO  [allava] Step 4140/26578 | Loss 0.1433 | LR 1.92e-05 | phase_samples=132496
2026-05-18 14:51:33,681  INFO  [allava] Step 4140/26578 | Loss 0.1677 | LR 1.92e-05 | phase_samples=132504
2026-05-18 14:51:59,970  INFO  [allava] Step 4150/26578 | Loss 4.9500 | LR 1.92e-05 | phase_samples=132800
2026-05-18 14:52:01,124  INFO  [allava] Step 4150/26578 | Loss 0.1181 | LR 1.92e-05 | phase_samples=132808
2026-05-18 14:52:01,470  INFO  [allava] Step 4150/26578 | Loss 0.1177 | LR 1.92e-05 | phase_samples=132816
2026-05-18 14:52:02,970  INFO  [allava] Step 4150/26578 | Loss 0.1366 | LR 1.92e-05 | phase_samples=132824
2026-05-18 14:52:29,054  INFO  [allava] Step 4160/26578 | Loss 4.9533 | LR 1.92e-05 | phase_samples=133120
2026-05-18 14:52:29,921  INFO  [allava] Step 4160/26578 | Loss 0.1275 | LR 1.92e-05 | phase_samples=133128
2026-05-18 14:52:30,300  INFO  [allava] Step 4160/26578 | Loss 0.1453 | LR 1.92e-05 | phase_samples=133136
2026-05-18 14:52:31,297  INFO  [allava] Step 4160/26578 | Loss 0.1360 | LR 1.92e-05 | phase_samples=133144
2026-05-18 14:52:56,398  INFO  [allava] Step 4170/26578 | Loss 4.9350 | LR 1.92e-05 | phase_samples=133440
2026-05-18 14:52:57,409  INFO  [allava] Step 4170/26578 | Loss 0.1321 | LR 1.92e-05 | phase_samples=133448
2026-05-18 14:52:57,756  INFO  [allava] Step 4170/26578 | Loss 0.1007 | LR 1.92e-05 | phase_samples=133456
2026-05-18 14:52:58,386  INFO  [allava] Step 4170/26578 | Loss 0.1278 | LR 1.92e-05 | phase_samples=133464
2026-05-18 14:53:23,255  INFO  [allava] Step 4180/26578 | Loss 5.0353 | LR 1.92e-05 | phase_samples=133760
2026-05-18 14:53:24,164  INFO  [allava] Step 4180/26578 | Loss 0.1289 | LR 1.92e-05 | phase_samples=133768
2026-05-18 14:53:24,553  INFO  [allava] Step 4180/26578 | Loss 0.1164 | LR 1.92e-05 | phase_samples=133776
2026-05-18 14:53:25,384  INFO  [allava] Step 4180/26578 | Loss 0.1609 | LR 1.92e-05 | phase_samples=133784
2026-05-18 14:53:50,476  INFO  [allava] Step 4190/26578 | Loss 4.7543 | LR 1.92e-05 | phase_samples=134080
2026-05-18 14:53:51,384  INFO  [allava] Step 4190/26578 | Loss 0.1459 | LR 1.92e-05 | phase_samples=134088
2026-05-18 14:53:51,751  INFO  [allava] Step 4190/26578 | Loss 0.1172 | LR 1.92e-05 | phase_samples=134096
2026-05-18 14:53:52,926  INFO  [allava] Step 4190/26578 | Loss 0.1087 | LR 1.92e-05 | phase_samples=134104
2026-05-18 14:54:18,752  INFO  [allava] Step 4200/26578 | Loss 4.9436 | LR 1.92e-05 | phase_samples=134400
2026-05-18 14:54:19,728  INFO  [allava] Step 4200/26578 | Loss 0.1663 | LR 1.92e-05 | phase_samples=134408
2026-05-18 14:54:20,154  INFO  [allava] Step 4200/26578 | Loss 0.1141 | LR 1.92e-05 | phase_samples=134416
2026-05-18 14:54:21,116  INFO  [allava] Step 4200/26578 | Loss 0.1352 | LR 1.92e-05 | phase_samples=134424
2026-05-18 14:54:45,418  INFO  [allava] Step 4210/26578 | Loss 4.8421 | LR 1.91e-05 | phase_samples=134720
2026-05-18 14:54:45,832  INFO  [allava] Step 4210/26578 | Loss 0.1393 | LR 1.91e-05 | phase_samples=134728
2026-05-18 14:54:46,547  INFO  [allava] Step 4210/26578 | Loss 0.1517 | LR 1.91e-05 | phase_samples=134736
2026-05-18 14:54:47,289  INFO  [allava] Step 4210/26578 | Loss 0.1355 | LR 1.91e-05 | phase_samples=134744
2026-05-18 14:55:12,290  INFO  [allava] Step 4220/26578 | Loss 4.9042 | LR 1.91e-05 | phase_samples=135040
2026-05-18 14:55:13,213  INFO  [allava] Step 4220/26578 | Loss 0.1210 | LR 1.91e-05 | phase_samples=135048
2026-05-18 14:55:13,631  INFO  [allava] Step 4220/26578 | Loss 0.1220 | LR 1.91e-05 | phase_samples=135056
2026-05-18 14:55:14,534  INFO  [allava] Step 4220/26578 | Loss 0.1525 | LR 1.91e-05 | phase_samples=135064
2026-05-18 14:55:40,522  INFO  [allava] Step 4230/26578 | Loss 4.8059 | LR 1.91e-05 | phase_samples=135360
2026-05-18 14:55:40,907  INFO  [allava] Step 4230/26578 | Loss 0.1185 | LR 1.91e-05 | phase_samples=135368
2026-05-18 14:55:41,448  INFO  [allava] Step 4230/26578 | Loss 0.1548 | LR 1.91e-05 | phase_samples=135376
2026-05-18 14:55:41,841  INFO  [allava] Step 4230/26578 | Loss 0.1488 | LR 1.91e-05 | phase_samples=135384
2026-05-18 14:56:07,104  INFO  [allava] Step 4240/26578 | Loss 4.8163 | LR 1.91e-05 | phase_samples=135680
2026-05-18 14:56:07,471  INFO  [allava] Step 4240/26578 | Loss 0.1095 | LR 1.91e-05 | phase_samples=135688
2026-05-18 14:56:07,972  INFO  [allava] Step 4240/26578 | Loss 0.1277 | LR 1.91e-05 | phase_samples=135696
2026-05-18 14:56:08,314  INFO  [allava] Step 4240/26578 | Loss 0.1142 | LR 1.91e-05 | phase_samples=135704
2026-05-18 14:56:32,602  INFO  [allava] Step 4250/26578 | Loss 5.0798 | LR 1.91e-05 | phase_samples=136000
2026-05-18 14:56:32,961  INFO  [allava] Step 4250/26578 | Loss 0.1193 | LR 1.91e-05 | phase_samples=136008
2026-05-18 14:56:33,866  INFO  [allava] Step 4250/26578 | Loss 0.1039 | LR 1.91e-05 | phase_samples=136016
2026-05-18 14:56:34,412  INFO  [allava] Step 4250/26578 | Loss 0.1083 | LR 1.91e-05 | phase_samples=136024
2026-05-18 14:57:00,341  INFO  [allava] Step 4260/26578 | Loss 4.8799 | LR 1.91e-05 | phase_samples=136320
2026-05-18 14:57:00,825  INFO  [allava] Step 4260/26578 | Loss 0.1338 | LR 1.91e-05 | phase_samples=136328
2026-05-18 14:57:01,245  INFO  [allava] Step 4260/26578 | Loss 0.1490 | LR 1.91e-05 | phase_samples=136336
2026-05-18 14:57:01,695  INFO  [allava] Step 4260/26578 | Loss 0.1512 | LR 1.91e-05 | phase_samples=136344
2026-05-18 14:57:28,097  INFO  [allava] Step 4270/26578 | Loss 4.9280 | LR 1.91e-05 | phase_samples=136640
2026-05-18 14:57:28,754  INFO  [allava] Step 4270/26578 | Loss 0.1501 | LR 1.91e-05 | phase_samples=136648
2026-05-18 14:57:29,473  INFO  [allava] Step 4270/26578 | Loss 0.1519 | LR 1.91e-05 | phase_samples=136656
2026-05-18 14:57:30,015  INFO  [allava] Step 4270/26578 | Loss 0.1460 | LR 1.91e-05 | phase_samples=136664
2026-05-18 14:57:55,550  INFO  [allava] Step 4280/26578 | Loss 4.8761 | LR 1.91e-05 | phase_samples=136960
2026-05-18 14:57:56,387  INFO  [allava] Step 4280/26578 | Loss 0.1364 | LR 1.91e-05 | phase_samples=136968
2026-05-18 14:57:56,995  INFO  [allava] Step 4280/26578 | Loss 0.1086 | LR 1.91e-05 | phase_samples=136976
2026-05-18 14:57:57,758  INFO  [allava] Step 4280/26578 | Loss 0.1303 | LR 1.91e-05 | phase_samples=136984
2026-05-18 14:58:21,893  INFO  [allava] Step 4290/26578 | Loss 4.9409 | LR 1.91e-05 | phase_samples=137280
2026-05-18 14:58:22,733  INFO  [allava] Step 4290/26578 | Loss 0.1449 | LR 1.91e-05 | phase_samples=137288
2026-05-18 14:58:23,275  INFO  [allava] Step 4290/26578 | Loss 0.1325 | LR 1.91e-05 | phase_samples=137296
2026-05-18 14:58:23,971  INFO  [allava] Step 4290/26578 | Loss 0.1403 | LR 1.91e-05 | phase_samples=137304
2026-05-18 14:58:49,589  INFO  [allava] Step 4300/26578 | Loss 4.7835 | LR 1.91e-05 | phase_samples=137600
2026-05-18 14:58:50,639  INFO  [allava] Step 4300/26578 | Loss 0.1594 | LR 1.91e-05 | phase_samples=137608
2026-05-18 14:58:51,248  INFO  [allava] Step 4300/26578 | Loss 0.1287 | LR 1.91e-05 | phase_samples=137616
2026-05-18 14:58:51,994  INFO  [allava] Step 4300/26578 | Loss 0.1368 | LR 1.91e-05 | phase_samples=137624
2026-05-18 14:59:17,931  INFO  [allava] Step 4310/26578 | Loss 4.8544 | LR 1.91e-05 | phase_samples=137920
2026-05-18 14:59:18,265  INFO  [allava] Step 4310/26578 | Loss 0.1326 | LR 1.91e-05 | phase_samples=137928
2026-05-18 14:59:19,006  INFO  [allava] Step 4310/26578 | Loss 0.1503 | LR 1.91e-05 | phase_samples=137936
2026-05-18 14:59:19,470  INFO  [allava] Step 4310/26578 | Loss 0.1551 | LR 1.91e-05 | phase_samples=137944
2026-05-18 14:59:45,414  INFO  [allava] Step 4320/26578 | Loss 4.9792 | LR 1.91e-05 | phase_samples=138240
2026-05-18 14:59:45,826  INFO  [allava] Step 4320/26578 | Loss 0.1472 | LR 1.91e-05 | phase_samples=138248
2026-05-18 14:59:46,934  INFO  [allava] Step 4320/26578 | Loss 0.1380 | LR 1.91e-05 | phase_samples=138256
2026-05-18 14:59:47,390  INFO  [allava] Step 4320/26578 | Loss 0.1470 | LR 1.91e-05 | phase_samples=138264
2026-05-18 15:00:12,509  INFO  [allava] Step 4330/26578 | Loss 4.8724 | LR 1.91e-05 | phase_samples=138560
2026-05-18 15:00:12,929  INFO  [allava] Step 4330/26578 | Loss 0.1241 | LR 1.91e-05 | phase_samples=138568
2026-05-18 15:00:14,229  INFO  [allava] Step 4330/26578 | Loss 0.1354 | LR 1.91e-05 | phase_samples=138576
2026-05-18 15:00:14,623  INFO  [allava] Step 4330/26578 | Loss 0.0933 | LR 1.91e-05 | phase_samples=138584
2026-05-18 15:00:39,841  INFO  [allava] Step 4340/26578 | Loss 5.0177 | LR 1.91e-05 | phase_samples=138880
2026-05-18 15:00:40,223  INFO  [allava] Step 4340/26578 | Loss 0.1297 | LR 1.91e-05 | phase_samples=138888
2026-05-18 15:00:41,148  INFO  [allava] Step 4340/26578 | Loss 0.1533 | LR 1.91e-05 | phase_samples=138896
2026-05-18 15:00:41,526  INFO  [allava] Step 4340/26578 | Loss 0.1477 | LR 1.91e-05 | phase_samples=138904
2026-05-18 15:01:07,499  INFO  [allava] Step 4350/26578 | Loss 4.8617 | LR 1.91e-05 | phase_samples=139200
2026-05-18 15:01:07,888  INFO  [allava] Step 4350/26578 | Loss 0.1201 | LR 1.91e-05 | phase_samples=139208
2026-05-18 15:01:08,291  INFO  [allava] Step 4350/26578 | Loss 0.1142 | LR 1.91e-05 | phase_samples=139216
2026-05-18 15:01:08,670  INFO  [allava] Step 4350/26578 | Loss 0.1530 | LR 1.91e-05 | phase_samples=139224
2026-05-18 15:01:34,055  INFO  [allava] Step 4360/26578 | Loss 4.8159 | LR 1.91e-05 | phase_samples=139520
2026-05-18 15:01:34,423  INFO  [allava] Step 4360/26578 | Loss 0.1203 | LR 1.91e-05 | phase_samples=139528
2026-05-18 15:01:35,268  INFO  [allava] Step 4360/26578 | Loss 0.1158 | LR 1.91e-05 | phase_samples=139536
2026-05-18 15:01:35,656  INFO  [allava] Step 4360/26578 | Loss 0.1550 | LR 1.91e-05 | phase_samples=139544
2026-05-18 15:02:00,360  INFO  [allava] Step 4370/26578 | Loss 4.8666 | LR 1.91e-05 | phase_samples=139840
2026-05-18 15:02:00,694  INFO  [allava] Step 4370/26578 | Loss 0.1305 | LR 1.91e-05 | phase_samples=139848
2026-05-18 15:02:01,802  INFO  [allava] Step 4370/26578 | Loss 0.1200 | LR 1.91e-05 | phase_samples=139856
2026-05-18 15:02:02,185  INFO  [allava] Step 4370/26578 | Loss 0.1068 | LR 1.91e-05 | phase_samples=139864
2026-05-18 15:02:28,469  INFO  [allava] Step 4380/26578 | Loss 4.8401 | LR 1.91e-05 | phase_samples=140160
2026-05-18 15:02:28,836  INFO  [allava] Step 4380/26578 | Loss 0.0924 | LR 1.91e-05 | phase_samples=140168
2026-05-18 15:02:29,994  INFO  [allava] Step 4380/26578 | Loss 0.1190 | LR 1.91e-05 | phase_samples=140176
2026-05-18 15:02:30,360  INFO  [allava] Step 4380/26578 | Loss 0.1038 | LR 1.91e-05 | phase_samples=140184
2026-05-18 15:02:57,074  INFO  [allava] Step 4390/26578 | Loss 4.9552 | LR 1.91e-05 | phase_samples=140480
2026-05-18 15:02:57,440  INFO  [allava] Step 4390/26578 | Loss 0.1210 | LR 1.91e-05 | phase_samples=140488
2026-05-18 15:02:58,127  INFO  [allava] Step 4390/26578 | Loss 0.1150 | LR 1.91e-05 | phase_samples=140496
2026-05-18 15:02:58,510  INFO  [allava] Step 4390/26578 | Loss 0.1476 | LR 1.91e-05 | phase_samples=140504
2026-05-18 15:03:23,821  INFO  [allava] Step 4400/26578 | Loss 4.9413 | LR 1.91e-05 | phase_samples=140800
2026-05-18 15:03:24,894  INFO  [allava] Step 4400/26578 | Loss 0.1170 | LR 1.91e-05 | phase_samples=140808
2026-05-18 15:03:25,220  INFO  [allava] Step 4400/26578 | Loss 0.1053 | LR 1.91e-05 | phase_samples=140816
2026-05-18 15:03:25,994  INFO  [allava] Step 4400/26578 | Loss 0.1361 | LR 1.91e-05 | phase_samples=140824
2026-05-18 15:03:50,095  INFO  [allava] Step 4410/26578 | Loss 4.5572 | LR 1.90e-05 | phase_samples=141120
2026-05-18 15:03:50,744  INFO  [allava] Step 4410/26578 | Loss 0.1517 | LR 1.90e-05 | phase_samples=141128
2026-05-18 15:03:51,084  INFO  [allava] Step 4410/26578 | Loss 0.1361 | LR 1.90e-05 | phase_samples=141136
2026-05-18 15:03:52,113  INFO  [allava] Step 4410/26578 | Loss 0.1230 | LR 1.90e-05 | phase_samples=141144
2026-05-18 15:04:17,418  INFO  [allava] Step 4420/26578 | Loss 4.8666 | LR 1.90e-05 | phase_samples=141440
2026-05-18 15:04:18,404  INFO  [allava] Step 4420/26578 | Loss 0.1580 | LR 1.90e-05 | phase_samples=141448
2026-05-18 15:04:18,785  INFO  [allava] Step 4420/26578 | Loss 0.1441 | LR 1.90e-05 | phase_samples=141456
2026-05-18 15:04:19,899  INFO  [allava] Step 4420/26578 | Loss 0.1312 | LR 1.90e-05 | phase_samples=141464
2026-05-18 15:04:44,155  INFO  [allava] Step 4430/26578 | Loss 4.8256 | LR 1.90e-05 | phase_samples=141760
2026-05-18 15:04:44,570  INFO  [allava] Step 4430/26578 | Loss 0.1616 | LR 1.90e-05 | phase_samples=141768
2026-05-18 15:04:45,204  INFO  [allava] Step 4430/26578 | Loss 0.1271 | LR 1.90e-05 | phase_samples=141776
2026-05-18 15:04:45,706  INFO  [allava] Step 4430/26578 | Loss 0.1304 | LR 1.90e-05 | phase_samples=141784
2026-05-18 15:05:09,567  INFO  [allava] Step 4440/26578 | Loss 4.8279 | LR 1.90e-05 | phase_samples=142080
2026-05-18 15:05:10,492  INFO  [allava] Step 4440/26578 | Loss 0.1281 | LR 1.90e-05 | phase_samples=142088
2026-05-18 15:05:10,839  INFO  [allava] Step 4440/26578 | Loss 0.1208 | LR 1.90e-05 | phase_samples=142096
2026-05-18 15:05:11,791  INFO  [allava] Step 4440/26578 | Loss 0.1291 | LR 1.90e-05 | phase_samples=142104
2026-05-18 15:05:37,035  INFO  [allava] Step 4450/26578 | Loss 4.7501 | LR 1.90e-05 | phase_samples=142400
2026-05-18 15:05:38,070  INFO  [allava] Step 4450/26578 | Loss 0.1581 | LR 1.90e-05 | phase_samples=142408
2026-05-18 15:05:38,447  INFO  [allava] Step 4450/26578 | Loss 0.1256 | LR 1.90e-05 | phase_samples=142416
2026-05-18 15:05:39,166  INFO  [allava] Step 4450/26578 | Loss 0.1351 | LR 1.90e-05 | phase_samples=142424
2026-05-18 15:06:04,229  INFO  [allava] Step 4460/26578 | Loss 4.7195 | LR 1.90e-05 | phase_samples=142720
2026-05-18 15:06:04,594  INFO  [allava] Step 4460/26578 | Loss 0.1417 | LR 1.90e-05 | phase_samples=142728
2026-05-18 15:06:05,831  INFO  [allava] Step 4460/26578 | Loss 0.1429 | LR 1.90e-05 | phase_samples=142736
2026-05-18 15:06:06,225  INFO  [allava] Step 4460/26578 | Loss 0.1603 | LR 1.90e-05 | phase_samples=142744
2026-05-18 15:06:32,285  INFO  [allava] Step 4470/26578 | Loss 4.9329 | LR 1.90e-05 | phase_samples=143040
2026-05-18 15:06:32,648  INFO  [allava] Step 4470/26578 | Loss 0.1176 | LR 1.90e-05 | phase_samples=143048
2026-05-18 15:06:33,684  INFO  [allava] Step 4470/26578 | Loss 0.1167 | LR 1.90e-05 | phase_samples=143056
2026-05-18 15:06:34,065  INFO  [allava] Step 4470/26578 | Loss 0.1310 | LR 1.90e-05 | phase_samples=143064
2026-05-18 15:06:58,960  INFO  [allava] Step 4480/26578 | Loss 4.6742 | LR 1.90e-05 | phase_samples=143360
2026-05-18 15:06:59,346  INFO  [allava] Step 4480/26578 | Loss 0.1156 | LR 1.90e-05 | phase_samples=143368
2026-05-18 15:07:00,063  INFO  [allava] Step 4480/26578 | Loss 0.1129 | LR 1.90e-05 | phase_samples=143376
2026-05-18 15:07:00,685  INFO  [allava] Step 4480/26578 | Loss 0.1106 | LR 1.90e-05 | phase_samples=143384
2026-05-18 15:07:28,588  INFO  [allava] Step 4490/26578 | Loss 4.8817 | LR 1.90e-05 | phase_samples=143680
2026-05-18 15:07:29,030  INFO  [allava] Step 4490/26578 | Loss 0.1527 | LR 1.90e-05 | phase_samples=143688
2026-05-18 15:07:29,994  INFO  [allava] Step 4490/26578 | Loss 0.1252 | LR 1.90e-05 | phase_samples=143696
2026-05-18 15:07:30,423  INFO  [allava] Step 4490/26578 | Loss 0.1311 | LR 1.90e-05 | phase_samples=143704
2026-05-18 15:07:56,806  INFO  [allava] Step 4500/26578 | Loss 4.9162 | LR 1.90e-05 | phase_samples=144000
2026-05-18 15:07:57,173  INFO  [allava] Step 4500/26578 | Loss 0.1291 | LR 1.90e-05 | phase_samples=144008
2026-05-18 15:07:58,131  INFO  [allava] Step 4500/26578 | Loss 0.1361 | LR 1.90e-05 | phase_samples=144016
2026-05-18 15:07:58,509  INFO  [allava] Step 4500/26578 | Loss 0.1372 | LR 1.90e-05 | phase_samples=144024
2026-05-18 15:08:24,280  INFO  [allava] Step 4510/26578 | Loss 4.9024 | LR 1.90e-05 | phase_samples=144320
2026-05-18 15:08:24,874  INFO  [allava] Step 4510/26578 | Loss 0.1309 | LR 1.90e-05 | phase_samples=144328
2026-05-18 15:08:25,923  INFO  [allava] Step 4510/26578 | Loss 0.1564 | LR 1.90e-05 | phase_samples=144336
2026-05-18 15:08:26,317  INFO  [allava] Step 4510/26578 | Loss 0.1251 | LR 1.90e-05 | phase_samples=144344
2026-05-18 15:08:51,800  INFO  [allava] Step 4520/26578 | Loss 4.8646 | LR 1.90e-05 | phase_samples=144640
2026-05-18 15:08:52,171  INFO  [allava] Step 4520/26578 | Loss 0.1530 | LR 1.90e-05 | phase_samples=144648
2026-05-18 15:08:52,811  INFO  [allava] Step 4520/26578 | Loss 0.1141 | LR 1.90e-05 | phase_samples=144656
2026-05-18 15:08:53,188  INFO  [allava] Step 4520/26578 | Loss 0.1339 | LR 1.90e-05 | phase_samples=144664
2026-05-18 15:09:18,085  INFO  [allava] Step 4530/26578 | Loss 4.8466 | LR 1.90e-05 | phase_samples=144960
2026-05-18 15:09:18,487  INFO  [allava] Step 4530/26578 | Loss 0.1097 | LR 1.90e-05 | phase_samples=144968
2026-05-18 15:09:19,391  INFO  [allava] Step 4530/26578 | Loss 0.1342 | LR 1.90e-05 | phase_samples=144976
2026-05-18 15:09:19,937  INFO  [allava] Step 4530/26578 | Loss 0.1484 | LR 1.90e-05 | phase_samples=144984
2026-05-18 15:09:46,287  INFO  [allava] Step 4540/26578 | Loss 4.8061 | LR 1.90e-05 | phase_samples=145280
2026-05-18 15:09:46,645  INFO  [allava] Step 4540/26578 | Loss 0.1143 | LR 1.90e-05 | phase_samples=145288
2026-05-18 15:09:47,575  INFO  [allava] Step 4540/26578 | Loss 0.1321 | LR 1.90e-05 | phase_samples=145296
2026-05-18 15:09:47,951  INFO  [allava] Step 4540/26578 | Loss 0.1426 | LR 1.90e-05 | phase_samples=145304
2026-05-18 15:10:12,536  INFO  [allava] Step 4550/26578 | Loss 4.9275 | LR 1.90e-05 | phase_samples=145600
2026-05-18 15:10:12,904  INFO  [allava] Step 4550/26578 | Loss 0.1212 | LR 1.90e-05 | phase_samples=145608
2026-05-18 15:10:13,863  INFO  [allava] Step 4550/26578 | Loss 0.1143 | LR 1.90e-05 | phase_samples=145616
2026-05-18 15:10:14,259  INFO  [allava] Step 4550/26578 | Loss 0.1464 | LR 1.90e-05 | phase_samples=145624
2026-05-18 15:10:39,734  INFO  [allava] Step 4560/26578 | Loss 4.8853 | LR 1.90e-05 | phase_samples=145920
2026-05-18 15:10:40,111  INFO  [allava] Step 4560/26578 | Loss 0.1344 | LR 1.90e-05 | phase_samples=145928
2026-05-18 15:10:41,327  INFO  [allava] Step 4560/26578 | Loss 0.1367 | LR 1.90e-05 | phase_samples=145936
2026-05-18 15:10:41,725  INFO  [allava] Step 4560/26578 | Loss 0.1400 | LR 1.90e-05 | phase_samples=145944
2026-05-18 15:11:08,012  INFO  [allava] Step 4570/26578 | Loss 4.9798 | LR 1.90e-05 | phase_samples=146240
2026-05-18 15:11:08,374  INFO  [allava] Step 4570/26578 | Loss 0.1176 | LR 1.90e-05 | phase_samples=146248
2026-05-18 15:11:09,297  INFO  [allava] Step 4570/26578 | Loss 0.1353 | LR 1.90e-05 | phase_samples=146256
2026-05-18 15:11:09,667  INFO  [allava] Step 4570/26578 | Loss 0.1143 | LR 1.90e-05 | phase_samples=146264
2026-05-18 15:11:35,036  INFO  [allava] Step 4580/26578 | Loss 5.0079 | LR 1.90e-05 | phase_samples=146560
2026-05-18 15:11:35,401  INFO  [allava] Step 4580/26578 | Loss 0.1057 | LR 1.90e-05 | phase_samples=146568
2026-05-18 15:11:36,613  INFO  [allava] Step 4580/26578 | Loss 0.1291 | LR 1.90e-05 | phase_samples=146576
2026-05-18 15:11:37,048  INFO  [allava] Step 4580/26578 | Loss 0.1370 | LR 1.90e-05 | phase_samples=146584
2026-05-18 15:12:03,545  INFO  [allava] Step 4590/26578 | Loss 4.7468 | LR 1.90e-05 | phase_samples=146880
2026-05-18 15:12:03,936  INFO  [allava] Step 4590/26578 | Loss 0.1387 | LR 1.90e-05 | phase_samples=146888
2026-05-18 15:12:04,751  INFO  [allava] Step 4590/26578 | Loss 0.1622 | LR 1.90e-05 | phase_samples=146896
2026-05-18 15:12:05,194  INFO  [allava] Step 4590/26578 | Loss 0.1316 | LR 1.90e-05 | phase_samples=146904
2026-05-18 15:12:31,812  INFO  [allava] Step 4600/26578 | Loss 4.9034 | LR 1.89e-05 | phase_samples=147200
2026-05-18 15:12:32,174  INFO  [allava] Step 4600/26578 | Loss 0.1530 | LR 1.89e-05 | phase_samples=147208
2026-05-18 15:12:32,976  INFO  [allava] Step 4600/26578 | Loss 0.1254 | LR 1.89e-05 | phase_samples=147216
2026-05-18 15:12:33,374  INFO  [allava] Step 4600/26578 | Loss 0.1160 | LR 1.89e-05 | phase_samples=147224
2026-05-18 15:12:59,083  INFO  [allava] Step 4610/26578 | Loss 4.8126 | LR 1.89e-05 | phase_samples=147520
2026-05-18 15:12:59,461  INFO  [allava] Step 4610/26578 | Loss 0.1450 | LR 1.89e-05 | phase_samples=147528
2026-05-18 15:12:59,930  INFO  [allava] Step 4610/26578 | Loss 0.1179 | LR 1.89e-05 | phase_samples=147536
2026-05-18 15:13:00,305  INFO  [allava] Step 4610/26578 | Loss 0.0982 | LR 1.89e-05 | phase_samples=147544
2026-05-18 15:13:25,564  INFO  [allava] Step 4620/26578 | Loss 4.8667 | LR 1.89e-05 | phase_samples=147840
2026-05-18 15:13:26,355  INFO  [allava] Step 4620/26578 | Loss 0.1523 | LR 1.89e-05 | phase_samples=147848
2026-05-18 15:13:26,705  INFO  [allava] Step 4620/26578 | Loss 0.1228 | LR 1.89e-05 | phase_samples=147856
2026-05-18 15:13:27,796  INFO  [allava] Step 4620/26578 | Loss 0.1216 | LR 1.89e-05 | phase_samples=147864
2026-05-18 15:13:52,611  INFO  [allava] Step 4630/26578 | Loss 4.9462 | LR 1.89e-05 | phase_samples=148160
2026-05-18 15:13:53,528  INFO  [allava] Step 4630/26578 | Loss 0.1249 | LR 1.89e-05 | phase_samples=148168
2026-05-18 15:13:53,930  INFO  [allava] Step 4630/26578 | Loss 0.1395 | LR 1.89e-05 | phase_samples=148176
2026-05-18 15:13:54,825  INFO  [allava] Step 4630/26578 | Loss 0.1273 | LR 1.89e-05 | phase_samples=148184
2026-05-18 15:14:20,672  INFO  [allava] Step 4640/26578 | Loss 4.8779 | LR 1.89e-05 | phase_samples=148480
2026-05-18 15:14:21,565  INFO  [allava] Step 4640/26578 | Loss 0.1625 | LR 1.89e-05 | phase_samples=148488
2026-05-18 15:14:21,935  INFO  [allava] Step 4640/26578 | Loss 0.1269 | LR 1.89e-05 | phase_samples=148496
2026-05-18 15:14:23,411  INFO  [allava] Step 4640/26578 | Loss 0.1470 | LR 1.89e-05 | phase_samples=148504
2026-05-18 15:14:49,004  INFO  [allava] Step 4650/26578 | Loss 4.7867 | LR 1.89e-05 | phase_samples=148800
2026-05-18 15:14:49,392  INFO  [allava] Step 4650/26578 | Loss 0.1632 | LR 1.89e-05 | phase_samples=148808
2026-05-18 15:14:50,291  INFO  [allava] Step 4650/26578 | Loss 0.1427 | LR 1.89e-05 | phase_samples=148816
2026-05-18 15:14:50,662  INFO  [allava] Step 4650/26578 | Loss 0.1077 | LR 1.89e-05 | phase_samples=148824
2026-05-18 15:15:15,845  INFO  [allava] Step 4660/26578 | Loss 4.6613 | LR 1.89e-05 | phase_samples=149120
2026-05-18 15:15:16,841  INFO  [allava] Step 4660/26578 | Loss 0.1345 | LR 1.89e-05 | phase_samples=149128
2026-05-18 15:15:17,236  INFO  [allava] Step 4660/26578 | Loss 0.1541 | LR 1.89e-05 | phase_samples=149136
2026-05-18 15:15:18,350  INFO  [allava] Step 4660/26578 | Loss 0.1353 | LR 1.89e-05 | phase_samples=149144
2026-05-18 15:15:43,964  INFO  [allava] Step 4670/26578 | Loss 4.9184 | LR 1.89e-05 | phase_samples=149440
2026-05-18 15:15:44,851  INFO  [allava] Step 4670/26578 | Loss 0.1352 | LR 1.89e-05 | phase_samples=149448
2026-05-18 15:15:45,199  INFO  [allava] Step 4670/26578 | Loss 0.1316 | LR 1.89e-05 | phase_samples=149456
2026-05-18 15:15:45,919  INFO  [allava] Step 4670/26578 | Loss 0.0911 | LR 1.89e-05 | phase_samples=149464
2026-05-18 15:16:10,402  INFO  [allava] Step 4680/26578 | Loss 4.8805 | LR 1.89e-05 | phase_samples=149760
2026-05-18 15:16:11,257  INFO  [allava] Step 4680/26578 | Loss 0.1508 | LR 1.89e-05 | phase_samples=149768
2026-05-18 15:16:11,659  INFO  [allava] Step 4680/26578 | Loss 0.1511 | LR 1.89e-05 | phase_samples=149776
2026-05-18 15:16:12,501  INFO  [allava] Step 4680/26578 | Loss 0.1371 | LR 1.89e-05 | phase_samples=149784
2026-05-18 15:16:36,505  INFO  [allava] Step 4690/26578 | Loss 4.6505 | LR 1.89e-05 | phase_samples=150080
2026-05-18 15:16:37,345  INFO  [allava] Step 4690/26578 | Loss 0.1492 | LR 1.89e-05 | phase_samples=150088
2026-05-18 15:16:37,694  INFO  [allava] Step 4690/26578 | Loss 0.1122 | LR 1.89e-05 | phase_samples=150096
2026-05-18 15:16:38,775  INFO  [allava] Step 4690/26578 | Loss 0.1306 | LR 1.89e-05 | phase_samples=150104
2026-05-18 15:17:04,198  INFO  [allava] Step 4700/26578 | Loss 4.9183 | LR 1.89e-05 | phase_samples=150400
2026-05-18 15:17:04,962  INFO  [allava] Step 4700/26578 | Loss 0.1372 | LR 1.89e-05 | phase_samples=150408
2026-05-18 15:17:05,364  INFO  [allava] Step 4700/26578 | Loss 0.1455 | LR 1.89e-05 | phase_samples=150416
2026-05-18 15:17:06,309  INFO  [allava] Step 4700/26578 | Loss 0.1523 | LR 1.89e-05 | phase_samples=150424
2026-05-18 15:17:32,152  INFO  [allava] Step 4710/26578 | Loss 4.7280 | LR 1.89e-05 | phase_samples=150720
2026-05-18 15:17:32,957  INFO  [allava] Step 4710/26578 | Loss 0.1308 | LR 1.89e-05 | phase_samples=150728
2026-05-18 15:17:33,956  INFO  [allava] Step 4710/26578 | Loss 0.1124 | LR 1.89e-05 | phase_samples=150736
2026-05-18 15:17:34,490  INFO  [allava] Step 4710/26578 | Loss 0.1480 | LR 1.89e-05 | phase_samples=150744
2026-05-18 15:18:00,156  INFO  [allava] Step 4720/26578 | Loss 4.9254 | LR 1.89e-05 | phase_samples=151040
2026-05-18 15:18:00,887  INFO  [allava] Step 4720/26578 | Loss 0.1119 | LR 1.89e-05 | phase_samples=151048
2026-05-18 15:18:01,414  INFO  [allava] Step 4720/26578 | Loss 0.1508 | LR 1.89e-05 | phase_samples=151056
2026-05-18 15:18:02,141  INFO  [allava] Step 4720/26578 | Loss 0.1516 | LR 1.89e-05 | phase_samples=151064
2026-05-18 15:18:30,159  INFO  [allava] Step 4730/26578 | Loss 4.9884 | LR 1.89e-05 | phase_samples=151360
2026-05-18 15:18:31,072  INFO  [allava] Step 4730/26578 | Loss 0.1074 | LR 1.89e-05 | phase_samples=151368
2026-05-18 15:18:31,446  INFO  [allava] Step 4730/26578 | Loss 0.1118 | LR 1.89e-05 | phase_samples=151376
2026-05-18 15:18:32,467  INFO  [allava] Step 4730/26578 | Loss 0.1463 | LR 1.89e-05 | phase_samples=151384
2026-05-18 15:18:56,627  INFO  [allava] Step 4740/26578 | Loss 4.9613 | LR 1.89e-05 | phase_samples=151680
2026-05-18 15:18:57,417  INFO  [allava] Step 4740/26578 | Loss 0.1457 | LR 1.89e-05 | phase_samples=151688
2026-05-18 15:18:58,067  INFO  [allava] Step 4740/26578 | Loss 0.1782 | LR 1.89e-05 | phase_samples=151696
2026-05-18 15:18:58,783  INFO  [allava] Step 4740/26578 | Loss 0.1422 | LR 1.89e-05 | phase_samples=151704
2026-05-18 15:19:23,948  INFO  [allava] Step 4750/26578 | Loss 4.9651 | LR 1.89e-05 | phase_samples=152000
2026-05-18 15:19:24,871  INFO  [allava] Step 4750/26578 | Loss 0.1312 | LR 1.89e-05 | phase_samples=152008
2026-05-18 15:19:25,248  INFO  [allava] Step 4750/26578 | Loss 0.1086 | LR 1.89e-05 | phase_samples=152016
2026-05-18 15:19:26,380  INFO  [allava] Step 4750/26578 | Loss 0.1484 | LR 1.89e-05 | phase_samples=152024
2026-05-18 15:19:52,414  INFO  [allava] Step 4760/26578 | Loss 4.9034 | LR 1.89e-05 | phase_samples=152320
2026-05-18 15:19:53,282  INFO  [allava] Step 4760/26578 | Loss 0.1555 | LR 1.89e-05 | phase_samples=152328
2026-05-18 15:19:53,661  INFO  [allava] Step 4760/26578 | Loss 0.1403 | LR 1.89e-05 | phase_samples=152336
2026-05-18 15:19:54,645  INFO  [allava] Step 4760/26578 | Loss 0.1454 | LR 1.89e-05 | phase_samples=152344
2026-05-18 15:20:20,796  INFO  [allava] Step 4770/26578 | Loss 4.9390 | LR 1.89e-05 | phase_samples=152640
2026-05-18 15:20:21,651  INFO  [allava] Step 4770/26578 | Loss 0.1186 | LR 1.89e-05 | phase_samples=152648
2026-05-18 15:20:22,045  INFO  [allava] Step 4770/26578 | Loss 0.1684 | LR 1.89e-05 | phase_samples=152656
2026-05-18 15:20:22,976  INFO  [allava] Step 4770/26578 | Loss 0.1237 | LR 1.89e-05 | phase_samples=152664
2026-05-18 15:20:48,968  INFO  [allava] Step 4780/26578 | Loss 4.8719 | LR 1.88e-05 | phase_samples=152960
2026-05-18 15:20:49,476  INFO  [allava] Step 4780/26578 | Loss 0.1211 | LR 1.88e-05 | phase_samples=152968
2026-05-18 15:20:49,867  INFO  [allava] Step 4780/26578 | Loss 0.1217 | LR 1.88e-05 | phase_samples=152976
2026-05-18 15:20:50,840  INFO  [allava] Step 4780/26578 | Loss 0.1114 | LR 1.88e-05 | phase_samples=152984
2026-05-18 15:21:15,896  INFO  [allava] Step 4790/26578 | Loss 4.8689 | LR 1.88e-05 | phase_samples=153280
2026-05-18 15:21:16,580  INFO  [allava] Step 4790/26578 | Loss 0.1419 | LR 1.88e-05 | phase_samples=153288
2026-05-18 15:21:17,338  INFO  [allava] Step 4790/26578 | Loss 0.1427 | LR 1.88e-05 | phase_samples=153296
2026-05-18 15:21:18,160  INFO  [allava] Step 4790/26578 | Loss 0.1305 | LR 1.88e-05 | phase_samples=153304
2026-05-18 15:21:43,638  INFO  [allava] Step 4800/26578 | Loss 4.9189 | LR 1.88e-05 | phase_samples=153600
2026-05-18 15:21:44,269  INFO  [allava] Step 4800/26578 | Loss 0.1301 | LR 1.88e-05 | phase_samples=153608
2026-05-18 15:21:44,803  INFO  [allava] Step 4800/26578 | Loss 0.1309 | LR 1.88e-05 | phase_samples=153616
2026-05-18 15:21:45,514  INFO  [allava] Step 4800/26578 | Loss 0.1526 | LR 1.88e-05 | phase_samples=153624
2026-05-18 15:22:10,653  INFO  [allava] Step 4810/26578 | Loss 4.9013 | LR 1.88e-05 | phase_samples=153920
2026-05-18 15:22:11,192  INFO  [allava] Step 4810/26578 | Loss 0.1240 | LR 1.88e-05 | phase_samples=153928
2026-05-18 15:22:11,908  INFO  [allava] Step 4810/26578 | Loss 0.1483 | LR 1.88e-05 | phase_samples=153936
2026-05-18 15:22:12,557  INFO  [allava] Step 4810/26578 | Loss 0.1546 | LR 1.88e-05 | phase_samples=153944
2026-05-18 15:22:38,413  INFO  [allava] Step 4820/26578 | Loss 4.8141 | LR 1.88e-05 | phase_samples=154240
2026-05-18 15:22:38,743  INFO  [allava] Step 4820/26578 | Loss 0.1552 | LR 1.88e-05 | phase_samples=154248
2026-05-18 15:22:39,365  INFO  [allava] Step 4820/26578 | Loss 0.1368 | LR 1.88e-05 | phase_samples=154256
2026-05-18 15:22:39,737  INFO  [allava] Step 4820/26578 | Loss 0.1547 | LR 1.88e-05 | phase_samples=154264
2026-05-18 15:23:04,996  INFO  [allava] Step 4830/26578 | Loss 4.9562 | LR 1.88e-05 | phase_samples=154560
2026-05-18 15:23:05,434  INFO  [allava] Step 4830/26578 | Loss 0.1051 | LR 1.88e-05 | phase_samples=154568
2026-05-18 15:23:06,099  INFO  [allava] Step 4830/26578 | Loss 0.1318 | LR 1.88e-05 | phase_samples=154576
2026-05-18 15:23:06,843  INFO  [allava] Step 4830/26578 | Loss 0.1128 | LR 1.88e-05 | phase_samples=154584
2026-05-18 15:23:33,334  INFO  [allava] Step 4840/26578 | Loss 5.1106 | LR 1.88e-05 | phase_samples=154880
2026-05-18 15:23:33,708  INFO  [allava] Step 4840/26578 | Loss 0.1365 | LR 1.88e-05 | phase_samples=154888
2026-05-18 15:23:34,607  INFO  [allava] Step 4840/26578 | Loss 0.1428 | LR 1.88e-05 | phase_samples=154896
2026-05-18 15:23:35,097  INFO  [allava] Step 4840/26578 | Loss 0.1431 | LR 1.88e-05 | phase_samples=154904
2026-05-18 15:24:00,156  INFO  [allava] Step 4850/26578 | Loss 4.8499 | LR 1.88e-05 | phase_samples=155200
2026-05-18 15:24:00,783  INFO  [allava] Step 4850/26578 | Loss 0.1238 | LR 1.88e-05 | phase_samples=155208
2026-05-18 15:24:01,213  INFO  [allava] Step 4850/26578 | Loss 0.1402 | LR 1.88e-05 | phase_samples=155216
2026-05-18 15:24:01,771  INFO  [allava] Step 4850/26578 | Loss 0.1354 | LR 1.88e-05 | phase_samples=155224
2026-05-18 15:24:28,333  INFO  [allava] Step 4860/26578 | Loss 5.0427 | LR 1.88e-05 | phase_samples=155520
2026-05-18 15:24:28,718  INFO  [allava] Step 4860/26578 | Loss 0.1332 | LR 1.88e-05 | phase_samples=155528
2026-05-18 15:24:29,540  INFO  [allava] Step 4860/26578 | Loss 0.1258 | LR 1.88e-05 | phase_samples=155536
2026-05-18 15:24:29,934  INFO  [allava] Step 4860/26578 | Loss 0.1366 | LR 1.88e-05 | phase_samples=155544
2026-05-18 15:24:54,165  INFO  [allava] Step 4870/26578 | Loss 4.7692 | LR 1.88e-05 | phase_samples=155840
2026-05-18 15:24:54,516  INFO  [allava] Step 4870/26578 | Loss 0.1433 | LR 1.88e-05 | phase_samples=155848
2026-05-18 15:24:55,445  INFO  [allava] Step 4870/26578 | Loss 0.1275 | LR 1.88e-05 | phase_samples=155856
2026-05-18 15:24:55,859  INFO  [allava] Step 4870/26578 | Loss 0.1490 | LR 1.88e-05 | phase_samples=155864
2026-05-18 15:25:21,492  INFO  [allava] Step 4880/26578 | Loss 4.9265 | LR 1.88e-05 | phase_samples=156160
2026-05-18 15:25:21,902  INFO  [allava] Step 4880/26578 | Loss 0.1172 | LR 1.88e-05 | phase_samples=156168
2026-05-18 15:25:22,902  INFO  [allava] Step 4880/26578 | Loss 0.1392 | LR 1.88e-05 | phase_samples=156176
2026-05-18 15:25:23,278  INFO  [allava] Step 4880/26578 | Loss 0.1106 | LR 1.88e-05 | phase_samples=156184
2026-05-18 15:25:51,667  INFO  [allava] Step 4890/26578 | Loss 5.0033 | LR 1.88e-05 | phase_samples=156480
2026-05-18 15:25:52,032  INFO  [allava] Step 4890/26578 | Loss 0.1265 | LR 1.88e-05 | phase_samples=156488
2026-05-18 15:25:52,975  INFO  [allava] Step 4890/26578 | Loss 0.1425 | LR 1.88e-05 | phase_samples=156496
2026-05-18 15:25:53,364  INFO  [allava] Step 4890/26578 | Loss 0.1204 | LR 1.88e-05 | phase_samples=156504
2026-05-18 15:26:17,933  INFO  [allava] Step 4900/26578 | Loss 4.8398 | LR 1.88e-05 | phase_samples=156800
2026-05-18 15:26:18,304  INFO  [allava] Step 4900/26578 | Loss 0.1459 | LR 1.88e-05 | phase_samples=156808
2026-05-18 15:26:19,442  INFO  [allava] Step 4900/26578 | Loss 0.1323 | LR 1.88e-05 | phase_samples=156816
2026-05-18 15:26:19,823  INFO  [allava] Step 4900/26578 | Loss 0.1168 | LR 1.88e-05 | phase_samples=156824
2026-05-18 15:26:45,012  INFO  [allava] Step 4910/26578 | Loss 4.7766 | LR 1.88e-05 | phase_samples=157120
2026-05-18 15:26:45,373  INFO  [allava] Step 4910/26578 | Loss 0.1461 | LR 1.88e-05 | phase_samples=157128
2026-05-18 15:26:46,045  INFO  [allava] Step 4910/26578 | Loss 0.1294 | LR 1.88e-05 | phase_samples=157136
2026-05-18 15:26:46,425  INFO  [allava] Step 4910/26578 | Loss 0.1384 | LR 1.88e-05 | phase_samples=157144
2026-05-18 15:27:11,792  INFO  [allava] Step 4920/26578 | Loss 5.0359 | LR 1.88e-05 | phase_samples=157440
2026-05-18 15:27:12,177  INFO  [allava] Step 4920/26578 | Loss 0.1518 | LR 1.88e-05 | phase_samples=157448
2026-05-18 15:27:12,557  INFO  [allava] Step 4920/26578 | Loss 0.1433 | LR 1.88e-05 | phase_samples=157456
2026-05-18 15:27:13,539  INFO  [allava] Step 4920/26578 | Loss 0.1231 | LR 1.88e-05 | phase_samples=157464
2026-05-18 15:27:38,552  INFO  [allava] Step 4930/26578 | Loss 4.9820 | LR 1.88e-05 | phase_samples=157760
2026-05-18 15:27:39,166  INFO  [allava] Step 4930/26578 | Loss 0.1215 | LR 1.88e-05 | phase_samples=157768
2026-05-18 15:27:39,805  INFO  [allava] Step 4930/26578 | Loss 0.1173 | LR 1.88e-05 | phase_samples=157776
2026-05-18 15:27:40,687  INFO  [allava] Step 4930/26578 | Loss 0.1225 | LR 1.88e-05 | phase_samples=157784
2026-05-18 15:28:06,839  INFO  [allava] Step 4940/26578 | Loss 4.7990 | LR 1.88e-05 | phase_samples=158080
2026-05-18 15:28:07,251  INFO  [allava] Step 4940/26578 | Loss 0.1100 | LR 1.88e-05 | phase_samples=158088
2026-05-18 15:28:08,252  INFO  [allava] Step 4940/26578 | Loss 0.1639 | LR 1.88e-05 | phase_samples=158096
2026-05-18 15:28:08,624  INFO  [allava] Step 4940/26578 | Loss 0.1158 | LR 1.88e-05 | phase_samples=158104
2026-05-18 15:28:33,676  INFO  [allava] Step 4950/26578 | Loss 4.8830 | LR 1.87e-05 | phase_samples=158400
2026-05-18 15:28:34,801  INFO  [allava] Step 4950/26578 | Loss 0.1407 | LR 1.87e-05 | phase_samples=158408
2026-05-18 15:28:35,195  INFO  [allava] Step 4950/26578 | Loss 0.1318 | LR 1.87e-05 | phase_samples=158416
2026-05-18 15:28:35,875  INFO  [allava] Step 4950/26578 | Loss 0.1402 | LR 1.87e-05 | phase_samples=158424
2026-05-18 15:29:00,205  INFO  [allava] Step 4960/26578 | Loss 4.8721 | LR 1.87e-05 | phase_samples=158720
2026-05-18 15:29:00,911  INFO  [allava] Step 4960/26578 | Loss 0.1099 | LR 1.87e-05 | phase_samples=158728
2026-05-18 15:29:01,336  INFO  [allava] Step 4960/26578 | Loss 0.1005 | LR 1.87e-05 | phase_samples=158736
2026-05-18 15:29:02,134  INFO  [allava] Step 4960/26578 | Loss 0.1235 | LR 1.87e-05 | phase_samples=158744
2026-05-18 15:29:27,236  INFO  [allava] Step 4970/26578 | Loss 4.9139 | LR 1.87e-05 | phase_samples=159040
2026-05-18 15:29:27,586  INFO  [allava] Step 4970/26578 | Loss 0.1052 | LR 1.87e-05 | phase_samples=159048
2026-05-18 15:29:28,480  INFO  [allava] Step 4970/26578 | Loss 0.1370 | LR 1.87e-05 | phase_samples=159056
2026-05-18 15:29:28,884  INFO  [allava] Step 4970/26578 | Loss 0.1246 | LR 1.87e-05 | phase_samples=159064
2026-05-18 15:29:55,217  INFO  [allava] Step 4980/26578 | Loss 4.9232 | LR 1.87e-05 | phase_samples=159360
2026-05-18 15:29:56,019  INFO  [allava] Step 4980/26578 | Loss 0.1319 | LR 1.87e-05 | phase_samples=159368
2026-05-18 15:29:56,387  INFO  [allava] Step 4980/26578 | Loss 0.1301 | LR 1.87e-05 | phase_samples=159376
2026-05-18 15:29:57,295  INFO  [allava] Step 4980/26578 | Loss 0.0889 | LR 1.87e-05 | phase_samples=159384
2026-05-18 15:30:23,237  INFO  [allava] Step 4990/26578 | Loss 4.8739 | LR 1.87e-05 | phase_samples=159680
2026-05-18 15:30:23,599  INFO  [allava] Step 4990/26578 | Loss 0.1359 | LR 1.87e-05 | phase_samples=159688
2026-05-18 15:30:24,646  INFO  [allava] Step 4990/26578 | Loss 0.1428 | LR 1.87e-05 | phase_samples=159696
2026-05-18 15:30:25,017  INFO  [allava] Step 4990/26578 | Loss 0.1179 | LR 1.87e-05 | phase_samples=159704
2026-05-18 15:30:52,267  INFO  [allava] Step 5000/26578 | Loss 4.6332 | LR 1.87e-05 | phase_samples=160000
2026-05-18 15:30:52,647  INFO  [allava] Step 5000/26578 | Loss 0.1417 | LR 1.87e-05 | phase_samples=160008
2026-05-18 15:30:53,662  INFO  [allava] Step 5000/26578 | Loss 0.1499 | LR 1.87e-05 | phase_samples=160016
2026-05-18 15:30:54,033  INFO  [allava] Step 5000/26578 | Loss 0.1396 | LR 1.87e-05 | phase_samples=160024
2026-05-18 15:31:20,127  INFO  [allava] Step 5010/26578 | Loss 4.8313 | LR 1.87e-05 | phase_samples=160320
2026-05-18 15:31:20,811  INFO  [allava] Step 5010/26578 | Loss 0.1267 | LR 1.87e-05 | phase_samples=160328
2026-05-18 15:31:21,182  INFO  [allava] Step 5010/26578 | Loss 0.1329 | LR 1.87e-05 | phase_samples=160336
2026-05-18 15:31:22,287  INFO  [allava] Step 5010/26578 | Loss 0.1447 | LR 1.87e-05 | phase_samples=160344
2026-05-18 15:31:49,626  INFO  [allava] Step 5020/26578 | Loss 5.0819 | LR 1.87e-05 | phase_samples=160640
2026-05-18 15:31:50,007  INFO  [allava] Step 5020/26578 | Loss 0.1606 | LR 1.87e-05 | phase_samples=160648
2026-05-18 15:31:50,546  INFO  [allava] Step 5020/26578 | Loss 0.1450 | LR 1.87e-05 | phase_samples=160656
2026-05-18 15:31:50,977  INFO  [allava] Step 5020/26578 | Loss 0.1377 | LR 1.87e-05 | phase_samples=160664
2026-05-18 15:32:17,535  INFO  [allava] Step 5030/26578 | Loss 5.0266 | LR 1.87e-05 | phase_samples=160960
2026-05-18 15:32:17,915  INFO  [allava] Step 5030/26578 | Loss 0.1270 | LR 1.87e-05 | phase_samples=160968
2026-05-18 15:32:18,437  INFO  [allava] Step 5030/26578 | Loss 0.1367 | LR 1.87e-05 | phase_samples=160976
2026-05-18 15:32:18,838  INFO  [allava] Step 5030/26578 | Loss 0.1487 | LR 1.87e-05 | phase_samples=160984
2026-05-18 15:32:44,780  INFO  [allava] Step 5040/26578 | Loss 4.9286 | LR 1.87e-05 | phase_samples=161280
2026-05-18 15:32:45,152  INFO  [allava] Step 5040/26578 | Loss 0.1512 | LR 1.87e-05 | phase_samples=161288
2026-05-18 15:32:45,504  INFO  [allava] Step 5040/26578 | Loss 0.1275 | LR 1.87e-05 | phase_samples=161296
2026-05-18 15:32:45,884  INFO  [allava] Step 5040/26578 | Loss 0.1519 | LR 1.87e-05 | phase_samples=161304
2026-05-18 15:33:10,990  INFO  [allava] Step 5050/26578 | Loss 4.9122 | LR 1.87e-05 | phase_samples=161600
2026-05-18 15:33:11,351  INFO  [allava] Step 5050/26578 | Loss 0.1139 | LR 1.87e-05 | phase_samples=161608
2026-05-18 15:33:12,561  INFO  [allava] Step 5050/26578 | Loss 0.1367 | LR 1.87e-05 | phase_samples=161616
2026-05-18 15:33:12,933  INFO  [allava] Step 5050/26578 | Loss 0.1362 | LR 1.87e-05 | phase_samples=161624
2026-05-18 15:33:40,382  INFO  [allava] Step 5060/26578 | Loss 4.9811 | LR 1.87e-05 | phase_samples=161920
2026-05-18 15:33:40,760  INFO  [allava] Step 5060/26578 | Loss 0.1382 | LR 1.87e-05 | phase_samples=161928
2026-05-18 15:33:41,132  INFO  [allava] Step 5060/26578 | Loss 0.1342 | LR 1.87e-05 | phase_samples=161936
2026-05-18 15:33:41,505  INFO  [allava] Step 5060/26578 | Loss 0.1073 | LR 1.87e-05 | phase_samples=161944
2026-05-18 15:34:06,582  INFO  [allava] Step 5070/26578 | Loss 4.8835 | LR 1.87e-05 | phase_samples=162240
2026-05-18 15:34:06,969  INFO  [allava] Step 5070/26578 | Loss 0.1261 | LR 1.87e-05 | phase_samples=162248
2026-05-18 15:34:07,760  INFO  [allava] Step 5070/26578 | Loss 0.1216 | LR 1.87e-05 | phase_samples=162256
2026-05-18 15:34:08,145  INFO  [allava] Step 5070/26578 | Loss 0.1376 | LR 1.87e-05 | phase_samples=162264
2026-05-18 15:34:33,376  INFO  [allava] Step 5080/26578 | Loss 4.9227 | LR 1.87e-05 | phase_samples=162560
2026-05-18 15:34:34,201  INFO  [allava] Step 5080/26578 | Loss 0.1243 | LR 1.87e-05 | phase_samples=162568
2026-05-18 15:34:34,820  INFO  [allava] Step 5080/26578 | Loss 0.1229 | LR 1.87e-05 | phase_samples=162576
2026-05-18 15:34:35,335  INFO  [allava] Step 5080/26578 | Loss 0.1231 | LR 1.87e-05 | phase_samples=162584
2026-05-18 15:35:00,376  INFO  [allava] Step 5090/26578 | Loss 4.7695 | LR 1.87e-05 | phase_samples=162880
2026-05-18 15:35:01,470  INFO  [allava] Step 5090/26578 | Loss 0.1244 | LR 1.87e-05 | phase_samples=162888
2026-05-18 15:35:01,852  INFO  [allava] Step 5090/26578 | Loss 0.1231 | LR 1.87e-05 | phase_samples=162896
2026-05-18 15:35:03,107  INFO  [allava] Step 5090/26578 | Loss 0.1533 | LR 1.87e-05 | phase_samples=162904
2026-05-18 15:35:27,917  INFO  [allava] Step 5100/26578 | Loss 5.1035 | LR 1.87e-05 | phase_samples=163200
2026-05-18 15:35:28,945  INFO  [allava] Step 5100/26578 | Loss 0.1246 | LR 1.87e-05 | phase_samples=163208
2026-05-18 15:35:29,782  INFO  [allava] Step 5100/26578 | Loss 0.1242 | LR 1.87e-05 | phase_samples=163216
2026-05-18 15:35:30,536  INFO  [allava] Step 5100/26578 | Loss 0.1263 | LR 1.87e-05 | phase_samples=163224
2026-05-18 15:35:56,159  INFO  [allava] Step 5110/26578 | Loss 4.9243 | LR 1.87e-05 | phase_samples=163520
2026-05-18 15:35:57,048  INFO  [allava] Step 5110/26578 | Loss 0.1522 | LR 1.87e-05 | phase_samples=163528
2026-05-18 15:35:57,425  INFO  [allava] Step 5110/26578 | Loss 0.1247 | LR 1.87e-05 | phase_samples=163536
2026-05-18 15:35:58,267  INFO  [allava] Step 5110/26578 | Loss 0.1101 | LR 1.87e-05 | phase_samples=163544
2026-05-18 15:36:24,278  INFO  [allava] Step 5120/26578 | Loss 4.8642 | LR 1.86e-05 | phase_samples=163840
2026-05-18 15:36:24,950  INFO  [allava] Step 5120/26578 | Loss 0.1146 | LR 1.86e-05 | phase_samples=163848
2026-05-18 15:36:25,827  INFO  [allava] Step 5120/26578 | Loss 0.1510 | LR 1.86e-05 | phase_samples=163856
2026-05-18 15:36:26,422  INFO  [allava] Step 5120/26578 | Loss 0.1290 | LR 1.86e-05 | phase_samples=163864
2026-05-18 15:36:52,253  INFO  [allava] Step 5130/26578 | Loss 4.7824 | LR 1.86e-05 | phase_samples=164160
2026-05-18 15:36:52,884  INFO  [allava] Step 5130/26578 | Loss 0.1143 | LR 1.86e-05 | phase_samples=164168
2026-05-18 15:36:53,259  INFO  [allava] Step 5130/26578 | Loss 0.1354 | LR 1.86e-05 | phase_samples=164176
2026-05-18 15:36:54,147  INFO  [allava] Step 5130/26578 | Loss 0.1505 | LR 1.86e-05 | phase_samples=164184
2026-05-18 15:37:18,556  INFO  [allava] Step 5140/26578 | Loss 5.0646 | LR 1.86e-05 | phase_samples=164480
2026-05-18 15:37:19,236  INFO  [allava] Step 5140/26578 | Loss 0.1485 | LR 1.86e-05 | phase_samples=164488
2026-05-18 15:37:20,096  INFO  [allava] Step 5140/26578 | Loss 0.1288 | LR 1.86e-05 | phase_samples=164496
2026-05-18 15:37:20,701  INFO  [allava] Step 5140/26578 | Loss 0.1535 | LR 1.86e-05 | phase_samples=164504
2026-05-18 15:37:45,457  INFO  [allava] Step 5150/26578 | Loss 4.8669 | LR 1.86e-05 | phase_samples=164800
2026-05-18 15:37:45,845  INFO  [allava] Step 5150/26578 | Loss 0.1504 | LR 1.86e-05 | phase_samples=164808
2026-05-18 15:37:46,593  INFO  [allava] Step 5150/26578 | Loss 0.1385 | LR 1.86e-05 | phase_samples=164816
2026-05-18 15:37:46,936  INFO  [allava] Step 5150/26578 | Loss 0.1421 | LR 1.86e-05 | phase_samples=164824
2026-05-18 15:38:12,451  INFO  [allava] Step 5160/26578 | Loss 4.7341 | LR 1.86e-05 | phase_samples=165120
2026-05-18 15:38:12,813  INFO  [allava] Step 5160/26578 | Loss 0.1126 | LR 1.86e-05 | phase_samples=165128
2026-05-18 15:38:14,038  INFO  [allava] Step 5160/26578 | Loss 0.1264 | LR 1.86e-05 | phase_samples=165136
2026-05-18 15:38:14,936  INFO  [allava] Step 5160/26578 | Loss 0.1423 | LR 1.86e-05 | phase_samples=165144
2026-05-18 15:38:40,513  INFO  [allava] Step 5170/26578 | Loss 4.7815 | LR 1.86e-05 | phase_samples=165440
2026-05-18 15:38:41,297  INFO  [allava] Step 5170/26578 | Loss 0.1227 | LR 1.86e-05 | phase_samples=165448
2026-05-18 15:38:41,776  INFO  [allava] Step 5170/26578 | Loss 0.1266 | LR 1.86e-05 | phase_samples=165456
2026-05-18 15:38:43,194  INFO  [allava] Step 5170/26578 | Loss 0.1380 | LR 1.86e-05 | phase_samples=165464
2026-05-18 15:39:09,208  INFO  [allava] Step 5180/26578 | Loss 4.9019 | LR 1.86e-05 | phase_samples=165760
2026-05-18 15:39:10,066  INFO  [allava] Step 5180/26578 | Loss 0.1497 | LR 1.86e-05 | phase_samples=165768
2026-05-18 15:39:10,541  INFO  [allava] Step 5180/26578 | Loss 0.1451 | LR 1.86e-05 | phase_samples=165776
2026-05-18 15:39:10,910  INFO  [allava] Step 5180/26578 | Loss 0.1314 | LR 1.86e-05 | phase_samples=165784
2026-05-18 15:39:36,710  INFO  [allava] Step 5190/26578 | Loss 4.7001 | LR 1.86e-05 | phase_samples=166080
2026-05-18 15:39:37,680  INFO  [allava] Step 5190/26578 | Loss 0.1271 | LR 1.86e-05 | phase_samples=166088
2026-05-18 15:39:38,087  INFO  [allava] Step 5190/26578 | Loss 0.1187 | LR 1.86e-05 | phase_samples=166096
2026-05-18 15:39:39,063  INFO  [allava] Step 5190/26578 | Loss 0.1154 | LR 1.86e-05 | phase_samples=166104
2026-05-18 15:40:03,470  INFO  [allava] Step 5200/26578 | Loss 4.8405 | LR 1.86e-05 | phase_samples=166400
2026-05-18 15:40:04,544  INFO  [allava] Step 5200/26578 | Loss 0.1246 | LR 1.86e-05 | phase_samples=166408
2026-05-18 15:40:04,913  INFO  [allava] Step 5200/26578 | Loss 0.1428 | LR 1.86e-05 | phase_samples=166416
2026-05-18 15:40:06,736  INFO  [allava] Step 5200/26578 | Loss 0.1595 | LR 1.86e-05 | phase_samples=166424
2026-05-18 15:40:30,619  INFO  [allava] Step 5210/26578 | Loss 4.7281 | LR 1.86e-05 | phase_samples=166720
2026-05-18 15:40:31,088  INFO  [allava] Step 5210/26578 | Loss 0.1373 | LR 1.86e-05 | phase_samples=166728
2026-05-18 15:40:32,112  INFO  [allava] Step 5210/26578 | Loss 0.1409 | LR 1.86e-05 | phase_samples=166736
2026-05-18 15:40:32,497  INFO  [allava] Step 5210/26578 | Loss 0.1371 | LR 1.86e-05 | phase_samples=166744
2026-05-18 15:40:58,135  INFO  [allava] Step 5220/26578 | Loss 5.0132 | LR 1.86e-05 | phase_samples=167040
2026-05-18 15:40:58,977  INFO  [allava] Step 5220/26578 | Loss 0.1377 | LR 1.86e-05 | phase_samples=167048
2026-05-18 15:40:59,384  INFO  [allava] Step 5220/26578 | Loss 0.1327 | LR 1.86e-05 | phase_samples=167056
2026-05-18 15:40:59,783  INFO  [allava] Step 5220/26578 | Loss 0.1269 | LR 1.86e-05 | phase_samples=167064
2026-05-18 15:41:24,873  INFO  [allava] Step 5230/26578 | Loss 4.8034 | LR 1.86e-05 | phase_samples=167360
2026-05-18 15:41:25,822  INFO  [allava] Step 5230/26578 | Loss 0.1353 | LR 1.86e-05 | phase_samples=167368
2026-05-18 15:41:26,197  INFO  [allava] Step 5230/26578 | Loss 0.1449 | LR 1.86e-05 | phase_samples=167376
2026-05-18 15:41:27,332  INFO  [allava] Step 5230/26578 | Loss 0.1308 | LR 1.86e-05 | phase_samples=167384
2026-05-18 15:41:52,681  INFO  [allava] Step 5240/26578 | Loss 4.8844 | LR 1.86e-05 | phase_samples=167680
2026-05-18 15:41:53,593  INFO  [allava] Step 5240/26578 | Loss 0.1276 | LR 1.86e-05 | phase_samples=167688
2026-05-18 15:41:54,389  INFO  [allava] Step 5240/26578 | Loss 0.1316 | LR 1.86e-05 | phase_samples=167696
2026-05-18 15:41:54,860  INFO  [allava] Step 5240/26578 | Loss 0.0985 | LR 1.86e-05 | phase_samples=167704
2026-05-18 15:42:19,376  INFO  [allava] Step 5250/26578 | Loss 4.8348 | LR 1.86e-05 | phase_samples=168000
2026-05-18 15:42:20,280  INFO  [allava] Step 5250/26578 | Loss 0.1180 | LR 1.86e-05 | phase_samples=168008
2026-05-18 15:42:20,657  INFO  [allava] Step 5250/26578 | Loss 0.1535 | LR 1.86e-05 | phase_samples=168016
2026-05-18 15:42:21,873  INFO  [allava] Step 5250/26578 | Loss 0.1393 | LR 1.86e-05 | phase_samples=168024
2026-05-18 15:42:46,499  INFO  [allava] Step 5260/26578 | Loss 4.7732 | LR 1.86e-05 | phase_samples=168320
2026-05-18 15:42:47,661  INFO  [allava] Step 5260/26578 | Loss 0.1445 | LR 1.86e-05 | phase_samples=168328
2026-05-18 15:42:48,037  INFO  [allava] Step 5260/26578 | Loss 0.1432 | LR 1.86e-05 | phase_samples=168336
2026-05-18 15:42:48,987  INFO  [allava] Step 5260/26578 | Loss 0.1178 | LR 1.86e-05 | phase_samples=168344
2026-05-18 15:43:15,550  INFO  [allava] Step 5270/26578 | Loss 4.8147 | LR 1.86e-05 | phase_samples=168640
2026-05-18 15:43:16,151  INFO  [allava] Step 5270/26578 | Loss 0.1474 | LR 1.86e-05 | phase_samples=168648
2026-05-18 15:43:16,520  INFO  [allava] Step 5270/26578 | Loss 0.1326 | LR 1.86e-05 | phase_samples=168656
2026-05-18 15:43:17,446  INFO  [allava] Step 5270/26578 | Loss 0.1409 | LR 1.86e-05 | phase_samples=168664
2026-05-18 15:43:43,983  INFO  [allava] Step 5280/26578 | Loss 4.9105 | LR 1.85e-05 | phase_samples=168960
2026-05-18 15:43:44,932  INFO  [allava] Step 5280/26578 | Loss 0.1253 | LR 1.85e-05 | phase_samples=168968
2026-05-18 15:43:45,767  INFO  [allava] Step 5280/26578 | Loss 0.1291 | LR 1.85e-05 | phase_samples=168976
2026-05-18 15:43:46,325  INFO  [allava] Step 5280/26578 | Loss 0.1330 | LR 1.85e-05 | phase_samples=168984
2026-05-18 15:44:09,938  INFO  [allava] Step 5290/26578 | Loss 4.9734 | LR 1.85e-05 | phase_samples=169280
2026-05-18 15:44:10,678  INFO  [allava] Step 5290/26578 | Loss 0.1512 | LR 1.85e-05 | phase_samples=169288
2026-05-18 15:44:11,593  INFO  [allava] Step 5290/26578 | Loss 0.1294 | LR 1.85e-05 | phase_samples=169296
2026-05-18 15:44:12,139  INFO  [allava] Step 5290/26578 | Loss 0.1283 | LR 1.85e-05 | phase_samples=169304
2026-05-18 15:44:37,620  INFO  [allava] Step 5300/26578 | Loss 4.9067 | LR 1.85e-05 | phase_samples=169600
2026-05-18 15:44:38,173  INFO  [allava] Step 5300/26578 | Loss 0.1118 | LR 1.85e-05 | phase_samples=169608
2026-05-18 15:44:38,603  INFO  [allava] Step 5300/26578 | Loss 0.1122 | LR 1.85e-05 | phase_samples=169616
2026-05-18 15:44:40,243  INFO  [allava] Step 5300/26578 | Loss 0.1288 | LR 1.85e-05 | phase_samples=169624
2026-05-18 15:45:04,575  INFO  [allava] Step 5310/26578 | Loss 4.9277 | LR 1.85e-05 | phase_samples=169920
2026-05-18 15:45:05,077  INFO  [allava] Step 5310/26578 | Loss 0.1304 | LR 1.85e-05 | phase_samples=169928
2026-05-18 15:45:05,452  INFO  [allava] Step 5310/26578 | Loss 0.1313 | LR 1.85e-05 | phase_samples=169936
2026-05-18 15:45:06,412  INFO  [allava] Step 5310/26578 | Loss 0.1635 | LR 1.85e-05 | phase_samples=169944
2026-05-18 15:45:32,586  INFO  [allava] Step 5320/26578 | Loss 4.8524 | LR 1.85e-05 | phase_samples=170240
2026-05-18 15:45:33,297  INFO  [allava] Step 5320/26578 | Loss 0.1510 | LR 1.85e-05 | phase_samples=170248
2026-05-18 15:45:33,729  INFO  [allava] Step 5320/26578 | Loss 0.1470 | LR 1.85e-05 | phase_samples=170256
2026-05-18 15:45:34,377  INFO  [allava] Step 5320/26578 | Loss 0.1202 | LR 1.85e-05 | phase_samples=170264
2026-05-18 15:45:59,683  INFO  [allava] Step 5330/26578 | Loss 4.8607 | LR 1.85e-05 | phase_samples=170560
2026-05-18 15:46:00,039  INFO  [allava] Step 5330/26578 | Loss 0.1157 | LR 1.85e-05 | phase_samples=170568
2026-05-18 15:46:00,970  INFO  [allava] Step 5330/26578 | Loss 0.1478 | LR 1.85e-05 | phase_samples=170576
2026-05-18 15:46:01,353  INFO  [allava] Step 5330/26578 | Loss 0.1170 | LR 1.85e-05 | phase_samples=170584
2026-05-18 15:46:27,463  INFO  [allava] Step 5340/26578 | Loss 4.9187 | LR 1.85e-05 | phase_samples=170880
2026-05-18 15:46:27,851  INFO  [allava] Step 5340/26578 | Loss 0.1270 | LR 1.85e-05 | phase_samples=170888
2026-05-18 15:46:28,687  INFO  [allava] Step 5340/26578 | Loss 0.1395 | LR 1.85e-05 | phase_samples=170896
2026-05-18 15:46:29,563  INFO  [allava] Step 5340/26578 | Loss 0.1231 | LR 1.85e-05 | phase_samples=170904
2026-05-18 15:46:54,543  INFO  [allava] Step 5350/26578 | Loss 4.8731 | LR 1.85e-05 | phase_samples=171200
2026-05-18 15:46:55,026  INFO  [allava] Step 5350/26578 | Loss 0.1444 | LR 1.85e-05 | phase_samples=171208
2026-05-18 15:46:55,663  INFO  [allava] Step 5350/26578 | Loss 0.1113 | LR 1.85e-05 | phase_samples=171216
2026-05-18 15:46:56,736  INFO  [allava] Step 5350/26578 | Loss 0.1306 | LR 1.85e-05 | phase_samples=171224
2026-05-18 15:47:22,187  INFO  [allava] Step 5360/26578 | Loss 4.8147 | LR 1.85e-05 | phase_samples=171520
2026-05-18 15:47:22,987  INFO  [allava] Step 5360/26578 | Loss 0.1208 | LR 1.85e-05 | phase_samples=171528
2026-05-18 15:47:23,412  INFO  [allava] Step 5360/26578 | Loss 0.1289 | LR 1.85e-05 | phase_samples=171536
2026-05-18 15:47:24,737  INFO  [allava] Step 5360/26578 | Loss 0.1515 | LR 1.85e-05 | phase_samples=171544
2026-05-18 15:47:50,095  INFO  [allava] Step 5370/26578 | Loss 4.9363 | LR 1.85e-05 | phase_samples=171840
2026-05-18 15:47:51,278  INFO  [allava] Step 5370/26578 | Loss 0.1586 | LR 1.85e-05 | phase_samples=171848
2026-05-18 15:47:51,658  INFO  [allava] Step 5370/26578 | Loss 0.1349 | LR 1.85e-05 | phase_samples=171856
2026-05-18 15:47:52,621  INFO  [allava] Step 5370/26578 | Loss 0.1358 | LR 1.85e-05 | phase_samples=171864
2026-05-18 15:48:17,341  INFO  [allava] Step 5380/26578 | Loss 4.9540 | LR 1.85e-05 | phase_samples=172160
2026-05-18 15:48:18,475  INFO  [allava] Step 5380/26578 | Loss 0.1581 | LR 1.85e-05 | phase_samples=172168
2026-05-18 15:48:18,824  INFO  [allava] Step 5380/26578 | Loss 0.1342 | LR 1.85e-05 | phase_samples=172176
2026-05-18 15:48:20,262  INFO  [allava] Step 5380/26578 | Loss 0.1378 | LR 1.85e-05 | phase_samples=172184
2026-05-18 15:51:38,785  INFO  Checkpoint saved → ../checkpoints/stage2_h100/allava/step5389 | step=5389 | phase=allava | samples_seen_phase=172448 | total=172448
2026-05-18 15:51:40,449  INFO  [allava] Step 5390/26578 | Loss 4.9736 | LR 1.85e-05 | phase_samples=172480
2026-05-18 15:51:40,836  INFO  [allava] Step 5390/26578 | Loss 0.1198 | LR 1.85e-05 | phase_samples=172488
2026-05-18 15:51:41,178  INFO  [allava] Step 5390/26578 | Loss 0.1312 | LR 1.85e-05 | phase_samples=172496
2026-05-18 15:51:41,611  INFO  [allava] Step 5390/26578 | Loss 0.1257 | LR 1.85e-05 | phase_samples=172504
2026-05-18 15:52:07,821  INFO  [allava] Step 5400/26578 | Loss 4.8312 | LR 1.85e-05 | phase_samples=172800
2026-05-18 15:52:08,740  INFO  [allava] Step 5400/26578 | Loss 0.1435 | LR 1.85e-05 | phase_samples=172808
2026-05-18 15:52:09,180  INFO  [allava] Step 5400/26578 | Loss 0.1407 | LR 1.85e-05 | phase_samples=172816
2026-05-18 15:52:10,552  INFO  [allava] Step 5400/26578 | Loss 0.1476 | LR 1.85e-05 | phase_samples=172824
2026-05-18 15:52:37,123  INFO  [allava] Step 5410/26578 | Loss 4.8764 | LR 1.85e-05 | phase_samples=173120
2026-05-18 15:52:38,001  INFO  [allava] Step 5410/26578 | Loss 0.1340 | LR 1.85e-05 | phase_samples=173128
2026-05-18 15:52:38,403  INFO  [allava] Step 5410/26578 | Loss 0.1484 | LR 1.85e-05 | phase_samples=173136
2026-05-18 15:52:39,787  INFO  [allava] Step 5410/26578 | Loss 0.1278 | LR 1.85e-05 | phase_samples=173144
2026-05-18 15:53:04,404  INFO  [allava] Step 5420/26578 | Loss 4.9192 | LR 1.85e-05 | phase_samples=173440
2026-05-18 15:53:05,273  INFO  [allava] Step 5420/26578 | Loss 0.1255 | LR 1.85e-05 | phase_samples=173448
2026-05-18 15:53:05,678  INFO  [allava] Step 5420/26578 | Loss 0.1211 | LR 1.85e-05 | phase_samples=173456
2026-05-18 15:53:07,120  INFO  [allava] Step 5420/26578 | Loss 0.1468 | LR 1.85e-05 | phase_samples=173464
2026-05-18 15:53:33,583  INFO  [allava] Step 5430/26578 | Loss 4.9546 | LR 1.84e-05 | phase_samples=173760
2026-05-18 15:53:34,213  INFO  [allava] Step 5430/26578 | Loss 0.1322 | LR 1.84e-05 | phase_samples=173768
2026-05-18 15:53:35,046  INFO  [allava] Step 5430/26578 | Loss 0.1234 | LR 1.84e-05 | phase_samples=173776
2026-05-18 15:53:35,805  INFO  [allava] Step 5430/26578 | Loss 0.1330 | LR 1.84e-05 | phase_samples=173784
2026-05-18 15:54:02,110  INFO  [allava] Step 5440/26578 | Loss 4.7947 | LR 1.84e-05 | phase_samples=174080
2026-05-18 15:54:02,526  INFO  [allava] Step 5440/26578 | Loss 0.1258 | LR 1.84e-05 | phase_samples=174088
2026-05-18 15:54:05,706  INFO  [allava] Step 5440/26578 | Loss 0.1287 | LR 1.84e-05 | phase_samples=174096
2026-05-18 15:54:06,582  INFO  [allava] Step 5440/26578 | Loss 0.1573 | LR 1.84e-05 | phase_samples=174104
2026-05-18 15:54:35,048  INFO  [allava] Step 5450/26578 | Loss 4.6520 | LR 1.84e-05 | phase_samples=174400
2026-05-18 15:54:35,544  INFO  [allava] Step 5450/26578 | Loss 0.1180 | LR 1.84e-05 | phase_samples=174408
2026-05-18 15:54:36,384  INFO  [allava] Step 5450/26578 | Loss 0.1223 | LR 1.84e-05 | phase_samples=174416
2026-05-18 15:54:37,132  INFO  [allava] Step 5450/26578 | Loss 0.1634 | LR 1.84e-05 | phase_samples=174424
2026-05-18 15:55:04,779  INFO  [allava] Step 5460/26578 | Loss 4.7310 | LR 1.84e-05 | phase_samples=174720
2026-05-18 15:55:05,410  INFO  [allava] Step 5460/26578 | Loss 0.1221 | LR 1.84e-05 | phase_samples=174728
2026-05-18 15:55:05,787  INFO  [allava] Step 5460/26578 | Loss 0.1278 | LR 1.84e-05 | phase_samples=174736
2026-05-18 15:55:07,522  INFO  [allava] Step 5460/26578 | Loss 0.1477 | LR 1.84e-05 | phase_samples=174744
2026-05-18 15:55:34,514  INFO  [allava] Step 5470/26578 | Loss 4.8096 | LR 1.84e-05 | phase_samples=175040
2026-05-18 15:55:35,721  INFO  [allava] Step 5470/26578 | Loss 0.1473 | LR 1.84e-05 | phase_samples=175048
2026-05-18 15:55:36,069  INFO  [allava] Step 5470/26578 | Loss 0.1376 | LR 1.84e-05 | phase_samples=175056
2026-05-18 15:55:37,344  INFO  [allava] Step 5470/26578 | Loss 0.1584 | LR 1.84e-05 | phase_samples=175064
2026-05-18 15:56:03,282  INFO  [allava] Step 5480/26578 | Loss 4.8052 | LR 1.84e-05 | phase_samples=175360
2026-05-18 15:56:05,296  INFO  [allava] Step 5480/26578 | Loss 0.1435 | LR 1.84e-05 | phase_samples=175368
2026-05-18 15:56:05,667  INFO  [allava] Step 5480/26578 | Loss 0.1141 | LR 1.84e-05 | phase_samples=175376
2026-05-18 15:56:07,028  INFO  [allava] Step 5480/26578 | Loss 0.1374 | LR 1.84e-05 | phase_samples=175384
2026-05-18 15:56:31,506  INFO  [allava] Step 5490/26578 | Loss 4.7921 | LR 1.84e-05 | phase_samples=175680
2026-05-18 15:56:32,344  INFO  [allava] Step 5490/26578 | Loss 0.1507 | LR 1.84e-05 | phase_samples=175688
2026-05-18 15:56:32,892  INFO  [allava] Step 5490/26578 | Loss 0.1123 | LR 1.84e-05 | phase_samples=175696
2026-05-18 15:56:35,025  INFO  [allava] Step 5490/26578 | Loss 0.1386 | LR 1.84e-05 | phase_samples=175704
2026-05-18 15:57:01,845  INFO  [allava] Step 5500/26578 | Loss 5.0081 | LR 1.84e-05 | phase_samples=176000
2026-05-18 15:57:02,708  INFO  [allava] Step 5500/26578 | Loss 0.1001 | LR 1.84e-05 | phase_samples=176008
2026-05-18 15:57:05,088  INFO  [allava] Step 5500/26578 | Loss 0.1378 | LR 1.84e-05 | phase_samples=176016
2026-05-18 15:57:05,971  INFO  [allava] Step 5500/26578 | Loss 0.1563 | LR 1.84e-05 | phase_samples=176024
2026-05-18 15:57:35,134  INFO  [allava] Step 5510/26578 | Loss 4.7686 | LR 1.84e-05 | phase_samples=176320
2026-05-18 15:57:36,341  INFO  [allava] Step 5510/26578 | Loss 0.1339 | LR 1.84e-05 | phase_samples=176328
2026-05-18 15:57:36,707  INFO  [allava] Step 5510/26578 | Loss 0.1164 | LR 1.84e-05 | phase_samples=176336
2026-05-18 15:57:37,908  INFO  [allava] Step 5510/26578 | Loss 0.1276 | LR 1.84e-05 | phase_samples=176344
2026-05-18 15:58:02,171  INFO  [allava] Step 5520/26578 | Loss 4.9437 | LR 1.84e-05 | phase_samples=176640
2026-05-18 15:58:02,729  INFO  [allava] Step 5520/26578 | Loss 0.1468 | LR 1.84e-05 | phase_samples=176648
2026-05-18 15:58:03,797  INFO  [allava] Step 5520/26578 | Loss 0.1126 | LR 1.84e-05 | phase_samples=176656
2026-05-18 15:58:04,251  INFO  [allava] Step 5520/26578 | Loss 0.1206 | LR 1.84e-05 | phase_samples=176664
2026-05-18 15:58:31,040  INFO  [allava] Step 5530/26578 | Loss 4.7355 | LR 1.84e-05 | phase_samples=176960
2026-05-18 15:58:31,780  INFO  [allava] Step 5530/26578 | Loss 0.1270 | LR 1.84e-05 | phase_samples=176968
2026-05-18 15:58:32,160  INFO  [allava] Step 5530/26578 | Loss 0.1283 | LR 1.84e-05 | phase_samples=176976
2026-05-18 15:58:33,166  INFO  [allava] Step 5530/26578 | Loss 0.1350 | LR 1.84e-05 | phase_samples=176984
2026-05-18 15:58:58,749  INFO  [allava] Step 5540/26578 | Loss 4.8078 | LR 1.84e-05 | phase_samples=177280
2026-05-18 15:58:59,324  INFO  [allava] Step 5540/26578 | Loss 0.1164 | LR 1.84e-05 | phase_samples=177288
2026-05-18 15:58:59,754  INFO  [allava] Step 5540/26578 | Loss 0.1375 | LR 1.84e-05 | phase_samples=177296
2026-05-18 15:59:00,854  INFO  [allava] Step 5540/26578 | Loss 0.1479 | LR 1.84e-05 | phase_samples=177304
2026-05-18 15:59:27,029  INFO  [allava] Step 5550/26578 | Loss 4.8605 | LR 1.84e-05 | phase_samples=177600
2026-05-18 15:59:28,185  INFO  [allava] Step 5550/26578 | Loss 0.1301 | LR 1.84e-05 | phase_samples=177608
2026-05-18 15:59:28,585  INFO  [allava] Step 5550/26578 | Loss 0.1238 | LR 1.84e-05 | phase_samples=177616
2026-05-18 15:59:29,753  INFO  [allava] Step 5550/26578 | Loss 0.1362 | LR 1.84e-05 | phase_samples=177624
2026-05-18 15:59:56,954  INFO  [allava] Step 5560/26578 | Loss 4.7910 | LR 1.84e-05 | phase_samples=177920
2026-05-18 15:59:58,130  INFO  [allava] Step 5560/26578 | Loss 0.1376 | LR 1.84e-05 | phase_samples=177928
2026-05-18 15:59:58,511  INFO  [allava] Step 5560/26578 | Loss 0.1459 | LR 1.84e-05 | phase_samples=177936
2026-05-18 15:59:59,562  INFO  [allava] Step 5560/26578 | Loss 0.1556 | LR 1.84e-05 | phase_samples=177944
2026-05-18 16:00:27,775  INFO  [allava] Step 5570/26578 | Loss 4.8575 | LR 1.84e-05 | phase_samples=178240
2026-05-18 16:00:28,381  INFO  [allava] Step 5570/26578 | Loss 0.1509 | LR 1.84e-05 | phase_samples=178248
2026-05-18 16:00:28,787  INFO  [allava] Step 5570/26578 | Loss 0.1288 | LR 1.84e-05 | phase_samples=178256
2026-05-18 16:00:29,776  INFO  [allava] Step 5570/26578 | Loss 0.1222 | LR 1.84e-05 | phase_samples=178264
2026-05-18 16:00:56,790  INFO  [allava] Step 5580/26578 | Loss 4.8288 | LR 1.83e-05 | phase_samples=178560
2026-05-18 16:00:57,799  INFO  [allava] Step 5580/26578 | Loss 0.1578 | LR 1.83e-05 | phase_samples=178568
2026-05-18 16:00:58,188  INFO  [allava] Step 5580/26578 | Loss 0.1600 | LR 1.83e-05 | phase_samples=178576
2026-05-18 16:00:59,458  INFO  [allava] Step 5580/26578 | Loss 0.1449 | LR 1.83e-05 | phase_samples=178584
2026-05-18 16:01:26,679  INFO  [allava] Step 5590/26578 | Loss 4.8969 | LR 1.83e-05 | phase_samples=178880
2026-05-18 16:01:27,502  INFO  [allava] Step 5590/26578 | Loss 0.1130 | LR 1.83e-05 | phase_samples=178888
2026-05-18 16:01:27,930  INFO  [allava] Step 5590/26578 | Loss 0.1398 | LR 1.83e-05 | phase_samples=178896
2026-05-18 16:01:29,050  INFO  [allava] Step 5590/26578 | Loss 0.1525 | LR 1.83e-05 | phase_samples=178904
2026-05-18 16:01:56,210  INFO  [allava] Step 5600/26578 | Loss 4.9339 | LR 1.83e-05 | phase_samples=179200
2026-05-18 16:01:56,590  INFO  [allava] Step 5600/26578 | Loss 0.1296 | LR 1.83e-05 | phase_samples=179208
2026-05-18 16:01:57,734  INFO  [allava] Step 5600/26578 | Loss 0.1351 | LR 1.83e-05 | phase_samples=179216
2026-05-18 16:01:58,128  INFO  [allava] Step 5600/26578 | Loss 0.1145 | LR 1.83e-05 | phase_samples=179224
2026-05-18 16:02:28,963  INFO  [allava] Step 5610/26578 | Loss 4.6489 | LR 1.83e-05 | phase_samples=179520
2026-05-18 16:02:29,439  INFO  [allava] Step 5610/26578 | Loss 0.1408 | LR 1.83e-05 | phase_samples=179528
2026-05-18 16:02:30,161  INFO  [allava] Step 5610/26578 | Loss 0.1158 | LR 1.83e-05 | phase_samples=179536
2026-05-18 16:02:30,712  INFO  [allava] Step 5610/26578 | Loss 0.1368 | LR 1.83e-05 | phase_samples=179544
2026-05-18 16:02:56,419  INFO  [allava] Step 5620/26578 | Loss 4.8215 | LR 1.83e-05 | phase_samples=179840
2026-05-18 16:02:57,238  INFO  [allava] Step 5620/26578 | Loss 0.1544 | LR 1.83e-05 | phase_samples=179848
2026-05-18 16:02:57,701  INFO  [allava] Step 5620/26578 | Loss 0.1317 | LR 1.83e-05 | phase_samples=179856
2026-05-18 16:02:58,528  INFO  [allava] Step 5620/26578 | Loss 0.1416 | LR 1.83e-05 | phase_samples=179864
2026-05-18 16:03:25,155  INFO  [allava] Step 5630/26578 | Loss 4.9214 | LR 1.83e-05 | phase_samples=180160
2026-05-18 16:03:25,976  INFO  [allava] Step 5630/26578 | Loss 0.1443 | LR 1.83e-05 | phase_samples=180168
2026-05-18 16:03:26,410  INFO  [allava] Step 5630/26578 | Loss 0.1353 | LR 1.83e-05 | phase_samples=180176
2026-05-18 16:03:27,336  INFO  [allava] Step 5630/26578 | Loss 0.1460 | LR 1.83e-05 | phase_samples=180184
2026-05-18 16:03:54,491  INFO  [allava] Step 5640/26578 | Loss 5.0045 | LR 1.83e-05 | phase_samples=180480
2026-05-18 16:03:55,390  INFO  [allava] Step 5640/26578 | Loss 0.1145 | LR 1.83e-05 | phase_samples=180488
2026-05-18 16:03:55,768  INFO  [allava] Step 5640/26578 | Loss 0.1442 | LR 1.83e-05 | phase_samples=180496
2026-05-18 16:03:56,618  INFO  [allava] Step 5640/26578 | Loss 0.1342 | LR 1.83e-05 | phase_samples=180504
2026-05-18 16:04:21,924  INFO  [allava] Step 5650/26578 | Loss 4.9177 | LR 1.83e-05 | phase_samples=180800
2026-05-18 16:04:22,935  INFO  [allava] Step 5650/26578 | Loss 0.1572 | LR 1.83e-05 | phase_samples=180808
2026-05-18 16:04:23,333  INFO  [allava] Step 5650/26578 | Loss 0.1387 | LR 1.83e-05 | phase_samples=180816
2026-05-18 16:04:24,356  INFO  [allava] Step 5650/26578 | Loss 0.0998 | LR 1.83e-05 | phase_samples=180824
2026-05-18 16:04:51,531  INFO  [allava] Step 5660/26578 | Loss 4.8479 | LR 1.83e-05 | phase_samples=181120
2026-05-18 16:04:52,484  INFO  [allava] Step 5660/26578 | Loss 0.1517 | LR 1.83e-05 | phase_samples=181128
2026-05-18 16:04:52,892  INFO  [allava] Step 5660/26578 | Loss 0.1620 | LR 1.83e-05 | phase_samples=181136
2026-05-18 16:04:54,117  INFO  [allava] Step 5660/26578 | Loss 0.1554 | LR 1.83e-05 | phase_samples=181144
2026-05-18 16:05:20,311  INFO  [allava] Step 5670/26578 | Loss 4.8144 | LR 1.83e-05 | phase_samples=181440
2026-05-18 16:05:21,146  INFO  [allava] Step 5670/26578 | Loss 0.1016 | LR 1.83e-05 | phase_samples=181448
2026-05-18 16:05:21,479  INFO  [allava] Step 5670/26578 | Loss 0.1097 | LR 1.83e-05 | phase_samples=181456
2026-05-18 16:05:22,709  INFO  [allava] Step 5670/26578 | Loss 0.1145 | LR 1.83e-05 | phase_samples=181464
2026-05-18 16:05:49,590  INFO  [allava] Step 5680/26578 | Loss 4.9486 | LR 1.83e-05 | phase_samples=181760
2026-05-18 16:05:50,163  INFO  [allava] Step 5680/26578 | Loss 0.1256 | LR 1.83e-05 | phase_samples=181768
2026-05-18 16:05:50,894  INFO  [allava] Step 5680/26578 | Loss 0.1143 | LR 1.83e-05 | phase_samples=181776
2026-05-18 16:05:51,755  INFO  [allava] Step 5680/26578 | Loss 0.1657 | LR 1.83e-05 | phase_samples=181784
2026-05-18 16:06:17,085  INFO  [allava] Step 5690/26578 | Loss 4.8093 | LR 1.83e-05 | phase_samples=182080
2026-05-18 16:06:17,875  INFO  [allava] Step 5690/26578 | Loss 0.1421 | LR 1.83e-05 | phase_samples=182088
2026-05-18 16:06:18,371  INFO  [allava] Step 5690/26578 | Loss 0.1039 | LR 1.83e-05 | phase_samples=182096
2026-05-18 16:06:19,260  INFO  [allava] Step 5690/26578 | Loss 0.1299 | LR 1.83e-05 | phase_samples=182104
2026-05-18 16:06:46,137  INFO  [allava] Step 5700/26578 | Loss 4.7629 | LR 1.83e-05 | phase_samples=182400
2026-05-18 16:06:46,990  INFO  [allava] Step 5700/26578 | Loss 0.1391 | LR 1.83e-05 | phase_samples=182408
2026-05-18 16:06:47,409  INFO  [allava] Step 5700/26578 | Loss 0.1482 | LR 1.83e-05 | phase_samples=182416
2026-05-18 16:06:48,433  INFO  [allava] Step 5700/26578 | Loss 0.1058 | LR 1.83e-05 | phase_samples=182424
2026-05-18 16:07:14,737  INFO  [allava] Step 5710/26578 | Loss 4.8443 | LR 1.83e-05 | phase_samples=182720
2026-05-18 16:07:15,420  INFO  [allava] Step 5710/26578 | Loss 0.1242 | LR 1.83e-05 | phase_samples=182728
2026-05-18 16:07:15,931  INFO  [allava] Step 5710/26578 | Loss 0.1487 | LR 1.83e-05 | phase_samples=182736
2026-05-18 16:07:16,656  INFO  [allava] Step 5710/26578 | Loss 0.1260 | LR 1.83e-05 | phase_samples=182744
2026-05-18 16:07:42,123  INFO  [allava] Step 5720/26578 | Loss 5.0052 | LR 1.83e-05 | phase_samples=183040
2026-05-18 16:07:42,490  INFO  [allava] Step 5720/26578 | Loss 0.1555 | LR 1.83e-05 | phase_samples=183048
2026-05-18 16:07:43,301  INFO  [allava] Step 5720/26578 | Loss 0.1220 | LR 1.83e-05 | phase_samples=183056
2026-05-18 16:07:43,680  INFO  [allava] Step 5720/26578 | Loss 0.1428 | LR 1.83e-05 | phase_samples=183064
2026-05-18 16:08:09,871  INFO  [allava] Step 5730/26578 | Loss 4.8143 | LR 1.82e-05 | phase_samples=183360
2026-05-18 16:08:10,258  INFO  [allava] Step 5730/26578 | Loss 0.1332 | LR 1.82e-05 | phase_samples=183368
2026-05-18 16:08:11,137  INFO  [allava] Step 5730/26578 | Loss 0.1227 | LR 1.82e-05 | phase_samples=183376
2026-05-18 16:08:11,506  INFO  [allava] Step 5730/26578 | Loss 0.1374 | LR 1.82e-05 | phase_samples=183384
2026-05-18 16:08:38,471  INFO  [allava] Step 5740/26578 | Loss 4.7530 | LR 1.82e-05 | phase_samples=183680
2026-05-18 16:08:38,832  INFO  [allava] Step 5740/26578 | Loss 0.1103 | LR 1.82e-05 | phase_samples=183688
2026-05-18 16:08:39,808  INFO  [allava] Step 5740/26578 | Loss 0.1424 | LR 1.82e-05 | phase_samples=183696
2026-05-18 16:08:40,210  INFO  [allava] Step 5740/26578 | Loss 0.1223 | LR 1.82e-05 | phase_samples=183704
2026-05-18 16:09:06,821  INFO  [allava] Step 5750/26578 | Loss 4.9908 | LR 1.82e-05 | phase_samples=184000
2026-05-18 16:09:08,020  INFO  [allava] Step 5750/26578 | Loss 0.1569 | LR 1.82e-05 | phase_samples=184008
2026-05-18 16:09:08,410  INFO  [allava] Step 5750/26578 | Loss 0.1358 | LR 1.82e-05 | phase_samples=184016
2026-05-18 16:09:09,274  INFO  [allava] Step 5750/26578 | Loss 0.1248 | LR 1.82e-05 | phase_samples=184024
2026-05-18 16:09:34,492  INFO  [allava] Step 5760/26578 | Loss 4.8670 | LR 1.82e-05 | phase_samples=184320
2026-05-18 16:09:35,330  INFO  [allava] Step 5760/26578 | Loss 0.1371 | LR 1.82e-05 | phase_samples=184328
2026-05-18 16:09:35,718  INFO  [allava] Step 5760/26578 | Loss 0.1354 | LR 1.82e-05 | phase_samples=184336
2026-05-18 16:09:37,009  INFO  [allava] Step 5760/26578 | Loss 0.1489 | LR 1.82e-05 | phase_samples=184344
2026-05-18 16:10:02,645  INFO  [allava] Step 5770/26578 | Loss 4.9500 | LR 1.82e-05 | phase_samples=184640
2026-05-18 16:10:03,061  INFO  [allava] Step 5770/26578 | Loss 0.1477 | LR 1.82e-05 | phase_samples=184648
2026-05-18 16:10:04,425  INFO  [allava] Step 5770/26578 | Loss 0.1289 | LR 1.82e-05 | phase_samples=184656
2026-05-18 16:10:04,821  INFO  [allava] Step 5770/26578 | Loss 0.1240 | LR 1.82e-05 | phase_samples=184664
2026-05-18 16:10:29,031  INFO  [allava] Step 5780/26578 | Loss 4.8459 | LR 1.82e-05 | phase_samples=184960
2026-05-18 16:10:29,510  INFO  [allava] Step 5780/26578 | Loss 0.1354 | LR 1.82e-05 | phase_samples=184968
2026-05-18 16:10:29,911  INFO  [allava] Step 5780/26578 | Loss 0.1288 | LR 1.82e-05 | phase_samples=184976
2026-05-18 16:10:31,310  INFO  [allava] Step 5780/26578 | Loss 0.1459 | LR 1.82e-05 | phase_samples=184984
2026-05-18 16:10:58,201  INFO  [allava] Step 5790/26578 | Loss 4.9411 | LR 1.82e-05 | phase_samples=185280
2026-05-18 16:10:58,995  INFO  [allava] Step 5790/26578 | Loss 0.1257 | LR 1.82e-05 | phase_samples=185288
2026-05-18 16:10:59,373  INFO  [allava] Step 5790/26578 | Loss 0.0999 | LR 1.82e-05 | phase_samples=185296
2026-05-18 16:11:00,371  INFO  [allava] Step 5790/26578 | Loss 0.1290 | LR 1.82e-05 | phase_samples=185304
2026-05-18 16:11:26,002  INFO  [allava] Step 5800/26578 | Loss 4.7072 | LR 1.82e-05 | phase_samples=185600
2026-05-18 16:11:26,442  INFO  [allava] Step 5800/26578 | Loss 0.1263 | LR 1.82e-05 | phase_samples=185608
2026-05-18 16:11:27,834  INFO  [allava] Step 5800/26578 | Loss 0.1461 | LR 1.82e-05 | phase_samples=185616
2026-05-18 16:11:28,203  INFO  [allava] Step 5800/26578 | Loss 0.1221 | LR 1.82e-05 | phase_samples=185624
2026-05-18 16:11:55,070  INFO  [allava] Step 5810/26578 | Loss 5.1073 | LR 1.82e-05 | phase_samples=185920
2026-05-18 16:11:55,445  INFO  [allava] Step 5810/26578 | Loss 0.1295 | LR 1.82e-05 | phase_samples=185928
2026-05-18 16:11:56,411  INFO  [allava] Step 5810/26578 | Loss 0.1315 | LR 1.82e-05 | phase_samples=185936
2026-05-18 16:11:56,810  INFO  [allava] Step 5810/26578 | Loss 0.1314 | LR 1.82e-05 | phase_samples=185944
2026-05-18 16:12:21,613  INFO  [allava] Step 5820/26578 | Loss 4.8146 | LR 1.82e-05 | phase_samples=186240
2026-05-18 16:12:21,939  INFO  [allava] Step 5820/26578 | Loss 0.1187 | LR 1.82e-05 | phase_samples=186248
2026-05-18 16:12:22,528  INFO  [allava] Step 5820/26578 | Loss 0.1596 | LR 1.82e-05 | phase_samples=186256
2026-05-18 16:12:22,906  INFO  [allava] Step 5820/26578 | Loss 0.1109 | LR 1.82e-05 | phase_samples=186264
2026-05-18 16:12:49,413  INFO  [allava] Step 5830/26578 | Loss 4.8374 | LR 1.82e-05 | phase_samples=186560
2026-05-18 16:12:49,769  INFO  [allava] Step 5830/26578 | Loss 0.1334 | LR 1.82e-05 | phase_samples=186568
2026-05-18 16:12:50,892  INFO  [allava] Step 5830/26578 | Loss 0.1100 | LR 1.82e-05 | phase_samples=186576
2026-05-18 16:12:51,327  INFO  [allava] Step 5830/26578 | Loss 0.1164 | LR 1.82e-05 | phase_samples=186584
2026-05-18 16:13:17,477  INFO  [allava] Step 5840/26578 | Loss 4.7558 | LR 1.82e-05 | phase_samples=186880
2026-05-18 16:13:17,853  INFO  [allava] Step 5840/26578 | Loss 0.1313 | LR 1.82e-05 | phase_samples=186888
2026-05-18 16:13:18,959  INFO  [allava] Step 5840/26578 | Loss 0.1280 | LR 1.82e-05 | phase_samples=186896
2026-05-18 16:13:19,339  INFO  [allava] Step 5840/26578 | Loss 0.1258 | LR 1.82e-05 | phase_samples=186904
2026-05-18 16:13:47,376  INFO  [allava] Step 5850/26578 | Loss 4.7873 | LR 1.82e-05 | phase_samples=187200
2026-05-18 16:13:47,760  INFO  [allava] Step 5850/26578 | Loss 0.1647 | LR 1.82e-05 | phase_samples=187208
2026-05-18 16:13:48,942  INFO  [allava] Step 5850/26578 | Loss 0.1407 | LR 1.82e-05 | phase_samples=187216
2026-05-18 16:13:49,320  INFO  [allava] Step 5850/26578 | Loss 0.1390 | LR 1.82e-05 | phase_samples=187224
2026-05-18 16:14:16,159  INFO  [allava] Step 5860/26578 | Loss 4.9494 | LR 1.82e-05 | phase_samples=187520
2026-05-18 16:14:16,985  INFO  [allava] Step 5860/26578 | Loss 0.1087 | LR 1.82e-05 | phase_samples=187528
2026-05-18 16:14:17,351  INFO  [allava] Step 5860/26578 | Loss 0.1168 | LR 1.82e-05 | phase_samples=187536
2026-05-18 16:14:18,434  INFO  [allava] Step 5860/26578 | Loss 0.1384 | LR 1.82e-05 | phase_samples=187544
2026-05-18 16:14:48,240  INFO  [allava] Step 5870/26578 | Loss 4.7538 | LR 1.81e-05 | phase_samples=187840
2026-05-18 16:14:48,612  INFO  [allava] Step 5870/26578 | Loss 0.1152 | LR 1.81e-05 | phase_samples=187848
2026-05-18 16:14:49,861  INFO  [allava] Step 5870/26578 | Loss 0.1389 | LR 1.81e-05 | phase_samples=187856
2026-05-18 16:14:50,251  INFO  [allava] Step 5870/26578 | Loss 0.1313 | LR 1.81e-05 | phase_samples=187864
2026-05-18 16:15:19,746  INFO  [allava] Step 5880/26578 | Loss 4.8390 | LR 1.81e-05 | phase_samples=188160
2026-05-18 16:15:20,106  INFO  [allava] Step 5880/26578 | Loss 0.1487 | LR 1.81e-05 | phase_samples=188168
2026-05-18 16:15:20,943  INFO  [allava] Step 5880/26578 | Loss 0.1406 | LR 1.81e-05 | phase_samples=188176
2026-05-18 16:15:21,398  INFO  [allava] Step 5880/26578 | Loss 0.1299 | LR 1.81e-05 | phase_samples=188184
2026-05-18 16:15:50,260  INFO  [allava] Step 5890/26578 | Loss 4.7410 | LR 1.81e-05 | phase_samples=188480
2026-05-18 16:15:50,892  INFO  [allava] Step 5890/26578 | Loss 0.1165 | LR 1.81e-05 | phase_samples=188488
2026-05-18 16:15:51,746  INFO  [allava] Step 5890/26578 | Loss 0.1268 | LR 1.81e-05 | phase_samples=188496
2026-05-18 16:15:52,423  INFO  [allava] Step 5890/26578 | Loss 0.1321 | LR 1.81e-05 | phase_samples=188504
2026-05-18 16:16:19,742  INFO  [allava] Step 5900/26578 | Loss 4.7910 | LR 1.81e-05 | phase_samples=188800
2026-05-18 16:16:20,784  INFO  [allava] Step 5900/26578 | Loss 0.1021 | LR 1.81e-05 | phase_samples=188808
2026-05-18 16:16:21,097  INFO  [allava] Step 5900/26578 | Loss 0.1180 | LR 1.81e-05 | phase_samples=188816
2026-05-18 16:16:22,323  INFO  [allava] Step 5900/26578 | Loss 0.1304 | LR 1.81e-05 | phase_samples=188824
2026-05-18 16:16:48,116  INFO  [allava] Step 5910/26578 | Loss 4.6801 | LR 1.81e-05 | phase_samples=189120
2026-05-18 16:16:48,985  INFO  [allava] Step 5910/26578 | Loss 0.1459 | LR 1.81e-05 | phase_samples=189128
2026-05-18 16:16:49,354  INFO  [allava] Step 5910/26578 | Loss 0.1168 | LR 1.81e-05 | phase_samples=189136
2026-05-18 16:16:50,150  INFO  [allava] Step 5910/26578 | Loss 0.1429 | LR 1.81e-05 | phase_samples=189144
2026-05-18 16:17:16,063  INFO  [allava] Step 5920/26578 | Loss 4.8704 | LR 1.81e-05 | phase_samples=189440
2026-05-18 16:17:16,556  INFO  [allava] Step 5920/26578 | Loss 0.1173 | LR 1.81e-05 | phase_samples=189448
2026-05-18 16:17:17,051  INFO  [allava] Step 5920/26578 | Loss 0.1167 | LR 1.81e-05 | phase_samples=189456
2026-05-18 16:17:18,046  INFO  [allava] Step 5920/26578 | Loss 0.1135 | LR 1.81e-05 | phase_samples=189464
2026-05-18 16:17:45,852  INFO  [allava] Step 5930/26578 | Loss 4.9349 | LR 1.81e-05 | phase_samples=189760
2026-05-18 16:17:46,218  INFO  [allava] Step 5930/26578 | Loss 0.1488 | LR 1.81e-05 | phase_samples=189768
2026-05-18 16:17:47,305  INFO  [allava] Step 5930/26578 | Loss 0.1110 | LR 1.81e-05 | phase_samples=189776
2026-05-18 16:17:47,788  INFO  [allava] Step 5930/26578 | Loss 0.1474 | LR 1.81e-05 | phase_samples=189784
2026-05-18 16:18:15,487  INFO  [allava] Step 5940/26578 | Loss 4.6588 | LR 1.81e-05 | phase_samples=190080
2026-05-18 16:18:15,971  INFO  [allava] Step 5940/26578 | Loss 0.1138 | LR 1.81e-05 | phase_samples=190088
2026-05-18 16:18:17,168  INFO  [allava] Step 5940/26578 | Loss 0.1162 | LR 1.81e-05 | phase_samples=190096
2026-05-18 16:18:17,607  INFO  [allava] Step 5940/26578 | Loss 0.1033 | LR 1.81e-05 | phase_samples=190104
2026-05-18 16:18:46,380  INFO  [allava] Step 5950/26578 | Loss 4.8723 | LR 1.81e-05 | phase_samples=190400
2026-05-18 16:18:46,734  INFO  [allava] Step 5950/26578 | Loss 0.1032 | LR 1.81e-05 | phase_samples=190408
2026-05-18 16:18:47,970  INFO  [allava] Step 5950/26578 | Loss 0.1554 | LR 1.81e-05 | phase_samples=190416
2026-05-18 16:18:48,367  INFO  [allava] Step 5950/26578 | Loss 0.1226 | LR 1.81e-05 | phase_samples=190424
2026-05-18 16:19:17,143  INFO  [allava] Step 5960/26578 | Loss 4.8571 | LR 1.81e-05 | phase_samples=190720
2026-05-18 16:19:17,500  INFO  [allava] Step 5960/26578 | Loss 0.1317 | LR 1.81e-05 | phase_samples=190728
2026-05-18 16:19:18,722  INFO  [allava] Step 5960/26578 | Loss 0.1435 | LR 1.81e-05 | phase_samples=190736
2026-05-18 16:19:19,112  INFO  [allava] Step 5960/26578 | Loss 0.1436 | LR 1.81e-05 | phase_samples=190744
2026-05-18 16:19:48,774  INFO  [allava] Step 5970/26578 | Loss 4.7651 | LR 1.81e-05 | phase_samples=191040
2026-05-18 16:19:49,150  INFO  [allava] Step 5970/26578 | Loss 0.1232 | LR 1.81e-05 | phase_samples=191048
2026-05-18 16:19:50,278  INFO  [allava] Step 5970/26578 | Loss 0.1178 | LR 1.81e-05 | phase_samples=191056
2026-05-18 16:19:50,854  INFO  [allava] Step 5970/26578 | Loss 0.1262 | LR 1.81e-05 | phase_samples=191064
2026-05-18 16:20:21,074  INFO  [allava] Step 5980/26578 | Loss 4.8204 | LR 1.81e-05 | phase_samples=191360
2026-05-18 16:20:21,435  INFO  [allava] Step 5980/26578 | Loss 0.1369 | LR 1.81e-05 | phase_samples=191368
2026-05-18 16:20:22,153  INFO  [allava] Step 5980/26578 | Loss 0.1163 | LR 1.81e-05 | phase_samples=191376
2026-05-18 16:20:22,520  INFO  [allava] Step 5980/26578 | Loss 0.0903 | LR 1.81e-05 | phase_samples=191384
2026-05-18 16:20:49,395  INFO  [allava] Step 5990/26578 | Loss 4.9681 | LR 1.81e-05 | phase_samples=191680
2026-05-18 16:20:50,248  INFO  [allava] Step 5990/26578 | Loss 0.1274 | LR 1.81e-05 | phase_samples=191688
2026-05-18 16:20:50,653  INFO  [allava] Step 5990/26578 | Loss 0.1334 | LR 1.81e-05 | phase_samples=191696
2026-05-18 16:20:51,597  INFO  [allava] Step 5990/26578 | Loss 0.1583 | LR 1.81e-05 | phase_samples=191704
2026-05-18 16:21:19,908  INFO  [allava] Step 6000/26578 | Loss 4.7484 | LR 1.81e-05 | phase_samples=192000
2026-05-18 16:21:20,671  INFO  [allava] Step 6000/26578 | Loss 0.1333 | LR 1.81e-05 | phase_samples=192008
2026-05-18 16:21:21,616  INFO  [allava] Step 6000/26578 | Loss 0.1226 | LR 1.81e-05 | phase_samples=192016
2026-05-18 16:21:22,358  INFO  [allava] Step 6000/26578 | Loss 0.1594 | LR 1.81e-05 | phase_samples=192024
2026-05-18 16:21:52,391  INFO  [allava] Step 6010/26578 | Loss 4.7578 | LR 1.80e-05 | phase_samples=192320
2026-05-18 16:21:52,839  INFO  [allava] Step 6010/26578 | Loss 0.1384 | LR 1.80e-05 | phase_samples=192328
2026-05-18 16:21:53,864  INFO  [allava] Step 6010/26578 | Loss 0.1435 | LR 1.80e-05 | phase_samples=192336
2026-05-18 16:21:54,235  INFO  [allava] Step 6010/26578 | Loss 0.1629 | LR 1.80e-05 | phase_samples=192344
2026-05-18 16:22:22,589  INFO  [allava] Step 6020/26578 | Loss 5.0081 | LR 1.80e-05 | phase_samples=192640
2026-05-18 16:22:23,487  INFO  [allava] Step 6020/26578 | Loss 0.1113 | LR 1.80e-05 | phase_samples=192648
2026-05-18 16:22:24,043  INFO  [allava] Step 6020/26578 | Loss 0.1565 | LR 1.80e-05 | phase_samples=192656
2026-05-18 16:22:24,766  INFO  [allava] Step 6020/26578 | Loss 0.1681 | LR 1.80e-05 | phase_samples=192664
2026-05-18 16:22:54,288  INFO  [allava] Step 6030/26578 | Loss 4.8041 | LR 1.80e-05 | phase_samples=192960
2026-05-18 16:22:55,042  INFO  [allava] Step 6030/26578 | Loss 0.1288 | LR 1.80e-05 | phase_samples=192968
2026-05-18 16:22:55,440  INFO  [allava] Step 6030/26578 | Loss 0.1261 | LR 1.80e-05 | phase_samples=192976
2026-05-18 16:22:56,556  INFO  [allava] Step 6030/26578 | Loss 0.1544 | LR 1.80e-05 | phase_samples=192984
2026-05-18 16:23:23,657  INFO  [allava] Step 6040/26578 | Loss 4.9786 | LR 1.80e-05 | phase_samples=193280
2026-05-18 16:23:25,044  INFO  [allava] Step 6040/26578 | Loss 0.1447 | LR 1.80e-05 | phase_samples=193288
2026-05-18 16:23:25,387  INFO  [allava] Step 6040/26578 | Loss 0.1225 | LR 1.80e-05 | phase_samples=193296
2026-05-18 16:23:27,001  INFO  [allava] Step 6040/26578 | Loss 0.1152 | LR 1.80e-05 | phase_samples=193304
2026-05-18 16:23:55,308  INFO  [allava] Step 6050/26578 | Loss 4.7786 | LR 1.80e-05 | phase_samples=193600
2026-05-18 16:23:56,146  INFO  [allava] Step 6050/26578 | Loss 0.1398 | LR 1.80e-05 | phase_samples=193608
2026-05-18 16:23:56,563  INFO  [allava] Step 6050/26578 | Loss 0.1443 | LR 1.80e-05 | phase_samples=193616
2026-05-18 16:23:57,626  INFO  [allava] Step 6050/26578 | Loss 0.1569 | LR 1.80e-05 | phase_samples=193624
2026-05-18 16:24:26,297  INFO  [allava] Step 6060/26578 | Loss 5.0129 | LR 1.80e-05 | phase_samples=193920
2026-05-18 16:24:27,089  INFO  [allava] Step 6060/26578 | Loss 0.1080 | LR 1.80e-05 | phase_samples=193928
2026-05-18 16:24:27,483  INFO  [allava] Step 6060/26578 | Loss 0.1552 | LR 1.80e-05 | phase_samples=193936
2026-05-18 16:24:28,798  INFO  [allava] Step 6060/26578 | Loss 0.1320 | LR 1.80e-05 | phase_samples=193944
2026-05-18 16:24:58,190  INFO  [allava] Step 6070/26578 | Loss 4.8397 | LR 1.80e-05 | phase_samples=194240
2026-05-18 16:24:59,805  INFO  [allava] Step 6070/26578 | Loss 0.1335 | LR 1.80e-05 | phase_samples=194248
2026-05-18 16:25:00,175  INFO  [allava] Step 6070/26578 | Loss 0.1297 | LR 1.80e-05 | phase_samples=194256
2026-05-18 16:25:01,494  INFO  [allava] Step 6070/26578 | Loss 0.1435 | LR 1.80e-05 | phase_samples=194264
2026-05-18 16:25:30,092  INFO  [allava] Step 6080/26578 | Loss 4.7667 | LR 1.80e-05 | phase_samples=194560
2026-05-18 16:25:31,273  INFO  [allava] Step 6080/26578 | Loss 0.1575 | LR 1.80e-05 | phase_samples=194568
2026-05-18 16:25:31,702  INFO  [allava] Step 6080/26578 | Loss 0.1346 | LR 1.80e-05 | phase_samples=194576
2026-05-18 16:25:32,664  INFO  [allava] Step 6080/26578 | Loss 0.1213 | LR 1.80e-05 | phase_samples=194584
2026-05-18 16:26:01,771  INFO  [allava] Step 6090/26578 | Loss 4.6443 | LR 1.80e-05 | phase_samples=194880
2026-05-18 16:26:03,322  INFO  [allava] Step 6090/26578 | Loss 0.1229 | LR 1.80e-05 | phase_samples=194888
2026-05-18 16:26:03,699  INFO  [allava] Step 6090/26578 | Loss 0.1116 | LR 1.80e-05 | phase_samples=194896
2026-05-18 16:26:04,580  INFO  [allava] Step 6090/26578 | Loss 0.1442 | LR 1.80e-05 | phase_samples=194904
2026-05-18 16:26:31,119  INFO  [allava] Step 6100/26578 | Loss 4.7423 | LR 1.80e-05 | phase_samples=195200
2026-05-18 16:26:31,488  INFO  [allava] Step 6100/26578 | Loss 0.1448 | LR 1.80e-05 | phase_samples=195208
2026-05-18 16:26:31,857  INFO  [allava] Step 6100/26578 | Loss 0.0982 | LR 1.80e-05 | phase_samples=195216
2026-05-18 16:26:32,240  INFO  [allava] Step 6100/26578 | Loss 0.1148 | LR 1.80e-05 | phase_samples=195224
2026-05-18 16:26:48,603  INFO  [allava] Step 6110/26578 | Loss 4.9471 | LR 1.80e-05 | phase_samples=195520
2026-05-18 16:26:48,992  INFO  [allava] Step 6110/26578 | Loss 0.1269 | LR 1.80e-05 | phase_samples=195528
2026-05-18 16:26:49,375  INFO  [allava] Step 6110/26578 | Loss 0.0823 | LR 1.80e-05 | phase_samples=195536
2026-05-18 16:26:49,762  INFO  [allava] Step 6110/26578 | Loss 0.1266 | LR 1.80e-05 | phase_samples=195544
2026-05-18 16:27:05,184  INFO  [allava] Step 6120/26578 | Loss 4.7939 | LR 1.80e-05 | phase_samples=195840
2026-05-18 16:27:05,565  INFO  [allava] Step 6120/26578 | Loss 0.1340 | LR 1.80e-05 | phase_samples=195848
2026-05-18 16:27:05,941  INFO  [allava] Step 6120/26578 | Loss 0.1244 | LR 1.80e-05 | phase_samples=195856
2026-05-18 16:27:06,396  INFO  [allava] Step 6120/26578 | Loss 0.1207 | LR 1.80e-05 | phase_samples=195864
2026-05-18 16:27:22,196  INFO  [allava] Step 6130/26578 | Loss 4.8195 | LR 1.80e-05 | phase_samples=196160
2026-05-18 16:27:22,535  INFO  [allava] Step 6130/26578 | Loss 0.0951 | LR 1.80e-05 | phase_samples=196168
2026-05-18 16:27:22,884  INFO  [allava] Step 6130/26578 | Loss 0.1443 | LR 1.80e-05 | phase_samples=196176
2026-05-18 16:27:23,282  INFO  [allava] Step 6130/26578 | Loss 0.1132 | LR 1.80e-05 | phase_samples=196184
2026-05-18 16:27:39,011  INFO  [allava] Step 6140/26578 | Loss 4.9462 | LR 1.80e-05 | phase_samples=196480
2026-05-18 16:27:39,376  INFO  [allava] Step 6140/26578 | Loss 0.1008 | LR 1.80e-05 | phase_samples=196488
2026-05-18 16:27:39,769  INFO  [allava] Step 6140/26578 | Loss 0.1215 | LR 1.80e-05 | phase_samples=196496
2026-05-18 16:27:40,164  INFO  [allava] Step 6140/26578 | Loss 0.1100 | LR 1.80e-05 | phase_samples=196504
2026-05-18 16:27:55,866  INFO  [allava] Step 6150/26578 | Loss 4.6826 | LR 1.79e-05 | phase_samples=196800
2026-05-18 16:27:56,285  INFO  [allava] Step 6150/26578 | Loss 0.1342 | LR 1.79e-05 | phase_samples=196808
2026-05-18 16:27:56,665  INFO  [allava] Step 6150/26578 | Loss 0.1255 | LR 1.79e-05 | phase_samples=196816
2026-05-18 16:27:57,078  INFO  [allava] Step 6150/26578 | Loss 0.1328 | LR 1.79e-05 | phase_samples=196824
2026-05-18 16:28:13,621  INFO  [allava] Step 6160/26578 | Loss 4.8082 | LR 1.79e-05 | phase_samples=197120
2026-05-18 16:28:13,991  INFO  [allava] Step 6160/26578 | Loss 0.1027 | LR 1.79e-05 | phase_samples=197128
2026-05-18 16:28:14,383  INFO  [allava] Step 6160/26578 | Loss 0.1348 | LR 1.79e-05 | phase_samples=197136
2026-05-18 16:28:14,782  INFO  [allava] Step 6160/26578 | Loss 0.1327 | LR 1.79e-05 | phase_samples=197144
2026-05-18 16:28:30,760  INFO  [allava] Step 6170/26578 | Loss 4.9039 | LR 1.79e-05 | phase_samples=197440
2026-05-18 16:28:31,147  INFO  [allava] Step 6170/26578 | Loss 0.1407 | LR 1.79e-05 | phase_samples=197448
2026-05-18 16:28:31,507  INFO  [allava] Step 6170/26578 | Loss 0.1305 | LR 1.79e-05 | phase_samples=197456
2026-05-18 16:28:31,904  INFO  [allava] Step 6170/26578 | Loss 0.1443 | LR 1.79e-05 | phase_samples=197464
2026-05-18 16:28:47,482  INFO  [allava] Step 6180/26578 | Loss 4.9003 | LR 1.79e-05 | phase_samples=197760
2026-05-18 16:28:47,850  INFO  [allava] Step 6180/26578 | Loss 0.1525 | LR 1.79e-05 | phase_samples=197768
2026-05-18 16:28:48,197  INFO  [allava] Step 6180/26578 | Loss 0.1388 | LR 1.79e-05 | phase_samples=197776
2026-05-18 16:28:48,594  INFO  [allava] Step 6180/26578 | Loss 0.1357 | LR 1.79e-05 | phase_samples=197784
2026-05-18 16:29:04,088  INFO  [allava] Step 6190/26578 | Loss 4.7067 | LR 1.79e-05 | phase_samples=198080
2026-05-18 16:29:04,426  INFO  [allava] Step 6190/26578 | Loss 0.1370 | LR 1.79e-05 | phase_samples=198088
2026-05-18 16:29:04,799  INFO  [allava] Step 6190/26578 | Loss 0.1098 | LR 1.79e-05 | phase_samples=198096
2026-05-18 16:29:05,257  INFO  [allava] Step 6190/26578 | Loss 0.1544 | LR 1.79e-05 | phase_samples=198104
2026-05-18 16:29:20,628  INFO  [allava] Step 6200/26578 | Loss 4.9158 | LR 1.79e-05 | phase_samples=198400
2026-05-18 16:29:20,996  INFO  [allava] Step 6200/26578 | Loss 0.1181 | LR 1.79e-05 | phase_samples=198408
2026-05-18 16:29:21,372  INFO  [allava] Step 6200/26578 | Loss 0.1052 | LR 1.79e-05 | phase_samples=198416
2026-05-18 16:29:21,765  INFO  [allava] Step 6200/26578 | Loss 0.1480 | LR 1.79e-05 | phase_samples=198424
2026-05-18 16:29:37,511  INFO  [allava] Step 6210/26578 | Loss 4.8725 | LR 1.79e-05 | phase_samples=198720
2026-05-18 16:29:37,865  INFO  [allava] Step 6210/26578 | Loss 0.1414 | LR 1.79e-05 | phase_samples=198728
2026-05-18 16:29:38,259  INFO  [allava] Step 6210/26578 | Loss 0.1376 | LR 1.79e-05 | phase_samples=198736
2026-05-18 16:29:38,634  INFO  [allava] Step 6210/26578 | Loss 0.0903 | LR 1.79e-05 | phase_samples=198744
2026-05-18 16:29:53,964  INFO  [allava] Step 6220/26578 | Loss 4.8602 | LR 1.79e-05 | phase_samples=199040
2026-05-18 16:29:54,319  INFO  [allava] Step 6220/26578 | Loss 0.1346 | LR 1.79e-05 | phase_samples=199048
2026-05-18 16:29:54,751  INFO  [allava] Step 6220/26578 | Loss 0.1395 | LR 1.79e-05 | phase_samples=199056
2026-05-18 16:29:55,157  INFO  [allava] Step 6220/26578 | Loss 0.1181 | LR 1.79e-05 | phase_samples=199064
2026-05-18 16:30:10,511  INFO  [allava] Step 6230/26578 | Loss 4.5993 | LR 1.79e-05 | phase_samples=199360
2026-05-18 16:30:10,872  INFO  [allava] Step 6230/26578 | Loss 0.1394 | LR 1.79e-05 | phase_samples=199368
2026-05-18 16:30:11,272  INFO  [allava] Step 6230/26578 | Loss 0.1227 | LR 1.79e-05 | phase_samples=199376
2026-05-18 16:30:11,616  INFO  [allava] Step 6230/26578 | Loss 0.1160 | LR 1.79e-05 | phase_samples=199384
2026-05-18 16:30:32,870  INFO  [allava] Step 6240/26578 | Loss 4.8872 | LR 1.79e-05 | phase_samples=199680
2026-05-18 16:30:33,693  INFO  [allava] Step 6240/26578 | Loss 0.1452 | LR 1.79e-05 | phase_samples=199688
2026-05-18 16:30:34,034  INFO  [allava] Step 6240/26578 | Loss 0.1035 | LR 1.79e-05 | phase_samples=199696
2026-05-18 16:30:35,223  INFO  [allava] Step 6240/26578 | Loss 0.1249 | LR 1.79e-05 | phase_samples=199704
2026-05-18 16:31:06,389  INFO  [allava] Step 6250/26578 | Loss 5.0310 | LR 1.79e-05 | phase_samples=200000
2026-05-18 16:31:06,769  INFO  [allava] Step 6250/26578 | Loss 0.1272 | LR 1.79e-05 | phase_samples=200008
2026-05-18 16:31:07,978  INFO  [allava] Step 6250/26578 | Loss 0.1203 | LR 1.79e-05 | phase_samples=200016
2026-05-18 16:31:08,399  INFO  [allava] Step 6250/26578 | Loss 0.1423 | LR 1.79e-05 | phase_samples=200024
2026-05-18 16:31:37,443  INFO  [allava] Step 6260/26578 | Loss 4.8080 | LR 1.79e-05 | phase_samples=200320
2026-05-18 16:31:38,179  INFO  [allava] Step 6260/26578 | Loss 0.1131 | LR 1.79e-05 | phase_samples=200328
2026-05-18 16:31:39,118  INFO  [allava] Step 6260/26578 | Loss 0.1501 | LR 1.79e-05 | phase_samples=200336
2026-05-18 16:31:39,630  INFO  [allava] Step 6260/26578 | Loss 0.1318 | LR 1.79e-05 | phase_samples=200344
2026-05-18 16:32:11,138  INFO  [allava] Step 6270/26578 | Loss 4.8798 | LR 1.79e-05 | phase_samples=200640
2026-05-18 16:32:12,217  INFO  [allava] Step 6270/26578 | Loss 0.1597 | LR 1.79e-05 | phase_samples=200648
2026-05-18 16:32:12,586  INFO  [allava] Step 6270/26578 | Loss 0.1348 | LR 1.79e-05 | phase_samples=200656
2026-05-18 16:32:13,428  INFO  [allava] Step 6270/26578 | Loss 0.1292 | LR 1.79e-05 | phase_samples=200664
2026-05-18 16:32:42,225  INFO  [allava] Step 6280/26578 | Loss 4.9501 | LR 1.78e-05 | phase_samples=200960
2026-05-18 16:32:42,988  INFO  [allava] Step 6280/26578 | Loss 0.1303 | LR 1.78e-05 | phase_samples=200968
2026-05-18 16:32:43,379  INFO  [allava] Step 6280/26578 | Loss 0.1233 | LR 1.78e-05 | phase_samples=200976
2026-05-18 16:32:44,598  INFO  [allava] Step 6280/26578 | Loss 0.1139 | LR 1.78e-05 | phase_samples=200984
2026-05-18 16:33:15,928  INFO  [allava] Step 6290/26578 | Loss 4.7600 | LR 1.78e-05 | phase_samples=201280
2026-05-18 16:33:17,406  INFO  [allava] Step 6290/26578 | Loss 0.1176 | LR 1.78e-05 | phase_samples=201288
2026-05-18 16:33:17,793  INFO  [allava] Step 6290/26578 | Loss 0.1559 | LR 1.78e-05 | phase_samples=201296
2026-05-18 16:33:18,662  INFO  [allava] Step 6290/26578 | Loss 0.1337 | LR 1.78e-05 | phase_samples=201304
2026-05-18 16:33:47,066  INFO  [allava] Step 6300/26578 | Loss 4.8042 | LR 1.78e-05 | phase_samples=201600
2026-05-18 16:33:47,811  INFO  [allava] Step 6300/26578 | Loss 0.1124 | LR 1.78e-05 | phase_samples=201608
2026-05-18 16:33:48,203  INFO  [allava] Step 6300/26578 | Loss 0.1517 | LR 1.78e-05 | phase_samples=201616
2026-05-18 16:33:49,375  INFO  [allava] Step 6300/26578 | Loss 0.1277 | LR 1.78e-05 | phase_samples=201624
2026-05-18 16:34:18,034  INFO  [allava] Step 6310/26578 | Loss 4.8188 | LR 1.78e-05 | phase_samples=201920
2026-05-18 16:34:18,863  INFO  [allava] Step 6310/26578 | Loss 0.1251 | LR 1.78e-05 | phase_samples=201928
2026-05-18 16:34:19,307  INFO  [allava] Step 6310/26578 | Loss 0.1448 | LR 1.78e-05 | phase_samples=201936
2026-05-18 16:34:20,568  INFO  [allava] Step 6310/26578 | Loss 0.1433 | LR 1.78e-05 | phase_samples=201944
2026-05-18 16:34:51,741  INFO  [allava] Step 6320/26578 | Loss 4.8034 | LR 1.78e-05 | phase_samples=202240
2026-05-18 16:34:52,593  INFO  [allava] Step 6320/26578 | Loss 0.1102 | LR 1.78e-05 | phase_samples=202248
2026-05-18 16:34:53,019  INFO  [allava] Step 6320/26578 | Loss 0.1561 | LR 1.78e-05 | phase_samples=202256
2026-05-18 16:34:53,934  INFO  [allava] Step 6320/26578 | Loss 0.1391 | LR 1.78e-05 | phase_samples=202264
2026-05-18 16:35:23,041  INFO  [allava] Step 6330/26578 | Loss 5.0049 | LR 1.78e-05 | phase_samples=202560
2026-05-18 16:35:23,427  INFO  [allava] Step 6330/26578 | Loss 0.1341 | LR 1.78e-05 | phase_samples=202568
2026-05-18 16:35:24,657  INFO  [allava] Step 6330/26578 | Loss 0.1364 | LR 1.78e-05 | phase_samples=202576
2026-05-18 16:35:25,082  INFO  [allava] Step 6330/26578 | Loss 0.1413 | LR 1.78e-05 | phase_samples=202584
2026-05-18 16:35:54,485  INFO  [allava] Step 6340/26578 | Loss 4.7964 | LR 1.78e-05 | phase_samples=202880
2026-05-18 16:35:54,904  INFO  [allava] Step 6340/26578 | Loss 0.1413 | LR 1.78e-05 | phase_samples=202888
2026-05-18 16:35:55,439  INFO  [allava] Step 6340/26578 | Loss 0.1100 | LR 1.78e-05 | phase_samples=202896
2026-05-18 16:35:55,924  INFO  [allava] Step 6340/26578 | Loss 0.1561 | LR 1.78e-05 | phase_samples=202904
2026-05-18 16:36:25,571  INFO  [allava] Step 6350/26578 | Loss 4.8409 | LR 1.78e-05 | phase_samples=203200
2026-05-18 16:36:26,612  INFO  [allava] Step 6350/26578 | Loss 0.1430 | LR 1.78e-05 | phase_samples=203208
2026-05-18 16:36:27,241  INFO  [allava] Step 6350/26578 | Loss 0.1284 | LR 1.78e-05 | phase_samples=203216
2026-05-18 16:36:27,931  INFO  [allava] Step 6350/26578 | Loss 0.1387 | LR 1.78e-05 | phase_samples=203224
2026-05-18 16:36:58,623  INFO  [allava] Step 6360/26578 | Loss 4.7119 | LR 1.78e-05 | phase_samples=203520
2026-05-18 16:36:59,651  INFO  [allava] Step 6360/26578 | Loss 0.1298 | LR 1.78e-05 | phase_samples=203528
2026-05-18 16:37:00,028  INFO  [allava] Step 6360/26578 | Loss 0.1051 | LR 1.78e-05 | phase_samples=203536
2026-05-18 16:37:01,019  INFO  [allava] Step 6360/26578 | Loss 0.1156 | LR 1.78e-05 | phase_samples=203544
2026-05-18 16:37:31,416  INFO  [allava] Step 6370/26578 | Loss 4.7230 | LR 1.78e-05 | phase_samples=203840
2026-05-18 16:37:32,521  INFO  [allava] Step 6370/26578 | Loss 0.1393 | LR 1.78e-05 | phase_samples=203848
2026-05-18 16:37:32,869  INFO  [allava] Step 6370/26578 | Loss 0.1285 | LR 1.78e-05 | phase_samples=203856
2026-05-18 16:37:33,935  INFO  [allava] Step 6370/26578 | Loss 0.1414 | LR 1.78e-05 | phase_samples=203864
2026-05-18 16:38:02,949  INFO  [allava] Step 6380/26578 | Loss 4.7825 | LR 1.78e-05 | phase_samples=204160
2026-05-18 16:38:03,655  INFO  [allava] Step 6380/26578 | Loss 0.1268 | LR 1.78e-05 | phase_samples=204168
2026-05-18 16:38:04,054  INFO  [allava] Step 6380/26578 | Loss 0.1227 | LR 1.78e-05 | phase_samples=204176
2026-05-18 16:38:05,248  INFO  [allava] Step 6380/26578 | Loss 0.1446 | LR 1.78e-05 | phase_samples=204184
2026-05-18 16:38:35,519  INFO  [allava] Step 6390/26578 | Loss 4.8804 | LR 1.78e-05 | phase_samples=204480
2026-05-18 16:38:36,781  INFO  [allava] Step 6390/26578 | Loss 0.1240 | LR 1.78e-05 | phase_samples=204488
2026-05-18 16:38:37,157  INFO  [allava] Step 6390/26578 | Loss 0.1151 | LR 1.78e-05 | phase_samples=204496
2026-05-18 16:38:38,271  INFO  [allava] Step 6390/26578 | Loss 0.1474 | LR 1.78e-05 | phase_samples=204504
2026-05-18 16:39:08,227  INFO  [allava] Step 6400/26578 | Loss 4.8525 | LR 1.78e-05 | phase_samples=204800
2026-05-18 16:39:09,196  INFO  [allava] Step 6400/26578 | Loss 0.1474 | LR 1.78e-05 | phase_samples=204808
2026-05-18 16:39:09,597  INFO  [allava] Step 6400/26578 | Loss 0.1353 | LR 1.78e-05 | phase_samples=204816
2026-05-18 16:39:10,337  INFO  [allava] Step 6400/26578 | Loss 0.1306 | LR 1.78e-05 | phase_samples=204824
2026-05-18 16:39:41,668  INFO  [allava] Step 6410/26578 | Loss 4.8306 | LR 1.78e-05 | phase_samples=205120
2026-05-18 16:39:42,401  INFO  [allava] Step 6410/26578 | Loss 0.1024 | LR 1.78e-05 | phase_samples=205128
2026-05-18 16:39:42,796  INFO  [allava] Step 6410/26578 | Loss 0.1533 | LR 1.78e-05 | phase_samples=205136
2026-05-18 16:39:44,078  INFO  [allava] Step 6410/26578 | Loss 0.1299 | LR 1.78e-05 | phase_samples=205144
2026-05-18 16:40:13,074  INFO  [allava] Step 6420/26578 | Loss 4.7734 | LR 1.77e-05 | phase_samples=205440
2026-05-18 16:40:13,946  INFO  [allava] Step 6420/26578 | Loss 0.0989 | LR 1.77e-05 | phase_samples=205448
2026-05-18 16:40:14,292  INFO  [allava] Step 6420/26578 | Loss 0.1432 | LR 1.77e-05 | phase_samples=205456
2026-05-18 16:40:15,472  INFO  [allava] Step 6420/26578 | Loss 0.1092 | LR 1.77e-05 | phase_samples=205464
2026-05-18 16:40:45,278  INFO  [allava] Step 6430/26578 | Loss 5.0760 | LR 1.77e-05 | phase_samples=205760
2026-05-18 16:40:46,348  INFO  [allava] Step 6430/26578 | Loss 0.1414 | LR 1.77e-05 | phase_samples=205768
2026-05-18 16:40:46,750  INFO  [allava] Step 6430/26578 | Loss 0.1388 | LR 1.77e-05 | phase_samples=205776
2026-05-18 16:40:47,937  INFO  [allava] Step 6430/26578 | Loss 0.1401 | LR 1.77e-05 | phase_samples=205784
2026-05-18 16:41:17,086  INFO  [allava] Step 6440/26578 | Loss 4.8237 | LR 1.77e-05 | phase_samples=206080
2026-05-18 16:41:17,849  INFO  [allava] Step 6440/26578 | Loss 0.1240 | LR 1.77e-05 | phase_samples=206088
2026-05-18 16:41:18,190  INFO  [allava] Step 6440/26578 | Loss 0.1208 | LR 1.77e-05 | phase_samples=206096
2026-05-18 16:41:19,385  INFO  [allava] Step 6440/26578 | Loss 0.1467 | LR 1.77e-05 | phase_samples=206104
2026-05-18 16:41:48,847  INFO  [allava] Step 6450/26578 | Loss 4.6994 | LR 1.77e-05 | phase_samples=206400
2026-05-18 16:41:49,962  INFO  [allava] Step 6450/26578 | Loss 0.1086 | LR 1.77e-05 | phase_samples=206408
2026-05-18 16:41:50,310  INFO  [allava] Step 6450/26578 | Loss 0.1120 | LR 1.77e-05 | phase_samples=206416
2026-05-18 16:41:51,555  INFO  [allava] Step 6450/26578 | Loss 0.1415 | LR 1.77e-05 | phase_samples=206424
2026-05-18 16:42:20,775  INFO  [allava] Step 6460/26578 | Loss 4.8021 | LR 1.77e-05 | phase_samples=206720
2026-05-18 16:42:21,658  INFO  [allava] Step 6460/26578 | Loss 0.1229 | LR 1.77e-05 | phase_samples=206728
2026-05-18 16:42:22,025  INFO  [allava] Step 6460/26578 | Loss 0.1304 | LR 1.77e-05 | phase_samples=206736
2026-05-18 16:42:22,886  INFO  [allava] Step 6460/26578 | Loss 0.0991 | LR 1.77e-05 | phase_samples=206744
2026-05-18 16:42:52,273  INFO  [allava] Step 6470/26578 | Loss 4.8808 | LR 1.77e-05 | phase_samples=207040
2026-05-18 16:42:52,661  INFO  [allava] Step 6470/26578 | Loss 0.1188 | LR 1.77e-05 | phase_samples=207048
2026-05-18 16:42:53,710  INFO  [allava] Step 6470/26578 | Loss 0.1707 | LR 1.77e-05 | phase_samples=207056
2026-05-18 16:42:54,110  INFO  [allava] Step 6470/26578 | Loss 0.1196 | LR 1.77e-05 | phase_samples=207064
2026-05-18 16:43:24,442  INFO  [allava] Step 6480/26578 | Loss 4.9324 | LR 1.77e-05 | phase_samples=207360
2026-05-18 16:43:24,802  INFO  [allava] Step 6480/26578 | Loss 0.1334 | LR 1.77e-05 | phase_samples=207368
2026-05-18 16:43:25,938  INFO  [allava] Step 6480/26578 | Loss 0.1468 | LR 1.77e-05 | phase_samples=207376
2026-05-18 16:43:26,308  INFO  [allava] Step 6480/26578 | Loss 0.1152 | LR 1.77e-05 | phase_samples=207384
2026-05-18 16:43:53,030  INFO  [allava] Step 6490/26578 | Loss 4.8226 | LR 1.77e-05 | phase_samples=207680
2026-05-18 16:43:53,413  INFO  [allava] Step 6490/26578 | Loss 0.1568 | LR 1.77e-05 | phase_samples=207688
2026-05-18 16:43:54,229  INFO  [allava] Step 6490/26578 | Loss 0.1203 | LR 1.77e-05 | phase_samples=207696
2026-05-18 16:43:54,604  INFO  [allava] Step 6490/26578 | Loss 0.1270 | LR 1.77e-05 | phase_samples=207704
2026-05-18 16:44:23,157  INFO  [allava] Step 6500/26578 | Loss 4.7867 | LR 1.77e-05 | phase_samples=208000
2026-05-18 16:44:23,933  INFO  [allava] Step 6500/26578 | Loss 0.1290 | LR 1.77e-05 | phase_samples=208008
2026-05-18 16:44:24,563  INFO  [allava] Step 6500/26578 | Loss 0.1610 | LR 1.77e-05 | phase_samples=208016
2026-05-18 16:44:25,550  INFO  [allava] Step 6500/26578 | Loss 0.1227 | LR 1.77e-05 | phase_samples=208024
2026-05-18 16:44:54,905  INFO  [allava] Step 6510/26578 | Loss 4.8055 | LR 1.77e-05 | phase_samples=208320
2026-05-18 16:44:55,279  INFO  [allava] Step 6510/26578 | Loss 0.1194 | LR 1.77e-05 | phase_samples=208328
2026-05-18 16:44:56,476  INFO  [allava] Step 6510/26578 | Loss 0.1392 | LR 1.77e-05 | phase_samples=208336
2026-05-18 16:44:56,827  INFO  [allava] Step 6510/26578 | Loss 0.1407 | LR 1.77e-05 | phase_samples=208344
2026-05-18 16:45:26,260  INFO  [allava] Step 6520/26578 | Loss 4.7316 | LR 1.77e-05 | phase_samples=208640
2026-05-18 16:45:27,039  INFO  [allava] Step 6520/26578 | Loss 0.1266 | LR 1.77e-05 | phase_samples=208648
2026-05-18 16:45:27,422  INFO  [allava] Step 6520/26578 | Loss 0.1674 | LR 1.77e-05 | phase_samples=208656
2026-05-18 16:45:28,180  INFO  [allava] Step 6520/26578 | Loss 0.1231 | LR 1.77e-05 | phase_samples=208664
2026-05-18 16:45:56,233  INFO  [allava] Step 6530/26578 | Loss 4.9151 | LR 1.77e-05 | phase_samples=208960
2026-05-18 16:45:56,856  INFO  [allava] Step 6530/26578 | Loss 0.1286 | LR 1.77e-05 | phase_samples=208968
2026-05-18 16:45:57,982  INFO  [allava] Step 6530/26578 | Loss 0.1350 | LR 1.77e-05 | phase_samples=208976
2026-05-18 16:45:58,362  INFO  [allava] Step 6530/26578 | Loss 0.1372 | LR 1.77e-05 | phase_samples=208984
2026-05-18 16:46:27,499  INFO  [allava] Step 6540/26578 | Loss 4.7801 | LR 1.76e-05 | phase_samples=209280
2026-05-18 16:46:27,864  INFO  [allava] Step 6540/26578 | Loss 0.1217 | LR 1.76e-05 | phase_samples=209288
2026-05-18 16:46:29,109  INFO  [allava] Step 6540/26578 | Loss 0.1303 | LR 1.76e-05 | phase_samples=209296
2026-05-18 16:46:29,480  INFO  [allava] Step 6540/26578 | Loss 0.1226 | LR 1.76e-05 | phase_samples=209304
2026-05-18 16:46:59,174  INFO  [allava] Step 6550/26578 | Loss 4.7195 | LR 1.76e-05 | phase_samples=209600
2026-05-18 16:46:59,528  INFO  [allava] Step 6550/26578 | Loss 0.1179 | LR 1.76e-05 | phase_samples=209608
2026-05-18 16:47:00,658  INFO  [allava] Step 6550/26578 | Loss 0.1023 | LR 1.76e-05 | phase_samples=209616
2026-05-18 16:47:01,032  INFO  [allava] Step 6550/26578 | Loss 0.1151 | LR 1.76e-05 | phase_samples=209624
2026-05-18 16:47:27,872  INFO  [allava] Step 6560/26578 | Loss 4.9177 | LR 1.76e-05 | phase_samples=209920
2026-05-18 16:47:28,236  INFO  [allava] Step 6560/26578 | Loss 0.1207 | LR 1.76e-05 | phase_samples=209928
2026-05-18 16:47:29,135  INFO  [allava] Step 6560/26578 | Loss 0.1285 | LR 1.76e-05 | phase_samples=209936
2026-05-18 16:47:29,566  INFO  [allava] Step 6560/26578 | Loss 0.1492 | LR 1.76e-05 | phase_samples=209944
2026-05-18 16:47:55,104  INFO  [allava] Step 6570/26578 | Loss 4.7379 | LR 1.76e-05 | phase_samples=210240
2026-05-18 16:47:55,544  INFO  [allava] Step 6570/26578 | Loss 0.1273 | LR 1.76e-05 | phase_samples=210248
2026-05-18 16:47:56,526  INFO  [allava] Step 6570/26578 | Loss 0.1279 | LR 1.76e-05 | phase_samples=210256
2026-05-18 16:47:56,926  INFO  [allava] Step 6570/26578 | Loss 0.1512 | LR 1.76e-05 | phase_samples=210264
2026-05-18 16:48:23,881  INFO  [allava] Step 6580/26578 | Loss 4.8177 | LR 1.76e-05 | phase_samples=210560
2026-05-18 16:48:24,250  INFO  [allava] Step 6580/26578 | Loss 0.1320 | LR 1.76e-05 | phase_samples=210568
2026-05-18 16:48:25,095  INFO  [allava] Step 6580/26578 | Loss 0.1308 | LR 1.76e-05 | phase_samples=210576
2026-05-18 16:48:25,493  INFO  [allava] Step 6580/26578 | Loss 0.1347 | LR 1.76e-05 | phase_samples=210584
2026-05-18 16:48:52,630  INFO  [allava] Step 6590/26578 | Loss 4.9212 | LR 1.76e-05 | phase_samples=210880
2026-05-18 16:48:53,011  INFO  [allava] Step 6590/26578 | Loss 0.1520 | LR 1.76e-05 | phase_samples=210888
2026-05-18 16:48:53,557  INFO  [allava] Step 6590/26578 | Loss 0.1188 | LR 1.76e-05 | phase_samples=210896
2026-05-18 16:48:53,930  INFO  [allava] Step 6590/26578 | Loss 0.1489 | LR 1.76e-05 | phase_samples=210904
2026-05-18 16:49:19,884  INFO  [allava] Step 6600/26578 | Loss 5.0162 | LR 1.76e-05 | phase_samples=211200
2026-05-18 16:49:20,237  INFO  [allava] Step 6600/26578 | Loss 0.1338 | LR 1.76e-05 | phase_samples=211208
2026-05-18 16:49:21,509  INFO  [allava] Step 6600/26578 | Loss 0.0948 | LR 1.76e-05 | phase_samples=211216
2026-05-18 16:49:21,931  INFO  [allava] Step 6600/26578 | Loss 0.1235 | LR 1.76e-05 | phase_samples=211224
2026-05-18 16:49:47,748  INFO  [allava] Step 6610/26578 | Loss 4.6969 | LR 1.76e-05 | phase_samples=211520
2026-05-18 16:49:49,162  INFO  [allava] Step 6610/26578 | Loss 0.1413 | LR 1.76e-05 | phase_samples=211528
2026-05-18 16:49:49,594  INFO  [allava] Step 6610/26578 | Loss 0.1548 | LR 1.76e-05 | phase_samples=211536
2026-05-18 16:49:50,557  INFO  [allava] Step 6610/26578 | Loss 0.1312 | LR 1.76e-05 | phase_samples=211544
2026-05-18 16:50:15,848  INFO  [allava] Step 6620/26578 | Loss 4.9424 | LR 1.76e-05 | phase_samples=211840
2026-05-18 16:50:16,416  INFO  [allava] Step 6620/26578 | Loss 0.0996 | LR 1.76e-05 | phase_samples=211848
2026-05-18 16:50:16,805  INFO  [allava] Step 6620/26578 | Loss 0.1207 | LR 1.76e-05 | phase_samples=211856
2026-05-18 16:50:18,217  INFO  [allava] Step 6620/26578 | Loss 0.1288 | LR 1.76e-05 | phase_samples=211864
2026-05-18 16:50:45,313  INFO  [allava] Step 6630/26578 | Loss 4.7498 | LR 1.76e-05 | phase_samples=212160
2026-05-18 16:50:46,109  INFO  [allava] Step 6630/26578 | Loss 0.1225 | LR 1.76e-05 | phase_samples=212168
2026-05-18 16:50:46,488  INFO  [allava] Step 6630/26578 | Loss 0.1177 | LR 1.76e-05 | phase_samples=212176
2026-05-18 16:50:47,551  INFO  [allava] Step 6630/26578 | Loss 0.1133 | LR 1.76e-05 | phase_samples=212184
2026-05-18 16:51:14,130  INFO  [allava] Step 6640/26578 | Loss 4.8107 | LR 1.76e-05 | phase_samples=212480
2026-05-18 16:51:15,422  INFO  [allava] Step 6640/26578 | Loss 0.1131 | LR 1.76e-05 | phase_samples=212488
2026-05-18 16:51:15,853  INFO  [allava] Step 6640/26578 | Loss 0.1512 | LR 1.76e-05 | phase_samples=212496
2026-05-18 16:51:16,965  INFO  [allava] Step 6640/26578 | Loss 0.1346 | LR 1.76e-05 | phase_samples=212504
2026-05-18 16:56:06,912  INFO  Checkpoint saved → ../checkpoints/stage2_h100/allava/step6648 | step=6648 | phase=allava | samples_seen_phase=212744 | total=212744
2026-05-18 16:56:10,432  INFO  [allava] Step 6650/26578 | Loss 4.7774 | LR 1.76e-05 | phase_samples=212800
2026-05-18 16:56:10,961  INFO  [allava] Step 6650/26578 | Loss 0.1117 | LR 1.76e-05 | phase_samples=212808
2026-05-18 16:56:11,859  INFO  [allava] Step 6650/26578 | Loss 0.1419 | LR 1.76e-05 | phase_samples=212816
2026-05-18 16:56:12,478  INFO  [allava] Step 6650/26578 | Loss 0.1410 | LR 1.76e-05 | phase_samples=212824
2026-05-18 16:56:39,038  INFO  [allava] Step 6660/26578 | Loss 4.8354 | LR 1.76e-05 | phase_samples=213120
2026-05-18 16:56:39,453  INFO  [allava] Step 6660/26578 | Loss 0.1176 | LR 1.76e-05 | phase_samples=213128
2026-05-18 16:56:40,258  INFO  [allava] Step 6660/26578 | Loss 0.1571 | LR 1.76e-05 | phase_samples=213136
2026-05-18 16:56:40,712  INFO  [allava] Step 6660/26578 | Loss 0.1236 | LR 1.76e-05 | phase_samples=213144
2026-05-18 16:57:07,415  INFO  [allava] Step 6670/26578 | Loss 4.8351 | LR 1.75e-05 | phase_samples=213440
2026-05-18 16:57:07,808  INFO  [allava] Step 6670/26578 | Loss 0.1522 | LR 1.75e-05 | phase_samples=213448
2026-05-18 16:57:08,645  INFO  [allava] Step 6670/26578 | Loss 0.1396 | LR 1.75e-05 | phase_samples=213456
2026-05-18 16:57:09,028  INFO  [allava] Step 6670/26578 | Loss 0.1455 | LR 1.75e-05 | phase_samples=213464
2026-05-18 16:57:37,100  INFO  [allava] Step 6680/26578 | Loss 4.9019 | LR 1.75e-05 | phase_samples=213760
2026-05-18 16:57:37,467  INFO  [allava] Step 6680/26578 | Loss 0.1192 | LR 1.75e-05 | phase_samples=213768
2026-05-18 16:57:38,538  INFO  [allava] Step 6680/26578 | Loss 0.1187 | LR 1.75e-05 | phase_samples=213776
2026-05-18 16:57:38,937  INFO  [allava] Step 6680/26578 | Loss 0.1393 | LR 1.75e-05 | phase_samples=213784
2026-05-18 16:58:05,827  INFO  [allava] Step 6690/26578 | Loss 4.8810 | LR 1.75e-05 | phase_samples=214080
2026-05-18 16:58:06,165  INFO  [allava] Step 6690/26578 | Loss 0.1132 | LR 1.75e-05 | phase_samples=214088
2026-05-18 16:58:07,655  INFO  [allava] Step 6690/26578 | Loss 0.1202 | LR 1.75e-05 | phase_samples=214096
2026-05-18 16:58:08,023  INFO  [allava] Step 6690/26578 | Loss 0.1326 | LR 1.75e-05 | phase_samples=214104
2026-05-18 16:58:33,998  INFO  [allava] Step 6700/26578 | Loss 4.8705 | LR 1.75e-05 | phase_samples=214400
2026-05-18 16:58:34,686  INFO  [allava] Step 6700/26578 | Loss 0.1186 | LR 1.75e-05 | phase_samples=214408
2026-05-18 16:58:35,550  INFO  [allava] Step 6700/26578 | Loss 0.1462 | LR 1.75e-05 | phase_samples=214416
2026-05-18 16:58:36,371  INFO  [allava] Step 6700/26578 | Loss 0.1105 | LR 1.75e-05 | phase_samples=214424
2026-05-18 16:59:01,761  INFO  [allava] Step 6710/26578 | Loss 4.7370 | LR 1.75e-05 | phase_samples=214720
2026-05-18 16:59:02,573  INFO  [allava] Step 6710/26578 | Loss 0.1441 | LR 1.75e-05 | phase_samples=214728
2026-05-18 16:59:03,305  INFO  [allava] Step 6710/26578 | Loss 0.1253 | LR 1.75e-05 | phase_samples=214736
2026-05-18 16:59:04,270  INFO  [allava] Step 6710/26578 | Loss 0.0977 | LR 1.75e-05 | phase_samples=214744
2026-05-18 16:59:34,236  INFO  [allava] Step 6720/26578 | Loss 4.8823 | LR 1.75e-05 | phase_samples=215040
2026-05-18 16:59:34,658  INFO  [allava] Step 6720/26578 | Loss 0.1359 | LR 1.75e-05 | phase_samples=215048
2026-05-18 16:59:35,402  INFO  [allava] Step 6720/26578 | Loss 0.1173 | LR 1.75e-05 | phase_samples=215056
2026-05-18 16:59:35,788  INFO  [allava] Step 6720/26578 | Loss 0.0769 | LR 1.75e-05 | phase_samples=215064
2026-05-18 17:00:03,072  INFO  [allava] Step 6730/26578 | Loss 5.0421 | LR 1.75e-05 | phase_samples=215360
2026-05-18 17:00:03,522  INFO  [allava] Step 6730/26578 | Loss 0.1428 | LR 1.75e-05 | phase_samples=215368
2026-05-18 17:00:04,210  INFO  [allava] Step 6730/26578 | Loss 0.1311 | LR 1.75e-05 | phase_samples=215376
2026-05-18 17:00:04,609  INFO  [allava] Step 6730/26578 | Loss 0.1327 | LR 1.75e-05 | phase_samples=215384
2026-05-18 17:00:31,334  INFO  [allava] Step 6740/26578 | Loss 4.9008 | LR 1.75e-05 | phase_samples=215680
2026-05-18 17:00:31,722  INFO  [allava] Step 6740/26578 | Loss 0.1521 | LR 1.75e-05 | phase_samples=215688
2026-05-18 17:00:32,360  INFO  [allava] Step 6740/26578 | Loss 0.1252 | LR 1.75e-05 | phase_samples=215696
2026-05-18 17:00:32,758  INFO  [allava] Step 6740/26578 | Loss 0.1246 | LR 1.75e-05 | phase_samples=215704
2026-05-18 17:00:59,762  INFO  [allava] Step 6750/26578 | Loss 4.6230 | LR 1.75e-05 | phase_samples=216000
2026-05-18 17:01:00,098  INFO  [allava] Step 6750/26578 | Loss 0.1139 | LR 1.75e-05 | phase_samples=216008
2026-05-18 17:01:01,247  INFO  [allava] Step 6750/26578 | Loss 0.1237 | LR 1.75e-05 | phase_samples=216016
2026-05-18 17:01:01,677  INFO  [allava] Step 6750/26578 | Loss 0.1373 | LR 1.75e-05 | phase_samples=216024
2026-05-18 17:01:28,306  INFO  [allava] Step 6760/26578 | Loss 4.7825 | LR 1.75e-05 | phase_samples=216320
2026-05-18 17:01:29,038  INFO  [allava] Step 6760/26578 | Loss 0.1549 | LR 1.75e-05 | phase_samples=216328
2026-05-18 17:01:29,439  INFO  [allava] Step 6760/26578 | Loss 0.1429 | LR 1.75e-05 | phase_samples=216336
2026-05-18 17:01:30,644  INFO  [allava] Step 6760/26578 | Loss 0.1365 | LR 1.75e-05 | phase_samples=216344
2026-05-18 17:01:57,451  INFO  [allava] Step 6770/26578 | Loss 4.8832 | LR 1.75e-05 | phase_samples=216640
2026-05-18 17:01:58,402  INFO  [allava] Step 6770/26578 | Loss 0.1375 | LR 1.75e-05 | phase_samples=216648
2026-05-18 17:01:58,807  INFO  [allava] Step 6770/26578 | Loss 0.1499 | LR 1.75e-05 | phase_samples=216656
2026-05-18 17:01:59,615  INFO  [allava] Step 6770/26578 | Loss 0.1284 | LR 1.75e-05 | phase_samples=216664
2026-05-18 17:02:27,345  INFO  [allava] Step 6780/26578 | Loss 4.6730 | LR 1.75e-05 | phase_samples=216960
2026-05-18 17:02:27,702  INFO  [allava] Step 6780/26578 | Loss 0.1349 | LR 1.75e-05 | phase_samples=216968
2026-05-18 17:02:29,110  INFO  [allava] Step 6780/26578 | Loss 0.1482 | LR 1.75e-05 | phase_samples=216976
2026-05-18 17:02:29,481  INFO  [allava] Step 6780/26578 | Loss 0.1420 | LR 1.75e-05 | phase_samples=216984
2026-05-18 17:02:58,273  INFO  [allava] Step 6790/26578 | Loss 4.9483 | LR 1.74e-05 | phase_samples=217280
2026-05-18 17:02:58,624  INFO  [allava] Step 6790/26578 | Loss 0.1042 | LR 1.74e-05 | phase_samples=217288
2026-05-18 17:02:59,380  INFO  [allava] Step 6790/26578 | Loss 0.1321 | LR 1.74e-05 | phase_samples=217296
2026-05-18 17:02:59,726  INFO  [allava] Step 6790/26578 | Loss 0.1277 | LR 1.74e-05 | phase_samples=217304
2026-05-18 17:03:28,354  INFO  [allava] Step 6800/26578 | Loss 4.9843 | LR 1.74e-05 | phase_samples=217600
2026-05-18 17:03:28,711  INFO  [allava] Step 6800/26578 | Loss 0.1490 | LR 1.74e-05 | phase_samples=217608
2026-05-18 17:03:29,391  INFO  [allava] Step 6800/26578 | Loss 0.1388 | LR 1.74e-05 | phase_samples=217616
2026-05-18 17:03:29,953  INFO  [allava] Step 6800/26578 | Loss 0.1386 | LR 1.74e-05 | phase_samples=217624
2026-05-18 17:03:59,866  INFO  [allava] Step 6810/26578 | Loss 4.7633 | LR 1.74e-05 | phase_samples=217920
2026-05-18 17:04:00,849  INFO  [allava] Step 6810/26578 | Loss 0.1417 | LR 1.74e-05 | phase_samples=217928
2026-05-18 17:04:01,234  INFO  [allava] Step 6810/26578 | Loss 0.1179 | LR 1.74e-05 | phase_samples=217936
2026-05-18 17:04:02,515  INFO  [allava] Step 6810/26578 | Loss 0.1330 | LR 1.74e-05 | phase_samples=217944
2026-05-18 17:04:30,549  INFO  [allava] Step 6820/26578 | Loss 4.8183 | LR 1.74e-05 | phase_samples=218240
2026-05-18 17:04:30,928  INFO  [allava] Step 6820/26578 | Loss 0.1219 | LR 1.74e-05 | phase_samples=218248
2026-05-18 17:04:31,507  INFO  [allava] Step 6820/26578 | Loss 0.1182 | LR 1.74e-05 | phase_samples=218256
2026-05-18 17:04:31,881  INFO  [allava] Step 6820/26578 | Loss 0.1542 | LR 1.74e-05 | phase_samples=218264
2026-05-18 17:05:01,290  INFO  [allava] Step 6830/26578 | Loss 4.7565 | LR 1.74e-05 | phase_samples=218560
2026-05-18 17:05:01,619  INFO  [allava] Step 6830/26578 | Loss 0.1023 | LR 1.74e-05 | phase_samples=218568
2026-05-18 17:05:02,680  INFO  [allava] Step 6830/26578 | Loss 0.1395 | LR 1.74e-05 | phase_samples=218576
2026-05-18 17:05:03,056  INFO  [allava] Step 6830/26578 | Loss 0.1135 | LR 1.74e-05 | phase_samples=218584
2026-05-18 17:05:31,996  INFO  [allava] Step 6840/26578 | Loss 5.0067 | LR 1.74e-05 | phase_samples=218880
2026-05-18 17:05:32,420  INFO  [allava] Step 6840/26578 | Loss 0.1420 | LR 1.74e-05 | phase_samples=218888
2026-05-18 17:05:33,438  INFO  [allava] Step 6840/26578 | Loss 0.1074 | LR 1.74e-05 | phase_samples=218896
2026-05-18 17:05:33,827  INFO  [allava] Step 6840/26578 | Loss 0.1102 | LR 1.74e-05 | phase_samples=218904
2026-05-18 17:06:01,356  INFO  [allava] Step 6850/26578 | Loss 4.8002 | LR 1.74e-05 | phase_samples=219200
2026-05-18 17:06:01,709  INFO  [allava] Step 6850/26578 | Loss 0.1443 | LR 1.74e-05 | phase_samples=219208
2026-05-18 17:06:02,746  INFO  [allava] Step 6850/26578 | Loss 0.1238 | LR 1.74e-05 | phase_samples=219216
2026-05-18 17:06:03,325  INFO  [allava] Step 6850/26578 | Loss 0.1430 | LR 1.74e-05 | phase_samples=219224
2026-05-18 17:06:31,685  INFO  [allava] Step 6860/26578 | Loss 4.6195 | LR 1.74e-05 | phase_samples=219520
2026-05-18 17:06:32,064  INFO  [allava] Step 6860/26578 | Loss 0.1231 | LR 1.74e-05 | phase_samples=219528
2026-05-18 17:06:32,867  INFO  [allava] Step 6860/26578 | Loss 0.1296 | LR 1.74e-05 | phase_samples=219536
2026-05-18 17:06:33,248  INFO  [allava] Step 6860/26578 | Loss 0.1390 | LR 1.74e-05 | phase_samples=219544
2026-05-18 17:07:00,287  INFO  [allava] Step 6870/26578 | Loss 4.9105 | LR 1.74e-05 | phase_samples=219840
2026-05-18 17:07:00,708  INFO  [allava] Step 6870/26578 | Loss 0.1246 | LR 1.74e-05 | phase_samples=219848
2026-05-18 17:07:01,232  INFO  [allava] Step 6870/26578 | Loss 0.1157 | LR 1.74e-05 | phase_samples=219856
2026-05-18 17:07:01,633  INFO  [allava] Step 6870/26578 | Loss 0.1358 | LR 1.74e-05 | phase_samples=219864
2026-05-18 17:07:30,679  INFO  [allava] Step 6880/26578 | Loss 4.8956 | LR 1.74e-05 | phase_samples=220160
2026-05-18 17:07:31,130  INFO  [allava] Step 6880/26578 | Loss 0.1354 | LR 1.74e-05 | phase_samples=220168
2026-05-18 17:07:32,081  INFO  [allava] Step 6880/26578 | Loss 0.1425 | LR 1.74e-05 | phase_samples=220176
2026-05-18 17:07:32,485  INFO  [allava] Step 6880/26578 | Loss 0.1318 | LR 1.74e-05 | phase_samples=220184
2026-05-18 17:07:57,376  INFO  [allava] Step 6890/26578 | Loss 4.8877 | LR 1.74e-05 | phase_samples=220480
2026-05-18 17:07:58,041  INFO  [allava] Step 6890/26578 | Loss 0.1255 | LR 1.74e-05 | phase_samples=220488
2026-05-18 17:07:58,635  INFO  [allava] Step 6890/26578 | Loss 0.1530 | LR 1.74e-05 | phase_samples=220496
2026-05-18 17:07:59,051  INFO  [allava] Step 6890/26578 | Loss 0.1117 | LR 1.74e-05 | phase_samples=220504
2026-05-18 17:08:27,316  INFO  [allava] Step 6900/26578 | Loss 4.9300 | LR 1.74e-05 | phase_samples=220800
2026-05-18 17:08:27,699  INFO  [allava] Step 6900/26578 | Loss 0.1418 | LR 1.74e-05 | phase_samples=220808
2026-05-18 17:08:28,687  INFO  [allava] Step 6900/26578 | Loss 0.1519 | LR 1.74e-05 | phase_samples=220816
2026-05-18 17:08:29,319  INFO  [allava] Step 6900/26578 | Loss 0.1329 | LR 1.74e-05 | phase_samples=220824
2026-05-18 17:08:58,235  INFO  [allava] Step 6910/26578 | Loss 4.8937 | LR 1.74e-05 | phase_samples=221120
2026-05-18 17:08:58,616  INFO  [allava] Step 6910/26578 | Loss 0.1198 | LR 1.74e-05 | phase_samples=221128
2026-05-18 17:08:59,835  INFO  [allava] Step 6910/26578 | Loss 0.1404 | LR 1.74e-05 | phase_samples=221136
2026-05-18 17:09:00,236  INFO  [allava] Step 6910/26578 | Loss 0.1282 | LR 1.74e-05 | phase_samples=221144
2026-05-18 17:09:27,053  INFO  [allava] Step 6920/26578 | Loss 4.9274 | LR 1.73e-05 | phase_samples=221440
2026-05-18 17:09:27,379  INFO  [allava] Step 6920/26578 | Loss 0.1362 | LR 1.73e-05 | phase_samples=221448
2026-05-18 17:09:28,335  INFO  [allava] Step 6920/26578 | Loss 0.1357 | LR 1.73e-05 | phase_samples=221456
2026-05-18 17:09:29,117  INFO  [allava] Step 6920/26578 | Loss 0.1511 | LR 1.73e-05 | phase_samples=221464
2026-05-18 17:09:55,843  INFO  [allava] Step 6930/26578 | Loss 4.5829 | LR 1.73e-05 | phase_samples=221760
2026-05-18 17:09:56,221  INFO  [allava] Step 6930/26578 | Loss 0.1110 | LR 1.73e-05 | phase_samples=221768
2026-05-18 17:09:57,325  INFO  [allava] Step 6930/26578 | Loss 0.1335 | LR 1.73e-05 | phase_samples=221776
2026-05-18 17:09:57,761  INFO  [allava] Step 6930/26578 | Loss 0.1368 | LR 1.73e-05 | phase_samples=221784
2026-05-18 17:10:25,684  INFO  [allava] Step 6940/26578 | Loss 4.9614 | LR 1.73e-05 | phase_samples=222080
2026-05-18 17:10:26,072  INFO  [allava] Step 6940/26578 | Loss 0.1480 | LR 1.73e-05 | phase_samples=222088
2026-05-18 17:10:27,213  INFO  [allava] Step 6940/26578 | Loss 0.1125 | LR 1.73e-05 | phase_samples=222096
2026-05-18 17:10:27,605  INFO  [allava] Step 6940/26578 | Loss 0.1575 | LR 1.73e-05 | phase_samples=222104
2026-05-18 17:10:53,258  INFO  [allava] Step 6950/26578 | Loss 4.7273 | LR 1.73e-05 | phase_samples=222400
2026-05-18 17:10:53,673  INFO  [allava] Step 6950/26578 | Loss 0.1332 | LR 1.73e-05 | phase_samples=222408
2026-05-18 17:10:54,720  INFO  [allava] Step 6950/26578 | Loss 0.1210 | LR 1.73e-05 | phase_samples=222416
2026-05-18 17:10:55,112  INFO  [allava] Step 6950/26578 | Loss 0.1286 | LR 1.73e-05 | phase_samples=222424
2026-05-18 17:11:21,584  INFO  [allava] Step 6960/26578 | Loss 4.9702 | LR 1.73e-05 | phase_samples=222720
2026-05-18 17:11:22,012  INFO  [allava] Step 6960/26578 | Loss 0.1561 | LR 1.73e-05 | phase_samples=222728
2026-05-18 17:11:23,073  INFO  [allava] Step 6960/26578 | Loss 0.1389 | LR 1.73e-05 | phase_samples=222736
2026-05-18 17:11:23,451  INFO  [allava] Step 6960/26578 | Loss 0.1403 | LR 1.73e-05 | phase_samples=222744
2026-05-18 17:11:50,851  INFO  [allava] Step 6970/26578 | Loss 4.8147 | LR 1.73e-05 | phase_samples=223040
2026-05-18 17:11:51,272  INFO  [allava] Step 6970/26578 | Loss 0.1460 | LR 1.73e-05 | phase_samples=223048
2026-05-18 17:11:52,231  INFO  [allava] Step 6970/26578 | Loss 0.1244 | LR 1.73e-05 | phase_samples=223056
2026-05-18 17:11:52,624  INFO  [allava] Step 6970/26578 | Loss 0.1474 | LR 1.73e-05 | phase_samples=223064
2026-05-18 17:12:19,194  INFO  [allava] Step 6980/26578 | Loss 4.7524 | LR 1.73e-05 | phase_samples=223360
2026-05-18 17:12:19,722  INFO  [allava] Step 6980/26578 | Loss 0.1079 | LR 1.73e-05 | phase_samples=223368
2026-05-18 17:12:20,674  INFO  [allava] Step 6980/26578 | Loss 0.1459 | LR 1.73e-05 | phase_samples=223376
2026-05-18 17:12:21,365  INFO  [allava] Step 6980/26578 | Loss 0.1200 | LR 1.73e-05 | phase_samples=223384
2026-05-18 17:12:47,348  INFO  [allava] Step 6990/26578 | Loss 4.9664 | LR 1.73e-05 | phase_samples=223680
2026-05-18 17:12:47,723  INFO  [allava] Step 6990/26578 | Loss 0.1213 | LR 1.73e-05 | phase_samples=223688
2026-05-18 17:12:48,638  INFO  [allava] Step 6990/26578 | Loss 0.1205 | LR 1.73e-05 | phase_samples=223696
2026-05-18 17:12:49,028  INFO  [allava] Step 6990/26578 | Loss 0.1629 | LR 1.73e-05 | phase_samples=223704
2026-05-18 17:13:15,841  INFO  [allava] Step 7000/26578 | Loss 4.8738 | LR 1.73e-05 | phase_samples=224000
2026-05-18 17:13:16,254  INFO  [allava] Step 7000/26578 | Loss 0.1431 | LR 1.73e-05 | phase_samples=224008
2026-05-18 17:13:17,030  INFO  [allava] Step 7000/26578 | Loss 0.1323 | LR 1.73e-05 | phase_samples=224016
2026-05-18 17:13:17,411  INFO  [allava] Step 7000/26578 | Loss 0.1335 | LR 1.73e-05 | phase_samples=224024
2026-05-18 17:13:43,909  INFO  [allava] Step 7010/26578 | Loss 4.8358 | LR 1.73e-05 | phase_samples=224320
2026-05-18 17:13:44,299  INFO  [allava] Step 7010/26578 | Loss 0.1417 | LR 1.73e-05 | phase_samples=224328
2026-05-18 17:13:44,976  INFO  [allava] Step 7010/26578 | Loss 0.1170 | LR 1.73e-05 | phase_samples=224336
2026-05-18 17:13:45,377  INFO  [allava] Step 7010/26578 | Loss 0.1634 | LR 1.73e-05 | phase_samples=224344
2026-05-18 17:14:12,157  INFO  [allava] Step 7020/26578 | Loss 4.9822 | LR 1.73e-05 | phase_samples=224640
2026-05-18 17:14:12,574  INFO  [allava] Step 7020/26578 | Loss 0.1281 | LR 1.73e-05 | phase_samples=224648
2026-05-18 17:14:12,953  INFO  [allava] Step 7020/26578 | Loss 0.1217 | LR 1.73e-05 | phase_samples=224656
2026-05-18 17:14:13,331  INFO  [allava] Step 7020/26578 | Loss 0.1296 | LR 1.73e-05 | phase_samples=224664
2026-05-18 17:14:37,672  INFO  [allava] Step 7030/26578 | Loss 4.7940 | LR 1.73e-05 | phase_samples=224960
2026-05-18 17:14:38,042  INFO  [allava] Step 7030/26578 | Loss 0.1305 | LR 1.73e-05 | phase_samples=224968
2026-05-18 17:14:38,928  INFO  [allava] Step 7030/26578 | Loss 0.1131 | LR 1.73e-05 | phase_samples=224976
2026-05-18 17:14:39,352  INFO  [allava] Step 7030/26578 | Loss 0.1714 | LR 1.73e-05 | phase_samples=224984
2026-05-18 17:15:06,582  INFO  [allava] Step 7040/26578 | Loss 4.6921 | LR 1.72e-05 | phase_samples=225280
2026-05-18 17:15:06,949  INFO  [allava] Step 7040/26578 | Loss 0.1266 | LR 1.72e-05 | phase_samples=225288
2026-05-18 17:15:07,848  INFO  [allava] Step 7040/26578 | Loss 0.1134 | LR 1.72e-05 | phase_samples=225296
2026-05-18 17:15:08,191  INFO  [allava] Step 7040/26578 | Loss 0.1294 | LR 1.72e-05 | phase_samples=225304
2026-05-18 17:15:35,941  INFO  [allava] Step 7050/26578 | Loss 4.9027 | LR 1.72e-05 | phase_samples=225600
2026-05-18 17:15:36,319  INFO  [allava] Step 7050/26578 | Loss 0.1317 | LR 1.72e-05 | phase_samples=225608
2026-05-18 17:15:37,472  INFO  [allava] Step 7050/26578 | Loss 0.1472 | LR 1.72e-05 | phase_samples=225616
2026-05-18 17:15:37,821  INFO  [allava] Step 7050/26578 | Loss 0.1048 | LR 1.72e-05 | phase_samples=225624
2026-05-18 17:16:02,999  INFO  [allava] Step 7060/26578 | Loss 4.8123 | LR 1.72e-05 | phase_samples=225920
2026-05-18 17:16:03,411  INFO  [allava] Step 7060/26578 | Loss 0.1309 | LR 1.72e-05 | phase_samples=225928
2026-05-18 17:16:04,277  INFO  [allava] Step 7060/26578 | Loss 0.1216 | LR 1.72e-05 | phase_samples=225936
2026-05-18 17:16:04,670  INFO  [allava] Step 7060/26578 | Loss 0.1289 | LR 1.72e-05 | phase_samples=225944
2026-05-18 17:16:30,180  INFO  [allava] Step 7070/26578 | Loss 4.6768 | LR 1.72e-05 | phase_samples=226240
2026-05-18 17:16:30,985  INFO  [allava] Step 7070/26578 | Loss 0.1560 | LR 1.72e-05 | phase_samples=226248
2026-05-18 17:16:31,362  INFO  [allava] Step 7070/26578 | Loss 0.1270 | LR 1.72e-05 | phase_samples=226256
2026-05-18 17:16:32,516  INFO  [allava] Step 7070/26578 | Loss 0.1243 | LR 1.72e-05 | phase_samples=226264
2026-05-18 17:16:57,870  INFO  [allava] Step 7080/26578 | Loss 4.5992 | LR 1.72e-05 | phase_samples=226560
2026-05-18 17:16:59,128  INFO  [allava] Step 7080/26578 | Loss 0.1200 | LR 1.72e-05 | phase_samples=226568
2026-05-18 17:16:59,519  INFO  [allava] Step 7080/26578 | Loss 0.1355 | LR 1.72e-05 | phase_samples=226576
2026-05-18 17:17:00,410  INFO  [allava] Step 7080/26578 | Loss 0.1201 | LR 1.72e-05 | phase_samples=226584
2026-05-18 17:17:27,797  INFO  [allava] Step 7090/26578 | Loss 4.8574 | LR 1.72e-05 | phase_samples=226880
2026-05-18 17:17:28,179  INFO  [allava] Step 7090/26578 | Loss 0.1213 | LR 1.72e-05 | phase_samples=226888
2026-05-18 17:17:28,723  INFO  [allava] Step 7090/26578 | Loss 0.1535 | LR 1.72e-05 | phase_samples=226896
2026-05-18 17:17:29,152  INFO  [allava] Step 7090/26578 | Loss 0.1489 | LR 1.72e-05 | phase_samples=226904
2026-05-18 17:17:56,320  INFO  [allava] Step 7100/26578 | Loss 4.9153 | LR 1.72e-05 | phase_samples=227200
2026-05-18 17:17:57,086  INFO  [allava] Step 7100/26578 | Loss 0.1286 | LR 1.72e-05 | phase_samples=227208
2026-05-18 17:17:57,816  INFO  [allava] Step 7100/26578 | Loss 0.1093 | LR 1.72e-05 | phase_samples=227216
2026-05-18 17:17:58,467  INFO  [allava] Step 7100/26578 | Loss 0.1468 | LR 1.72e-05 | phase_samples=227224
2026-05-18 17:18:24,824  INFO  [allava] Step 7110/26578 | Loss 4.8840 | LR 1.72e-05 | phase_samples=227520
2026-05-18 17:18:25,211  INFO  [allava] Step 7110/26578 | Loss 0.0958 | LR 1.72e-05 | phase_samples=227528
2026-05-18 17:18:25,781  INFO  [allava] Step 7110/26578 | Loss 0.1230 | LR 1.72e-05 | phase_samples=227536
2026-05-18 17:18:26,393  INFO  [allava] Step 7110/26578 | Loss 0.1080 | LR 1.72e-05 | phase_samples=227544
2026-05-18 17:18:52,360  INFO  [allava] Step 7120/26578 | Loss 4.8901 | LR 1.72e-05 | phase_samples=227840
2026-05-18 17:18:53,089  INFO  [allava] Step 7120/26578 | Loss 0.1549 | LR 1.72e-05 | phase_samples=227848
2026-05-18 17:18:53,547  INFO  [allava] Step 7120/26578 | Loss 0.1217 | LR 1.72e-05 | phase_samples=227856
2026-05-18 17:18:54,390  INFO  [allava] Step 7120/26578 | Loss 0.1308 | LR 1.72e-05 | phase_samples=227864
2026-05-18 17:19:18,354  INFO  [allava] Step 7130/26578 | Loss 4.8166 | LR 1.72e-05 | phase_samples=228160
2026-05-18 17:19:19,308  INFO  [allava] Step 7130/26578 | Loss 0.1139 | LR 1.72e-05 | phase_samples=228168
2026-05-18 17:19:19,703  INFO  [allava] Step 7130/26578 | Loss 0.1230 | LR 1.72e-05 | phase_samples=228176
2026-05-18 17:19:20,577  INFO  [allava] Step 7130/26578 | Loss 0.1316 | LR 1.72e-05 | phase_samples=228184
2026-05-18 17:19:45,062  INFO  [allava] Step 7140/26578 | Loss 4.7121 | LR 1.72e-05 | phase_samples=228480
2026-05-18 17:19:46,198  INFO  [allava] Step 7140/26578 | Loss 0.1295 | LR 1.72e-05 | phase_samples=228488
2026-05-18 17:19:46,624  INFO  [allava] Step 7140/26578 | Loss 0.1341 | LR 1.72e-05 | phase_samples=228496
2026-05-18 17:19:47,560  INFO  [allava] Step 7140/26578 | Loss 0.1476 | LR 1.72e-05 | phase_samples=228504
2026-05-18 17:20:14,404  INFO  [allava] Step 7150/26578 | Loss 4.7660 | LR 1.72e-05 | phase_samples=228800
2026-05-18 17:20:15,480  INFO  [allava] Step 7150/26578 | Loss 0.1380 | LR 1.72e-05 | phase_samples=228808
2026-05-18 17:20:15,852  INFO  [allava] Step 7150/26578 | Loss 0.1516 | LR 1.72e-05 | phase_samples=228816
2026-05-18 17:20:16,968  INFO  [allava] Step 7150/26578 | Loss 0.1378 | LR 1.72e-05 | phase_samples=228824
2026-05-18 17:20:44,649  INFO  [allava] Step 7160/26578 | Loss 4.8873 | LR 1.71e-05 | phase_samples=229120
2026-05-18 17:20:45,171  INFO  [allava] Step 7160/26578 | Loss 0.1322 | LR 1.71e-05 | phase_samples=229128
2026-05-18 17:20:45,561  INFO  [allava] Step 7160/26578 | Loss 0.1647 | LR 1.71e-05 | phase_samples=229136
2026-05-18 17:20:46,594  INFO  [allava] Step 7160/26578 | Loss 0.1094 | LR 1.71e-05 | phase_samples=229144
2026-05-18 17:21:12,246  INFO  [allava] Step 7170/26578 | Loss 4.9029 | LR 1.71e-05 | phase_samples=229440
2026-05-18 17:21:12,668  INFO  [allava] Step 7170/26578 | Loss 0.1341 | LR 1.71e-05 | phase_samples=229448
2026-05-18 17:21:13,252  INFO  [allava] Step 7170/26578 | Loss 0.1092 | LR 1.71e-05 | phase_samples=229456
2026-05-18 17:21:13,987  INFO  [allava] Step 7170/26578 | Loss 0.1501 | LR 1.71e-05 | phase_samples=229464
2026-05-18 17:21:40,053  INFO  [allava] Step 7180/26578 | Loss 4.8673 | LR 1.71e-05 | phase_samples=229760
2026-05-18 17:21:40,990  INFO  [allava] Step 7180/26578 | Loss 0.1220 | LR 1.71e-05 | phase_samples=229768
2026-05-18 17:21:41,395  INFO  [allava] Step 7180/26578 | Loss 0.1401 | LR 1.71e-05 | phase_samples=229776
2026-05-18 17:21:42,225  INFO  [allava] Step 7180/26578 | Loss 0.1419 | LR 1.71e-05 | phase_samples=229784
2026-05-18 17:22:07,752  INFO  [allava] Step 7190/26578 | Loss 4.8278 | LR 1.71e-05 | phase_samples=230080
2026-05-18 17:22:08,130  INFO  [allava] Step 7190/26578 | Loss 0.1465 | LR 1.71e-05 | phase_samples=230088
2026-05-18 17:22:08,715  INFO  [allava] Step 7190/26578 | Loss 0.1061 | LR 1.71e-05 | phase_samples=230096
2026-05-18 17:22:09,164  INFO  [allava] Step 7190/26578 | Loss 0.1216 | LR 1.71e-05 | phase_samples=230104
2026-05-18 17:22:34,460  INFO  [allava] Step 7200/26578 | Loss 4.8013 | LR 1.71e-05 | phase_samples=230400
2026-05-18 17:22:34,796  INFO  [allava] Step 7200/26578 | Loss 0.1353 | LR 1.71e-05 | phase_samples=230408
2026-05-18 17:22:35,757  INFO  [allava] Step 7200/26578 | Loss 0.1219 | LR 1.71e-05 | phase_samples=230416
2026-05-18 17:22:36,189  INFO  [allava] Step 7200/26578 | Loss 0.1352 | LR 1.71e-05 | phase_samples=230424
2026-05-18 17:23:02,250  INFO  [allava] Step 7210/26578 | Loss 4.8353 | LR 1.71e-05 | phase_samples=230720
2026-05-18 17:23:02,611  INFO  [allava] Step 7210/26578 | Loss 0.1373 | LR 1.71e-05 | phase_samples=230728
2026-05-18 17:23:03,504  INFO  [allava] Step 7210/26578 | Loss 0.1044 | LR 1.71e-05 | phase_samples=230736
2026-05-18 17:23:03,881  INFO  [allava] Step 7210/26578 | Loss 0.1130 | LR 1.71e-05 | phase_samples=230744
2026-05-18 17:23:29,216  INFO  [allava] Step 7220/26578 | Loss 4.8076 | LR 1.71e-05 | phase_samples=231040
2026-05-18 17:23:29,596  INFO  [allava] Step 7220/26578 | Loss 0.1226 | LR 1.71e-05 | phase_samples=231048
2026-05-18 17:23:30,268  INFO  [allava] Step 7220/26578 | Loss 0.1452 | LR 1.71e-05 | phase_samples=231056
2026-05-18 17:23:30,612  INFO  [allava] Step 7220/26578 | Loss 0.0935 | LR 1.71e-05 | phase_samples=231064
2026-05-18 17:23:56,058  INFO  [allava] Step 7230/26578 | Loss 4.8238 | LR 1.71e-05 | phase_samples=231360
2026-05-18 17:23:56,474  INFO  [allava] Step 7230/26578 | Loss 0.1525 | LR 1.71e-05 | phase_samples=231368
2026-05-18 17:23:57,162  INFO  [allava] Step 7230/26578 | Loss 0.1317 | LR 1.71e-05 | phase_samples=231376
2026-05-18 17:23:57,599  INFO  [allava] Step 7230/26578 | Loss 0.1127 | LR 1.71e-05 | phase_samples=231384
2026-05-18 17:24:23,474  INFO  [allava] Step 7240/26578 | Loss 4.9911 | LR 1.71e-05 | phase_samples=231680
2026-05-18 17:24:23,851  INFO  [allava] Step 7240/26578 | Loss 0.1482 | LR 1.71e-05 | phase_samples=231688
2026-05-18 17:24:24,655  INFO  [allava] Step 7240/26578 | Loss 0.0825 | LR 1.71e-05 | phase_samples=231696
2026-05-18 17:24:25,003  INFO  [allava] Step 7240/26578 | Loss 0.1459 | LR 1.71e-05 | phase_samples=231704
2026-05-18 17:24:50,786  INFO  [allava] Step 7250/26578 | Loss 4.7195 | LR 1.71e-05 | phase_samples=232000
2026-05-18 17:24:51,852  INFO  [allava] Step 7250/26578 | Loss 0.1538 | LR 1.71e-05 | phase_samples=232008
2026-05-18 17:24:52,323  INFO  [allava] Step 7250/26578 | Loss 0.1253 | LR 1.71e-05 | phase_samples=232016
2026-05-18 17:24:53,069  INFO  [allava] Step 7250/26578 | Loss 0.1480 | LR 1.71e-05 | phase_samples=232024
2026-05-18 17:25:17,951  INFO  [allava] Step 7260/26578 | Loss 4.7135 | LR 1.71e-05 | phase_samples=232320
2026-05-18 17:25:18,768  INFO  [allava] Step 7260/26578 | Loss 0.1353 | LR 1.71e-05 | phase_samples=232328
2026-05-18 17:25:19,166  INFO  [allava] Step 7260/26578 | Loss 0.1287 | LR 1.71e-05 | phase_samples=232336
2026-05-18 17:25:21,049  INFO  [allava] Step 7260/26578 | Loss 0.1131 | LR 1.71e-05 | phase_samples=232344
2026-05-18 17:25:43,851  INFO  [allava] Step 7270/26578 | Loss 4.9832 | LR 1.70e-05 | phase_samples=232640
2026-05-18 17:25:44,503  INFO  [allava] Step 7270/26578 | Loss 0.0981 | LR 1.70e-05 | phase_samples=232648
2026-05-18 17:25:44,873  INFO  [allava] Step 7270/26578 | Loss 0.1241 | LR 1.70e-05 | phase_samples=232656
2026-05-18 17:25:45,999  INFO  [allava] Step 7270/26578 | Loss 0.1466 | LR 1.70e-05 | phase_samples=232664
2026-05-18 17:26:10,349  INFO  [allava] Step 7280/26578 | Loss 4.8076 | LR 1.70e-05 | phase_samples=232960
2026-05-18 17:26:11,451  INFO  [allava] Step 7280/26578 | Loss 0.1515 | LR 1.70e-05 | phase_samples=232968
2026-05-18 17:26:11,854  INFO  [allava] Step 7280/26578 | Loss 0.1436 | LR 1.70e-05 | phase_samples=232976
2026-05-18 17:26:13,077  INFO  [allava] Step 7280/26578 | Loss 0.1216 | LR 1.70e-05 | phase_samples=232984
2026-05-18 17:26:36,807  INFO  [allava] Step 7290/26578 | Loss 4.8043 | LR 1.70e-05 | phase_samples=233280
2026-05-18 17:26:37,589  INFO  [allava] Step 7290/26578 | Loss 0.1516 | LR 1.70e-05 | phase_samples=233288
2026-05-18 17:26:37,981  INFO  [allava] Step 7290/26578 | Loss 0.1195 | LR 1.70e-05 | phase_samples=233296
2026-05-18 17:26:39,103  INFO  [allava] Step 7290/26578 | Loss 0.1170 | LR 1.70e-05 | phase_samples=233304
2026-05-18 17:27:06,289  INFO  [allava] Step 7300/26578 | Loss 4.7864 | LR 1.70e-05 | phase_samples=233600
2026-05-18 17:27:07,153  INFO  [allava] Step 7300/26578 | Loss 0.1316 | LR 1.70e-05 | phase_samples=233608
2026-05-18 17:27:07,498  INFO  [allava] Step 7300/26578 | Loss 0.1500 | LR 1.70e-05 | phase_samples=233616
2026-05-18 17:27:08,355  INFO  [allava] Step 7300/26578 | Loss 0.1223 | LR 1.70e-05 | phase_samples=233624
2026-05-18 17:27:33,880  INFO  [allava] Step 7310/26578 | Loss 4.8361 | LR 1.70e-05 | phase_samples=233920
2026-05-18 17:27:34,805  INFO  [allava] Step 7310/26578 | Loss 0.1166 | LR 1.70e-05 | phase_samples=233928
2026-05-18 17:27:35,385  INFO  [allava] Step 7310/26578 | Loss 0.1403 | LR 1.70e-05 | phase_samples=233936
2026-05-18 17:27:35,942  INFO  [allava] Step 7310/26578 | Loss 0.1364 | LR 1.70e-05 | phase_samples=233944
2026-05-18 17:28:00,333  INFO  [allava] Step 7320/26578 | Loss 4.7315 | LR 1.70e-05 | phase_samples=234240
2026-05-18 17:28:01,012  INFO  [allava] Step 7320/26578 | Loss 0.1230 | LR 1.70e-05 | phase_samples=234248
2026-05-18 17:28:01,441  INFO  [allava] Step 7320/26578 | Loss 0.1546 | LR 1.70e-05 | phase_samples=234256
2026-05-18 17:28:02,438  INFO  [allava] Step 7320/26578 | Loss 0.1310 | LR 1.70e-05 | phase_samples=234264
2026-05-18 17:28:24,789  INFO  [allava] Step 7330/26578 | Loss 4.7628 | LR 1.70e-05 | phase_samples=234560
2026-05-18 17:28:25,762  INFO  [allava] Step 7330/26578 | Loss 0.1520 | LR 1.70e-05 | phase_samples=234568
2026-05-18 17:28:26,130  INFO  [allava] Step 7330/26578 | Loss 0.1305 | LR 1.70e-05 | phase_samples=234576
2026-05-18 17:28:27,329  INFO  [allava] Step 7330/26578 | Loss 0.1099 | LR 1.70e-05 | phase_samples=234584
2026-05-18 17:28:49,745  INFO  [allava] Step 7340/26578 | Loss 4.9737 | LR 1.70e-05 | phase_samples=234880
2026-05-18 17:28:50,167  INFO  [allava] Step 7340/26578 | Loss 0.0910 | LR 1.70e-05 | phase_samples=234888
2026-05-18 17:28:50,732  INFO  [allava] Step 7340/26578 | Loss 0.1074 | LR 1.70e-05 | phase_samples=234896
2026-05-18 17:28:51,829  INFO  [allava] Step 7340/26578 | Loss 0.1328 | LR 1.70e-05 | phase_samples=234904
2026-05-18 17:29:16,469  INFO  [allava] Step 7350/26578 | Loss 4.9211 | LR 1.70e-05 | phase_samples=235200
2026-05-18 17:29:16,940  INFO  [allava] Step 7350/26578 | Loss 0.1308 | LR 1.70e-05 | phase_samples=235208
2026-05-18 17:29:17,306  INFO  [allava] Step 7350/26578 | Loss 0.1086 | LR 1.70e-05 | phase_samples=235216
2026-05-18 17:29:18,221  INFO  [allava] Step 7350/26578 | Loss 0.1305 | LR 1.70e-05 | phase_samples=235224
2026-05-18 17:29:42,479  INFO  [allava] Step 7360/26578 | Loss 4.8370 | LR 1.70e-05 | phase_samples=235520
2026-05-18 17:29:43,262  INFO  [allava] Step 7360/26578 | Loss 0.1485 | LR 1.70e-05 | phase_samples=235528
2026-05-18 17:29:43,642  INFO  [allava] Step 7360/26578 | Loss 0.1054 | LR 1.70e-05 | phase_samples=235536
2026-05-18 17:29:44,650  INFO  [allava] Step 7360/26578 | Loss 0.1122 | LR 1.70e-05 | phase_samples=235544
2026-05-18 17:30:08,389  INFO  [allava] Step 7370/26578 | Loss 5.0126 | LR 1.70e-05 | phase_samples=235840
2026-05-18 17:30:08,900  INFO  [allava] Step 7370/26578 | Loss 0.1409 | LR 1.70e-05 | phase_samples=235848
2026-05-18 17:30:09,328  INFO  [allava] Step 7370/26578 | Loss 0.1338 | LR 1.70e-05 | phase_samples=235856
2026-05-18 17:30:10,164  INFO  [allava] Step 7370/26578 | Loss 0.1257 | LR 1.70e-05 | phase_samples=235864
2026-05-18 17:30:34,448  INFO  [allava] Step 7380/26578 | Loss 4.9005 | LR 1.70e-05 | phase_samples=236160
2026-05-18 17:30:35,487  INFO  [allava] Step 7380/26578 | Loss 0.1243 | LR 1.70e-05 | phase_samples=236168
2026-05-18 17:30:35,856  INFO  [allava] Step 7380/26578 | Loss 0.1032 | LR 1.70e-05 | phase_samples=236176
2026-05-18 17:30:36,313  INFO  [allava] Step 7380/26578 | Loss 0.1065 | LR 1.70e-05 | phase_samples=236184
2026-05-18 17:30:59,671  INFO  [allava] Step 7390/26578 | Loss 5.1183 | LR 1.69e-05 | phase_samples=236480
2026-05-18 17:31:00,083  INFO  [allava] Step 7390/26578 | Loss 0.1151 | LR 1.69e-05 | phase_samples=236488
2026-05-18 17:31:01,032  INFO  [allava] Step 7390/26578 | Loss 0.1312 | LR 1.69e-05 | phase_samples=236496
2026-05-18 17:31:01,412  INFO  [allava] Step 7390/26578 | Loss 0.1368 | LR 1.69e-05 | phase_samples=236504
2026-05-18 17:31:23,925  INFO  [allava] Step 7400/26578 | Loss 4.7682 | LR 1.69e-05 | phase_samples=236800
2026-05-18 17:31:24,809  INFO  [allava] Step 7400/26578 | Loss 0.1170 | LR 1.69e-05 | phase_samples=236808
2026-05-18 17:31:25,235  INFO  [allava] Step 7400/26578 | Loss 0.1176 | LR 1.69e-05 | phase_samples=236816
2026-05-18 17:31:26,439  INFO  [allava] Step 7400/26578 | Loss 0.1252 | LR 1.69e-05 | phase_samples=236824
2026-05-18 17:31:49,427  INFO  [allava] Step 7410/26578 | Loss 4.6898 | LR 1.69e-05 | phase_samples=237120
2026-05-18 17:31:50,013  INFO  [allava] Step 7410/26578 | Loss 0.1296 | LR 1.69e-05 | phase_samples=237128
2026-05-18 17:31:50,439  INFO  [allava] Step 7410/26578 | Loss 0.1255 | LR 1.69e-05 | phase_samples=237136
2026-05-18 17:31:50,929  INFO  [allava] Step 7410/26578 | Loss 0.1182 | LR 1.69e-05 | phase_samples=237144
2026-05-18 17:32:15,391  INFO  [allava] Step 7420/26578 | Loss 4.8602 | LR 1.69e-05 | phase_samples=237440
2026-05-18 17:32:15,749  INFO  [allava] Step 7420/26578 | Loss 0.1409 | LR 1.69e-05 | phase_samples=237448
2026-05-18 17:32:17,013  INFO  [allava] Step 7420/26578 | Loss 0.1374 | LR 1.69e-05 | phase_samples=237456
2026-05-18 17:32:17,410  INFO  [allava] Step 7420/26578 | Loss 0.1541 | LR 1.69e-05 | phase_samples=237464
2026-05-18 17:32:40,107  INFO  [allava] Step 7430/26578 | Loss 4.8867 | LR 1.69e-05 | phase_samples=237760
2026-05-18 17:32:40,492  INFO  [allava] Step 7430/26578 | Loss 0.1497 | LR 1.69e-05 | phase_samples=237768
2026-05-18 17:32:41,210  INFO  [allava] Step 7430/26578 | Loss 0.1482 | LR 1.69e-05 | phase_samples=237776
2026-05-18 17:32:41,874  INFO  [allava] Step 7430/26578 | Loss 0.1586 | LR 1.69e-05 | phase_samples=237784
2026-05-18 17:33:05,047  INFO  [allava] Step 7440/26578 | Loss 4.8794 | LR 1.69e-05 | phase_samples=238080
2026-05-18 17:33:05,494  INFO  [allava] Step 7440/26578 | Loss 0.1340 | LR 1.69e-05 | phase_samples=238088
2026-05-18 17:33:06,417  INFO  [allava] Step 7440/26578 | Loss 0.0998 | LR 1.69e-05 | phase_samples=238096
2026-05-18 17:33:06,814  INFO  [allava] Step 7440/26578 | Loss 0.1319 | LR 1.69e-05 | phase_samples=238104
2026-05-18 17:33:30,836  INFO  [allava] Step 7450/26578 | Loss 4.6830 | LR 1.69e-05 | phase_samples=238400
2026-05-18 17:33:31,222  INFO  [allava] Step 7450/26578 | Loss 0.1304 | LR 1.69e-05 | phase_samples=238408
2026-05-18 17:33:31,650  INFO  [allava] Step 7450/26578 | Loss 0.1377 | LR 1.69e-05 | phase_samples=238416
2026-05-18 17:33:32,172  INFO  [allava] Step 7450/26578 | Loss 0.1103 | LR 1.69e-05 | phase_samples=238424
2026-05-18 17:33:53,922  INFO  [allava] Step 7460/26578 | Loss 4.9533 | LR 1.69e-05 | phase_samples=238720
2026-05-18 17:33:54,305  INFO  [allava] Step 7460/26578 | Loss 0.1190 | LR 1.69e-05 | phase_samples=238728
2026-05-18 17:33:54,701  INFO  [allava] Step 7460/26578 | Loss 0.1414 | LR 1.69e-05 | phase_samples=238736
2026-05-18 17:33:55,660  INFO  [allava] Step 7460/26578 | Loss 0.1448 | LR 1.69e-05 | phase_samples=238744
2026-05-18 17:34:17,704  INFO  [allava] Step 7470/26578 | Loss 4.7295 | LR 1.69e-05 | phase_samples=239040
2026-05-18 17:34:18,455  INFO  [allava] Step 7470/26578 | Loss 0.1070 | LR 1.69e-05 | phase_samples=239048
2026-05-18 17:34:18,848  INFO  [allava] Step 7470/26578 | Loss 0.1189 | LR 1.69e-05 | phase_samples=239056
2026-05-18 17:34:19,238  INFO  [allava] Step 7470/26578 | Loss 0.1482 | LR 1.69e-05 | phase_samples=239064
2026-05-18 17:34:42,094  INFO  [allava] Step 7480/26578 | Loss 4.7133 | LR 1.69e-05 | phase_samples=239360
2026-05-18 17:34:43,331  INFO  [allava] Step 7480/26578 | Loss 0.1372 | LR 1.69e-05 | phase_samples=239368
2026-05-18 17:34:43,769  INFO  [allava] Step 7480/26578 | Loss 0.1083 | LR 1.69e-05 | phase_samples=239376
2026-05-18 17:34:44,965  INFO  [allava] Step 7480/26578 | Loss 0.0875 | LR 1.69e-05 | phase_samples=239384
2026-05-18 17:35:10,076  INFO  [allava] Step 7490/26578 | Loss 4.6856 | LR 1.69e-05 | phase_samples=239680
2026-05-18 17:35:10,451  INFO  [allava] Step 7490/26578 | Loss 0.1394 | LR 1.69e-05 | phase_samples=239688
2026-05-18 17:35:10,979  INFO  [allava] Step 7490/26578 | Loss 0.0833 | LR 1.69e-05 | phase_samples=239696
2026-05-18 17:35:11,369  INFO  [allava] Step 7490/26578 | Loss 0.1185 | LR 1.69e-05 | phase_samples=239704
2026-05-18 17:35:35,815  INFO  [allava] Step 7500/26578 | Loss 4.7548 | LR 1.68e-05 | phase_samples=240000
2026-05-18 17:35:36,666  INFO  [allava] Step 7500/26578 | Loss 0.1091 | LR 1.68e-05 | phase_samples=240008
2026-05-18 17:35:37,079  INFO  [allava] Step 7500/26578 | Loss 0.1187 | LR 1.68e-05 | phase_samples=240016
2026-05-18 17:35:38,258  INFO  [allava] Step 7500/26578 | Loss 0.1303 | LR 1.68e-05 | phase_samples=240024
2026-05-18 17:36:03,061  INFO  [allava] Step 7510/26578 | Loss 4.7822 | LR 1.68e-05 | phase_samples=240320
2026-05-18 17:36:03,802  INFO  [allava] Step 7510/26578 | Loss 0.1352 | LR 1.68e-05 | phase_samples=240328
2026-05-18 17:36:04,183  INFO  [allava] Step 7510/26578 | Loss 0.1513 | LR 1.68e-05 | phase_samples=240336
2026-05-18 17:36:04,563  INFO  [allava] Step 7510/26578 | Loss 0.1268 | LR 1.68e-05 | phase_samples=240344
2026-05-18 17:36:28,377  INFO  [allava] Step 7520/26578 | Loss 4.8523 | LR 1.68e-05 | phase_samples=240640
2026-05-18 17:36:29,401  INFO  [allava] Step 7520/26578 | Loss 0.1460 | LR 1.68e-05 | phase_samples=240648
2026-05-18 17:36:29,790  INFO  [allava] Step 7520/26578 | Loss 0.1391 | LR 1.68e-05 | phase_samples=240656
2026-05-18 17:36:30,539  INFO  [allava] Step 7520/26578 | Loss 0.0959 | LR 1.68e-05 | phase_samples=240664
2026-05-18 17:36:53,738  INFO  [allava] Step 7530/26578 | Loss 4.7576 | LR 1.68e-05 | phase_samples=240960
2026-05-18 17:36:54,093  INFO  [allava] Step 7530/26578 | Loss 0.1193 | LR 1.68e-05 | phase_samples=240968
2026-05-18 17:36:54,498  INFO  [allava] Step 7530/26578 | Loss 0.1241 | LR 1.68e-05 | phase_samples=240976
2026-05-18 17:36:54,870  INFO  [allava] Step 7530/26578 | Loss 0.1255 | LR 1.68e-05 | phase_samples=240984
2026-05-18 17:37:17,843  INFO  [allava] Step 7540/26578 | Loss 4.8549 | LR 1.68e-05 | phase_samples=241280
2026-05-18 17:37:18,255  INFO  [allava] Step 7540/26578 | Loss 0.1084 | LR 1.68e-05 | phase_samples=241288
2026-05-18 17:37:18,682  INFO  [allava] Step 7540/26578 | Loss 0.1431 | LR 1.68e-05 | phase_samples=241296
2026-05-18 17:37:19,065  INFO  [allava] Step 7540/26578 | Loss 0.1651 | LR 1.68e-05 | phase_samples=241304
2026-05-18 17:37:41,164  INFO  [allava] Step 7550/26578 | Loss 4.8586 | LR 1.68e-05 | phase_samples=241600
2026-05-18 17:37:41,619  INFO  [allava] Step 7550/26578 | Loss 0.1229 | LR 1.68e-05 | phase_samples=241608
2026-05-18 17:37:41,987  INFO  [allava] Step 7550/26578 | Loss 0.1362 | LR 1.68e-05 | phase_samples=241616
2026-05-18 17:37:43,105  INFO  [allava] Step 7550/26578 | Loss 0.1379 | LR 1.68e-05 | phase_samples=241624
2026-05-18 17:38:04,058  INFO  [allava] Step 7560/26578 | Loss 4.8360 | LR 1.68e-05 | phase_samples=241920
2026-05-18 17:38:04,421  INFO  [allava] Step 7560/26578 | Loss 0.1020 | LR 1.68e-05 | phase_samples=241928
2026-05-18 17:38:05,360  INFO  [allava] Step 7560/26578 | Loss 0.1257 | LR 1.68e-05 | phase_samples=241936
2026-05-18 17:38:05,743  INFO  [allava] Step 7560/26578 | Loss 0.1121 | LR 1.68e-05 | phase_samples=241944
2026-05-18 17:38:30,705  INFO  [allava] Step 7570/26578 | Loss 4.8448 | LR 1.68e-05 | phase_samples=242240
2026-05-18 17:38:31,039  INFO  [allava] Step 7570/26578 | Loss 0.1304 | LR 1.68e-05 | phase_samples=242248
2026-05-18 17:38:31,530  INFO  [allava] Step 7570/26578 | Loss 0.1307 | LR 1.68e-05 | phase_samples=242256
2026-05-18 17:38:31,921  INFO  [allava] Step 7570/26578 | Loss 0.1438 | LR 1.68e-05 | phase_samples=242264
2026-05-18 17:38:54,295  INFO  [allava] Step 7580/26578 | Loss 4.8080 | LR 1.68e-05 | phase_samples=242560
2026-05-18 17:38:54,857  INFO  [allava] Step 7580/26578 | Loss 0.1319 | LR 1.68e-05 | phase_samples=242568
2026-05-18 17:38:55,482  INFO  [allava] Step 7580/26578 | Loss 0.1422 | LR 1.68e-05 | phase_samples=242576
2026-05-18 17:38:56,430  INFO  [allava] Step 7580/26578 | Loss 0.1397 | LR 1.68e-05 | phase_samples=242584
2026-05-18 17:39:22,651  INFO  [allava] Step 7590/26578 | Loss 4.5630 | LR 1.68e-05 | phase_samples=242880
2026-05-18 17:39:23,332  INFO  [allava] Step 7590/26578 | Loss 0.1284 | LR 1.68e-05 | phase_samples=242888
2026-05-18 17:39:23,716  INFO  [allava] Step 7590/26578 | Loss 0.1351 | LR 1.68e-05 | phase_samples=242896
2026-05-18 17:39:24,416  INFO  [allava] Step 7590/26578 | Loss 0.1436 | LR 1.68e-05 | phase_samples=242904
2026-05-18 17:39:48,560  INFO  [allava] Step 7600/26578 | Loss 4.8905 | LR 1.68e-05 | phase_samples=243200
2026-05-18 17:39:49,173  INFO  [allava] Step 7600/26578 | Loss 0.1235 | LR 1.68e-05 | phase_samples=243208
2026-05-18 17:39:49,539  INFO  [allava] Step 7600/26578 | Loss 0.1228 | LR 1.68e-05 | phase_samples=243216
2026-05-18 17:39:50,271  INFO  [allava] Step 7600/26578 | Loss 0.1404 | LR 1.68e-05 | phase_samples=243224
2026-05-18 17:40:14,076  INFO  [allava] Step 7610/26578 | Loss 4.7949 | LR 1.67e-05 | phase_samples=243520
2026-05-18 17:40:15,476  INFO  [allava] Step 7610/26578 | Loss 0.1359 | LR 1.67e-05 | phase_samples=243528
2026-05-18 17:40:15,848  INFO  [allava] Step 7610/26578 | Loss 0.1365 | LR 1.67e-05 | phase_samples=243536
2026-05-18 17:40:16,549  INFO  [allava] Step 7610/26578 | Loss 0.1255 | LR 1.67e-05 | phase_samples=243544
2026-05-18 17:40:40,970  INFO  [allava] Step 7620/26578 | Loss 4.7319 | LR 1.67e-05 | phase_samples=243840
2026-05-18 17:40:41,464  INFO  [allava] Step 7620/26578 | Loss 0.1430 | LR 1.67e-05 | phase_samples=243848
2026-05-18 17:40:41,871  INFO  [allava] Step 7620/26578 | Loss 0.1166 | LR 1.67e-05 | phase_samples=243856
2026-05-18 17:40:43,455  INFO  [allava] Step 7620/26578 | Loss 0.1468 | LR 1.67e-05 | phase_samples=243864
2026-05-18 17:41:09,412  INFO  [allava] Step 7630/26578 | Loss 4.8450 | LR 1.67e-05 | phase_samples=244160
2026-05-18 17:41:10,286  INFO  [allava] Step 7630/26578 | Loss 0.1406 | LR 1.67e-05 | phase_samples=244168
2026-05-18 17:41:10,663  INFO  [allava] Step 7630/26578 | Loss 0.1271 | LR 1.67e-05 | phase_samples=244176
2026-05-18 17:41:11,110  INFO  [allava] Step 7630/26578 | Loss 0.1384 | LR 1.67e-05 | phase_samples=244184
2026-05-18 17:41:33,339  INFO  [allava] Step 7640/26578 | Loss 4.8655 | LR 1.67e-05 | phase_samples=244480
2026-05-18 17:41:33,730  INFO  [allava] Step 7640/26578 | Loss 0.1427 | LR 1.67e-05 | phase_samples=244488
2026-05-18 17:41:34,100  INFO  [allava] Step 7640/26578 | Loss 0.1462 | LR 1.67e-05 | phase_samples=244496
2026-05-18 17:41:34,988  INFO  [allava] Step 7640/26578 | Loss 0.1683 | LR 1.67e-05 | phase_samples=244504
2026-05-18 17:41:57,974  INFO  [allava] Step 7650/26578 | Loss 4.8077 | LR 1.67e-05 | phase_samples=244800
2026-05-18 17:41:58,388  INFO  [allava] Step 7650/26578 | Loss 0.1483 | LR 1.67e-05 | phase_samples=244808
2026-05-18 17:41:59,359  INFO  [allava] Step 7650/26578 | Loss 0.1213 | LR 1.67e-05 | phase_samples=244816
2026-05-18 17:41:59,793  INFO  [allava] Step 7650/26578 | Loss 0.1402 | LR 1.67e-05 | phase_samples=244824
2026-05-18 17:42:23,747  INFO  [allava] Step 7660/26578 | Loss 4.8060 | LR 1.67e-05 | phase_samples=245120
2026-05-18 17:42:24,160  INFO  [allava] Step 7660/26578 | Loss 0.1410 | LR 1.67e-05 | phase_samples=245128
2026-05-18 17:42:25,063  INFO  [allava] Step 7660/26578 | Loss 0.1282 | LR 1.67e-05 | phase_samples=245136
2026-05-18 17:42:25,796  INFO  [allava] Step 7660/26578 | Loss 0.1281 | LR 1.67e-05 | phase_samples=245144
2026-05-18 17:42:49,121  INFO  [allava] Step 7670/26578 | Loss 4.8632 | LR 1.67e-05 | phase_samples=245440
2026-05-18 17:42:49,491  INFO  [allava] Step 7670/26578 | Loss 0.1058 | LR 1.67e-05 | phase_samples=245448
2026-05-18 17:42:50,080  INFO  [allava] Step 7670/26578 | Loss 0.1456 | LR 1.67e-05 | phase_samples=245456
2026-05-18 17:42:50,484  INFO  [allava] Step 7670/26578 | Loss 0.1460 | LR 1.67e-05 | phase_samples=245464
2026-05-18 17:43:13,270  INFO  [allava] Step 7680/26578 | Loss 4.8833 | LR 1.67e-05 | phase_samples=245760
2026-05-18 17:43:13,654  INFO  [allava] Step 7680/26578 | Loss 0.1425 | LR 1.67e-05 | phase_samples=245768
2026-05-18 17:43:14,585  INFO  [allava] Step 7680/26578 | Loss 0.1002 | LR 1.67e-05 | phase_samples=245776
2026-05-18 17:43:14,958  INFO  [allava] Step 7680/26578 | Loss 0.1096 | LR 1.67e-05 | phase_samples=245784
2026-05-18 17:43:36,614  INFO  [allava] Step 7690/26578 | Loss 4.8754 | LR 1.67e-05 | phase_samples=246080
2026-05-18 17:43:37,447  INFO  [allava] Step 7690/26578 | Loss 0.1242 | LR 1.67e-05 | phase_samples=246088
2026-05-18 17:43:37,876  INFO  [allava] Step 7690/26578 | Loss 0.1413 | LR 1.67e-05 | phase_samples=246096
2026-05-18 17:43:38,453  INFO  [allava] Step 7690/26578 | Loss 0.1345 | LR 1.67e-05 | phase_samples=246104
2026-05-18 17:43:58,872  INFO  [allava] Step 7700/26578 | Loss 4.9849 | LR 1.67e-05 | phase_samples=246400
2026-05-18 17:43:59,309  INFO  [allava] Step 7700/26578 | Loss 0.1449 | LR 1.67e-05 | phase_samples=246408
2026-05-18 17:43:59,694  INFO  [allava] Step 7700/26578 | Loss 0.1260 | LR 1.67e-05 | phase_samples=246416
2026-05-18 17:44:00,102  INFO  [allava] Step 7700/26578 | Loss 0.1041 | LR 1.67e-05 | phase_samples=246424
2026-05-18 17:44:20,712  INFO  [allava] Step 7710/26578 | Loss 4.7491 | LR 1.67e-05 | phase_samples=246720
2026-05-18 17:44:21,618  INFO  [allava] Step 7710/26578 | Loss 0.1451 | LR 1.67e-05 | phase_samples=246728
2026-05-18 17:44:22,013  INFO  [allava] Step 7710/26578 | Loss 0.1177 | LR 1.67e-05 | phase_samples=246736
2026-05-18 17:44:22,940  INFO  [allava] Step 7710/26578 | Loss 0.1308 | LR 1.67e-05 | phase_samples=246744
2026-05-18 17:44:47,489  INFO  [allava] Step 7720/26578 | Loss 4.8341 | LR 1.66e-05 | phase_samples=247040
2026-05-18 17:44:47,850  INFO  [allava] Step 7720/26578 | Loss 0.1289 | LR 1.66e-05 | phase_samples=247048
2026-05-18 17:44:48,266  INFO  [allava] Step 7720/26578 | Loss 0.1477 | LR 1.66e-05 | phase_samples=247056
2026-05-18 17:44:48,648  INFO  [allava] Step 7720/26578 | Loss 0.1536 | LR 1.66e-05 | phase_samples=247064
2026-05-18 17:45:10,862  INFO  [allava] Step 7730/26578 | Loss 4.6309 | LR 1.66e-05 | phase_samples=247360
2026-05-18 17:45:12,245  INFO  [allava] Step 7730/26578 | Loss 0.1218 | LR 1.66e-05 | phase_samples=247368
2026-05-18 17:45:12,620  INFO  [allava] Step 7730/26578 | Loss 0.1247 | LR 1.66e-05 | phase_samples=247376
2026-05-18 17:45:13,990  INFO  [allava] Step 7730/26578 | Loss 0.1486 | LR 1.66e-05 | phase_samples=247384
2026-05-18 17:45:36,130  INFO  [allava] Step 7740/26578 | Loss 4.8162 | LR 1.66e-05 | phase_samples=247680
2026-05-18 17:45:36,693  INFO  [allava] Step 7740/26578 | Loss 0.1159 | LR 1.66e-05 | phase_samples=247688
2026-05-18 17:45:37,407  INFO  [allava] Step 7740/26578 | Loss 0.1311 | LR 1.66e-05 | phase_samples=247696
2026-05-18 17:45:38,227  INFO  [allava] Step 7740/26578 | Loss 0.1289 | LR 1.66e-05 | phase_samples=247704
2026-05-18 17:46:01,712  INFO  [allava] Step 7750/26578 | Loss 5.0131 | LR 1.66e-05 | phase_samples=248000
2026-05-18 17:46:02,248  INFO  [allava] Step 7750/26578 | Loss 0.1406 | LR 1.66e-05 | phase_samples=248008
2026-05-18 17:46:02,643  INFO  [allava] Step 7750/26578 | Loss 0.1360 | LR 1.66e-05 | phase_samples=248016
2026-05-18 17:46:03,679  INFO  [allava] Step 7750/26578 | Loss 0.0977 | LR 1.66e-05 | phase_samples=248024
2026-05-18 17:46:26,017  INFO  [allava] Step 7760/26578 | Loss 4.7912 | LR 1.66e-05 | phase_samples=248320
2026-05-18 17:46:26,384  INFO  [allava] Step 7760/26578 | Loss 0.1167 | LR 1.66e-05 | phase_samples=248328
2026-05-18 17:46:26,776  INFO  [allava] Step 7760/26578 | Loss 0.1468 | LR 1.66e-05 | phase_samples=248336
2026-05-18 17:46:27,168  INFO  [allava] Step 7760/26578 | Loss 0.1501 | LR 1.66e-05 | phase_samples=248344
2026-05-18 17:46:47,499  INFO  [allava] Step 7770/26578 | Loss 4.8956 | LR 1.66e-05 | phase_samples=248640
2026-05-18 17:46:48,121  INFO  [allava] Step 7770/26578 | Loss 0.1193 | LR 1.66e-05 | phase_samples=248648
2026-05-18 17:46:48,691  INFO  [allava] Step 7770/26578 | Loss 0.1323 | LR 1.66e-05 | phase_samples=248656
2026-05-18 17:46:49,085  INFO  [allava] Step 7770/26578 | Loss 0.1298 | LR 1.66e-05 | phase_samples=248664
2026-05-18 17:47:10,496  INFO  [allava] Step 7780/26578 | Loss 4.7435 | LR 1.66e-05 | phase_samples=248960
2026-05-18 17:47:10,854  INFO  [allava] Step 7780/26578 | Loss 0.1099 | LR 1.66e-05 | phase_samples=248968
2026-05-18 17:47:11,245  INFO  [allava] Step 7780/26578 | Loss 0.1350 | LR 1.66e-05 | phase_samples=248976
2026-05-18 17:47:11,640  INFO  [allava] Step 7780/26578 | Loss 0.1460 | LR 1.66e-05 | phase_samples=248984
2026-05-18 17:47:33,147  INFO  [allava] Step 7790/26578 | Loss 4.7219 | LR 1.66e-05 | phase_samples=249280
2026-05-18 17:47:33,481  INFO  [allava] Step 7790/26578 | Loss 0.1099 | LR 1.66e-05 | phase_samples=249288
2026-05-18 17:47:33,860  INFO  [allava] Step 7790/26578 | Loss 0.1104 | LR 1.66e-05 | phase_samples=249296
2026-05-18 17:47:34,493  INFO  [allava] Step 7790/26578 | Loss 0.1349 | LR 1.66e-05 | phase_samples=249304
2026-05-18 17:47:56,144  INFO  [allava] Step 7800/26578 | Loss 4.7983 | LR 1.66e-05 | phase_samples=249600
2026-05-18 17:47:57,300  INFO  [allava] Step 7800/26578 | Loss 0.1129 | LR 1.66e-05 | phase_samples=249608
2026-05-18 17:47:57,675  INFO  [allava] Step 7800/26578 | Loss 0.0959 | LR 1.66e-05 | phase_samples=249616
2026-05-18 17:47:58,870  INFO  [allava] Step 7800/26578 | Loss 0.1245 | LR 1.66e-05 | phase_samples=249624
2026-05-18 17:48:18,730  INFO  [allava] Step 7810/26578 | Loss 4.8432 | LR 1.66e-05 | phase_samples=249920
2026-05-18 17:48:19,557  INFO  [allava] Step 7810/26578 | Loss 0.1313 | LR 1.66e-05 | phase_samples=249928
2026-05-18 17:48:19,950  INFO  [allava] Step 7810/26578 | Loss 0.1310 | LR 1.66e-05 | phase_samples=249936
2026-05-18 17:48:20,988  INFO  [allava] Step 7810/26578 | Loss 0.1214 | LR 1.66e-05 | phase_samples=249944
2026-05-18 17:48:43,649  INFO  [allava] Step 7820/26578 | Loss 4.8170 | LR 1.66e-05 | phase_samples=250240
2026-05-18 17:48:44,011  INFO  [allava] Step 7820/26578 | Loss 0.1136 | LR 1.66e-05 | phase_samples=250248
2026-05-18 17:48:44,354  INFO  [allava] Step 7820/26578 | Loss 0.1299 | LR 1.66e-05 | phase_samples=250256
2026-05-18 17:48:44,813  INFO  [allava] Step 7820/26578 | Loss 0.1397 | LR 1.66e-05 | phase_samples=250264
2026-05-18 17:49:09,057  INFO  [allava] Step 7830/26578 | Loss 4.6184 | LR 1.65e-05 | phase_samples=250560
2026-05-18 17:49:09,435  INFO  [allava] Step 7830/26578 | Loss 0.1140 | LR 1.65e-05 | phase_samples=250568
2026-05-18 17:49:10,446  INFO  [allava] Step 7830/26578 | Loss 0.1343 | LR 1.65e-05 | phase_samples=250576
2026-05-18 17:49:10,793  INFO  [allava] Step 7830/26578 | Loss 0.1324 | LR 1.65e-05 | phase_samples=250584
2026-05-18 17:49:33,433  INFO  [allava] Step 7840/26578 | Loss 4.7894 | LR 1.65e-05 | phase_samples=250880
2026-05-18 17:49:34,582  INFO  [allava] Step 7840/26578 | Loss 0.1246 | LR 1.65e-05 | phase_samples=250888
2026-05-18 17:49:35,080  INFO  [allava] Step 7840/26578 | Loss 0.1237 | LR 1.65e-05 | phase_samples=250896
2026-05-18 17:49:36,233  INFO  [allava] Step 7840/26578 | Loss 0.1088 | LR 1.65e-05 | phase_samples=250904
2026-05-18 17:49:58,139  INFO  [allava] Step 7850/26578 | Loss 4.8006 | LR 1.65e-05 | phase_samples=251200
2026-05-18 17:49:58,515  INFO  [allava] Step 7850/26578 | Loss 0.1250 | LR 1.65e-05 | phase_samples=251208
2026-05-18 17:49:58,892  INFO  [allava] Step 7850/26578 | Loss 0.1225 | LR 1.65e-05 | phase_samples=251216
2026-05-18 17:49:59,699  INFO  [allava] Step 7850/26578 | Loss 0.1421 | LR 1.65e-05 | phase_samples=251224
2026-05-18 17:50:19,829  INFO  [allava] Step 7860/26578 | Loss 4.8892 | LR 1.65e-05 | phase_samples=251520
2026-05-18 17:50:20,731  INFO  [allava] Step 7860/26578 | Loss 0.1313 | LR 1.65e-05 | phase_samples=251528
2026-05-18 17:50:21,133  INFO  [allava] Step 7860/26578 | Loss 0.1455 | LR 1.65e-05 | phase_samples=251536
2026-05-18 17:50:21,521  INFO  [allava] Step 7860/26578 | Loss 0.1239 | LR 1.65e-05 | phase_samples=251544
2026-05-18 17:50:44,439  INFO  [allava] Step 7870/26578 | Loss 4.7452 | LR 1.65e-05 | phase_samples=251840
2026-05-18 17:50:44,819  INFO  [allava] Step 7870/26578 | Loss 0.1279 | LR 1.65e-05 | phase_samples=251848
2026-05-18 17:50:45,576  INFO  [allava] Step 7870/26578 | Loss 0.1228 | LR 1.65e-05 | phase_samples=251856
2026-05-18 17:50:45,924  INFO  [allava] Step 7870/26578 | Loss 0.1272 | LR 1.65e-05 | phase_samples=251864
2026-05-18 17:51:06,777  INFO  [allava] Step 7880/26578 | Loss 4.7789 | LR 1.65e-05 | phase_samples=252160
2026-05-18 17:51:07,129  INFO  [allava] Step 7880/26578 | Loss 0.1121 | LR 1.65e-05 | phase_samples=252168
2026-05-18 17:51:07,508  INFO  [allava] Step 7880/26578 | Loss 0.1708 | LR 1.65e-05 | phase_samples=252176
2026-05-18 17:51:07,947  INFO  [allava] Step 7880/26578 | Loss 0.1238 | LR 1.65e-05 | phase_samples=252184
2026-05-18 17:51:27,564  INFO  [allava] Step 7890/26578 | Loss 5.0317 | LR 1.65e-05 | phase_samples=252480
2026-05-18 17:51:27,917  INFO  [allava] Step 7890/26578 | Loss 0.1369 | LR 1.65e-05 | phase_samples=252488
2026-05-18 17:51:28,318  INFO  [allava] Step 7890/26578 | Loss 0.1076 | LR 1.65e-05 | phase_samples=252496
2026-05-18 17:51:28,722  INFO  [allava] Step 7890/26578 | Loss 0.1098 | LR 1.65e-05 | phase_samples=252504
2026-05-18 17:51:49,973  INFO  [allava] Step 7900/26578 | Loss 4.7707 | LR 1.65e-05 | phase_samples=252800
2026-05-18 17:51:50,331  INFO  [allava] Step 7900/26578 | Loss 0.1275 | LR 1.65e-05 | phase_samples=252808
2026-05-18 17:51:50,703  INFO  [allava] Step 7900/26578 | Loss 0.1078 | LR 1.65e-05 | phase_samples=252816
2026-05-18 17:51:51,080  INFO  [allava] Step 7900/26578 | Loss 0.1583 | LR 1.65e-05 | phase_samples=252824
2026-05-18 17:52:11,919  INFO  [allava] Step 7910/26578 | Loss 4.9150 | LR 1.65e-05 | phase_samples=253120
2026-05-18 17:52:12,250  INFO  [allava] Step 7910/26578 | Loss 0.1262 | LR 1.65e-05 | phase_samples=253128
2026-05-18 17:52:12,622  INFO  [allava] Step 7910/26578 | Loss 0.1083 | LR 1.65e-05 | phase_samples=253136
2026-05-18 17:52:13,777  INFO  [allava] Step 7910/26578 | Loss 0.0897 | LR 1.65e-05 | phase_samples=253144
2026-05-18 17:52:35,195  INFO  [allava] Step 7920/26578 | Loss 4.8248 | LR 1.65e-05 | phase_samples=253440
2026-05-18 17:52:35,892  INFO  [allava] Step 7920/26578 | Loss 0.0949 | LR 1.65e-05 | phase_samples=253448
2026-05-18 17:52:36,480  INFO  [allava] Step 7920/26578 | Loss 0.1465 | LR 1.65e-05 | phase_samples=253456
2026-05-18 17:52:36,846  INFO  [allava] Step 7920/26578 | Loss 0.1218 | LR 1.65e-05 | phase_samples=253464
2026-05-18 17:52:56,693  INFO  [allava] Step 7930/26578 | Loss 4.9565 | LR 1.65e-05 | phase_samples=253760
2026-05-18 17:52:57,265  INFO  [allava] Step 7930/26578 | Loss 0.1076 | LR 1.65e-05 | phase_samples=253768
2026-05-18 17:52:57,694  INFO  [allava] Step 7930/26578 | Loss 0.1319 | LR 1.65e-05 | phase_samples=253776
2026-05-18 17:52:58,282  INFO  [allava] Step 7930/26578 | Loss 0.1156 | LR 1.65e-05 | phase_samples=253784
2026-05-18 17:53:18,221  INFO  [allava] Step 7940/26578 | Loss 4.9142 | LR 1.64e-05 | phase_samples=254080
2026-05-18 17:53:18,627  INFO  [allava] Step 7940/26578 | Loss 0.1493 | LR 1.64e-05 | phase_samples=254088
2026-05-18 17:53:19,004  INFO  [allava] Step 7940/26578 | Loss 0.1436 | LR 1.64e-05 | phase_samples=254096
2026-05-18 17:53:19,679  INFO  [allava] Step 7940/26578 | Loss 0.1310 | LR 1.64e-05 | phase_samples=254104
2026-05-18 17:53:40,513  INFO  [allava] Step 7950/26578 | Loss 4.8526 | LR 1.64e-05 | phase_samples=254400
2026-05-18 17:53:40,890  INFO  [allava] Step 7950/26578 | Loss 0.1264 | LR 1.64e-05 | phase_samples=254408
2026-05-18 17:53:41,295  INFO  [allava] Step 7950/26578 | Loss 0.1295 | LR 1.64e-05 | phase_samples=254416
2026-05-18 17:53:41,672  INFO  [allava] Step 7950/26578 | Loss 0.1171 | LR 1.64e-05 | phase_samples=254424
2026-05-18 17:54:02,365  INFO  [allava] Step 7960/26578 | Loss 4.6588 | LR 1.64e-05 | phase_samples=254720
2026-05-18 17:54:02,877  INFO  [allava] Step 7960/26578 | Loss 0.1259 | LR 1.64e-05 | phase_samples=254728
2026-05-18 17:54:03,412  INFO  [allava] Step 7960/26578 | Loss 0.1159 | LR 1.64e-05 | phase_samples=254736
2026-05-18 17:54:04,307  INFO  [allava] Step 7960/26578 | Loss 0.1352 | LR 1.64e-05 | phase_samples=254744
2026-05-18 17:54:26,334  INFO  [allava] Step 7970/26578 | Loss 4.8282 | LR 1.64e-05 | phase_samples=255040
2026-05-18 17:54:26,730  INFO  [allava] Step 7970/26578 | Loss 0.1372 | LR 1.64e-05 | phase_samples=255048
2026-05-18 17:54:27,444  INFO  [allava] Step 7970/26578 | Loss 0.1251 | LR 1.64e-05 | phase_samples=255056
2026-05-18 17:54:27,792  INFO  [allava] Step 7970/26578 | Loss 0.1001 | LR 1.64e-05 | phase_samples=255064
2026-05-18 17:54:49,203  INFO  [allava] Step 7980/26578 | Loss 4.8787 | LR 1.64e-05 | phase_samples=255360
2026-05-18 17:54:49,611  INFO  [allava] Step 7980/26578 | Loss 0.1284 | LR 1.64e-05 | phase_samples=255368
2026-05-18 17:54:50,117  INFO  [allava] Step 7980/26578 | Loss 0.1104 | LR 1.64e-05 | phase_samples=255376
2026-05-18 17:54:50,511  INFO  [allava] Step 7980/26578 | Loss 0.1276 | LR 1.64e-05 | phase_samples=255384
2026-05-18 17:55:10,931  INFO  [allava] Step 7990/26578 | Loss 4.8595 | LR 1.64e-05 | phase_samples=255680
2026-05-18 17:55:11,350  INFO  [allava] Step 7990/26578 | Loss 0.1297 | LR 1.64e-05 | phase_samples=255688
2026-05-18 17:55:11,730  INFO  [allava] Step 7990/26578 | Loss 0.1247 | LR 1.64e-05 | phase_samples=255696
2026-05-18 17:55:12,270  INFO  [allava] Step 7990/26578 | Loss 0.1327 | LR 1.64e-05 | phase_samples=255704
2026-05-18 17:55:33,992  INFO  [allava] Step 8000/26578 | Loss 4.8135 | LR 1.64e-05 | phase_samples=256000
2026-05-18 17:55:34,786  INFO  [allava] Step 8000/26578 | Loss 0.1306 | LR 1.64e-05 | phase_samples=256008
2026-05-18 17:55:35,185  INFO  [allava] Step 8000/26578 | Loss 0.1347 | LR 1.64e-05 | phase_samples=256016
2026-05-18 17:55:35,745  INFO  [allava] Step 8000/26578 | Loss 0.1057 | LR 1.64e-05 | phase_samples=256024
2026-05-18 17:55:56,747  INFO  [allava] Step 8010/26578 | Loss 4.6880 | LR 1.64e-05 | phase_samples=256320
2026-05-18 17:55:57,750  INFO  [allava] Step 8010/26578 | Loss 0.1515 | LR 1.64e-05 | phase_samples=256328
2026-05-18 17:55:58,179  INFO  [allava] Step 8010/26578 | Loss 0.1248 | LR 1.64e-05 | phase_samples=256336
2026-05-18 17:55:58,639  INFO  [allava] Step 8010/26578 | Loss 0.1382 | LR 1.64e-05 | phase_samples=256344
2026-05-18 17:59:54,224  INFO  Checkpoint saved → ../checkpoints/stage2_h100/allava/step8015 | step=8015 | phase=allava | samples_seen_phase=256480 | total=256480
2026-05-18 18:00:02,635  INFO  [allava] Step 8020/26578 | Loss 5.0647 | LR 1.64e-05 | phase_samples=256640
2026-05-18 18:00:03,026  INFO  [allava] Step 8020/26578 | Loss 0.1393 | LR 1.64e-05 | phase_samples=256648
2026-05-18 18:00:03,462  INFO  [allava] Step 8020/26578 | Loss 0.1106 | LR 1.64e-05 | phase_samples=256656
2026-05-18 18:00:03,830  INFO  [allava] Step 8020/26578 | Loss 0.1301 | LR 1.64e-05 | phase_samples=256664
2026-05-18 18:00:21,685  INFO  [allava] Step 8030/26578 | Loss 4.8489 | LR 1.64e-05 | phase_samples=256960
2026-05-18 18:00:22,044  INFO  [allava] Step 8030/26578 | Loss 0.1087 | LR 1.64e-05 | phase_samples=256968
2026-05-18 18:00:22,419  INFO  [allava] Step 8030/26578 | Loss 0.1206 | LR 1.64e-05 | phase_samples=256976
2026-05-18 18:00:22,807  INFO  [allava] Step 8030/26578 | Loss 0.1297 | LR 1.64e-05 | phase_samples=256984
2026-05-18 18:00:39,060  INFO  [allava] Step 8040/26578 | Loss 4.8783 | LR 1.64e-05 | phase_samples=257280
2026-05-18 18:00:39,426  INFO  [allava] Step 8040/26578 | Loss 0.1083 | LR 1.64e-05 | phase_samples=257288
2026-05-18 18:00:39,836  INFO  [allava] Step 8040/26578 | Loss 0.1097 | LR 1.64e-05 | phase_samples=257296
2026-05-18 18:00:40,250  INFO  [allava] Step 8040/26578 | Loss 0.1432 | LR 1.64e-05 | phase_samples=257304
2026-05-18 18:00:58,758  INFO  [allava] Step 8050/26578 | Loss 4.7069 | LR 1.63e-05 | phase_samples=257600
2026-05-18 18:00:59,061  INFO  [allava] Step 8050/26578 | Loss 0.1087 | LR 1.63e-05 | phase_samples=257608
2026-05-18 18:00:59,503  INFO  [allava] Step 8050/26578 | Loss 0.1430 | LR 1.63e-05 | phase_samples=257616
2026-05-18 18:00:59,846  INFO  [allava] Step 8050/26578 | Loss 0.1221 | LR 1.63e-05 | phase_samples=257624
2026-05-18 18:01:16,897  INFO  [allava] Step 8060/26578 | Loss 4.7147 | LR 1.63e-05 | phase_samples=257920
2026-05-18 18:01:17,363  INFO  [allava] Step 8060/26578 | Loss 0.1334 | LR 1.63e-05 | phase_samples=257928
2026-05-18 18:01:17,985  INFO  [allava] Step 8060/26578 | Loss 0.1088 | LR 1.63e-05 | phase_samples=257936
2026-05-18 18:01:18,368  INFO  [allava] Step 8060/26578 | Loss 0.1217 | LR 1.63e-05 | phase_samples=257944
2026-05-18 18:01:36,598  INFO  [allava] Step 8070/26578 | Loss 4.7782 | LR 1.63e-05 | phase_samples=258240
2026-05-18 18:01:37,517  INFO  [allava] Step 8070/26578 | Loss 0.1514 | LR 1.63e-05 | phase_samples=258248
2026-05-18 18:01:37,868  INFO  [allava] Step 8070/26578 | Loss 0.1182 | LR 1.63e-05 | phase_samples=258256
2026-05-18 18:01:38,286  INFO  [allava] Step 8070/26578 | Loss 0.1175 | LR 1.63e-05 | phase_samples=258264
2026-05-18 18:01:55,397  INFO  [allava] Step 8080/26578 | Loss 4.9916 | LR 1.63e-05 | phase_samples=258560
2026-05-18 18:01:55,782  INFO  [allava] Step 8080/26578 | Loss 0.1297 | LR 1.63e-05 | phase_samples=258568
2026-05-18 18:01:56,166  INFO  [allava] Step 8080/26578 | Loss 0.1312 | LR 1.63e-05 | phase_samples=258576
2026-05-18 18:01:56,661  INFO  [allava] Step 8080/26578 | Loss 0.1402 | LR 1.63e-05 | phase_samples=258584
2026-05-18 18:02:13,618  INFO  [allava] Step 8090/26578 | Loss 4.9704 | LR 1.63e-05 | phase_samples=258880
2026-05-18 18:02:13,985  INFO  [allava] Step 8090/26578 | Loss 0.1551 | LR 1.63e-05 | phase_samples=258888
2026-05-18 18:02:14,388  INFO  [allava] Step 8090/26578 | Loss 0.1352 | LR 1.63e-05 | phase_samples=258896
2026-05-18 18:02:14,855  INFO  [allava] Step 8090/26578 | Loss 0.1420 | LR 1.63e-05 | phase_samples=258904
2026-05-18 18:02:31,833  INFO  [allava] Step 8100/26578 | Loss 4.7579 | LR 1.63e-05 | phase_samples=259200
2026-05-18 18:02:32,908  INFO  [allava] Step 8100/26578 | Loss 0.1309 | LR 1.63e-05 | phase_samples=259208
2026-05-18 18:02:33,291  INFO  [allava] Step 8100/26578 | Loss 0.1057 | LR 1.63e-05 | phase_samples=259216
2026-05-18 18:02:33,757  INFO  [allava] Step 8100/26578 | Loss 0.1291 | LR 1.63e-05 | phase_samples=259224
2026-05-18 18:02:53,497  INFO  [allava] Step 8110/26578 | Loss 4.7062 | LR 1.63e-05 | phase_samples=259520
2026-05-18 18:02:53,919  INFO  [allava] Step 8110/26578 | Loss 0.1501 | LR 1.63e-05 | phase_samples=259528
2026-05-18 18:02:54,325  INFO  [allava] Step 8110/26578 | Loss 0.1273 | LR 1.63e-05 | phase_samples=259536
2026-05-18 18:02:54,778  INFO  [allava] Step 8110/26578 | Loss 0.1309 | LR 1.63e-05 | phase_samples=259544
2026-05-18 18:03:12,282  INFO  [allava] Step 8120/26578 | Loss 4.6689 | LR 1.63e-05 | phase_samples=259840
2026-05-18 18:03:13,087  INFO  [allava] Step 8120/26578 | Loss 0.1375 | LR 1.63e-05 | phase_samples=259848
2026-05-18 18:03:13,461  INFO  [allava] Step 8120/26578 | Loss 0.1103 | LR 1.63e-05 | phase_samples=259856
2026-05-18 18:03:13,980  INFO  [allava] Step 8120/26578 | Loss 0.1285 | LR 1.63e-05 | phase_samples=259864
2026-05-18 18:03:31,238  INFO  [allava] Step 8130/26578 | Loss 4.8249 | LR 1.63e-05 | phase_samples=260160
2026-05-18 18:03:31,649  INFO  [allava] Step 8130/26578 | Loss 0.1339 | LR 1.63e-05 | phase_samples=260168
2026-05-18 18:03:32,046  INFO  [allava] Step 8130/26578 | Loss 0.1514 | LR 1.63e-05 | phase_samples=260176
2026-05-18 18:03:32,442  INFO  [allava] Step 8130/26578 | Loss 0.1320 | LR 1.63e-05 | phase_samples=260184
2026-05-18 18:03:49,890  INFO  [allava] Step 8140/26578 | Loss 4.8103 | LR 1.63e-05 | phase_samples=260480
2026-05-18 18:03:50,268  INFO  [allava] Step 8140/26578 | Loss 0.1200 | LR 1.63e-05 | phase_samples=260488
2026-05-18 18:03:50,639  INFO  [allava] Step 8140/26578 | Loss 0.1402 | LR 1.63e-05 | phase_samples=260496
2026-05-18 18:03:51,023  INFO  [allava] Step 8140/26578 | Loss 0.1459 | LR 1.63e-05 | phase_samples=260504
2026-05-18 18:04:07,867  INFO  [allava] Step 8150/26578 | Loss 4.9028 | LR 1.62e-05 | phase_samples=260800
2026-05-18 18:04:08,250  INFO  [allava] Step 8150/26578 | Loss 0.1680 | LR 1.62e-05 | phase_samples=260808
2026-05-18 18:04:08,621  INFO  [allava] Step 8150/26578 | Loss 0.1307 | LR 1.62e-05 | phase_samples=260816
2026-05-18 18:04:09,009  INFO  [allava] Step 8150/26578 | Loss 0.1518 | LR 1.62e-05 | phase_samples=260824
2026-05-18 18:04:24,205  INFO  [allava] Step 8160/26578 | Loss 4.9715 | LR 1.62e-05 | phase_samples=261120
2026-05-18 18:04:24,588  INFO  [allava] Step 8160/26578 | Loss 0.1455 | LR 1.62e-05 | phase_samples=261128
2026-05-18 18:04:24,964  INFO  [allava] Step 8160/26578 | Loss 0.1471 | LR 1.62e-05 | phase_samples=261136
2026-05-18 18:04:25,360  INFO  [allava] Step 8160/26578 | Loss 0.1316 | LR 1.62e-05 | phase_samples=261144
2026-05-18 18:04:43,953  INFO  [allava] Step 8170/26578 | Loss 4.7265 | LR 1.62e-05 | phase_samples=261440
2026-05-18 18:04:44,502  INFO  [allava] Step 8170/26578 | Loss 0.1017 | LR 1.62e-05 | phase_samples=261448
2026-05-18 18:04:44,889  INFO  [allava] Step 8170/26578 | Loss 0.1254 | LR 1.62e-05 | phase_samples=261456
2026-05-18 18:04:45,308  INFO  [allava] Step 8170/26578 | Loss 0.1298 | LR 1.62e-05 | phase_samples=261464
2026-05-18 18:05:04,425  INFO  [allava] Step 8180/26578 | Loss 4.6510 | LR 1.62e-05 | phase_samples=261760
2026-05-18 18:05:04,803  INFO  [allava] Step 8180/26578 | Loss 0.1158 | LR 1.62e-05 | phase_samples=261768
2026-05-18 18:05:05,174  INFO  [allava] Step 8180/26578 | Loss 0.1394 | LR 1.62e-05 | phase_samples=261776
2026-05-18 18:05:05,559  INFO  [allava] Step 8180/26578 | Loss 0.1509 | LR 1.62e-05 | phase_samples=261784
2026-05-18 18:05:21,239  INFO  [allava] Step 8190/26578 | Loss 4.8445 | LR 1.62e-05 | phase_samples=262080
2026-05-18 18:05:22,112  INFO  [allava] Step 8190/26578 | Loss 0.1642 | LR 1.62e-05 | phase_samples=262088
2026-05-18 18:05:22,480  INFO  [allava] Step 8190/26578 | Loss 0.1359 | LR 1.62e-05 | phase_samples=262096
2026-05-18 18:05:22,918  INFO  [allava] Step 8190/26578 | Loss 0.1299 | LR 1.62e-05 | phase_samples=262104
2026-05-18 18:05:39,288  INFO  [allava] Step 8200/26578 | Loss 4.8437 | LR 1.62e-05 | phase_samples=262400
2026-05-18 18:05:39,654  INFO  [allava] Step 8200/26578 | Loss 0.1626 | LR 1.62e-05 | phase_samples=262408
2026-05-18 18:05:40,025  INFO  [allava] Step 8200/26578 | Loss 0.1304 | LR 1.62e-05 | phase_samples=262416
2026-05-18 18:05:40,421  INFO  [allava] Step 8200/26578 | Loss 0.1553 | LR 1.62e-05 | phase_samples=262424
2026-05-18 18:05:56,639  INFO  [allava] Step 8210/26578 | Loss 4.6434 | LR 1.62e-05 | phase_samples=262720
2026-05-18 18:05:57,491  INFO  [allava] Step 8210/26578 | Loss 0.1278 | LR 1.62e-05 | phase_samples=262728
2026-05-18 18:05:57,872  INFO  [allava] Step 8210/26578 | Loss 0.1393 | LR 1.62e-05 | phase_samples=262736
2026-05-18 18:05:58,259  INFO  [allava] Step 8210/26578 | Loss 0.1565 | LR 1.62e-05 | phase_samples=262744
2026-05-18 18:06:14,239  INFO  [allava] Step 8220/26578 | Loss 4.7639 | LR 1.62e-05 | phase_samples=263040
2026-05-18 18:06:14,630  INFO  [allava] Step 8220/26578 | Loss 0.1150 | LR 1.62e-05 | phase_samples=263048
2026-05-18 18:06:15,012  INFO  [allava] Step 8220/26578 | Loss 0.1077 | LR 1.62e-05 | phase_samples=263056
2026-05-18 18:06:15,415  INFO  [allava] Step 8220/26578 | Loss 0.1121 | LR 1.62e-05 | phase_samples=263064
2026-05-18 18:06:31,030  INFO  [allava] Step 8230/26578 | Loss 4.9388 | LR 1.62e-05 | phase_samples=263360
2026-05-18 18:06:31,738  INFO  [allava] Step 8230/26578 | Loss 0.1340 | LR 1.62e-05 | phase_samples=263368
2026-05-18 18:06:32,589  INFO  [allava] Step 8230/26578 | Loss 0.1185 | LR 1.62e-05 | phase_samples=263376
2026-05-18 18:06:32,982  INFO  [allava] Step 8230/26578 | Loss 0.1293 | LR 1.62e-05 | phase_samples=263384
2026-05-18 18:06:49,251  INFO  [allava] Step 8240/26578 | Loss 4.7956 | LR 1.62e-05 | phase_samples=263680
2026-05-18 18:06:49,627  INFO  [allava] Step 8240/26578 | Loss 0.1302 | LR 1.62e-05 | phase_samples=263688
2026-05-18 18:06:50,012  INFO  [allava] Step 8240/26578 | Loss 0.1232 | LR 1.62e-05 | phase_samples=263696
2026-05-18 18:06:50,439  INFO  [allava] Step 8240/26578 | Loss 0.1053 | LR 1.62e-05 | phase_samples=263704
2026-05-18 18:07:06,012  INFO  [allava] Step 8250/26578 | Loss 4.8739 | LR 1.62e-05 | phase_samples=264000
2026-05-18 18:07:06,369  INFO  [allava] Step 8250/26578 | Loss 0.1209 | LR 1.62e-05 | phase_samples=264008
2026-05-18 18:07:07,285  INFO  [allava] Step 8250/26578 | Loss 0.1036 | LR 1.62e-05 | phase_samples=264016
2026-05-18 18:07:07,662  INFO  [allava] Step 8250/26578 | Loss 0.1446 | LR 1.62e-05 | phase_samples=264024
2026-05-18 18:07:24,015  INFO  [allava] Step 8260/26578 | Loss 4.9027 | LR 1.61e-05 | phase_samples=264320
2026-05-18 18:07:24,468  INFO  [allava] Step 8260/26578 | Loss 0.1100 | LR 1.61e-05 | phase_samples=264328
2026-05-18 18:07:24,816  INFO  [allava] Step 8260/26578 | Loss 0.1232 | LR 1.61e-05 | phase_samples=264336
2026-05-18 18:07:25,531  INFO  [allava] Step 8260/26578 | Loss 0.1378 | LR 1.61e-05 | phase_samples=264344
2026-05-18 18:07:41,189  INFO  [allava] Step 8270/26578 | Loss 4.6860 | LR 1.61e-05 | phase_samples=264640
2026-05-18 18:07:41,553  INFO  [allava] Step 8270/26578 | Loss 0.1297 | LR 1.61e-05 | phase_samples=264648
2026-05-18 18:07:41,925  INFO  [allava] Step 8270/26578 | Loss 0.1368 | LR 1.61e-05 | phase_samples=264656
2026-05-18 18:07:42,777  INFO  [allava] Step 8270/26578 | Loss 0.1278 | LR 1.61e-05 | phase_samples=264664
2026-05-18 18:07:58,999  INFO  [allava] Step 8280/26578 | Loss 4.8103 | LR 1.61e-05 | phase_samples=264960
2026-05-18 18:07:59,368  INFO  [allava] Step 8280/26578 | Loss 0.1225 | LR 1.61e-05 | phase_samples=264968
2026-05-18 18:07:59,706  INFO  [allava] Step 8280/26578 | Loss 0.1079 | LR 1.61e-05 | phase_samples=264976
2026-05-18 18:08:00,100  INFO  [allava] Step 8280/26578 | Loss 0.1299 | LR 1.61e-05 | phase_samples=264984
2026-05-18 18:08:17,087  INFO  [allava] Step 8290/26578 | Loss 4.7731 | LR 1.61e-05 | phase_samples=265280
2026-05-18 18:08:17,452  INFO  [allava] Step 8290/26578 | Loss 0.1371 | LR 1.61e-05 | phase_samples=265288
2026-05-18 18:08:17,831  INFO  [allava] Step 8290/26578 | Loss 0.1594 | LR 1.61e-05 | phase_samples=265296
2026-05-18 18:08:18,234  INFO  [allava] Step 8290/26578 | Loss 0.1157 | LR 1.61e-05 | phase_samples=265304
2026-05-18 18:08:34,611  INFO  [allava] Step 8300/26578 | Loss 4.7648 | LR 1.61e-05 | phase_samples=265600
2026-05-18 18:08:34,996  INFO  [allava] Step 8300/26578 | Loss 0.1196 | LR 1.61e-05 | phase_samples=265608
2026-05-18 18:08:35,423  INFO  [allava] Step 8300/26578 | Loss 0.1521 | LR 1.61e-05 | phase_samples=265616
2026-05-18 18:08:35,794  INFO  [allava] Step 8300/26578 | Loss 0.1003 | LR 1.61e-05 | phase_samples=265624
2026-05-18 18:08:52,304  INFO  [allava] Step 8310/26578 | Loss 4.6788 | LR 1.61e-05 | phase_samples=265920
2026-05-18 18:08:52,677  INFO  [allava] Step 8310/26578 | Loss 0.1143 | LR 1.61e-05 | phase_samples=265928
2026-05-18 18:08:53,065  INFO  [allava] Step 8310/26578 | Loss 0.1392 | LR 1.61e-05 | phase_samples=265936
2026-05-18 18:08:53,535  INFO  [allava] Step 8310/26578 | Loss 0.1457 | LR 1.61e-05 | phase_samples=265944
2026-05-18 18:09:09,791  INFO  [allava] Step 8320/26578 | Loss 4.7994 | LR 1.61e-05 | phase_samples=266240
2026-05-18 18:09:10,147  INFO  [allava] Step 8320/26578 | Loss 0.1221 | LR 1.61e-05 | phase_samples=266248
2026-05-18 18:09:10,529  INFO  [allava] Step 8320/26578 | Loss 0.1386 | LR 1.61e-05 | phase_samples=266256
2026-05-18 18:09:10,934  INFO  [allava] Step 8320/26578 | Loss 0.1376 | LR 1.61e-05 | phase_samples=266264
2026-05-18 18:09:26,770  INFO  [allava] Step 8330/26578 | Loss 4.8045 | LR 1.61e-05 | phase_samples=266560
2026-05-18 18:09:27,148  INFO  [allava] Step 8330/26578 | Loss 0.1269 | LR 1.61e-05 | phase_samples=266568
2026-05-18 18:09:27,518  INFO  [allava] Step 8330/26578 | Loss 0.1572 | LR 1.61e-05 | phase_samples=266576
2026-05-18 18:09:27,949  INFO  [allava] Step 8330/26578 | Loss 0.1423 | LR 1.61e-05 | phase_samples=266584
2026-05-18 18:09:44,243  INFO  [allava] Step 8340/26578 | Loss 4.7231 | LR 1.61e-05 | phase_samples=266880
2026-05-18 18:09:44,824  INFO  [allava] Step 8340/26578 | Loss 0.1244 | LR 1.61e-05 | phase_samples=266888
2026-05-18 18:09:45,192  INFO  [allava] Step 8340/26578 | Loss 0.1246 | LR 1.61e-05 | phase_samples=266896
2026-05-18 18:09:46,267  INFO  [allava] Step 8340/26578 | Loss 0.1033 | LR 1.61e-05 | phase_samples=266904
2026-05-18 18:10:02,535  INFO  [allava] Step 8350/26578 | Loss 4.9325 | LR 1.61e-05 | phase_samples=267200
2026-05-18 18:10:02,940  INFO  [allava] Step 8350/26578 | Loss 0.1108 | LR 1.61e-05 | phase_samples=267208
2026-05-18 18:10:03,311  INFO  [allava] Step 8350/26578 | Loss 0.1131 | LR 1.61e-05 | phase_samples=267216
2026-05-18 18:10:03,706  INFO  [allava] Step 8350/26578 | Loss 0.1316 | LR 1.61e-05 | phase_samples=267224
2026-05-18 18:10:19,903  INFO  [allava] Step 8360/26578 | Loss 4.7714 | LR 1.60e-05 | phase_samples=267520
2026-05-18 18:10:20,235  INFO  [allava] Step 8360/26578 | Loss 0.1234 | LR 1.60e-05 | phase_samples=267528
2026-05-18 18:10:20,584  INFO  [allava] Step 8360/26578 | Loss 0.1191 | LR 1.60e-05 | phase_samples=267536
2026-05-18 18:10:21,588  INFO  [allava] Step 8360/26578 | Loss 0.1198 | LR 1.60e-05 | phase_samples=267544
2026-05-18 18:10:38,692  INFO  [allava] Step 8370/26578 | Loss 4.6311 | LR 1.60e-05 | phase_samples=267840
2026-05-18 18:10:39,067  INFO  [allava] Step 8370/26578 | Loss 0.1436 | LR 1.60e-05 | phase_samples=267848
2026-05-18 18:10:39,433  INFO  [allava] Step 8370/26578 | Loss 0.1400 | LR 1.60e-05 | phase_samples=267856
2026-05-18 18:10:39,819  INFO  [allava] Step 8370/26578 | Loss 0.1410 | LR 1.60e-05 | phase_samples=267864
2026-05-18 18:10:56,721  INFO  [allava] Step 8380/26578 | Loss 4.8043 | LR 1.60e-05 | phase_samples=268160
2026-05-18 18:10:57,076  INFO  [allava] Step 8380/26578 | Loss 0.1480 | LR 1.60e-05 | phase_samples=268168
2026-05-18 18:10:57,514  INFO  [allava] Step 8380/26578 | Loss 0.1375 | LR 1.60e-05 | phase_samples=268176
2026-05-18 18:10:57,851  INFO  [allava] Step 8380/26578 | Loss 0.0923 | LR 1.60e-05 | phase_samples=268184
2026-05-18 18:11:14,639  INFO  [allava] Step 8390/26578 | Loss 4.7231 | LR 1.60e-05 | phase_samples=268480
2026-05-18 18:11:15,026  INFO  [allava] Step 8390/26578 | Loss 0.1192 | LR 1.60e-05 | phase_samples=268488
2026-05-18 18:11:15,420  INFO  [allava] Step 8390/26578 | Loss 0.1495 | LR 1.60e-05 | phase_samples=268496
2026-05-18 18:11:15,798  INFO  [allava] Step 8390/26578 | Loss 0.1203 | LR 1.60e-05 | phase_samples=268504
2026-05-18 18:11:31,496  INFO  [allava] Step 8400/26578 | Loss 4.9929 | LR 1.60e-05 | phase_samples=268800
2026-05-18 18:11:31,912  INFO  [allava] Step 8400/26578 | Loss 0.1351 | LR 1.60e-05 | phase_samples=268808
2026-05-18 18:11:32,308  INFO  [allava] Step 8400/26578 | Loss 0.1402 | LR 1.60e-05 | phase_samples=268816
2026-05-18 18:11:32,660  INFO  [allava] Step 8400/26578 | Loss 0.1079 | LR 1.60e-05 | phase_samples=268824
2026-05-18 18:11:50,445  INFO  [allava] Step 8410/26578 | Loss 4.6376 | LR 1.60e-05 | phase_samples=269120
2026-05-18 18:11:50,831  INFO  [allava] Step 8410/26578 | Loss 0.1296 | LR 1.60e-05 | phase_samples=269128
2026-05-18 18:11:51,223  INFO  [allava] Step 8410/26578 | Loss 0.1158 | LR 1.60e-05 | phase_samples=269136
2026-05-18 18:11:51,599  INFO  [allava] Step 8410/26578 | Loss 0.1424 | LR 1.60e-05 | phase_samples=269144
2026-05-18 18:12:07,408  INFO  [allava] Step 8420/26578 | Loss 4.6364 | LR 1.60e-05 | phase_samples=269440
2026-05-18 18:12:07,732  INFO  [allava] Step 8420/26578 | Loss 0.1018 | LR 1.60e-05 | phase_samples=269448
2026-05-18 18:12:08,160  INFO  [allava] Step 8420/26578 | Loss 0.1153 | LR 1.60e-05 | phase_samples=269456
2026-05-18 18:12:08,802  INFO  [allava] Step 8420/26578 | Loss 0.1412 | LR 1.60e-05 | phase_samples=269464
2026-05-18 18:12:26,437  INFO  [allava] Step 8430/26578 | Loss 4.6259 | LR 1.60e-05 | phase_samples=269760
2026-05-18 18:12:26,956  INFO  [allava] Step 8430/26578 | Loss 0.1200 | LR 1.60e-05 | phase_samples=269768
2026-05-18 18:12:27,334  INFO  [allava] Step 8430/26578 | Loss 0.1177 | LR 1.60e-05 | phase_samples=269776
2026-05-18 18:12:27,968  INFO  [allava] Step 8430/26578 | Loss 0.1590 | LR 1.60e-05 | phase_samples=269784
2026-05-18 18:12:44,472  INFO  [allava] Step 8440/26578 | Loss 4.6939 | LR 1.60e-05 | phase_samples=270080
2026-05-18 18:12:44,845  INFO  [allava] Step 8440/26578 | Loss 0.1482 | LR 1.60e-05 | phase_samples=270088
2026-05-18 18:12:45,197  INFO  [allava] Step 8440/26578 | Loss 0.1304 | LR 1.60e-05 | phase_samples=270096
2026-05-18 18:12:45,578  INFO  [allava] Step 8440/26578 | Loss 0.1100 | LR 1.60e-05 | phase_samples=270104
2026-05-18 18:13:00,974  INFO  [allava] Step 8450/26578 | Loss 4.9515 | LR 1.60e-05 | phase_samples=270400
2026-05-18 18:13:01,358  INFO  [allava] Step 8450/26578 | Loss 0.1148 | LR 1.60e-05 | phase_samples=270408
2026-05-18 18:13:01,738  INFO  [allava] Step 8450/26578 | Loss 0.1550 | LR 1.60e-05 | phase_samples=270416
2026-05-18 18:13:02,192  INFO  [allava] Step 8450/26578 | Loss 0.1033 | LR 1.60e-05 | phase_samples=270424
2026-05-18 18:13:18,282  INFO  [allava] Step 8460/26578 | Loss 4.7136 | LR 1.59e-05 | phase_samples=270720
2026-05-18 18:13:18,722  INFO  [allava] Step 8460/26578 | Loss 0.1435 | LR 1.59e-05 | phase_samples=270728
2026-05-18 18:13:19,111  INFO  [allava] Step 8460/26578 | Loss 0.1520 | LR 1.59e-05 | phase_samples=270736
2026-05-18 18:13:19,494  INFO  [allava] Step 8460/26578 | Loss 0.1341 | LR 1.59e-05 | phase_samples=270744
2026-05-18 18:13:36,095  INFO  [allava] Step 8470/26578 | Loss 4.7596 | LR 1.59e-05 | phase_samples=271040
2026-05-18 18:13:36,484  INFO  [allava] Step 8470/26578 | Loss 0.1324 | LR 1.59e-05 | phase_samples=271048
2026-05-18 18:13:36,864  INFO  [allava] Step 8470/26578 | Loss 0.1332 | LR 1.59e-05 | phase_samples=271056
2026-05-18 18:13:37,241  INFO  [allava] Step 8470/26578 | Loss 0.1271 | LR 1.59e-05 | phase_samples=271064
2026-05-18 18:13:53,492  INFO  [allava] Step 8480/26578 | Loss 4.9046 | LR 1.59e-05 | phase_samples=271360
2026-05-18 18:13:53,872  INFO  [allava] Step 8480/26578 | Loss 0.1195 | LR 1.59e-05 | phase_samples=271368
2026-05-18 18:13:54,270  INFO  [allava] Step 8480/26578 | Loss 0.1435 | LR 1.59e-05 | phase_samples=271376
2026-05-18 18:13:54,654  INFO  [allava] Step 8480/26578 | Loss 0.1225 | LR 1.59e-05 | phase_samples=271384
2026-05-18 18:14:11,480  INFO  [allava] Step 8490/26578 | Loss 4.7434 | LR 1.59e-05 | phase_samples=271680
2026-05-18 18:14:11,901  INFO  [allava] Step 8490/26578 | Loss 0.1563 | LR 1.59e-05 | phase_samples=271688
2026-05-18 18:14:12,277  INFO  [allava] Step 8490/26578 | Loss 0.1130 | LR 1.59e-05 | phase_samples=271696
2026-05-18 18:14:12,682  INFO  [allava] Step 8490/26578 | Loss 0.1353 | LR 1.59e-05 | phase_samples=271704
2026-05-18 18:14:28,581  INFO  [allava] Step 8500/26578 | Loss 4.8299 | LR 1.59e-05 | phase_samples=272000
2026-05-18 18:14:28,948  INFO  [allava] Step 8500/26578 | Loss 0.1523 | LR 1.59e-05 | phase_samples=272008
2026-05-18 18:14:29,338  INFO  [allava] Step 8500/26578 | Loss 0.1458 | LR 1.59e-05 | phase_samples=272016
2026-05-18 18:14:29,773  INFO  [allava] Step 8500/26578 | Loss 0.1470 | LR 1.59e-05 | phase_samples=272024
2026-05-18 18:14:45,452  INFO  [allava] Step 8510/26578 | Loss 4.6893 | LR 1.59e-05 | phase_samples=272320
2026-05-18 18:14:45,787  INFO  [allava] Step 8510/26578 | Loss 0.1225 | LR 1.59e-05 | phase_samples=272328
2026-05-18 18:14:46,166  INFO  [allava] Step 8510/26578 | Loss 0.1241 | LR 1.59e-05 | phase_samples=272336
2026-05-18 18:14:46,604  INFO  [allava] Step 8510/26578 | Loss 0.1487 | LR 1.59e-05 | phase_samples=272344
2026-05-18 18:15:02,350  INFO  [allava] Step 8520/26578 | Loss 4.9299 | LR 1.59e-05 | phase_samples=272640
2026-05-18 18:15:02,762  INFO  [allava] Step 8520/26578 | Loss 0.1392 | LR 1.59e-05 | phase_samples=272648
2026-05-18 18:15:03,179  INFO  [allava] Step 8520/26578 | Loss 0.1471 | LR 1.59e-05 | phase_samples=272656
2026-05-18 18:15:03,583  INFO  [allava] Step 8520/26578 | Loss 0.1422 | LR 1.59e-05 | phase_samples=272664
2026-05-18 18:15:19,191  INFO  [allava] Step 8530/26578 | Loss 4.8012 | LR 1.59e-05 | phase_samples=272960
2026-05-18 18:15:19,579  INFO  [allava] Step 8530/26578 | Loss 0.1227 | LR 1.59e-05 | phase_samples=272968
2026-05-18 18:15:20,018  INFO  [allava] Step 8530/26578 | Loss 0.1299 | LR 1.59e-05 | phase_samples=272976
2026-05-18 18:15:20,547  INFO  [allava] Step 8530/26578 | Loss 0.1285 | LR 1.59e-05 | phase_samples=272984
2026-05-18 18:15:36,445  INFO  [allava] Step 8540/26578 | Loss 4.8389 | LR 1.59e-05 | phase_samples=273280
2026-05-18 18:15:36,803  INFO  [allava] Step 8540/26578 | Loss 0.1113 | LR 1.59e-05 | phase_samples=273288
2026-05-18 18:15:37,191  INFO  [allava] Step 8540/26578 | Loss 0.1544 | LR 1.59e-05 | phase_samples=273296
2026-05-18 18:15:37,601  INFO  [allava] Step 8540/26578 | Loss 0.1260 | LR 1.59e-05 | phase_samples=273304
2026-05-18 18:15:53,670  INFO  [allava] Step 8550/26578 | Loss 4.8586 | LR 1.59e-05 | phase_samples=273600
2026-05-18 18:15:54,040  INFO  [allava] Step 8550/26578 | Loss 0.1160 | LR 1.59e-05 | phase_samples=273608
2026-05-18 18:15:54,408  INFO  [allava] Step 8550/26578 | Loss 0.1234 | LR 1.59e-05 | phase_samples=273616
2026-05-18 18:15:54,779  INFO  [allava] Step 8550/26578 | Loss 0.1331 | LR 1.59e-05 | phase_samples=273624
2026-05-18 18:16:11,735  INFO  [allava] Step 8560/26578 | Loss 4.5939 | LR 1.58e-05 | phase_samples=273920
2026-05-18 18:16:12,092  INFO  [allava] Step 8560/26578 | Loss 0.1171 | LR 1.58e-05 | phase_samples=273928
2026-05-18 18:16:12,493  INFO  [allava] Step 8560/26578 | Loss 0.1588 | LR 1.58e-05 | phase_samples=273936
2026-05-18 18:16:12,899  INFO  [allava] Step 8560/26578 | Loss 0.1614 | LR 1.58e-05 | phase_samples=273944
2026-05-18 18:16:28,423  INFO  [allava] Step 8570/26578 | Loss 4.9426 | LR 1.58e-05 | phase_samples=274240
2026-05-18 18:16:28,803  INFO  [allava] Step 8570/26578 | Loss 0.1496 | LR 1.58e-05 | phase_samples=274248
2026-05-18 18:16:29,191  INFO  [allava] Step 8570/26578 | Loss 0.1520 | LR 1.58e-05 | phase_samples=274256
2026-05-18 18:16:29,621  INFO  [allava] Step 8570/26578 | Loss 0.1232 | LR 1.58e-05 | phase_samples=274264
2026-05-18 18:16:45,705  INFO  [allava] Step 8580/26578 | Loss 4.7798 | LR 1.58e-05 | phase_samples=274560
2026-05-18 18:16:46,176  INFO  [allava] Step 8580/26578 | Loss 0.1226 | LR 1.58e-05 | phase_samples=274568
2026-05-18 18:16:46,565  INFO  [allava] Step 8580/26578 | Loss 0.1061 | LR 1.58e-05 | phase_samples=274576
2026-05-18 18:16:47,431  INFO  [allava] Step 8580/26578 | Loss 0.1235 | LR 1.58e-05 | phase_samples=274584
2026-05-18 18:17:03,650  INFO  [allava] Step 8590/26578 | Loss 4.7333 | LR 1.58e-05 | phase_samples=274880
2026-05-18 18:17:04,171  INFO  [allava] Step 8590/26578 | Loss 0.1612 | LR 1.58e-05 | phase_samples=274888
2026-05-18 18:17:04,517  INFO  [allava] Step 8590/26578 | Loss 0.1511 | LR 1.58e-05 | phase_samples=274896
2026-05-18 18:17:04,907  INFO  [allava] Step 8590/26578 | Loss 0.1280 | LR 1.58e-05 | phase_samples=274904
2026-05-18 18:17:20,997  INFO  [allava] Step 8600/26578 | Loss 4.7915 | LR 1.58e-05 | phase_samples=275200
2026-05-18 18:17:21,372  INFO  [allava] Step 8600/26578 | Loss 0.1339 | LR 1.58e-05 | phase_samples=275208
2026-05-18 18:17:21,760  INFO  [allava] Step 8600/26578 | Loss 0.1521 | LR 1.58e-05 | phase_samples=275216
2026-05-18 18:17:22,191  INFO  [allava] Step 8600/26578 | Loss 0.1328 | LR 1.58e-05 | phase_samples=275224
2026-05-18 18:17:37,271  INFO  [allava] Step 8610/26578 | Loss 4.8623 | LR 1.58e-05 | phase_samples=275520
2026-05-18 18:17:37,648  INFO  [allava] Step 8610/26578 | Loss 0.1116 | LR 1.58e-05 | phase_samples=275528
2026-05-18 18:17:38,020  INFO  [allava] Step 8610/26578 | Loss 0.1324 | LR 1.58e-05 | phase_samples=275536
2026-05-18 18:17:38,447  INFO  [allava] Step 8610/26578 | Loss 0.1433 | LR 1.58e-05 | phase_samples=275544
2026-05-18 18:17:54,392  INFO  [allava] Step 8620/26578 | Loss 4.9801 | LR 1.58e-05 | phase_samples=275840
2026-05-18 18:17:54,776  INFO  [allava] Step 8620/26578 | Loss 0.1191 | LR 1.58e-05 | phase_samples=275848
2026-05-18 18:17:55,157  INFO  [allava] Step 8620/26578 | Loss 0.1274 | LR 1.58e-05 | phase_samples=275856
2026-05-18 18:17:55,545  INFO  [allava] Step 8620/26578 | Loss 0.1494 | LR 1.58e-05 | phase_samples=275864
2026-05-18 18:18:11,009  INFO  [allava] Step 8630/26578 | Loss 4.7738 | LR 1.58e-05 | phase_samples=276160
2026-05-18 18:18:11,366  INFO  [allava] Step 8630/26578 | Loss 0.1409 | LR 1.58e-05 | phase_samples=276168
2026-05-18 18:18:11,771  INFO  [allava] Step 8630/26578 | Loss 0.1632 | LR 1.58e-05 | phase_samples=276176
2026-05-18 18:18:12,193  INFO  [allava] Step 8630/26578 | Loss 0.1511 | LR 1.58e-05 | phase_samples=276184
2026-05-18 18:18:28,059  INFO  [allava] Step 8640/26578 | Loss 4.8639 | LR 1.58e-05 | phase_samples=276480
2026-05-18 18:18:28,437  INFO  [allava] Step 8640/26578 | Loss 0.1391 | LR 1.58e-05 | phase_samples=276488
2026-05-18 18:18:28,828  INFO  [allava] Step 8640/26578 | Loss 0.1353 | LR 1.58e-05 | phase_samples=276496
2026-05-18 18:18:29,268  INFO  [allava] Step 8640/26578 | Loss 0.1298 | LR 1.58e-05 | phase_samples=276504
2026-05-18 18:18:44,648  INFO  [allava] Step 8650/26578 | Loss 4.8722 | LR 1.58e-05 | phase_samples=276800
2026-05-18 18:18:45,088  INFO  [allava] Step 8650/26578 | Loss 0.1412 | LR 1.58e-05 | phase_samples=276808
2026-05-18 18:18:45,417  INFO  [allava] Step 8650/26578 | Loss 0.1249 | LR 1.58e-05 | phase_samples=276816
2026-05-18 18:18:45,800  INFO  [allava] Step 8650/26578 | Loss 0.1468 | LR 1.58e-05 | phase_samples=276824
2026-05-18 18:19:01,674  INFO  [allava] Step 8660/26578 | Loss 4.7943 | LR 1.58e-05 | phase_samples=277120
2026-05-18 18:19:02,051  INFO  [allava] Step 8660/26578 | Loss 0.1621 | LR 1.58e-05 | phase_samples=277128
2026-05-18 18:19:02,488  INFO  [allava] Step 8660/26578 | Loss 0.1176 | LR 1.58e-05 | phase_samples=277136
2026-05-18 18:19:02,885  INFO  [allava] Step 8660/26578 | Loss 0.1419 | LR 1.58e-05 | phase_samples=277144
2026-05-18 18:19:17,976  INFO  [allava] Step 8670/26578 | Loss 4.7088 | LR 1.57e-05 | phase_samples=277440
2026-05-18 18:19:18,351  INFO  [allava] Step 8670/26578 | Loss 0.1428 | LR 1.57e-05 | phase_samples=277448
2026-05-18 18:19:18,749  INFO  [allava] Step 8670/26578 | Loss 0.1245 | LR 1.57e-05 | phase_samples=277456
2026-05-18 18:19:19,138  INFO  [allava] Step 8670/26578 | Loss 0.1198 | LR 1.57e-05 | phase_samples=277464
2026-05-18 18:19:35,395  INFO  [allava] Step 8680/26578 | Loss 4.6584 | LR 1.57e-05 | phase_samples=277760
2026-05-18 18:19:35,834  INFO  [allava] Step 8680/26578 | Loss 0.1439 | LR 1.57e-05 | phase_samples=277768
2026-05-18 18:19:36,295  INFO  [allava] Step 8680/26578 | Loss 0.1444 | LR 1.57e-05 | phase_samples=277776
2026-05-18 18:19:36,698  INFO  [allava] Step 8680/26578 | Loss 0.1563 | LR 1.57e-05 | phase_samples=277784
2026-05-18 18:19:52,137  INFO  [allava] Step 8690/26578 | Loss 4.6775 | LR 1.57e-05 | phase_samples=278080
2026-05-18 18:19:52,502  INFO  [allava] Step 8690/26578 | Loss 0.1478 | LR 1.57e-05 | phase_samples=278088
2026-05-18 18:19:52,881  INFO  [allava] Step 8690/26578 | Loss 0.1231 | LR 1.57e-05 | phase_samples=278096
2026-05-18 18:19:53,279  INFO  [allava] Step 8690/26578 | Loss 0.1385 | LR 1.57e-05 | phase_samples=278104
2026-05-18 18:20:09,061  INFO  [allava] Step 8700/26578 | Loss 4.8855 | LR 1.57e-05 | phase_samples=278400
2026-05-18 18:20:09,445  INFO  [allava] Step 8700/26578 | Loss 0.1284 | LR 1.57e-05 | phase_samples=278408
2026-05-18 18:20:09,841  INFO  [allava] Step 8700/26578 | Loss 0.1261 | LR 1.57e-05 | phase_samples=278416
2026-05-18 18:20:10,195  INFO  [allava] Step 8700/26578 | Loss 0.1245 | LR 1.57e-05 | phase_samples=278424
2026-05-18 18:20:26,272  INFO  [allava] Step 8710/26578 | Loss 4.9464 | LR 1.57e-05 | phase_samples=278720
2026-05-18 18:20:26,711  INFO  [allava] Step 8710/26578 | Loss 0.1234 | LR 1.57e-05 | phase_samples=278728
2026-05-18 18:20:27,113  INFO  [allava] Step 8710/26578 | Loss 0.1495 | LR 1.57e-05 | phase_samples=278736
2026-05-18 18:20:27,519  INFO  [allava] Step 8710/26578 | Loss 0.1346 | LR 1.57e-05 | phase_samples=278744
2026-05-18 18:20:43,087  INFO  [allava] Step 8720/26578 | Loss 4.8618 | LR 1.57e-05 | phase_samples=279040
2026-05-18 18:20:43,503  INFO  [allava] Step 8720/26578 | Loss 0.1291 | LR 1.57e-05 | phase_samples=279048
2026-05-18 18:20:43,879  INFO  [allava] Step 8720/26578 | Loss 0.1549 | LR 1.57e-05 | phase_samples=279056
2026-05-18 18:20:44,313  INFO  [allava] Step 8720/26578 | Loss 0.1083 | LR 1.57e-05 | phase_samples=279064
2026-05-18 18:20:59,738  INFO  [allava] Step 8730/26578 | Loss 4.9288 | LR 1.57e-05 | phase_samples=279360
2026-05-18 18:21:00,106  INFO  [allava] Step 8730/26578 | Loss 0.1396 | LR 1.57e-05 | phase_samples=279368
2026-05-18 18:21:00,547  INFO  [allava] Step 8730/26578 | Loss 0.1469 | LR 1.57e-05 | phase_samples=279376
2026-05-18 18:21:00,947  INFO  [allava] Step 8730/26578 | Loss 0.1152 | LR 1.57e-05 | phase_samples=279384
2026-05-18 18:21:16,663  INFO  [allava] Step 8740/26578 | Loss 4.9440 | LR 1.57e-05 | phase_samples=279680
2026-05-18 18:21:17,048  INFO  [allava] Step 8740/26578 | Loss 0.1209 | LR 1.57e-05 | phase_samples=279688
2026-05-18 18:21:17,423  INFO  [allava] Step 8740/26578 | Loss 0.1047 | LR 1.57e-05 | phase_samples=279696
2026-05-18 18:21:17,818  INFO  [allava] Step 8740/26578 | Loss 0.1270 | LR 1.57e-05 | phase_samples=279704
2026-05-18 18:21:33,289  INFO  [allava] Step 8750/26578 | Loss 4.8499 | LR 1.57e-05 | phase_samples=280000
2026-05-18 18:21:33,649  INFO  [allava] Step 8750/26578 | Loss 0.1196 | LR 1.57e-05 | phase_samples=280008
2026-05-18 18:21:34,044  INFO  [allava] Step 8750/26578 | Loss 0.1136 | LR 1.57e-05 | phase_samples=280016
2026-05-18 18:21:34,416  INFO  [allava] Step 8750/26578 | Loss 0.1234 | LR 1.57e-05 | phase_samples=280024
2026-05-18 18:21:50,853  INFO  [allava] Step 8760/26578 | Loss 4.8909 | LR 1.57e-05 | phase_samples=280320
2026-05-18 18:21:51,230  INFO  [allava] Step 8760/26578 | Loss 0.1258 | LR 1.57e-05 | phase_samples=280328
2026-05-18 18:21:51,601  INFO  [allava] Step 8760/26578 | Loss 0.1129 | LR 1.57e-05 | phase_samples=280336
2026-05-18 18:21:52,001  INFO  [allava] Step 8760/26578 | Loss 0.1240 | LR 1.57e-05 | phase_samples=280344
2026-05-18 18:22:07,617  INFO  [allava] Step 8770/26578 | Loss 4.5315 | LR 1.56e-05 | phase_samples=280640
2026-05-18 18:22:08,074  INFO  [allava] Step 8770/26578 | Loss 0.1183 | LR 1.56e-05 | phase_samples=280648
2026-05-18 18:22:08,419  INFO  [allava] Step 8770/26578 | Loss 0.1153 | LR 1.56e-05 | phase_samples=280656
2026-05-18 18:22:08,770  INFO  [allava] Step 8770/26578 | Loss 0.1179 | LR 1.56e-05 | phase_samples=280664
2026-05-18 18:22:24,700  INFO  [allava] Step 8780/26578 | Loss 4.8255 | LR 1.56e-05 | phase_samples=280960
2026-05-18 18:22:25,075  INFO  [allava] Step 8780/26578 | Loss 0.1236 | LR 1.56e-05 | phase_samples=280968
2026-05-18 18:22:25,416  INFO  [allava] Step 8780/26578 | Loss 0.1022 | LR 1.56e-05 | phase_samples=280976
2026-05-18 18:22:25,806  INFO  [allava] Step 8780/26578 | Loss 0.1357 | LR 1.56e-05 | phase_samples=280984
2026-05-18 18:22:40,890  INFO  [allava] Step 8790/26578 | Loss 4.9269 | LR 1.56e-05 | phase_samples=281280
2026-05-18 18:22:41,275  INFO  [allava] Step 8790/26578 | Loss 0.1596 | LR 1.56e-05 | phase_samples=281288
2026-05-18 18:22:41,666  INFO  [allava] Step 8790/26578 | Loss 0.1251 | LR 1.56e-05 | phase_samples=281296
2026-05-18 18:22:42,042  INFO  [allava] Step 8790/26578 | Loss 0.0995 | LR 1.56e-05 | phase_samples=281304
2026-05-18 18:22:58,206  INFO  [allava] Step 8800/26578 | Loss 4.6857 | LR 1.56e-05 | phase_samples=281600
2026-05-18 18:22:58,570  INFO  [allava] Step 8800/26578 | Loss 0.1236 | LR 1.56e-05 | phase_samples=281608
2026-05-18 18:22:58,949  INFO  [allava] Step 8800/26578 | Loss 0.1202 | LR 1.56e-05 | phase_samples=281616
2026-05-18 18:22:59,435  INFO  [allava] Step 8800/26578 | Loss 0.1187 | LR 1.56e-05 | phase_samples=281624
2026-05-18 18:23:14,712  INFO  [allava] Step 8810/26578 | Loss 4.9625 | LR 1.56e-05 | phase_samples=281920
2026-05-18 18:23:15,091  INFO  [allava] Step 8810/26578 | Loss 0.1348 | LR 1.56e-05 | phase_samples=281928
2026-05-18 18:23:15,480  INFO  [allava] Step 8810/26578 | Loss 0.1441 | LR 1.56e-05 | phase_samples=281936
2026-05-18 18:23:15,865  INFO  [allava] Step 8810/26578 | Loss 0.1153 | LR 1.56e-05 | phase_samples=281944
2026-05-18 18:23:32,062  INFO  [allava] Step 8820/26578 | Loss 4.5423 | LR 1.56e-05 | phase_samples=282240
2026-05-18 18:23:32,423  INFO  [allava] Step 8820/26578 | Loss 0.1284 | LR 1.56e-05 | phase_samples=282248
2026-05-18 18:23:32,799  INFO  [allava] Step 8820/26578 | Loss 0.1370 | LR 1.56e-05 | phase_samples=282256
2026-05-18 18:23:33,194  INFO  [allava] Step 8820/26578 | Loss 0.1481 | LR 1.56e-05 | phase_samples=282264
2026-05-18 18:23:48,264  INFO  [allava] Step 8830/26578 | Loss 4.7104 | LR 1.56e-05 | phase_samples=282560
2026-05-18 18:23:48,646  INFO  [allava] Step 8830/26578 | Loss 0.1203 | LR 1.56e-05 | phase_samples=282568
2026-05-18 18:23:49,038  INFO  [allava] Step 8830/26578 | Loss 0.1142 | LR 1.56e-05 | phase_samples=282576
2026-05-18 18:23:49,470  INFO  [allava] Step 8830/26578 | Loss 0.1434 | LR 1.56e-05 | phase_samples=282584
2026-05-18 18:24:05,349  INFO  [allava] Step 8840/26578 | Loss 4.5638 | LR 1.56e-05 | phase_samples=282880
2026-05-18 18:24:05,729  INFO  [allava] Step 8840/26578 | Loss 0.1518 | LR 1.56e-05 | phase_samples=282888
2026-05-18 18:24:06,119  INFO  [allava] Step 8840/26578 | Loss 0.1375 | LR 1.56e-05 | phase_samples=282896
2026-05-18 18:24:06,513  INFO  [allava] Step 8840/26578 | Loss 0.1194 | LR 1.56e-05 | phase_samples=282904
2026-05-18 18:24:21,741  INFO  [allava] Step 8850/26578 | Loss 4.8118 | LR 1.56e-05 | phase_samples=283200
2026-05-18 18:24:22,118  INFO  [allava] Step 8850/26578 | Loss 0.1420 | LR 1.56e-05 | phase_samples=283208
2026-05-18 18:24:22,505  INFO  [allava] Step 8850/26578 | Loss 0.1379 | LR 1.56e-05 | phase_samples=283216
2026-05-18 18:24:22,885  INFO  [allava] Step 8850/26578 | Loss 0.1498 | LR 1.56e-05 | phase_samples=283224
2026-05-18 18:24:38,753  INFO  [allava] Step 8860/26578 | Loss 4.9505 | LR 1.55e-05 | phase_samples=283520
2026-05-18 18:24:39,164  INFO  [allava] Step 8860/26578 | Loss 0.1224 | LR 1.55e-05 | phase_samples=283528
2026-05-18 18:24:39,510  INFO  [allava] Step 8860/26578 | Loss 0.1181 | LR 1.55e-05 | phase_samples=283536
2026-05-18 18:24:39,834  INFO  [allava] Step 8860/26578 | Loss 0.0975 | LR 1.55e-05 | phase_samples=283544
2026-05-18 18:24:54,862  INFO  [allava] Step 8870/26578 | Loss 4.6577 | LR 1.55e-05 | phase_samples=283840
2026-05-18 18:24:55,197  INFO  [allava] Step 8870/26578 | Loss 0.1186 | LR 1.55e-05 | phase_samples=283848
2026-05-18 18:24:55,624  INFO  [allava] Step 8870/26578 | Loss 0.1324 | LR 1.55e-05 | phase_samples=283856
2026-05-18 18:24:56,064  INFO  [allava] Step 8870/26578 | Loss 0.1464 | LR 1.55e-05 | phase_samples=283864
2026-05-18 18:25:11,710  INFO  [allava] Step 8880/26578 | Loss 4.6663 | LR 1.55e-05 | phase_samples=284160
2026-05-18 18:25:12,043  INFO  [allava] Step 8880/26578 | Loss 0.1195 | LR 1.55e-05 | phase_samples=284168
2026-05-18 18:25:12,444  INFO  [allava] Step 8880/26578 | Loss 0.1348 | LR 1.55e-05 | phase_samples=284176
2026-05-18 18:25:12,849  INFO  [allava] Step 8880/26578 | Loss 0.1087 | LR 1.55e-05 | phase_samples=284184
2026-05-18 18:25:27,940  INFO  [allava] Step 8890/26578 | Loss 4.6373 | LR 1.55e-05 | phase_samples=284480
2026-05-18 18:25:28,325  INFO  [allava] Step 8890/26578 | Loss 0.1530 | LR 1.55e-05 | phase_samples=284488
2026-05-18 18:25:28,779  INFO  [allava] Step 8890/26578 | Loss 0.1399 | LR 1.55e-05 | phase_samples=284496
2026-05-18 18:25:29,210  INFO  [allava] Step 8890/26578 | Loss 0.1300 | LR 1.55e-05 | phase_samples=284504
2026-05-18 18:25:45,280  INFO  [allava] Step 8900/26578 | Loss 4.7968 | LR 1.55e-05 | phase_samples=284800
2026-05-18 18:25:45,662  INFO  [allava] Step 8900/26578 | Loss 0.1147 | LR 1.55e-05 | phase_samples=284808
2026-05-18 18:25:46,060  INFO  [allava] Step 8900/26578 | Loss 0.1338 | LR 1.55e-05 | phase_samples=284816
2026-05-18 18:25:46,412  INFO  [allava] Step 8900/26578 | Loss 0.1366 | LR 1.55e-05 | phase_samples=284824
2026-05-18 18:26:01,615  INFO  [allava] Step 8910/26578 | Loss 4.6781 | LR 1.55e-05 | phase_samples=285120
2026-05-18 18:26:02,038  INFO  [allava] Step 8910/26578 | Loss 0.1372 | LR 1.55e-05 | phase_samples=285128
2026-05-18 18:26:02,419  INFO  [allava] Step 8910/26578 | Loss 0.1363 | LR 1.55e-05 | phase_samples=285136
2026-05-18 18:26:02,814  INFO  [allava] Step 8910/26578 | Loss 0.1408 | LR 1.55e-05 | phase_samples=285144
2026-05-18 18:26:19,005  INFO  [allava] Step 8920/26578 | Loss 4.7250 | LR 1.55e-05 | phase_samples=285440
2026-05-18 18:26:19,393  INFO  [allava] Step 8920/26578 | Loss 0.1658 | LR 1.55e-05 | phase_samples=285448
2026-05-18 18:26:19,797  INFO  [allava] Step 8920/26578 | Loss 0.1604 | LR 1.55e-05 | phase_samples=285456
2026-05-18 18:26:20,144  INFO  [allava] Step 8920/26578 | Loss 0.0984 | LR 1.55e-05 | phase_samples=285464
2026-05-18 18:26:35,439  INFO  [allava] Step 8930/26578 | Loss 4.8047 | LR 1.55e-05 | phase_samples=285760
2026-05-18 18:26:35,771  INFO  [allava] Step 8930/26578 | Loss 0.1345 | LR 1.55e-05 | phase_samples=285768
2026-05-18 18:26:36,172  INFO  [allava] Step 8930/26578 | Loss 0.1189 | LR 1.55e-05 | phase_samples=285776
2026-05-18 18:26:36,548  INFO  [allava] Step 8930/26578 | Loss 0.1415 | LR 1.55e-05 | phase_samples=285784
2026-05-18 18:26:53,153  INFO  [allava] Step 8940/26578 | Loss 4.9365 | LR 1.55e-05 | phase_samples=286080
2026-05-18 18:26:53,522  INFO  [allava] Step 8940/26578 | Loss 0.1303 | LR 1.55e-05 | phase_samples=286088
2026-05-18 18:26:53,921  INFO  [allava] Step 8940/26578 | Loss 0.1430 | LR 1.55e-05 | phase_samples=286096
2026-05-18 18:26:54,365  INFO  [allava] Step 8940/26578 | Loss 0.1274 | LR 1.55e-05 | phase_samples=286104
2026-05-18 18:27:10,323  INFO  [allava] Step 8950/26578 | Loss 4.7958 | LR 1.55e-05 | phase_samples=286400
2026-05-18 18:27:10,680  INFO  [allava] Step 8950/26578 | Loss 0.1328 | LR 1.55e-05 | phase_samples=286408
2026-05-18 18:27:11,027  INFO  [allava] Step 8950/26578 | Loss 0.1183 | LR 1.55e-05 | phase_samples=286416
2026-05-18 18:27:11,424  INFO  [allava] Step 8950/26578 | Loss 0.1333 | LR 1.55e-05 | phase_samples=286424
2026-05-18 18:27:27,007  INFO  [allava] Step 8960/26578 | Loss 4.7264 | LR 1.54e-05 | phase_samples=286720
2026-05-18 18:27:27,347  INFO  [allava] Step 8960/26578 | Loss 0.1158 | LR 1.54e-05 | phase_samples=286728
2026-05-18 18:27:27,721  INFO  [allava] Step 8960/26578 | Loss 0.1364 | LR 1.54e-05 | phase_samples=286736
2026-05-18 18:27:28,117  INFO  [allava] Step 8960/26578 | Loss 0.1267 | LR 1.54e-05 | phase_samples=286744
2026-05-18 18:27:43,226  INFO  [allava] Step 8970/26578 | Loss 4.8115 | LR 1.54e-05 | phase_samples=287040
2026-05-18 18:27:43,580  INFO  [allava] Step 8970/26578 | Loss 0.1120 | LR 1.54e-05 | phase_samples=287048
2026-05-18 18:27:43,955  INFO  [allava] Step 8970/26578 | Loss 0.1574 | LR 1.54e-05 | phase_samples=287056
2026-05-18 18:27:44,350  INFO  [allava] Step 8970/26578 | Loss 0.1245 | LR 1.54e-05 | phase_samples=287064
2026-05-18 18:28:00,074  INFO  [allava] Step 8980/26578 | Loss 4.7862 | LR 1.54e-05 | phase_samples=287360
2026-05-18 18:28:00,414  INFO  [allava] Step 8980/26578 | Loss 0.1229 | LR 1.54e-05 | phase_samples=287368
2026-05-18 18:28:00,851  INFO  [allava] Step 8980/26578 | Loss 0.1105 | LR 1.54e-05 | phase_samples=287376
2026-05-18 18:28:01,231  INFO  [allava] Step 8980/26578 | Loss 0.1039 | LR 1.54e-05 | phase_samples=287384
2026-05-18 18:28:16,475  INFO  [allava] Step 8990/26578 | Loss 4.7675 | LR 1.54e-05 | phase_samples=287680
2026-05-18 18:28:16,852  INFO  [allava] Step 8990/26578 | Loss 0.1449 | LR 1.54e-05 | phase_samples=287688
2026-05-18 18:28:17,201  INFO  [allava] Step 8990/26578 | Loss 0.1428 | LR 1.54e-05 | phase_samples=287696
2026-05-18 18:28:17,591  INFO  [allava] Step 8990/26578 | Loss 0.1437 | LR 1.54e-05 | phase_samples=287704
2026-05-18 18:28:33,342  INFO  [allava] Step 9000/26578 | Loss 4.7597 | LR 1.54e-05 | phase_samples=288000
2026-05-18 18:28:33,703  INFO  [allava] Step 9000/26578 | Loss 0.1174 | LR 1.54e-05 | phase_samples=288008
2026-05-18 18:28:34,094  INFO  [allava] Step 9000/26578 | Loss 0.1073 | LR 1.54e-05 | phase_samples=288016
2026-05-18 18:28:34,534  INFO  [allava] Step 9000/26578 | Loss 0.1248 | LR 1.54e-05 | phase_samples=288024
2026-05-18 18:28:49,903  INFO  [allava] Step 9010/26578 | Loss 4.8303 | LR 1.54e-05 | phase_samples=288320
2026-05-18 18:28:50,270  INFO  [allava] Step 9010/26578 | Loss 0.1390 | LR 1.54e-05 | phase_samples=288328
2026-05-18 18:28:50,677  INFO  [allava] Step 9010/26578 | Loss 0.1359 | LR 1.54e-05 | phase_samples=288336
2026-05-18 18:28:51,022  INFO  [allava] Step 9010/26578 | Loss 0.1248 | LR 1.54e-05 | phase_samples=288344
2026-05-18 18:29:07,111  INFO  [allava] Step 9020/26578 | Loss 4.7031 | LR 1.54e-05 | phase_samples=288640
2026-05-18 18:29:07,470  INFO  [allava] Step 9020/26578 | Loss 0.1197 | LR 1.54e-05 | phase_samples=288648
2026-05-18 18:29:07,872  INFO  [allava] Step 9020/26578 | Loss 0.1234 | LR 1.54e-05 | phase_samples=288656
2026-05-18 18:29:08,248  INFO  [allava] Step 9020/26578 | Loss 0.1134 | LR 1.54e-05 | phase_samples=288664
2026-05-18 18:29:23,597  INFO  [allava] Step 9030/26578 | Loss 4.8473 | LR 1.54e-05 | phase_samples=288960
2026-05-18 18:29:23,965  INFO  [allava] Step 9030/26578 | Loss 0.1487 | LR 1.54e-05 | phase_samples=288968
2026-05-18 18:29:24,331  INFO  [allava] Step 9030/26578 | Loss 0.1204 | LR 1.54e-05 | phase_samples=288976
2026-05-18 18:29:24,682  INFO  [allava] Step 9030/26578 | Loss 0.1209 | LR 1.54e-05 | phase_samples=288984
2026-05-18 18:29:40,730  INFO  [allava] Step 9040/26578 | Loss 4.8098 | LR 1.54e-05 | phase_samples=289280
2026-05-18 18:29:41,167  INFO  [allava] Step 9040/26578 | Loss 0.1395 | LR 1.54e-05 | phase_samples=289288
2026-05-18 18:29:41,513  INFO  [allava] Step 9040/26578 | Loss 0.1119 | LR 1.54e-05 | phase_samples=289296
2026-05-18 18:29:41,898  INFO  [allava] Step 9040/26578 | Loss 0.1291 | LR 1.54e-05 | phase_samples=289304
2026-05-18 18:29:57,205  INFO  [allava] Step 9050/26578 | Loss 4.7628 | LR 1.54e-05 | phase_samples=289600
2026-05-18 18:29:57,569  INFO  [allava] Step 9050/26578 | Loss 0.1022 | LR 1.54e-05 | phase_samples=289608
2026-05-18 18:29:58,070  INFO  [allava] Step 9050/26578 | Loss 0.1451 | LR 1.54e-05 | phase_samples=289616
2026-05-18 18:29:58,483  INFO  [allava] Step 9050/26578 | Loss 0.1135 | LR 1.54e-05 | phase_samples=289624
2026-05-18 18:30:14,571  INFO  [allava] Step 9060/26578 | Loss 4.6405 | LR 1.53e-05 | phase_samples=289920
2026-05-18 18:30:14,984  INFO  [allava] Step 9060/26578 | Loss 0.1271 | LR 1.53e-05 | phase_samples=289928
2026-05-18 18:30:15,354  INFO  [allava] Step 9060/26578 | Loss 0.1052 | LR 1.53e-05 | phase_samples=289936
2026-05-18 18:30:15,699  INFO  [allava] Step 9060/26578 | Loss 0.1138 | LR 1.53e-05 | phase_samples=289944
2026-05-18 18:30:31,195  INFO  [allava] Step 9070/26578 | Loss 4.7614 | LR 1.53e-05 | phase_samples=290240
2026-05-18 18:30:31,552  INFO  [allava] Step 9070/26578 | Loss 0.1256 | LR 1.53e-05 | phase_samples=290248
2026-05-18 18:30:31,951  INFO  [allava] Step 9070/26578 | Loss 0.1611 | LR 1.53e-05 | phase_samples=290256
2026-05-18 18:30:32,327  INFO  [allava] Step 9070/26578 | Loss 0.1178 | LR 1.53e-05 | phase_samples=290264
2026-05-18 18:30:48,241  INFO  [allava] Step 9080/26578 | Loss 4.7989 | LR 1.53e-05 | phase_samples=290560
2026-05-18 18:30:48,600  INFO  [allava] Step 9080/26578 | Loss 0.1316 | LR 1.53e-05 | phase_samples=290568
2026-05-18 18:30:48,942  INFO  [allava] Step 9080/26578 | Loss 0.1268 | LR 1.53e-05 | phase_samples=290576
2026-05-18 18:30:49,374  INFO  [allava] Step 9080/26578 | Loss 0.1454 | LR 1.53e-05 | phase_samples=290584
2026-05-18 18:31:04,646  INFO  [allava] Step 9090/26578 | Loss 4.8676 | LR 1.53e-05 | phase_samples=290880
2026-05-18 18:31:05,000  INFO  [allava] Step 9090/26578 | Loss 0.1321 | LR 1.53e-05 | phase_samples=290888
2026-05-18 18:31:05,343  INFO  [allava] Step 9090/26578 | Loss 0.1386 | LR 1.53e-05 | phase_samples=290896
2026-05-18 18:31:05,865  INFO  [allava] Step 9090/26578 | Loss 0.1101 | LR 1.53e-05 | phase_samples=290904
2026-05-18 18:31:21,515  INFO  [allava] Step 9100/26578 | Loss 4.6353 | LR 1.53e-05 | phase_samples=291200
2026-05-18 18:31:21,934  INFO  [allava] Step 9100/26578 | Loss 0.1224 | LR 1.53e-05 | phase_samples=291208
2026-05-18 18:31:22,327  INFO  [allava] Step 9100/26578 | Loss 0.1014 | LR 1.53e-05 | phase_samples=291216
2026-05-18 18:31:22,674  INFO  [allava] Step 9100/26578 | Loss 0.1181 | LR 1.53e-05 | phase_samples=291224
2026-05-18 18:31:38,090  INFO  [allava] Step 9110/26578 | Loss 4.9105 | LR 1.53e-05 | phase_samples=291520
2026-05-18 18:31:38,447  INFO  [allava] Step 9110/26578 | Loss 0.1434 | LR 1.53e-05 | phase_samples=291528
2026-05-18 18:31:38,817  INFO  [allava] Step 9110/26578 | Loss 0.1188 | LR 1.53e-05 | phase_samples=291536
2026-05-18 18:31:39,169  INFO  [allava] Step 9110/26578 | Loss 0.1493 | LR 1.53e-05 | phase_samples=291544
2026-05-18 18:31:54,656  INFO  [allava] Step 9120/26578 | Loss 4.7864 | LR 1.53e-05 | phase_samples=291840
2026-05-18 18:31:55,040  INFO  [allava] Step 9120/26578 | Loss 0.1414 | LR 1.53e-05 | phase_samples=291848
2026-05-18 18:31:55,422  INFO  [allava] Step 9120/26578 | Loss 0.1313 | LR 1.53e-05 | phase_samples=291856
2026-05-18 18:31:55,814  INFO  [allava] Step 9120/26578 | Loss 0.1363 | LR 1.53e-05 | phase_samples=291864
2026-05-18 18:32:10,881  INFO  [allava] Step 9130/26578 | Loss 4.7281 | LR 1.53e-05 | phase_samples=292160
2026-05-18 18:32:11,265  INFO  [allava] Step 9130/26578 | Loss 0.1326 | LR 1.53e-05 | phase_samples=292168
2026-05-18 18:32:11,637  INFO  [allava] Step 9130/26578 | Loss 0.1153 | LR 1.53e-05 | phase_samples=292176
2026-05-18 18:32:12,041  INFO  [allava] Step 9130/26578 | Loss 0.1157 | LR 1.53e-05 | phase_samples=292184
2026-05-18 18:32:28,073  INFO  [allava] Step 9140/26578 | Loss 4.7940 | LR 1.53e-05 | phase_samples=292480
2026-05-18 18:32:28,430  INFO  [allava] Step 9140/26578 | Loss 0.1679 | LR 1.53e-05 | phase_samples=292488
2026-05-18 18:32:28,774  INFO  [allava] Step 9140/26578 | Loss 0.1259 | LR 1.53e-05 | phase_samples=292496
2026-05-18 18:32:29,165  INFO  [allava] Step 9140/26578 | Loss 0.1333 | LR 1.53e-05 | phase_samples=292504
2026-05-18 18:32:44,605  INFO  [allava] Step 9150/26578 | Loss 4.8498 | LR 1.53e-05 | phase_samples=292800
2026-05-18 18:32:44,980  INFO  [allava] Step 9150/26578 | Loss 0.1143 | LR 1.53e-05 | phase_samples=292808
2026-05-18 18:32:45,314  INFO  [allava] Step 9150/26578 | Loss 0.1281 | LR 1.53e-05 | phase_samples=292816
2026-05-18 18:32:45,663  INFO  [allava] Step 9150/26578 | Loss 0.1170 | LR 1.53e-05 | phase_samples=292824
2026-05-18 18:33:01,265  INFO  [allava] Step 9160/26578 | Loss 4.8194 | LR 1.52e-05 | phase_samples=293120
2026-05-18 18:33:01,596  INFO  [allava] Step 9160/26578 | Loss 0.1332 | LR 1.52e-05 | phase_samples=293128
2026-05-18 18:33:01,978  INFO  [allava] Step 9160/26578 | Loss 0.1462 | LR 1.52e-05 | phase_samples=293136
2026-05-18 18:33:02,379  INFO  [allava] Step 9160/26578 | Loss 0.1470 | LR 1.52e-05 | phase_samples=293144
2026-05-18 18:33:17,310  INFO  [allava] Step 9170/26578 | Loss 4.9394 | LR 1.52e-05 | phase_samples=293440
2026-05-18 18:33:17,683  INFO  [allava] Step 9170/26578 | Loss 0.1498 | LR 1.52e-05 | phase_samples=293448
2026-05-18 18:33:18,049  INFO  [allava] Step 9170/26578 | Loss 0.1218 | LR 1.52e-05 | phase_samples=293456
2026-05-18 18:33:18,433  INFO  [allava] Step 9170/26578 | Loss 0.1179 | LR 1.52e-05 | phase_samples=293464
2026-05-18 18:33:34,042  INFO  [allava] Step 9180/26578 | Loss 4.6325 | LR 1.52e-05 | phase_samples=293760
2026-05-18 18:33:34,454  INFO  [allava] Step 9180/26578 | Loss 0.1157 | LR 1.52e-05 | phase_samples=293768
2026-05-18 18:33:34,834  INFO  [allava] Step 9180/26578 | Loss 0.1435 | LR 1.52e-05 | phase_samples=293776
2026-05-18 18:33:35,218  INFO  [allava] Step 9180/26578 | Loss 0.1422 | LR 1.52e-05 | phase_samples=293784
2026-05-18 18:33:50,531  INFO  [allava] Step 9190/26578 | Loss 4.7708 | LR 1.52e-05 | phase_samples=294080
2026-05-18 18:33:50,911  INFO  [allava] Step 9190/26578 | Loss 0.1368 | LR 1.52e-05 | phase_samples=294088
2026-05-18 18:33:51,293  INFO  [allava] Step 9190/26578 | Loss 0.1330 | LR 1.52e-05 | phase_samples=294096
2026-05-18 18:33:51,681  INFO  [allava] Step 9190/26578 | Loss 0.1272 | LR 1.52e-05 | phase_samples=294104
2026-05-18 18:34:07,645  INFO  [allava] Step 9200/26578 | Loss 4.7861 | LR 1.52e-05 | phase_samples=294400
2026-05-18 18:34:08,117  INFO  [allava] Step 9200/26578 | Loss 0.1317 | LR 1.52e-05 | phase_samples=294408
2026-05-18 18:34:08,493  INFO  [allava] Step 9200/26578 | Loss 0.1339 | LR 1.52e-05 | phase_samples=294416
2026-05-18 18:34:08,891  INFO  [allava] Step 9200/26578 | Loss 0.1718 | LR 1.52e-05 | phase_samples=294424
2026-05-18 18:34:23,740  INFO  [allava] Step 9210/26578 | Loss 4.9606 | LR 1.52e-05 | phase_samples=294720
2026-05-18 18:34:24,120  INFO  [allava] Step 9210/26578 | Loss 0.1275 | LR 1.52e-05 | phase_samples=294728
2026-05-18 18:34:24,505  INFO  [allava] Step 9210/26578 | Loss 0.1469 | LR 1.52e-05 | phase_samples=294736
2026-05-18 18:34:24,895  INFO  [allava] Step 9210/26578 | Loss 0.1310 | LR 1.52e-05 | phase_samples=294744
2026-05-18 18:34:40,915  INFO  [allava] Step 9220/26578 | Loss 4.9107 | LR 1.52e-05 | phase_samples=295040
2026-05-18 18:34:41,273  INFO  [allava] Step 9220/26578 | Loss 0.1395 | LR 1.52e-05 | phase_samples=295048
2026-05-18 18:34:41,677  INFO  [allava] Step 9220/26578 | Loss 0.1344 | LR 1.52e-05 | phase_samples=295056
2026-05-18 18:34:42,053  INFO  [allava] Step 9220/26578 | Loss 0.1437 | LR 1.52e-05 | phase_samples=295064
2026-05-18 18:34:57,575  INFO  [allava] Step 9230/26578 | Loss 4.7194 | LR 1.52e-05 | phase_samples=295360
2026-05-18 18:34:57,950  INFO  [allava] Step 9230/26578 | Loss 0.1234 | LR 1.52e-05 | phase_samples=295368
2026-05-18 18:34:58,395  INFO  [allava] Step 9230/26578 | Loss 0.1488 | LR 1.52e-05 | phase_samples=295376
2026-05-18 18:34:58,766  INFO  [allava] Step 9230/26578 | Loss 0.1272 | LR 1.52e-05 | phase_samples=295384
2026-05-18 18:35:14,545  INFO  [allava] Step 9240/26578 | Loss 4.7658 | LR 1.52e-05 | phase_samples=295680
2026-05-18 18:35:14,908  INFO  [allava] Step 9240/26578 | Loss 0.1410 | LR 1.52e-05 | phase_samples=295688
2026-05-18 18:35:15,287  INFO  [allava] Step 9240/26578 | Loss 0.1151 | LR 1.52e-05 | phase_samples=295696
2026-05-18 18:35:15,678  INFO  [allava] Step 9240/26578 | Loss 0.1301 | LR 1.52e-05 | phase_samples=295704
2026-05-18 18:35:31,103  INFO  [allava] Step 9250/26578 | Loss 5.1279 | LR 1.51e-05 | phase_samples=296000
2026-05-18 18:35:31,476  INFO  [allava] Step 9250/26578 | Loss 0.1492 | LR 1.51e-05 | phase_samples=296008
2026-05-18 18:35:31,871  INFO  [allava] Step 9250/26578 | Loss 0.1332 | LR 1.51e-05 | phase_samples=296016
2026-05-18 18:35:32,257  INFO  [allava] Step 9250/26578 | Loss 0.1250 | LR 1.51e-05 | phase_samples=296024
2026-05-18 18:35:48,045  INFO  [allava] Step 9260/26578 | Loss 4.8285 | LR 1.51e-05 | phase_samples=296320
2026-05-18 18:35:48,400  INFO  [allava] Step 9260/26578 | Loss 0.1279 | LR 1.51e-05 | phase_samples=296328
2026-05-18 18:35:48,807  INFO  [allava] Step 9260/26578 | Loss 0.1449 | LR 1.51e-05 | phase_samples=296336
2026-05-18 18:35:49,210  INFO  [allava] Step 9260/26578 | Loss 0.1289 | LR 1.51e-05 | phase_samples=296344
2026-05-18 18:36:04,415  INFO  [allava] Step 9270/26578 | Loss 4.8366 | LR 1.51e-05 | phase_samples=296640
2026-05-18 18:36:04,794  INFO  [allava] Step 9270/26578 | Loss 0.1400 | LR 1.51e-05 | phase_samples=296648
2026-05-18 18:36:05,192  INFO  [allava] Step 9270/26578 | Loss 0.1553 | LR 1.51e-05 | phase_samples=296656
2026-05-18 18:36:05,542  INFO  [allava] Step 9270/26578 | Loss 0.1191 | LR 1.51e-05 | phase_samples=296664
2026-05-18 18:36:21,273  INFO  [allava] Step 9280/26578 | Loss 4.8951 | LR 1.51e-05 | phase_samples=296960
2026-05-18 18:36:21,654  INFO  [allava] Step 9280/26578 | Loss 0.1151 | LR 1.51e-05 | phase_samples=296968
2026-05-18 18:36:22,049  INFO  [allava] Step 9280/26578 | Loss 0.1256 | LR 1.51e-05 | phase_samples=296976
2026-05-18 18:36:22,450  INFO  [allava] Step 9280/26578 | Loss 0.1415 | LR 1.51e-05 | phase_samples=296984
2026-05-18 18:36:37,317  INFO  [allava] Step 9290/26578 | Loss 4.8179 | LR 1.51e-05 | phase_samples=297280
2026-05-18 18:36:37,728  INFO  [allava] Step 9290/26578 | Loss 0.1473 | LR 1.51e-05 | phase_samples=297288
2026-05-18 18:36:38,120  INFO  [allava] Step 9290/26578 | Loss 0.1306 | LR 1.51e-05 | phase_samples=297296
2026-05-18 18:36:38,576  INFO  [allava] Step 9290/26578 | Loss 0.1411 | LR 1.51e-05 | phase_samples=297304
2026-05-18 18:36:54,464  INFO  [allava] Step 9300/26578 | Loss 4.7014 | LR 1.51e-05 | phase_samples=297600
2026-05-18 18:36:54,877  INFO  [allava] Step 9300/26578 | Loss 0.1520 | LR 1.51e-05 | phase_samples=297608
2026-05-18 18:36:55,257  INFO  [allava] Step 9300/26578 | Loss 0.1125 | LR 1.51e-05 | phase_samples=297616
2026-05-18 18:36:55,640  INFO  [allava] Step 9300/26578 | Loss 0.1474 | LR 1.51e-05 | phase_samples=297624
2026-05-18 18:37:11,052  INFO  [allava] Step 9310/26578 | Loss 4.8121 | LR 1.51e-05 | phase_samples=297920
2026-05-18 18:37:11,419  INFO  [allava] Step 9310/26578 | Loss 0.1542 | LR 1.51e-05 | phase_samples=297928
2026-05-18 18:37:11,738  INFO  [allava] Step 9310/26578 | Loss 0.1044 | LR 1.51e-05 | phase_samples=297936
2026-05-18 18:37:12,110  INFO  [allava] Step 9310/26578 | Loss 0.1385 | LR 1.51e-05 | phase_samples=297944
2026-05-18 18:37:27,765  INFO  [allava] Step 9320/26578 | Loss 4.6863 | LR 1.51e-05 | phase_samples=298240
2026-05-18 18:37:28,179  INFO  [allava] Step 9320/26578 | Loss 0.1085 | LR 1.51e-05 | phase_samples=298248
2026-05-18 18:37:28,572  INFO  [allava] Step 9320/26578 | Loss 0.1396 | LR 1.51e-05 | phase_samples=298256
2026-05-18 18:37:28,963  INFO  [allava] Step 9320/26578 | Loss 0.1396 | LR 1.51e-05 | phase_samples=298264
2026-05-18 18:37:44,483  INFO  [allava] Step 9330/26578 | Loss 4.9184 | LR 1.51e-05 | phase_samples=298560
2026-05-18 18:37:44,842  INFO  [allava] Step 9330/26578 | Loss 0.1325 | LR 1.51e-05 | phase_samples=298568
2026-05-18 18:37:45,221  INFO  [allava] Step 9330/26578 | Loss 0.1185 | LR 1.51e-05 | phase_samples=298576
2026-05-18 18:37:45,596  INFO  [allava] Step 9330/26578 | Loss 0.1262 | LR 1.51e-05 | phase_samples=298584
2026-05-18 18:38:01,042  INFO  [allava] Step 9340/26578 | Loss 4.8193 | LR 1.51e-05 | phase_samples=298880
2026-05-18 18:38:01,418  INFO  [allava] Step 9340/26578 | Loss 0.1537 | LR 1.51e-05 | phase_samples=298888
2026-05-18 18:38:01,810  INFO  [allava] Step 9340/26578 | Loss 0.1504 | LR 1.51e-05 | phase_samples=298896
2026-05-18 18:38:02,186  INFO  [allava] Step 9340/26578 | Loss 0.1048 | LR 1.51e-05 | phase_samples=298904
2026-05-18 18:38:17,273  INFO  [allava] Step 9350/26578 | Loss 4.7257 | LR 1.50e-05 | phase_samples=299200
2026-05-18 18:38:17,692  INFO  [allava] Step 9350/26578 | Loss 0.1434 | LR 1.50e-05 | phase_samples=299208
2026-05-18 18:38:18,089  INFO  [allava] Step 9350/26578 | Loss 0.1549 | LR 1.50e-05 | phase_samples=299216
2026-05-18 18:38:18,471  INFO  [allava] Step 9350/26578 | Loss 0.1614 | LR 1.50e-05 | phase_samples=299224
2026-05-18 18:38:34,117  INFO  [allava] Step 9360/26578 | Loss 4.7728 | LR 1.50e-05 | phase_samples=299520
2026-05-18 18:38:34,497  INFO  [allava] Step 9360/26578 | Loss 0.1525 | LR 1.50e-05 | phase_samples=299528
2026-05-18 18:38:34,876  INFO  [allava] Step 9360/26578 | Loss 0.1401 | LR 1.50e-05 | phase_samples=299536
2026-05-18 18:38:35,250  INFO  [allava] Step 9360/26578 | Loss 0.1308 | LR 1.50e-05 | phase_samples=299544
2026-05-18 18:38:50,297  INFO  [allava] Step 9370/26578 | Loss 4.7406 | LR 1.50e-05 | phase_samples=299840
2026-05-18 18:38:50,665  INFO  [allava] Step 9370/26578 | Loss 0.1383 | LR 1.50e-05 | phase_samples=299848
2026-05-18 18:38:51,060  INFO  [allava] Step 9370/26578 | Loss 0.0967 | LR 1.50e-05 | phase_samples=299856
2026-05-18 18:38:51,460  INFO  [allava] Step 9370/26578 | Loss 0.1201 | LR 1.50e-05 | phase_samples=299864
2026-05-18 18:39:07,514  INFO  [allava] Step 9380/26578 | Loss 4.5617 | LR 1.50e-05 | phase_samples=300160
2026-05-18 18:39:07,845  INFO  [allava] Step 9380/26578 | Loss 0.1125 | LR 1.50e-05 | phase_samples=300168
2026-05-18 18:39:08,223  INFO  [allava] Step 9380/26578 | Loss 0.1110 | LR 1.50e-05 | phase_samples=300176
2026-05-18 18:39:08,776  INFO  [allava] Step 9380/26578 | Loss 0.1510 | LR 1.50e-05 | phase_samples=300184
2026-05-18 18:39:24,087  INFO  [allava] Step 9390/26578 | Loss 4.8098 | LR 1.50e-05 | phase_samples=300480
2026-05-18 18:39:24,443  INFO  [allava] Step 9390/26578 | Loss 0.1093 | LR 1.50e-05 | phase_samples=300488
2026-05-18 18:39:24,843  INFO  [allava] Step 9390/26578 | Loss 0.1106 | LR 1.50e-05 | phase_samples=300496
2026-05-18 18:39:25,182  INFO  [allava] Step 9390/26578 | Loss 0.1062 | LR 1.50e-05 | phase_samples=300504
2026-05-18 18:39:40,642  INFO  [allava] Step 9400/26578 | Loss 4.7693 | LR 1.50e-05 | phase_samples=300800
2026-05-18 18:39:41,046  INFO  [allava] Step 9400/26578 | Loss 0.1128 | LR 1.50e-05 | phase_samples=300808
2026-05-18 18:39:41,418  INFO  [allava] Step 9400/26578 | Loss 0.1159 | LR 1.50e-05 | phase_samples=300816
2026-05-18 18:39:41,792  INFO  [allava] Step 9400/26578 | Loss 0.1199 | LR 1.50e-05 | phase_samples=300824
2026-05-18 18:39:57,039  INFO  [allava] Step 9410/26578 | Loss 4.7312 | LR 1.50e-05 | phase_samples=301120
2026-05-18 18:39:57,374  INFO  [allava] Step 9410/26578 | Loss 0.1332 | LR 1.50e-05 | phase_samples=301128
2026-05-18 18:39:57,744  INFO  [allava] Step 9410/26578 | Loss 0.1537 | LR 1.50e-05 | phase_samples=301136
2026-05-18 18:39:58,144  INFO  [allava] Step 9410/26578 | Loss 0.1127 | LR 1.50e-05 | phase_samples=301144
2026-05-18 18:40:14,062  INFO  [allava] Step 9420/26578 | Loss 4.8660 | LR 1.50e-05 | phase_samples=301440
2026-05-18 18:40:14,480  INFO  [allava] Step 9420/26578 | Loss 0.1035 | LR 1.50e-05 | phase_samples=301448
2026-05-18 18:40:14,848  INFO  [allava] Step 9420/26578 | Loss 0.1243 | LR 1.50e-05 | phase_samples=301456
2026-05-18 18:40:15,279  INFO  [allava] Step 9420/26578 | Loss 0.1439 | LR 1.50e-05 | phase_samples=301464
2026-05-18 18:40:30,452  INFO  [allava] Step 9430/26578 | Loss 4.7044 | LR 1.50e-05 | phase_samples=301760
2026-05-18 18:40:30,837  INFO  [allava] Step 9430/26578 | Loss 0.1318 | LR 1.50e-05 | phase_samples=301768
2026-05-18 18:40:31,280  INFO  [allava] Step 9430/26578 | Loss 0.1393 | LR 1.50e-05 | phase_samples=301776
2026-05-18 18:40:31,657  INFO  [allava] Step 9430/26578 | Loss 0.1215 | LR 1.50e-05 | phase_samples=301784
2026-05-18 18:40:47,431  INFO  [allava] Step 9440/26578 | Loss 4.5917 | LR 1.49e-05 | phase_samples=302080
2026-05-18 18:40:47,841  INFO  [allava] Step 9440/26578 | Loss 0.1143 | LR 1.49e-05 | phase_samples=302088
2026-05-18 18:40:48,239  INFO  [allava] Step 9440/26578 | Loss 0.1349 | LR 1.49e-05 | phase_samples=302096
2026-05-18 18:40:48,637  INFO  [allava] Step 9440/26578 | Loss 0.1515 | LR 1.49e-05 | phase_samples=302104
2026-05-18 18:41:03,925  INFO  [allava] Step 9450/26578 | Loss 4.6928 | LR 1.49e-05 | phase_samples=302400
2026-05-18 18:41:04,302  INFO  [allava] Step 9450/26578 | Loss 0.1099 | LR 1.49e-05 | phase_samples=302408
2026-05-18 18:41:04,671  INFO  [allava] Step 9450/26578 | Loss 0.1239 | LR 1.49e-05 | phase_samples=302416
2026-05-18 18:41:05,082  INFO  [allava] Step 9450/26578 | Loss 0.1300 | LR 1.49e-05 | phase_samples=302424
2026-05-18 18:41:20,866  INFO  [allava] Step 9460/26578 | Loss 4.7465 | LR 1.49e-05 | phase_samples=302720
2026-05-18 18:41:21,193  INFO  [allava] Step 9460/26578 | Loss 0.1225 | LR 1.49e-05 | phase_samples=302728
2026-05-18 18:41:22,938  INFO  [allava] Step 9460/26578 | Loss 0.1184 | LR 1.49e-05 | phase_samples=302736
2026-05-18 18:41:23,277  INFO  [allava] Step 9460/26578 | Loss 0.1242 | LR 1.49e-05 | phase_samples=302744
2026-05-18 18:41:38,648  INFO  [allava] Step 9470/26578 | Loss 4.7879 | LR 1.49e-05 | phase_samples=303040
2026-05-18 18:41:39,023  INFO  [allava] Step 9470/26578 | Loss 0.1062 | LR 1.49e-05 | phase_samples=303048
2026-05-18 18:41:39,403  INFO  [allava] Step 9470/26578 | Loss 0.1473 | LR 1.49e-05 | phase_samples=303056
2026-05-18 18:41:39,799  INFO  [allava] Step 9470/26578 | Loss 0.1315 | LR 1.49e-05 | phase_samples=303064
2026-05-18 18:41:55,298  INFO  [allava] Step 9480/26578 | Loss 4.9187 | LR 1.49e-05 | phase_samples=303360
2026-05-18 18:41:55,662  INFO  [allava] Step 9480/26578 | Loss 0.1523 | LR 1.49e-05 | phase_samples=303368
2026-05-18 18:41:56,088  INFO  [allava] Step 9480/26578 | Loss 0.1227 | LR 1.49e-05 | phase_samples=303376
2026-05-18 18:41:56,462  INFO  [allava] Step 9480/26578 | Loss 0.1109 | LR 1.49e-05 | phase_samples=303384
2026-05-18 18:42:11,539  INFO  [allava] Step 9490/26578 | Loss 4.8664 | LR 1.49e-05 | phase_samples=303680
2026-05-18 18:42:11,954  INFO  [allava] Step 9490/26578 | Loss 0.1289 | LR 1.49e-05 | phase_samples=303688
2026-05-18 18:42:12,353  INFO  [allava] Step 9490/26578 | Loss 0.1411 | LR 1.49e-05 | phase_samples=303696
2026-05-18 18:42:12,756  INFO  [allava] Step 9490/26578 | Loss 0.1268 | LR 1.49e-05 | phase_samples=303704
2026-05-18 18:42:28,278  INFO  [allava] Step 9500/26578 | Loss 4.7415 | LR 1.49e-05 | phase_samples=304000
2026-05-18 18:42:28,638  INFO  [allava] Step 9500/26578 | Loss 0.1355 | LR 1.49e-05 | phase_samples=304008
2026-05-18 18:42:29,006  INFO  [allava] Step 9500/26578 | Loss 0.1196 | LR 1.49e-05 | phase_samples=304016
2026-05-18 18:42:29,408  INFO  [allava] Step 9500/26578 | Loss 0.1138 | LR 1.49e-05 | phase_samples=304024
2026-05-18 18:42:44,611  INFO  [allava] Step 9510/26578 | Loss 4.8755 | LR 1.49e-05 | phase_samples=304320
2026-05-18 18:42:45,025  INFO  [allava] Step 9510/26578 | Loss 0.1483 | LR 1.49e-05 | phase_samples=304328
2026-05-18 18:42:45,393  INFO  [allava] Step 9510/26578 | Loss 0.1244 | LR 1.49e-05 | phase_samples=304336
2026-05-18 18:42:45,785  INFO  [allava] Step 9510/26578 | Loss 0.1288 | LR 1.49e-05 | phase_samples=304344
2026-05-18 18:43:01,507  INFO  [allava] Step 9520/26578 | Loss 4.7628 | LR 1.49e-05 | phase_samples=304640
2026-05-18 18:43:01,886  INFO  [allava] Step 9520/26578 | Loss 0.1228 | LR 1.49e-05 | phase_samples=304648
2026-05-18 18:43:02,262  INFO  [allava] Step 9520/26578 | Loss 0.1517 | LR 1.49e-05 | phase_samples=304656
2026-05-18 18:43:02,659  INFO  [allava] Step 9520/26578 | Loss 0.1483 | LR 1.49e-05 | phase_samples=304664
2026-05-18 18:43:17,477  INFO  [allava] Step 9530/26578 | Loss 4.6571 | LR 1.49e-05 | phase_samples=304960
2026-05-18 18:43:17,834  INFO  [allava] Step 9530/26578 | Loss 0.1175 | LR 1.49e-05 | phase_samples=304968
2026-05-18 18:43:18,171  INFO  [allava] Step 9530/26578 | Loss 0.1358 | LR 1.49e-05 | phase_samples=304976
2026-05-18 18:43:18,557  INFO  [allava] Step 9530/26578 | Loss 0.1579 | LR 1.49e-05 | phase_samples=304984
2026-05-18 18:43:34,377  INFO  [allava] Step 9540/26578 | Loss 4.7990 | LR 1.48e-05 | phase_samples=305280
2026-05-18 18:43:34,792  INFO  [allava] Step 9540/26578 | Loss 0.1599 | LR 1.48e-05 | phase_samples=305288
2026-05-18 18:43:35,230  INFO  [allava] Step 9540/26578 | Loss 0.1466 | LR 1.48e-05 | phase_samples=305296
2026-05-18 18:43:35,569  INFO  [allava] Step 9540/26578 | Loss 0.1289 | LR 1.48e-05 | phase_samples=305304
2026-05-18 18:43:51,053  INFO  [allava] Step 9550/26578 | Loss 4.9647 | LR 1.48e-05 | phase_samples=305600
2026-05-18 18:43:51,428  INFO  [allava] Step 9550/26578 | Loss 0.1478 | LR 1.48e-05 | phase_samples=305608
2026-05-18 18:43:51,765  INFO  [allava] Step 9550/26578 | Loss 0.1170 | LR 1.48e-05 | phase_samples=305616
2026-05-18 18:43:52,138  INFO  [allava] Step 9550/26578 | Loss 0.1173 | LR 1.48e-05 | phase_samples=305624
2026-05-18 18:44:07,850  INFO  [allava] Step 9560/26578 | Loss 4.7387 | LR 1.48e-05 | phase_samples=305920
2026-05-18 18:44:08,272  INFO  [allava] Step 9560/26578 | Loss 0.1566 | LR 1.48e-05 | phase_samples=305928
2026-05-18 18:44:08,699  INFO  [allava] Step 9560/26578 | Loss 0.1507 | LR 1.48e-05 | phase_samples=305936
2026-05-18 18:44:09,079  INFO  [allava] Step 9560/26578 | Loss 0.1260 | LR 1.48e-05 | phase_samples=305944
2026-05-18 18:44:24,251  INFO  [allava] Step 9570/26578 | Loss 4.7763 | LR 1.48e-05 | phase_samples=306240
2026-05-18 18:44:24,641  INFO  [allava] Step 9570/26578 | Loss 0.1134 | LR 1.48e-05 | phase_samples=306248
2026-05-18 18:44:25,054  INFO  [allava] Step 9570/26578 | Loss 0.1301 | LR 1.48e-05 | phase_samples=306256
2026-05-18 18:44:25,488  INFO  [allava] Step 9570/26578 | Loss 0.1337 | LR 1.48e-05 | phase_samples=306264
2026-05-18 18:44:41,474  INFO  [allava] Step 9580/26578 | Loss 4.5935 | LR 1.48e-05 | phase_samples=306560
2026-05-18 18:44:41,895  INFO  [allava] Step 9580/26578 | Loss 0.1398 | LR 1.48e-05 | phase_samples=306568
2026-05-18 18:44:42,220  INFO  [allava] Step 9580/26578 | Loss 0.1206 | LR 1.48e-05 | phase_samples=306576
2026-05-18 18:44:42,616  INFO  [allava] Step 9580/26578 | Loss 0.1298 | LR 1.48e-05 | phase_samples=306584
2026-05-18 18:44:57,524  INFO  [allava] Step 9590/26578 | Loss 4.8198 | LR 1.48e-05 | phase_samples=306880
2026-05-18 18:44:57,910  INFO  [allava] Step 9590/26578 | Loss 0.1367 | LR 1.48e-05 | phase_samples=306888
2026-05-18 18:44:58,300  INFO  [allava] Step 9590/26578 | Loss 0.0889 | LR 1.48e-05 | phase_samples=306896
2026-05-18 18:44:58,684  INFO  [allava] Step 9590/26578 | Loss 0.1211 | LR 1.48e-05 | phase_samples=306904
2026-05-18 18:45:14,079  INFO  [allava] Step 9600/26578 | Loss 4.7838 | LR 1.48e-05 | phase_samples=307200
2026-05-18 18:45:14,415  INFO  [allava] Step 9600/26578 | Loss 0.1460 | LR 1.48e-05 | phase_samples=307208
2026-05-18 18:45:14,785  INFO  [allava] Step 9600/26578 | Loss 0.1333 | LR 1.48e-05 | phase_samples=307216
2026-05-18 18:45:15,216  INFO  [allava] Step 9600/26578 | Loss 0.1085 | LR 1.48e-05 | phase_samples=307224
2026-05-18 18:45:30,239  INFO  [allava] Step 9610/26578 | Loss 4.7687 | LR 1.48e-05 | phase_samples=307520
2026-05-18 18:45:30,594  INFO  [allava] Step 9610/26578 | Loss 0.1294 | LR 1.48e-05 | phase_samples=307528
2026-05-18 18:45:30,972  INFO  [allava] Step 9610/26578 | Loss 0.1250 | LR 1.48e-05 | phase_samples=307536
2026-05-18 18:45:31,406  INFO  [allava] Step 9610/26578 | Loss 0.1328 | LR 1.48e-05 | phase_samples=307544
2026-05-18 18:45:47,054  INFO  [allava] Step 9620/26578 | Loss 4.7011 | LR 1.48e-05 | phase_samples=307840
2026-05-18 18:45:47,417  INFO  [allava] Step 9620/26578 | Loss 0.1177 | LR 1.48e-05 | phase_samples=307848
2026-05-18 18:45:47,784  INFO  [allava] Step 9620/26578 | Loss 0.1398 | LR 1.48e-05 | phase_samples=307856
2026-05-18 18:45:48,159  INFO  [allava] Step 9620/26578 | Loss 0.1229 | LR 1.48e-05 | phase_samples=307864
2026-05-18 18:46:03,599  INFO  [allava] Step 9630/26578 | Loss 4.6961 | LR 1.47e-05 | phase_samples=308160
2026-05-18 18:46:03,952  INFO  [allava] Step 9630/26578 | Loss 0.1315 | LR 1.47e-05 | phase_samples=308168
2026-05-18 18:46:04,336  INFO  [allava] Step 9630/26578 | Loss 0.1325 | LR 1.47e-05 | phase_samples=308176
2026-05-18 18:46:04,728  INFO  [allava] Step 9630/26578 | Loss 0.1229 | LR 1.47e-05 | phase_samples=308184
2026-05-18 18:46:20,412  INFO  [allava] Step 9640/26578 | Loss 4.8085 | LR 1.47e-05 | phase_samples=308480
2026-05-18 18:46:20,780  INFO  [allava] Step 9640/26578 | Loss 0.1370 | LR 1.47e-05 | phase_samples=308488
2026-05-18 18:46:21,131  INFO  [allava] Step 9640/26578 | Loss 0.1054 | LR 1.47e-05 | phase_samples=308496
2026-05-18 18:46:21,505  INFO  [allava] Step 9640/26578 | Loss 0.1260 | LR 1.47e-05 | phase_samples=308504
2026-05-18 18:46:36,895  INFO  [allava] Step 9650/26578 | Loss 4.7573 | LR 1.47e-05 | phase_samples=308800
2026-05-18 18:46:37,250  INFO  [allava] Step 9650/26578 | Loss 0.1288 | LR 1.47e-05 | phase_samples=308808
2026-05-18 18:46:37,596  INFO  [allava] Step 9650/26578 | Loss 0.1448 | LR 1.47e-05 | phase_samples=308816
2026-05-18 18:46:37,978  INFO  [allava] Step 9650/26578 | Loss 0.1418 | LR 1.47e-05 | phase_samples=308824
2026-05-18 18:46:53,861  INFO  [allava] Step 9660/26578 | Loss 4.7362 | LR 1.47e-05 | phase_samples=309120
2026-05-18 18:46:54,225  INFO  [allava] Step 9660/26578 | Loss 0.1279 | LR 1.47e-05 | phase_samples=309128
2026-05-18 18:46:54,595  INFO  [allava] Step 9660/26578 | Loss 0.1156 | LR 1.47e-05 | phase_samples=309136
2026-05-18 18:46:55,030  INFO  [allava] Step 9660/26578 | Loss 0.1359 | LR 1.47e-05 | phase_samples=309144
2026-05-18 18:47:10,183  INFO  [allava] Step 9670/26578 | Loss 4.8985 | LR 1.47e-05 | phase_samples=309440
2026-05-18 18:47:10,549  INFO  [allava] Step 9670/26578 | Loss 0.1421 | LR 1.47e-05 | phase_samples=309448
2026-05-18 18:47:10,918  INFO  [allava] Step 9670/26578 | Loss 0.1167 | LR 1.47e-05 | phase_samples=309456
2026-05-18 18:47:11,311  INFO  [allava] Step 9670/26578 | Loss 0.1300 | LR 1.47e-05 | phase_samples=309464
2026-05-18 18:47:27,238  INFO  [allava] Step 9680/26578 | Loss 4.7738 | LR 1.47e-05 | phase_samples=309760
2026-05-18 18:47:27,563  INFO  [allava] Step 9680/26578 | Loss 0.1056 | LR 1.47e-05 | phase_samples=309768
2026-05-18 18:47:27,988  INFO  [allava] Step 9680/26578 | Loss 0.1369 | LR 1.47e-05 | phase_samples=309776
2026-05-18 18:47:28,364  INFO  [allava] Step 9680/26578 | Loss 0.1350 | LR 1.47e-05 | phase_samples=309784
2026-05-18 18:47:43,242  INFO  [allava] Step 9690/26578 | Loss 4.6820 | LR 1.47e-05 | phase_samples=310080
2026-05-18 18:47:43,609  INFO  [allava] Step 9690/26578 | Loss 0.1212 | LR 1.47e-05 | phase_samples=310088
2026-05-18 18:47:44,044  INFO  [allava] Step 9690/26578 | Loss 0.1554 | LR 1.47e-05 | phase_samples=310096
2026-05-18 18:47:44,388  INFO  [allava] Step 9690/26578 | Loss 0.1019 | LR 1.47e-05 | phase_samples=310104
2026-05-18 18:47:59,969  INFO  [allava] Step 9700/26578 | Loss 4.7540 | LR 1.47e-05 | phase_samples=310400
2026-05-18 18:48:00,332  INFO  [allava] Step 9700/26578 | Loss 0.1399 | LR 1.47e-05 | phase_samples=310408
2026-05-18 18:48:00,761  INFO  [allava] Step 9700/26578 | Loss 0.1536 | LR 1.47e-05 | phase_samples=310416
2026-05-18 18:48:01,157  INFO  [allava] Step 9700/26578 | Loss 0.1299 | LR 1.47e-05 | phase_samples=310424
2026-05-18 18:48:16,386  INFO  [allava] Step 9710/26578 | Loss 4.7218 | LR 1.47e-05 | phase_samples=310720
2026-05-18 18:48:16,742  INFO  [allava] Step 9710/26578 | Loss 0.1582 | LR 1.47e-05 | phase_samples=310728
2026-05-18 18:48:17,088  INFO  [allava] Step 9710/26578 | Loss 0.1154 | LR 1.47e-05 | phase_samples=310736
2026-05-18 18:48:17,432  INFO  [allava] Step 9710/26578 | Loss 0.1276 | LR 1.47e-05 | phase_samples=310744
2026-05-18 18:48:33,283  INFO  [allava] Step 9720/26578 | Loss 4.8453 | LR 1.46e-05 | phase_samples=311040
2026-05-18 18:48:33,674  INFO  [allava] Step 9720/26578 | Loss 0.1496 | LR 1.46e-05 | phase_samples=311048
2026-05-18 18:48:34,048  INFO  [allava] Step 9720/26578 | Loss 0.1484 | LR 1.46e-05 | phase_samples=311056
2026-05-18 18:48:34,482  INFO  [allava] Step 9720/26578 | Loss 0.1286 | LR 1.46e-05 | phase_samples=311064
2026-05-18 18:48:50,171  INFO  [allava] Step 9730/26578 | Loss 4.8557 | LR 1.46e-05 | phase_samples=311360
2026-05-18 18:48:50,550  INFO  [allava] Step 9730/26578 | Loss 0.1476 | LR 1.46e-05 | phase_samples=311368
2026-05-18 18:48:50,893  INFO  [allava] Step 9730/26578 | Loss 0.1395 | LR 1.46e-05 | phase_samples=311376
2026-05-18 18:48:51,276  INFO  [allava] Step 9730/26578 | Loss 0.1128 | LR 1.46e-05 | phase_samples=311384
2026-05-18 18:49:06,927  INFO  [allava] Step 9740/26578 | Loss 4.8252 | LR 1.46e-05 | phase_samples=311680
2026-05-18 18:49:07,280  INFO  [allava] Step 9740/26578 | Loss 0.1512 | LR 1.46e-05 | phase_samples=311688
2026-05-18 18:49:07,705  INFO  [allava] Step 9740/26578 | Loss 0.1229 | LR 1.46e-05 | phase_samples=311696
2026-05-18 18:49:08,099  INFO  [allava] Step 9740/26578 | Loss 0.1330 | LR 1.46e-05 | phase_samples=311704
2026-05-18 18:49:23,125  INFO  [allava] Step 9750/26578 | Loss 4.7473 | LR 1.46e-05 | phase_samples=312000
2026-05-18 18:49:23,489  INFO  [allava] Step 9750/26578 | Loss 0.1270 | LR 1.46e-05 | phase_samples=312008
2026-05-18 18:49:23,841  INFO  [allava] Step 9750/26578 | Loss 0.1189 | LR 1.46e-05 | phase_samples=312016
2026-05-18 18:49:24,219  INFO  [allava] Step 9750/26578 | Loss 0.1082 | LR 1.46e-05 | phase_samples=312024
2026-05-18 18:49:40,073  INFO  [allava] Step 9760/26578 | Loss 4.7225 | LR 1.46e-05 | phase_samples=312320
2026-05-18 18:49:40,449  INFO  [allava] Step 9760/26578 | Loss 0.1346 | LR 1.46e-05 | phase_samples=312328
2026-05-18 18:49:40,798  INFO  [allava] Step 9760/26578 | Loss 0.1175 | LR 1.46e-05 | phase_samples=312336
2026-05-18 18:49:41,147  INFO  [allava] Step 9760/26578 | Loss 0.1204 | LR 1.46e-05 | phase_samples=312344
2026-05-18 18:49:56,043  INFO  [allava] Step 9770/26578 | Loss 4.7364 | LR 1.46e-05 | phase_samples=312640
2026-05-18 18:49:56,379  INFO  [allava] Step 9770/26578 | Loss 0.1256 | LR 1.46e-05 | phase_samples=312648
2026-05-18 18:49:56,783  INFO  [allava] Step 9770/26578 | Loss 0.1321 | LR 1.46e-05 | phase_samples=312656
2026-05-18 18:49:57,158  INFO  [allava] Step 9770/26578 | Loss 0.1108 | LR 1.46e-05 | phase_samples=312664
2026-05-18 18:50:12,728  INFO  [allava] Step 9780/26578 | Loss 4.9454 | LR 1.46e-05 | phase_samples=312960
2026-05-18 18:50:13,090  INFO  [allava] Step 9780/26578 | Loss 0.1124 | LR 1.46e-05 | phase_samples=312968
2026-05-18 18:50:13,471  INFO  [allava] Step 9780/26578 | Loss 0.1449 | LR 1.46e-05 | phase_samples=312976
2026-05-18 18:50:13,876  INFO  [allava] Step 9780/26578 | Loss 0.1446 | LR 1.46e-05 | phase_samples=312984
2026-05-18 18:50:29,396  INFO  [allava] Step 9790/26578 | Loss 4.8538 | LR 1.46e-05 | phase_samples=313280
2026-05-18 18:50:29,750  INFO  [allava] Step 9790/26578 | Loss 0.1483 | LR 1.46e-05 | phase_samples=313288
2026-05-18 18:50:30,141  INFO  [allava] Step 9790/26578 | Loss 0.1445 | LR 1.46e-05 | phase_samples=313296
2026-05-18 18:50:30,544  INFO  [allava] Step 9790/26578 | Loss 0.1153 | LR 1.46e-05 | phase_samples=313304
2026-05-18 18:50:46,193  INFO  [allava] Step 9800/26578 | Loss 4.6165 | LR 1.46e-05 | phase_samples=313600
2026-05-18 18:50:46,585  INFO  [allava] Step 9800/26578 | Loss 0.1219 | LR 1.46e-05 | phase_samples=313608
2026-05-18 18:50:46,974  INFO  [allava] Step 9800/26578 | Loss 0.1218 | LR 1.46e-05 | phase_samples=313616
2026-05-18 18:50:47,406  INFO  [allava] Step 9800/26578 | Loss 0.1410 | LR 1.46e-05 | phase_samples=313624
2026-05-18 18:51:02,764  INFO  [allava] Step 9810/26578 | Loss 4.8053 | LR 1.46e-05 | phase_samples=313920
2026-05-18 18:51:03,212  INFO  [allava] Step 9810/26578 | Loss 0.1357 | LR 1.46e-05 | phase_samples=313928
2026-05-18 18:51:03,580  INFO  [allava] Step 9810/26578 | Loss 0.1319 | LR 1.46e-05 | phase_samples=313936
2026-05-18 18:51:04,039  INFO  [allava] Step 9810/26578 | Loss 0.1392 | LR 1.46e-05 | phase_samples=313944
2026-05-18 18:51:19,694  INFO  [allava] Step 9820/26578 | Loss 4.9233 | LR 1.45e-05 | phase_samples=314240
2026-05-18 18:51:20,002  INFO  [allava] Step 9820/26578 | Loss 0.1167 | LR 1.45e-05 | phase_samples=314248
2026-05-18 18:51:20,382  INFO  [allava] Step 9820/26578 | Loss 0.1471 | LR 1.45e-05 | phase_samples=314256
2026-05-18 18:51:20,754  INFO  [allava] Step 9820/26578 | Loss 0.1289 | LR 1.45e-05 | phase_samples=314264
2026-05-18 18:51:36,267  INFO  [allava] Step 9830/26578 | Loss 4.7608 | LR 1.45e-05 | phase_samples=314560
2026-05-18 18:51:36,635  INFO  [allava] Step 9830/26578 | Loss 0.1472 | LR 1.45e-05 | phase_samples=314568
2026-05-18 18:51:37,063  INFO  [allava] Step 9830/26578 | Loss 0.1379 | LR 1.45e-05 | phase_samples=314576
2026-05-18 18:51:37,437  INFO  [allava] Step 9830/26578 | Loss 0.1464 | LR 1.45e-05 | phase_samples=314584
2026-05-18 18:51:53,109  INFO  [allava] Step 9840/26578 | Loss 4.6994 | LR 1.45e-05 | phase_samples=314880
2026-05-18 18:51:53,443  INFO  [allava] Step 9840/26578 | Loss 0.1131 | LR 1.45e-05 | phase_samples=314888
2026-05-18 18:51:53,824  INFO  [allava] Step 9840/26578 | Loss 0.1376 | LR 1.45e-05 | phase_samples=314896
2026-05-18 18:51:54,225  INFO  [allava] Step 9840/26578 | Loss 0.1154 | LR 1.45e-05 | phase_samples=314904
2026-05-18 18:52:09,774  INFO  [allava] Step 9850/26578 | Loss 4.7978 | LR 1.45e-05 | phase_samples=315200
2026-05-18 18:52:10,133  INFO  [allava] Step 9850/26578 | Loss 0.1044 | LR 1.45e-05 | phase_samples=315208
2026-05-18 18:52:10,525  INFO  [allava] Step 9850/26578 | Loss 0.1179 | LR 1.45e-05 | phase_samples=315216
2026-05-18 18:52:10,898  INFO  [allava] Step 9850/26578 | Loss 0.1439 | LR 1.45e-05 | phase_samples=315224
2026-05-18 18:52:26,629  INFO  [allava] Step 9860/26578 | Loss 4.7870 | LR 1.45e-05 | phase_samples=315520
2026-05-18 18:52:26,983  INFO  [allava] Step 9860/26578 | Loss 0.1483 | LR 1.45e-05 | phase_samples=315528
2026-05-18 18:52:27,415  INFO  [allava] Step 9860/26578 | Loss 0.1065 | LR 1.45e-05 | phase_samples=315536
2026-05-18 18:52:27,788  INFO  [allava] Step 9860/26578 | Loss 0.1288 | LR 1.45e-05 | phase_samples=315544
2026-05-18 18:52:43,209  INFO  [allava] Step 9870/26578 | Loss 4.9051 | LR 1.45e-05 | phase_samples=315840
2026-05-18 18:52:43,584  INFO  [allava] Step 9870/26578 | Loss 0.1225 | LR 1.45e-05 | phase_samples=315848
2026-05-18 18:52:43,988  INFO  [allava] Step 9870/26578 | Loss 0.1503 | LR 1.45e-05 | phase_samples=315856
2026-05-18 18:52:44,372  INFO  [allava] Step 9870/26578 | Loss 0.1356 | LR 1.45e-05 | phase_samples=315864
2026-05-18 18:52:59,851  INFO  [allava] Step 9880/26578 | Loss 4.8259 | LR 1.45e-05 | phase_samples=316160
2026-05-18 18:53:00,213  INFO  [allava] Step 9880/26578 | Loss 0.1486 | LR 1.45e-05 | phase_samples=316168
2026-05-18 18:53:00,644  INFO  [allava] Step 9880/26578 | Loss 0.1234 | LR 1.45e-05 | phase_samples=316176
2026-05-18 18:53:01,041  INFO  [allava] Step 9880/26578 | Loss 0.1416 | LR 1.45e-05 | phase_samples=316184
2026-05-18 18:53:16,074  INFO  [allava] Step 9890/26578 | Loss 4.6020 | LR 1.45e-05 | phase_samples=316480
2026-05-18 18:53:16,429  INFO  [allava] Step 9890/26578 | Loss 0.1088 | LR 1.45e-05 | phase_samples=316488
2026-05-18 18:53:16,794  INFO  [allava] Step 9890/26578 | Loss 0.1482 | LR 1.45e-05 | phase_samples=316496
2026-05-18 18:53:17,190  INFO  [allava] Step 9890/26578 | Loss 0.1273 | LR 1.45e-05 | phase_samples=316504
2026-05-18 18:53:32,867  INFO  [allava] Step 9900/26578 | Loss 4.7612 | LR 1.45e-05 | phase_samples=316800
2026-05-18 18:53:33,225  INFO  [allava] Step 9900/26578 | Loss 0.1259 | LR 1.45e-05 | phase_samples=316808
2026-05-18 18:53:33,600  INFO  [allava] Step 9900/26578 | Loss 0.1583 | LR 1.45e-05 | phase_samples=316816
2026-05-18 18:53:33,997  INFO  [allava] Step 9900/26578 | Loss 0.1621 | LR 1.45e-05 | phase_samples=316824
2026-05-18 18:53:49,415  INFO  [allava] Step 9910/26578 | Loss 4.8424 | LR 1.44e-05 | phase_samples=317120
2026-05-18 18:53:49,768  INFO  [allava] Step 9910/26578 | Loss 0.1396 | LR 1.44e-05 | phase_samples=317128
2026-05-18 18:53:50,170  INFO  [allava] Step 9910/26578 | Loss 0.1457 | LR 1.44e-05 | phase_samples=317136
2026-05-18 18:53:50,546  INFO  [allava] Step 9910/26578 | Loss 0.1249 | LR 1.44e-05 | phase_samples=317144
2026-05-18 18:54:06,506  INFO  [allava] Step 9920/26578 | Loss 4.8511 | LR 1.44e-05 | phase_samples=317440
2026-05-18 18:54:06,881  INFO  [allava] Step 9920/26578 | Loss 0.1312 | LR 1.44e-05 | phase_samples=317448
2026-05-18 18:54:07,283  INFO  [allava] Step 9920/26578 | Loss 0.1566 | LR 1.44e-05 | phase_samples=317456
2026-05-18 18:54:07,741  INFO  [allava] Step 9920/26578 | Loss 0.1467 | LR 1.44e-05 | phase_samples=317464
2026-05-18 18:54:22,931  INFO  [allava] Step 9930/26578 | Loss 4.8855 | LR 1.44e-05 | phase_samples=317760
2026-05-18 18:54:23,285  INFO  [allava] Step 9930/26578 | Loss 0.1287 | LR 1.44e-05 | phase_samples=317768
2026-05-18 18:54:23,678  INFO  [allava] Step 9930/26578 | Loss 0.1386 | LR 1.44e-05 | phase_samples=317776
2026-05-18 18:54:24,080  INFO  [allava] Step 9930/26578 | Loss 0.1214 | LR 1.44e-05 | phase_samples=317784
2026-05-18 18:54:39,610  INFO  [allava] Step 9940/26578 | Loss 4.7876 | LR 1.44e-05 | phase_samples=318080
2026-05-18 18:54:39,989  INFO  [allava] Step 9940/26578 | Loss 0.1475 | LR 1.44e-05 | phase_samples=318088
2026-05-18 18:54:40,358  INFO  [allava] Step 9940/26578 | Loss 0.1203 | LR 1.44e-05 | phase_samples=318096
2026-05-18 18:54:40,732  INFO  [allava] Step 9940/26578 | Loss 0.1159 | LR 1.44e-05 | phase_samples=318104
2026-05-18 18:54:56,324  INFO  [allava] Step 9950/26578 | Loss 4.7962 | LR 1.44e-05 | phase_samples=318400
2026-05-18 18:54:56,658  INFO  [allava] Step 9950/26578 | Loss 0.1145 | LR 1.44e-05 | phase_samples=318408
2026-05-18 18:54:57,000  INFO  [allava] Step 9950/26578 | Loss 0.1130 | LR 1.44e-05 | phase_samples=318416
2026-05-18 18:54:57,399  INFO  [allava] Step 9950/26578 | Loss 0.0898 | LR 1.44e-05 | phase_samples=318424
2026-05-18 18:55:13,115  INFO  [allava] Step 9960/26578 | Loss 4.8354 | LR 1.44e-05 | phase_samples=318720
2026-05-18 18:55:13,497  INFO  [allava] Step 9960/26578 | Loss 0.1219 | LR 1.44e-05 | phase_samples=318728
2026-05-18 18:55:13,888  INFO  [allava] Step 9960/26578 | Loss 0.1074 | LR 1.44e-05 | phase_samples=318736
2026-05-18 18:55:14,298  INFO  [allava] Step 9960/26578 | Loss 0.1251 | LR 1.44e-05 | phase_samples=318744
2026-05-18 18:55:29,800  INFO  [allava] Step 9970/26578 | Loss 4.8528 | LR 1.44e-05 | phase_samples=319040
2026-05-18 18:55:30,179  INFO  [allava] Step 9970/26578 | Loss 0.1506 | LR 1.44e-05 | phase_samples=319048
2026-05-18 18:55:30,570  INFO  [allava] Step 9970/26578 | Loss 0.1215 | LR 1.44e-05 | phase_samples=319056
2026-05-18 18:55:31,000  INFO  [allava] Step 9970/26578 | Loss 0.1092 | LR 1.44e-05 | phase_samples=319064
2026-05-18 18:55:46,871  INFO  [allava] Step 9980/26578 | Loss 4.8408 | LR 1.44e-05 | phase_samples=319360
2026-05-18 18:55:47,235  INFO  [allava] Step 9980/26578 | Loss 0.1299 | LR 1.44e-05 | phase_samples=319368
2026-05-18 18:55:47,639  INFO  [allava] Step 9980/26578 | Loss 0.1207 | LR 1.44e-05 | phase_samples=319376
2026-05-18 18:55:48,047  INFO  [allava] Step 9980/26578 | Loss 0.1536 | LR 1.44e-05 | phase_samples=319384
2026-05-18 18:56:03,513  INFO  [allava] Step 9990/26578 | Loss 4.9181 | LR 1.44e-05 | phase_samples=319680
2026-05-18 18:56:03,844  INFO  [allava] Step 9990/26578 | Loss 0.1220 | LR 1.44e-05 | phase_samples=319688
2026-05-18 18:56:04,222  INFO  [allava] Step 9990/26578 | Loss 0.1372 | LR 1.44e-05 | phase_samples=319696
2026-05-18 18:56:04,598  INFO  [allava] Step 9990/26578 | Loss 0.1066 | LR 1.44e-05 | phase_samples=319704
2026-05-18 18:56:20,007  INFO  [allava] Step 10000/26578 | Loss 4.8271 | LR 1.43e-05 | phase_samples=320000
2026-05-18 18:56:20,381  INFO  [allava] Step 10000/26578 | Loss 0.1475 | LR 1.43e-05 | phase_samples=320008
2026-05-18 18:56:20,783  INFO  [allava] Step 10000/26578 | Loss 0.1186 | LR 1.43e-05 | phase_samples=320016
2026-05-18 18:56:21,179  INFO  [allava] Step 10000/26578 | Loss 0.1526 | LR 1.43e-05 | phase_samples=320024
2026-05-18 18:56:36,408  INFO  [allava] Step 10010/26578 | Loss 4.6637 | LR 1.43e-05 | phase_samples=320320
2026-05-18 18:56:36,831  INFO  [allava] Step 10010/26578 | Loss 0.0898 | LR 1.43e-05 | phase_samples=320328
2026-05-18 18:56:37,180  INFO  [allava] Step 10010/26578 | Loss 0.1037 | LR 1.43e-05 | phase_samples=320336
2026-05-18 18:56:37,552  INFO  [allava] Step 10010/26578 | Loss 0.1039 | LR 1.43e-05 | phase_samples=320344
2026-05-18 18:56:53,472  INFO  [allava] Step 10020/26578 | Loss 4.8092 | LR 1.43e-05 | phase_samples=320640
2026-05-18 18:56:53,952  INFO  [allava] Step 10020/26578 | Loss 0.1285 | LR 1.43e-05 | phase_samples=320648
2026-05-18 18:56:54,522  INFO  [allava] Step 10020/26578 | Loss 0.1299 | LR 1.43e-05 | phase_samples=320656
2026-05-18 18:56:54,921  INFO  [allava] Step 10020/26578 | Loss 0.1523 | LR 1.43e-05 | phase_samples=320664
2026-05-18 18:57:09,834  INFO  [allava] Step 10030/26578 | Loss 4.6948 | LR 1.43e-05 | phase_samples=320960
2026-05-18 18:57:10,194  INFO  [allava] Step 10030/26578 | Loss 0.1212 | LR 1.43e-05 | phase_samples=320968
2026-05-18 18:57:10,561  INFO  [allava] Step 10030/26578 | Loss 0.1052 | LR 1.43e-05 | phase_samples=320976
2026-05-18 18:57:10,985  INFO  [allava] Step 10030/26578 | Loss 0.1227 | LR 1.43e-05 | phase_samples=320984
2026-05-18 18:57:26,805  INFO  [allava] Step 10040/26578 | Loss 4.7608 | LR 1.43e-05 | phase_samples=321280
2026-05-18 18:57:27,276  INFO  [allava] Step 10040/26578 | Loss 0.1463 | LR 1.43e-05 | phase_samples=321288
2026-05-18 18:57:27,669  INFO  [allava] Step 10040/26578 | Loss 0.1492 | LR 1.43e-05 | phase_samples=321296
2026-05-18 18:57:28,014  INFO  [allava] Step 10040/26578 | Loss 0.1285 | LR 1.43e-05 | phase_samples=321304
2026-05-18 18:57:43,198  INFO  [allava] Step 10050/26578 | Loss 4.6675 | LR 1.43e-05 | phase_samples=321600
2026-05-18 18:57:43,559  INFO  [allava] Step 10050/26578 | Loss 0.1013 | LR 1.43e-05 | phase_samples=321608
2026-05-18 18:57:43,929  INFO  [allava] Step 10050/26578 | Loss 0.1290 | LR 1.43e-05 | phase_samples=321616
2026-05-18 18:57:44,312  INFO  [allava] Step 10050/26578 | Loss 0.1041 | LR 1.43e-05 | phase_samples=321624
2026-05-18 18:58:00,356  INFO  [allava] Step 10060/26578 | Loss 4.9552 | LR 1.43e-05 | phase_samples=321920
2026-05-18 18:58:00,680  INFO  [allava] Step 10060/26578 | Loss 0.0933 | LR 1.43e-05 | phase_samples=321928
2026-05-18 18:58:01,114  INFO  [allava] Step 10060/26578 | Loss 0.1561 | LR 1.43e-05 | phase_samples=321936
2026-05-18 18:58:01,546  INFO  [allava] Step 10060/26578 | Loss 0.1413 | LR 1.43e-05 | phase_samples=321944
2026-05-18 18:58:16,676  INFO  [allava] Step 10070/26578 | Loss 4.7467 | LR 1.43e-05 | phase_samples=322240
2026-05-18 18:58:17,096  INFO  [allava] Step 10070/26578 | Loss 0.1376 | LR 1.43e-05 | phase_samples=322248
2026-05-18 18:58:17,435  INFO  [allava] Step 10070/26578 | Loss 0.1114 | LR 1.43e-05 | phase_samples=322256
2026-05-18 18:58:17,818  INFO  [allava] Step 10070/26578 | Loss 0.0963 | LR 1.43e-05 | phase_samples=322264
2026-05-18 18:58:33,420  INFO  [allava] Step 10080/26578 | Loss 4.6262 | LR 1.43e-05 | phase_samples=322560
2026-05-18 18:58:33,798  INFO  [allava] Step 10080/26578 | Loss 0.1210 | LR 1.43e-05 | phase_samples=322568
2026-05-18 18:58:34,160  INFO  [allava] Step 10080/26578 | Loss 0.1033 | LR 1.43e-05 | phase_samples=322576
2026-05-18 18:58:34,591  INFO  [allava] Step 10080/26578 | Loss 0.1317 | LR 1.43e-05 | phase_samples=322584
2026-05-18 18:58:50,060  INFO  [allava] Step 10090/26578 | Loss 4.8875 | LR 1.42e-05 | phase_samples=322880
2026-05-18 18:58:50,422  INFO  [allava] Step 10090/26578 | Loss 0.1574 | LR 1.42e-05 | phase_samples=322888
2026-05-18 18:58:50,849  INFO  [allava] Step 10090/26578 | Loss 0.1295 | LR 1.42e-05 | phase_samples=322896
2026-05-18 18:58:51,242  INFO  [allava] Step 10090/26578 | Loss 0.1666 | LR 1.42e-05 | phase_samples=322904
2026-05-18 18:59:07,406  INFO  [allava] Step 10100/26578 | Loss 4.7556 | LR 1.42e-05 | phase_samples=323200
2026-05-18 18:59:07,769  INFO  [allava] Step 10100/26578 | Loss 0.1212 | LR 1.42e-05 | phase_samples=323208
2026-05-18 18:59:08,161  INFO  [allava] Step 10100/26578 | Loss 0.1427 | LR 1.42e-05 | phase_samples=323216
2026-05-18 18:59:08,723  INFO  [allava] Step 10100/26578 | Loss 0.1449 | LR 1.42e-05 | phase_samples=323224
2026-05-18 18:59:23,966  INFO  [allava] Step 10110/26578 | Loss 4.8628 | LR 1.42e-05 | phase_samples=323520
2026-05-18 18:59:24,304  INFO  [allava] Step 10110/26578 | Loss 0.1322 | LR 1.42e-05 | phase_samples=323528
2026-05-18 18:59:24,695  INFO  [allava] Step 10110/26578 | Loss 0.1258 | LR 1.42e-05 | phase_samples=323536
2026-05-18 18:59:25,072  INFO  [allava] Step 10110/26578 | Loss 0.1221 | LR 1.42e-05 | phase_samples=323544
2026-05-18 18:59:40,643  INFO  [allava] Step 10120/26578 | Loss 4.6381 | LR 1.42e-05 | phase_samples=323840
2026-05-18 18:59:40,979  INFO  [allava] Step 10120/26578 | Loss 0.1254 | LR 1.42e-05 | phase_samples=323848
2026-05-18 18:59:41,319  INFO  [allava] Step 10120/26578 | Loss 0.1283 | LR 1.42e-05 | phase_samples=323856
2026-05-18 18:59:41,691  INFO  [allava] Step 10120/26578 | Loss 0.1268 | LR 1.42e-05 | phase_samples=323864
2026-05-18 19:06:51,501  INFO  Checkpoint saved → ../checkpoints/stage2_h100/allava/step10128 | step=10128 | phase=allava | samples_seen_phase=324112 | total=324112
2026-05-18 19:06:53,913  INFO  [allava] Step 10130/26578 | Loss 4.7807 | LR 1.42e-05 | phase_samples=324160
2026-05-18 19:06:54,278  INFO  [allava] Step 10130/26578 | Loss 0.0913 | LR 1.42e-05 | phase_samples=324168
2026-05-18 19:06:54,657  INFO  [allava] Step 10130/26578 | Loss 0.1366 | LR 1.42e-05 | phase_samples=324176
2026-05-18 19:06:55,042  INFO  [allava] Step 10130/26578 | Loss 0.1163 | LR 1.42e-05 | phase_samples=324184
2026-05-18 19:07:10,884  INFO  [allava] Step 10140/26578 | Loss 4.7664 | LR 1.42e-05 | phase_samples=324480
2026-05-18 19:07:11,265  INFO  [allava] Step 10140/26578 | Loss 0.1509 | LR 1.42e-05 | phase_samples=324488
2026-05-18 19:07:11,644  INFO  [allava] Step 10140/26578 | Loss 0.1386 | LR 1.42e-05 | phase_samples=324496
2026-05-18 19:07:12,107  INFO  [allava] Step 10140/26578 | Loss 0.1434 | LR 1.42e-05 | phase_samples=324504
2026-05-18 19:07:27,622  INFO  [allava] Step 10150/26578 | Loss 4.7754 | LR 1.42e-05 | phase_samples=324800
2026-05-18 19:07:27,997  INFO  [allava] Step 10150/26578 | Loss 0.1428 | LR 1.42e-05 | phase_samples=324808
2026-05-18 19:07:28,378  INFO  [allava] Step 10150/26578 | Loss 0.1409 | LR 1.42e-05 | phase_samples=324816
2026-05-18 19:07:28,758  INFO  [allava] Step 10150/26578 | Loss 0.1344 | LR 1.42e-05 | phase_samples=324824
2026-05-18 19:07:46,058  INFO  [allava] Step 10160/26578 | Loss 4.8512 | LR 1.42e-05 | phase_samples=325120
2026-05-18 19:07:46,422  INFO  [allava] Step 10160/26578 | Loss 0.1323 | LR 1.42e-05 | phase_samples=325128
2026-05-18 19:07:46,860  INFO  [allava] Step 10160/26578 | Loss 0.1368 | LR 1.42e-05 | phase_samples=325136
2026-05-18 19:07:47,249  INFO  [allava] Step 10160/26578 | Loss 0.1734 | LR 1.42e-05 | phase_samples=325144
2026-05-18 19:08:03,708  INFO  [allava] Step 10170/26578 | Loss 4.7966 | LR 1.42e-05 | phase_samples=325440
2026-05-18 19:08:04,073  INFO  [allava] Step 10170/26578 | Loss 0.1233 | LR 1.42e-05 | phase_samples=325448
2026-05-18 19:08:04,433  INFO  [allava] Step 10170/26578 | Loss 0.1339 | LR 1.42e-05 | phase_samples=325456
2026-05-18 19:08:04,812  INFO  [allava] Step 10170/26578 | Loss 0.1064 | LR 1.42e-05 | phase_samples=325464
2026-05-18 19:08:20,777  INFO  [allava] Step 10180/26578 | Loss 4.6743 | LR 1.41e-05 | phase_samples=325760
2026-05-18 19:08:21,145  INFO  [allava] Step 10180/26578 | Loss 0.1462 | LR 1.41e-05 | phase_samples=325768
2026-05-18 19:08:21,539  INFO  [allava] Step 10180/26578 | Loss 0.1234 | LR 1.41e-05 | phase_samples=325776
2026-05-18 19:08:21,892  INFO  [allava] Step 10180/26578 | Loss 0.1233 | LR 1.41e-05 | phase_samples=325784
2026-05-18 19:08:37,552  INFO  [allava] Step 10190/26578 | Loss 4.8533 | LR 1.41e-05 | phase_samples=326080
2026-05-18 19:08:37,926  INFO  [allava] Step 10190/26578 | Loss 0.1315 | LR 1.41e-05 | phase_samples=326088
2026-05-18 19:08:38,311  INFO  [allava] Step 10190/26578 | Loss 0.1280 | LR 1.41e-05 | phase_samples=326096
2026-05-18 19:08:38,820  INFO  [allava] Step 10190/26578 | Loss 0.1219 | LR 1.41e-05 | phase_samples=326104
2026-05-18 19:08:54,805  INFO  [allava] Step 10200/26578 | Loss 4.7668 | LR 1.41e-05 | phase_samples=326400
2026-05-18 19:08:55,187  INFO  [allava] Step 10200/26578 | Loss 0.1428 | LR 1.41e-05 | phase_samples=326408
2026-05-18 19:08:55,567  INFO  [allava] Step 10200/26578 | Loss 0.1241 | LR 1.41e-05 | phase_samples=326416
2026-05-18 19:08:56,005  INFO  [allava] Step 10200/26578 | Loss 0.1242 | LR 1.41e-05 | phase_samples=326424
2026-05-18 19:09:11,277  INFO  [allava] Step 10210/26578 | Loss 4.8933 | LR 1.41e-05 | phase_samples=326720
2026-05-18 19:09:11,669  INFO  [allava] Step 10210/26578 | Loss 0.1594 | LR 1.41e-05 | phase_samples=326728
2026-05-18 19:09:12,105  INFO  [allava] Step 10210/26578 | Loss 0.1480 | LR 1.41e-05 | phase_samples=326736
2026-05-18 19:09:12,480  INFO  [allava] Step 10210/26578 | Loss 0.1168 | LR 1.41e-05 | phase_samples=326744
2026-05-18 19:09:28,507  INFO  [allava] Step 10220/26578 | Loss 4.8159 | LR 1.41e-05 | phase_samples=327040
2026-05-18 19:09:28,886  INFO  [allava] Step 10220/26578 | Loss 0.1328 | LR 1.41e-05 | phase_samples=327048
2026-05-18 19:09:29,324  INFO  [allava] Step 10220/26578 | Loss 0.1485 | LR 1.41e-05 | phase_samples=327056
2026-05-18 19:09:29,700  INFO  [allava] Step 10220/26578 | Loss 0.1422 | LR 1.41e-05 | phase_samples=327064
2026-05-18 19:09:44,939  INFO  [allava] Step 10230/26578 | Loss 4.8667 | LR 1.41e-05 | phase_samples=327360
2026-05-18 19:09:45,307  INFO  [allava] Step 10230/26578 | Loss 0.1406 | LR 1.41e-05 | phase_samples=327368
2026-05-18 19:09:45,743  INFO  [allava] Step 10230/26578 | Loss 0.1343 | LR 1.41e-05 | phase_samples=327376
2026-05-18 19:09:46,125  INFO  [allava] Step 10230/26578 | Loss 0.1266 | LR 1.41e-05 | phase_samples=327384
2026-05-18 19:10:01,922  INFO  [allava] Step 10240/26578 | Loss 4.7187 | LR 1.41e-05 | phase_samples=327680
2026-05-18 19:10:02,279  INFO  [allava] Step 10240/26578 | Loss 0.1281 | LR 1.41e-05 | phase_samples=327688
2026-05-18 19:10:02,654  INFO  [allava] Step 10240/26578 | Loss 0.1155 | LR 1.41e-05 | phase_samples=327696
2026-05-18 19:10:03,084  INFO  [allava] Step 10240/26578 | Loss 0.1314 | LR 1.41e-05 | phase_samples=327704
2026-05-18 19:10:18,533  INFO  [allava] Step 10250/26578 | Loss 4.8292 | LR 1.41e-05 | phase_samples=328000
2026-05-18 19:10:18,942  INFO  [allava] Step 10250/26578 | Loss 0.1438 | LR 1.41e-05 | phase_samples=328008
2026-05-18 19:10:19,317  INFO  [allava] Step 10250/26578 | Loss 0.1230 | LR 1.41e-05 | phase_samples=328016
2026-05-18 19:10:19,724  INFO  [allava] Step 10250/26578 | Loss 0.1366 | LR 1.41e-05 | phase_samples=328024
2026-05-18 19:10:35,230  INFO  [allava] Step 10260/26578 | Loss 4.7927 | LR 1.41e-05 | phase_samples=328320
2026-05-18 19:10:35,586  INFO  [allava] Step 10260/26578 | Loss 0.1201 | LR 1.41e-05 | phase_samples=328328
2026-05-18 19:10:36,048  INFO  [allava] Step 10260/26578 | Loss 0.1438 | LR 1.41e-05 | phase_samples=328336
2026-05-18 19:10:36,401  INFO  [allava] Step 10260/26578 | Loss 0.1074 | LR 1.41e-05 | phase_samples=328344
2026-05-18 19:10:51,577  INFO  [allava] Step 10270/26578 | Loss 4.8086 | LR 1.40e-05 | phase_samples=328640
2026-05-18 19:10:51,986  INFO  [allava] Step 10270/26578 | Loss 0.1374 | LR 1.40e-05 | phase_samples=328648
2026-05-18 19:10:52,428  INFO  [allava] Step 10270/26578 | Loss 0.1312 | LR 1.40e-05 | phase_samples=328656
2026-05-18 19:10:52,820  INFO  [allava] Step 10270/26578 | Loss 0.1306 | LR 1.40e-05 | phase_samples=328664
2026-05-18 19:11:08,706  INFO  [allava] Step 10280/26578 | Loss 4.7963 | LR 1.40e-05 | phase_samples=328960
2026-05-18 19:11:09,120  INFO  [allava] Step 10280/26578 | Loss 0.1383 | LR 1.40e-05 | phase_samples=328968
2026-05-18 19:11:09,471  INFO  [allava] Step 10280/26578 | Loss 0.1207 | LR 1.40e-05 | phase_samples=328976
2026-05-18 19:11:09,962  INFO  [allava] Step 10280/26578 | Loss 0.1342 | LR 1.40e-05 | phase_samples=328984
2026-05-18 19:11:24,960  INFO  [allava] Step 10290/26578 | Loss 4.6705 | LR 1.40e-05 | phase_samples=329280
2026-05-18 19:11:25,315  INFO  [allava] Step 10290/26578 | Loss 0.1359 | LR 1.40e-05 | phase_samples=329288
2026-05-18 19:11:25,717  INFO  [allava] Step 10290/26578 | Loss 0.1639 | LR 1.40e-05 | phase_samples=329296
2026-05-18 19:11:26,096  INFO  [allava] Step 10290/26578 | Loss 0.1104 | LR 1.40e-05 | phase_samples=329304
2026-05-18 19:11:41,564  INFO  [allava] Step 10300/26578 | Loss 4.7338 | LR 1.40e-05 | phase_samples=329600
2026-05-18 19:11:41,938  INFO  [allava] Step 10300/26578 | Loss 0.1454 | LR 1.40e-05 | phase_samples=329608
2026-05-18 19:11:42,314  INFO  [allava] Step 10300/26578 | Loss 0.1418 | LR 1.40e-05 | phase_samples=329616
2026-05-18 19:11:42,720  INFO  [allava] Step 10300/26578 | Loss 0.1299 | LR 1.40e-05 | phase_samples=329624
2026-05-18 19:11:58,051  INFO  [allava] Step 10310/26578 | Loss 4.8164 | LR 1.40e-05 | phase_samples=329920
2026-05-18 19:11:58,415  INFO  [allava] Step 10310/26578 | Loss 0.1356 | LR 1.40e-05 | phase_samples=329928
2026-05-18 19:11:58,793  INFO  [allava] Step 10310/26578 | Loss 0.1231 | LR 1.40e-05 | phase_samples=329936
2026-05-18 19:11:59,188  INFO  [allava] Step 10310/26578 | Loss 0.1305 | LR 1.40e-05 | phase_samples=329944
2026-05-18 19:12:14,852  INFO  [allava] Step 10320/26578 | Loss 4.8391 | LR 1.40e-05 | phase_samples=330240
2026-05-18 19:12:15,208  INFO  [allava] Step 10320/26578 | Loss 0.1396 | LR 1.40e-05 | phase_samples=330248
2026-05-18 19:12:15,610  INFO  [allava] Step 10320/26578 | Loss 0.1364 | LR 1.40e-05 | phase_samples=330256
2026-05-18 19:12:16,041  INFO  [allava] Step 10320/26578 | Loss 0.1376 | LR 1.40e-05 | phase_samples=330264
2026-05-18 19:12:31,489  INFO  [allava] Step 10330/26578 | Loss 4.7630 | LR 1.40e-05 | phase_samples=330560
2026-05-18 19:12:31,823  INFO  [allava] Step 10330/26578 | Loss 0.1289 | LR 1.40e-05 | phase_samples=330568
2026-05-18 19:12:32,165  INFO  [allava] Step 10330/26578 | Loss 0.1292 | LR 1.40e-05 | phase_samples=330576
2026-05-18 19:12:32,571  INFO  [allava] Step 10330/26578 | Loss 0.1275 | LR 1.40e-05 | phase_samples=330584
2026-05-18 19:12:48,522  INFO  [allava] Step 10340/26578 | Loss 4.6598 | LR 1.40e-05 | phase_samples=330880
2026-05-18 19:12:48,822  INFO  [allava] Step 10340/26578 | Loss 0.0961 | LR 1.40e-05 | phase_samples=330888
2026-05-18 19:12:49,164  INFO  [allava] Step 10340/26578 | Loss 0.1060 | LR 1.40e-05 | phase_samples=330896
2026-05-18 19:12:49,532  INFO  [allava] Step 10340/26578 | Loss 0.1177 | LR 1.40e-05 | phase_samples=330904
2026-05-18 19:13:05,272  INFO  [allava] Step 10350/26578 | Loss 5.0090 | LR 1.40e-05 | phase_samples=331200
2026-05-18 19:13:05,625  INFO  [allava] Step 10350/26578 | Loss 0.1155 | LR 1.40e-05 | phase_samples=331208
2026-05-18 19:13:06,028  INFO  [allava] Step 10350/26578 | Loss 0.1228 | LR 1.40e-05 | phase_samples=331216
2026-05-18 19:13:06,404  INFO  [allava] Step 10350/26578 | Loss 0.1078 | LR 1.40e-05 | phase_samples=331224
2026-05-18 19:13:22,088  INFO  [allava] Step 10360/26578 | Loss 4.8357 | LR 1.39e-05 | phase_samples=331520
2026-05-18 19:13:22,445  INFO  [allava] Step 10360/26578 | Loss 0.1281 | LR 1.39e-05 | phase_samples=331528
2026-05-18 19:13:22,820  INFO  [allava] Step 10360/26578 | Loss 0.1252 | LR 1.39e-05 | phase_samples=331536
2026-05-18 19:13:23,224  INFO  [allava] Step 10360/26578 | Loss 0.1300 | LR 1.39e-05 | phase_samples=331544
2026-05-18 19:13:38,476  INFO  [allava] Step 10370/26578 | Loss 4.7452 | LR 1.39e-05 | phase_samples=331840
2026-05-18 19:13:38,862  INFO  [allava] Step 10370/26578 | Loss 0.1241 | LR 1.39e-05 | phase_samples=331848
2026-05-18 19:13:39,233  INFO  [allava] Step 10370/26578 | Loss 0.1285 | LR 1.39e-05 | phase_samples=331856
2026-05-18 19:13:39,631  INFO  [allava] Step 10370/26578 | Loss 0.1409 | LR 1.39e-05 | phase_samples=331864
2026-05-18 19:13:55,147  INFO  [allava] Step 10380/26578 | Loss 4.7128 | LR 1.39e-05 | phase_samples=332160
2026-05-18 19:13:55,472  INFO  [allava] Step 10380/26578 | Loss 0.1161 | LR 1.39e-05 | phase_samples=332168
2026-05-18 19:13:55,904  INFO  [allava] Step 10380/26578 | Loss 0.1546 | LR 1.39e-05 | phase_samples=332176
2026-05-18 19:13:56,298  INFO  [allava] Step 10380/26578 | Loss 0.1436 | LR 1.39e-05 | phase_samples=332184
2026-05-18 19:14:11,750  INFO  [allava] Step 10390/26578 | Loss 4.8309 | LR 1.39e-05 | phase_samples=332480
2026-05-18 19:14:12,127  INFO  [allava] Step 10390/26578 | Loss 0.1268 | LR 1.39e-05 | phase_samples=332488
2026-05-18 19:14:12,555  INFO  [allava] Step 10390/26578 | Loss 0.1169 | LR 1.39e-05 | phase_samples=332496
2026-05-18 19:14:12,940  INFO  [allava] Step 10390/26578 | Loss 0.1373 | LR 1.39e-05 | phase_samples=332504
2026-05-18 19:14:28,708  INFO  [allava] Step 10400/26578 | Loss 4.7195 | LR 1.39e-05 | phase_samples=332800
2026-05-18 19:14:29,130  INFO  [allava] Step 10400/26578 | Loss 0.1390 | LR 1.39e-05 | phase_samples=332808
2026-05-18 19:14:29,466  INFO  [allava] Step 10400/26578 | Loss 0.1269 | LR 1.39e-05 | phase_samples=332816
2026-05-18 19:14:29,801  INFO  [allava] Step 10400/26578 | Loss 0.0719 | LR 1.39e-05 | phase_samples=332824
2026-05-18 19:14:44,971  INFO  [allava] Step 10410/26578 | Loss 4.6505 | LR 1.39e-05 | phase_samples=333120
2026-05-18 19:14:45,309  INFO  [allava] Step 10410/26578 | Loss 0.1184 | LR 1.39e-05 | phase_samples=333128
2026-05-18 19:14:45,658  INFO  [allava] Step 10410/26578 | Loss 0.1301 | LR 1.39e-05 | phase_samples=333136
2026-05-18 19:14:46,061  INFO  [allava] Step 10410/26578 | Loss 0.1175 | LR 1.39e-05 | phase_samples=333144
2026-05-18 19:15:01,676  INFO  [allava] Step 10420/26578 | Loss 4.6191 | LR 1.39e-05 | phase_samples=333440
2026-05-18 19:15:02,091  INFO  [allava] Step 10420/26578 | Loss 0.1051 | LR 1.39e-05 | phase_samples=333448
2026-05-18 19:15:02,468  INFO  [allava] Step 10420/26578 | Loss 0.1346 | LR 1.39e-05 | phase_samples=333456
2026-05-18 19:15:02,851  INFO  [allava] Step 10420/26578 | Loss 0.1133 | LR 1.39e-05 | phase_samples=333464
2026-05-18 19:15:17,777  INFO  [allava] Step 10430/26578 | Loss 4.6545 | LR 1.39e-05 | phase_samples=333760
2026-05-18 19:15:18,153  INFO  [allava] Step 10430/26578 | Loss 0.1251 | LR 1.39e-05 | phase_samples=333768
2026-05-18 19:15:18,544  INFO  [allava] Step 10430/26578 | Loss 0.1633 | LR 1.39e-05 | phase_samples=333776
2026-05-18 19:15:19,003  INFO  [allava] Step 10430/26578 | Loss 0.1351 | LR 1.39e-05 | phase_samples=333784
2026-05-18 19:15:34,585  INFO  [allava] Step 10440/26578 | Loss 4.7485 | LR 1.39e-05 | phase_samples=334080
2026-05-18 19:15:34,964  INFO  [allava] Step 10440/26578 | Loss 0.1180 | LR 1.39e-05 | phase_samples=334088
2026-05-18 19:15:35,422  INFO  [allava] Step 10440/26578 | Loss 0.1273 | LR 1.39e-05 | phase_samples=334096
2026-05-18 19:15:35,826  INFO  [allava] Step 10440/26578 | Loss 0.1562 | LR 1.39e-05 | phase_samples=334104
2026-05-18 19:15:50,932  INFO  [allava] Step 10450/26578 | Loss 4.8266 | LR 1.38e-05 | phase_samples=334400
2026-05-18 19:15:51,267  INFO  [allava] Step 10450/26578 | Loss 0.1206 | LR 1.38e-05 | phase_samples=334408
2026-05-18 19:15:51,670  INFO  [allava] Step 10450/26578 | Loss 0.1610 | LR 1.38e-05 | phase_samples=334416
2026-05-18 19:15:52,065  INFO  [allava] Step 10450/26578 | Loss 0.1396 | LR 1.38e-05 | phase_samples=334424
2026-05-18 19:16:07,574  INFO  [allava] Step 10460/26578 | Loss 4.7113 | LR 1.38e-05 | phase_samples=334720
2026-05-18 19:16:07,951  INFO  [allava] Step 10460/26578 | Loss 0.1494 | LR 1.38e-05 | phase_samples=334728
2026-05-18 19:16:08,348  INFO  [allava] Step 10460/26578 | Loss 0.1530 | LR 1.38e-05 | phase_samples=334736
2026-05-18 19:16:08,739  INFO  [allava] Step 10460/26578 | Loss 0.1299 | LR 1.38e-05 | phase_samples=334744
2026-05-18 19:16:23,884  INFO  [allava] Step 10470/26578 | Loss 4.8226 | LR 1.38e-05 | phase_samples=335040
2026-05-18 19:16:24,247  INFO  [allava] Step 10470/26578 | Loss 0.1554 | LR 1.38e-05 | phase_samples=335048
2026-05-18 19:16:24,639  INFO  [allava] Step 10470/26578 | Loss 0.1573 | LR 1.38e-05 | phase_samples=335056
2026-05-18 19:16:24,994  INFO  [allava] Step 10470/26578 | Loss 0.1239 | LR 1.38e-05 | phase_samples=335064
2026-05-18 19:16:40,765  INFO  [allava] Step 10480/26578 | Loss 4.9034 | LR 1.38e-05 | phase_samples=335360
2026-05-18 19:16:41,123  INFO  [allava] Step 10480/26578 | Loss 0.1254 | LR 1.38e-05 | phase_samples=335368
2026-05-18 19:16:41,524  INFO  [allava] Step 10480/26578 | Loss 0.1329 | LR 1.38e-05 | phase_samples=335376
2026-05-18 19:16:41,902  INFO  [allava] Step 10480/26578 | Loss 0.1078 | LR 1.38e-05 | phase_samples=335384
2026-05-18 19:16:56,939  INFO  [allava] Step 10490/26578 | Loss 4.7939 | LR 1.38e-05 | phase_samples=335680
2026-05-18 19:16:57,272  INFO  [allava] Step 10490/26578 | Loss 0.1175 | LR 1.38e-05 | phase_samples=335688
2026-05-18 19:16:57,614  INFO  [allava] Step 10490/26578 | Loss 0.1094 | LR 1.38e-05 | phase_samples=335696
2026-05-18 19:16:57,998  INFO  [allava] Step 10490/26578 | Loss 0.1325 | LR 1.38e-05 | phase_samples=335704
2026-05-18 19:17:13,988  INFO  [allava] Step 10500/26578 | Loss 4.8757 | LR 1.38e-05 | phase_samples=336000
2026-05-18 19:17:14,390  INFO  [allava] Step 10500/26578 | Loss 0.1417 | LR 1.38e-05 | phase_samples=336008
2026-05-18 19:17:14,828  INFO  [allava] Step 10500/26578 | Loss 0.1323 | LR 1.38e-05 | phase_samples=336016
2026-05-18 19:17:15,235  INFO  [allava] Step 10500/26578 | Loss 0.1244 | LR 1.38e-05 | phase_samples=336024
2026-05-18 19:17:30,247  INFO  [allava] Step 10510/26578 | Loss 4.8652 | LR 1.38e-05 | phase_samples=336320
2026-05-18 19:17:30,636  INFO  [allava] Step 10510/26578 | Loss 0.1082 | LR 1.38e-05 | phase_samples=336328
2026-05-18 19:17:31,007  INFO  [allava] Step 10510/26578 | Loss 0.1120 | LR 1.38e-05 | phase_samples=336336
2026-05-18 19:17:31,392  INFO  [allava] Step 10510/26578 | Loss 0.1077 | LR 1.38e-05 | phase_samples=336344
2026-05-18 19:17:47,114  INFO  [allava] Step 10520/26578 | Loss 4.7038 | LR 1.38e-05 | phase_samples=336640
2026-05-18 19:17:47,427  INFO  [allava] Step 10520/26578 | Loss 0.1099 | LR 1.38e-05 | phase_samples=336648
2026-05-18 19:17:47,840  INFO  [allava] Step 10520/26578 | Loss 0.1347 | LR 1.38e-05 | phase_samples=336656
2026-05-18 19:17:48,299  INFO  [allava] Step 10520/26578 | Loss 0.1430 | LR 1.38e-05 | phase_samples=336664
2026-05-18 19:18:03,494  INFO  [allava] Step 10530/26578 | Loss 4.8559 | LR 1.38e-05 | phase_samples=336960
2026-05-18 19:18:03,854  INFO  [allava] Step 10530/26578 | Loss 0.1347 | LR 1.38e-05 | phase_samples=336968
2026-05-18 19:18:04,313  INFO  [allava] Step 10530/26578 | Loss 0.1441 | LR 1.38e-05 | phase_samples=336976
2026-05-18 19:18:04,699  INFO  [allava] Step 10530/26578 | Loss 0.1355 | LR 1.38e-05 | phase_samples=336984
2026-05-18 19:18:20,407  INFO  [allava] Step 10540/26578 | Loss 4.8363 | LR 1.37e-05 | phase_samples=337280
2026-05-18 19:18:20,737  INFO  [allava] Step 10540/26578 | Loss 0.1342 | LR 1.37e-05 | phase_samples=337288
2026-05-18 19:18:21,168  INFO  [allava] Step 10540/26578 | Loss 0.1223 | LR 1.37e-05 | phase_samples=337296
2026-05-18 19:18:21,573  INFO  [allava] Step 10540/26578 | Loss 0.1289 | LR 1.37e-05 | phase_samples=337304
2026-05-18 19:18:36,879  INFO  [allava] Step 10550/26578 | Loss 4.8331 | LR 1.37e-05 | phase_samples=337600
2026-05-18 19:18:37,234  INFO  [allava] Step 10550/26578 | Loss 0.1162 | LR 1.37e-05 | phase_samples=337608
2026-05-18 19:18:37,629  INFO  [allava] Step 10550/26578 | Loss 0.1420 | LR 1.37e-05 | phase_samples=337616
2026-05-18 19:18:38,090  INFO  [allava] Step 10550/26578 | Loss 0.1473 | LR 1.37e-05 | phase_samples=337624
2026-05-18 19:18:53,707  INFO  [allava] Step 10560/26578 | Loss 4.7048 | LR 1.37e-05 | phase_samples=337920
2026-05-18 19:18:54,043  INFO  [allava] Step 10560/26578 | Loss 0.1309 | LR 1.37e-05 | phase_samples=337928
2026-05-18 19:18:54,416  INFO  [allava] Step 10560/26578 | Loss 0.1147 | LR 1.37e-05 | phase_samples=337936
2026-05-18 19:18:54,791  INFO  [allava] Step 10560/26578 | Loss 0.1334 | LR 1.37e-05 | phase_samples=337944
2026-05-18 19:19:10,034  INFO  [allava] Step 10570/26578 | Loss 4.8319 | LR 1.37e-05 | phase_samples=338240
2026-05-18 19:19:10,400  INFO  [allava] Step 10570/26578 | Loss 0.1052 | LR 1.37e-05 | phase_samples=338248
2026-05-18 19:19:10,772  INFO  [allava] Step 10570/26578 | Loss 0.1216 | LR 1.37e-05 | phase_samples=338256
2026-05-18 19:19:11,163  INFO  [allava] Step 10570/26578 | Loss 0.1389 | LR 1.37e-05 | phase_samples=338264
2026-05-18 19:19:26,647  INFO  [allava] Step 10580/26578 | Loss 4.8536 | LR 1.37e-05 | phase_samples=338560
2026-05-18 19:19:27,009  INFO  [allava] Step 10580/26578 | Loss 0.1210 | LR 1.37e-05 | phase_samples=338568
2026-05-18 19:19:27,402  INFO  [allava] Step 10580/26578 | Loss 0.1032 | LR 1.37e-05 | phase_samples=338576
2026-05-18 19:19:27,774  INFO  [allava] Step 10580/26578 | Loss 0.1258 | LR 1.37e-05 | phase_samples=338584
2026-05-18 19:19:42,771  INFO  [allava] Step 10590/26578 | Loss 4.5903 | LR 1.37e-05 | phase_samples=338880
2026-05-18 19:19:43,153  INFO  [allava] Step 10590/26578 | Loss 0.1141 | LR 1.37e-05 | phase_samples=338888
2026-05-18 19:19:43,533  INFO  [allava] Step 10590/26578 | Loss 0.1041 | LR 1.37e-05 | phase_samples=338896
2026-05-18 19:19:43,930  INFO  [allava] Step 10590/26578 | Loss 0.1317 | LR 1.37e-05 | phase_samples=338904
2026-05-18 19:19:59,652  INFO  [allava] Step 10600/26578 | Loss 4.7640 | LR 1.37e-05 | phase_samples=339200
2026-05-18 19:19:59,988  INFO  [allava] Step 10600/26578 | Loss 0.1153 | LR 1.37e-05 | phase_samples=339208
2026-05-18 19:20:00,369  INFO  [allava] Step 10600/26578 | Loss 0.1095 | LR 1.37e-05 | phase_samples=339216
2026-05-18 19:20:00,755  INFO  [allava] Step 10600/26578 | Loss 0.1306 | LR 1.37e-05 | phase_samples=339224
2026-05-18 19:20:16,024  INFO  [allava] Step 10610/26578 | Loss 4.8381 | LR 1.37e-05 | phase_samples=339520
2026-05-18 19:20:16,396  INFO  [allava] Step 10610/26578 | Loss 0.1427 | LR 1.37e-05 | phase_samples=339528
2026-05-18 19:20:16,795  INFO  [allava] Step 10610/26578 | Loss 0.1380 | LR 1.37e-05 | phase_samples=339536
2026-05-18 19:20:17,227  INFO  [allava] Step 10610/26578 | Loss 0.1032 | LR 1.37e-05 | phase_samples=339544
2026-05-18 19:20:32,884  INFO  [allava] Step 10620/26578 | Loss 4.8201 | LR 1.37e-05 | phase_samples=339840
2026-05-18 19:20:33,206  INFO  [allava] Step 10620/26578 | Loss 0.1263 | LR 1.37e-05 | phase_samples=339848
2026-05-18 19:20:33,598  INFO  [allava] Step 10620/26578 | Loss 0.1340 | LR 1.37e-05 | phase_samples=339856
2026-05-18 19:20:33,981  INFO  [allava] Step 10620/26578 | Loss 0.1171 | LR 1.37e-05 | phase_samples=339864
2026-05-18 19:20:49,407  INFO  [allava] Step 10630/26578 | Loss 4.8826 | LR 1.36e-05 | phase_samples=340160
2026-05-18 19:20:49,792  INFO  [allava] Step 10630/26578 | Loss 0.1523 | LR 1.36e-05 | phase_samples=340168
2026-05-18 19:20:50,203  INFO  [allava] Step 10630/26578 | Loss 0.1245 | LR 1.36e-05 | phase_samples=340176
2026-05-18 19:20:50,586  INFO  [allava] Step 10630/26578 | Loss 0.1317 | LR 1.36e-05 | phase_samples=340184
2026-05-18 19:21:06,331  INFO  [allava] Step 10640/26578 | Loss 4.7948 | LR 1.36e-05 | phase_samples=340480
2026-05-18 19:21:06,721  INFO  [allava] Step 10640/26578 | Loss 0.1489 | LR 1.36e-05 | phase_samples=340488
2026-05-18 19:21:07,094  INFO  [allava] Step 10640/26578 | Loss 0.1344 | LR 1.36e-05 | phase_samples=340496
2026-05-18 19:21:07,551  INFO  [allava] Step 10640/26578 | Loss 0.1449 | LR 1.36e-05 | phase_samples=340504
2026-05-18 19:21:23,066  INFO  [allava] Step 10650/26578 | Loss 4.9347 | LR 1.36e-05 | phase_samples=340800
2026-05-18 19:21:23,427  INFO  [allava] Step 10650/26578 | Loss 0.1197 | LR 1.36e-05 | phase_samples=340808
2026-05-18 19:21:23,850  INFO  [allava] Step 10650/26578 | Loss 0.1264 | LR 1.36e-05 | phase_samples=340816
2026-05-18 19:21:24,191  INFO  [allava] Step 10650/26578 | Loss 0.1342 | LR 1.36e-05 | phase_samples=340824
2026-05-18 19:21:39,897  INFO  [allava] Step 10660/26578 | Loss 4.7363 | LR 1.36e-05 | phase_samples=341120
2026-05-18 19:21:40,251  INFO  [allava] Step 10660/26578 | Loss 0.1201 | LR 1.36e-05 | phase_samples=341128
2026-05-18 19:21:40,631  INFO  [allava] Step 10660/26578 | Loss 0.1384 | LR 1.36e-05 | phase_samples=341136
2026-05-18 19:21:41,030  INFO  [allava] Step 10660/26578 | Loss 0.1097 | LR 1.36e-05 | phase_samples=341144
2026-05-18 19:21:56,313  INFO  [allava] Step 10670/26578 | Loss 4.7704 | LR 1.36e-05 | phase_samples=341440
2026-05-18 19:21:56,701  INFO  [allava] Step 10670/26578 | Loss 0.1332 | LR 1.36e-05 | phase_samples=341448
2026-05-18 19:21:57,132  INFO  [allava] Step 10670/26578 | Loss 0.1357 | LR 1.36e-05 | phase_samples=341456
2026-05-18 19:21:57,513  INFO  [allava] Step 10670/26578 | Loss 0.1328 | LR 1.36e-05 | phase_samples=341464
2026-05-18 19:22:13,122  INFO  [allava] Step 10680/26578 | Loss 4.6904 | LR 1.36e-05 | phase_samples=341760
2026-05-18 19:22:13,488  INFO  [allava] Step 10680/26578 | Loss 0.1264 | LR 1.36e-05 | phase_samples=341768
2026-05-18 19:22:13,840  INFO  [allava] Step 10680/26578 | Loss 0.1257 | LR 1.36e-05 | phase_samples=341776
2026-05-18 19:22:14,232  INFO  [allava] Step 10680/26578 | Loss 0.1546 | LR 1.36e-05 | phase_samples=341784
2026-05-18 19:22:29,482  INFO  [allava] Step 10690/26578 | Loss 4.7922 | LR 1.36e-05 | phase_samples=342080
2026-05-18 19:22:29,838  INFO  [allava] Step 10690/26578 | Loss 0.1151 | LR 1.36e-05 | phase_samples=342088
2026-05-18 19:22:30,184  INFO  [allava] Step 10690/26578 | Loss 0.0996 | LR 1.36e-05 | phase_samples=342096
2026-05-18 19:22:30,586  INFO  [allava] Step 10690/26578 | Loss 0.1173 | LR 1.36e-05 | phase_samples=342104
2026-05-18 19:22:46,228  INFO  [allava] Step 10700/26578 | Loss 4.8884 | LR 1.36e-05 | phase_samples=342400
2026-05-18 19:22:46,667  INFO  [allava] Step 10700/26578 | Loss 0.1504 | LR 1.36e-05 | phase_samples=342408
2026-05-18 19:22:47,070  INFO  [allava] Step 10700/26578 | Loss 0.1327 | LR 1.36e-05 | phase_samples=342416
2026-05-18 19:22:47,453  INFO  [allava] Step 10700/26578 | Loss 0.1325 | LR 1.36e-05 | phase_samples=342424
2026-05-18 19:23:02,713  INFO  [allava] Step 10710/26578 | Loss 4.6795 | LR 1.35e-05 | phase_samples=342720
2026-05-18 19:23:03,076  INFO  [allava] Step 10710/26578 | Loss 0.1474 | LR 1.35e-05 | phase_samples=342728
2026-05-18 19:23:03,456  INFO  [allava] Step 10710/26578 | Loss 0.1396 | LR 1.35e-05 | phase_samples=342736
2026-05-18 19:23:03,846  INFO  [allava] Step 10710/26578 | Loss 0.1260 | LR 1.35e-05 | phase_samples=342744
2026-05-18 19:23:19,819  INFO  [allava] Step 10720/26578 | Loss 4.9314 | LR 1.35e-05 | phase_samples=343040
2026-05-18 19:23:20,208  INFO  [allava] Step 10720/26578 | Loss 0.1286 | LR 1.35e-05 | phase_samples=343048
2026-05-18 19:23:20,636  INFO  [allava] Step 10720/26578 | Loss 0.1442 | LR 1.35e-05 | phase_samples=343056
2026-05-18 19:23:20,985  INFO  [allava] Step 10720/26578 | Loss 0.1286 | LR 1.35e-05 | phase_samples=343064
2026-05-18 19:23:36,550  INFO  [allava] Step 10730/26578 | Loss 4.7673 | LR 1.35e-05 | phase_samples=343360
2026-05-18 19:23:36,881  INFO  [allava] Step 10730/26578 | Loss 0.1413 | LR 1.35e-05 | phase_samples=343368
2026-05-18 19:23:37,310  INFO  [allava] Step 10730/26578 | Loss 0.1291 | LR 1.35e-05 | phase_samples=343376
2026-05-18 19:23:37,695  INFO  [allava] Step 10730/26578 | Loss 0.1342 | LR 1.35e-05 | phase_samples=343384
2026-05-18 19:23:53,344  INFO  [allava] Step 10740/26578 | Loss 4.8575 | LR 1.35e-05 | phase_samples=343680
2026-05-18 19:23:53,712  INFO  [allava] Step 10740/26578 | Loss 0.1206 | LR 1.35e-05 | phase_samples=343688
2026-05-18 19:23:54,080  INFO  [allava] Step 10740/26578 | Loss 0.1148 | LR 1.35e-05 | phase_samples=343696
2026-05-18 19:23:54,473  INFO  [allava] Step 10740/26578 | Loss 0.1248 | LR 1.35e-05 | phase_samples=343704
2026-05-18 19:24:10,418  INFO  [allava] Step 10750/26578 | Loss 4.8980 | LR 1.35e-05 | phase_samples=344000
2026-05-18 19:24:10,779  INFO  [allava] Step 10750/26578 | Loss 0.0990 | LR 1.35e-05 | phase_samples=344008
2026-05-18 19:24:11,168  INFO  [allava] Step 10750/26578 | Loss 0.1301 | LR 1.35e-05 | phase_samples=344016
2026-05-18 19:24:11,573  INFO  [allava] Step 10750/26578 | Loss 0.1641 | LR 1.35e-05 | phase_samples=344024
2026-05-18 19:24:27,295  INFO  [allava] Step 10760/26578 | Loss 4.8514 | LR 1.35e-05 | phase_samples=344320
2026-05-18 19:24:27,676  INFO  [allava] Step 10760/26578 | Loss 0.1205 | LR 1.35e-05 | phase_samples=344328
2026-05-18 19:24:28,057  INFO  [allava] Step 10760/26578 | Loss 0.1478 | LR 1.35e-05 | phase_samples=344336
2026-05-18 19:24:28,434  INFO  [allava] Step 10760/26578 | Loss 0.1016 | LR 1.35e-05 | phase_samples=344344
2026-05-18 19:24:43,713  INFO  [allava] Step 10770/26578 | Loss 4.7721 | LR 1.35e-05 | phase_samples=344640
2026-05-18 19:24:44,044  INFO  [allava] Step 10770/26578 | Loss 0.1272 | LR 1.35e-05 | phase_samples=344648
2026-05-18 19:24:44,393  INFO  [allava] Step 10770/26578 | Loss 0.1063 | LR 1.35e-05 | phase_samples=344656
2026-05-18 19:24:44,780  INFO  [allava] Step 10770/26578 | Loss 0.1513 | LR 1.35e-05 | phase_samples=344664
2026-05-18 19:25:00,571  INFO  [allava] Step 10780/26578 | Loss 4.7688 | LR 1.35e-05 | phase_samples=344960
2026-05-18 19:25:00,952  INFO  [allava] Step 10780/26578 | Loss 0.1348 | LR 1.35e-05 | phase_samples=344968
2026-05-18 19:25:01,350  INFO  [allava] Step 10780/26578 | Loss 0.1454 | LR 1.35e-05 | phase_samples=344976
2026-05-18 19:25:01,756  INFO  [allava] Step 10780/26578 | Loss 0.1382 | LR 1.35e-05 | phase_samples=344984
2026-05-18 19:25:16,693  INFO  [allava] Step 10790/26578 | Loss 4.7266 | LR 1.35e-05 | phase_samples=345280
2026-05-18 19:25:17,080  INFO  [allava] Step 10790/26578 | Loss 0.1306 | LR 1.35e-05 | phase_samples=345288
2026-05-18 19:25:17,445  INFO  [allava] Step 10790/26578 | Loss 0.0974 | LR 1.35e-05 | phase_samples=345296
2026-05-18 19:25:17,830  INFO  [allava] Step 10790/26578 | Loss 0.1191 | LR 1.35e-05 | phase_samples=345304
2026-05-18 19:25:33,343  INFO  [allava] Step 10800/26578 | Loss 4.6905 | LR 1.34e-05 | phase_samples=345600
2026-05-18 19:25:33,755  INFO  [allava] Step 10800/26578 | Loss 0.1170 | LR 1.34e-05 | phase_samples=345608
2026-05-18 19:25:34,188  INFO  [allava] Step 10800/26578 | Loss 0.1287 | LR 1.34e-05 | phase_samples=345616
2026-05-18 19:25:34,583  INFO  [allava] Step 10800/26578 | Loss 0.1470 | LR 1.34e-05 | phase_samples=345624
2026-05-18 19:25:49,865  INFO  [allava] Step 10810/26578 | Loss 4.8767 | LR 1.34e-05 | phase_samples=345920
2026-05-18 19:25:50,225  INFO  [allava] Step 10810/26578 | Loss 0.1509 | LR 1.34e-05 | phase_samples=345928
2026-05-18 19:25:50,616  INFO  [allava] Step 10810/26578 | Loss 0.1266 | LR 1.34e-05 | phase_samples=345936
2026-05-18 19:25:51,047  INFO  [allava] Step 10810/26578 | Loss 0.1540 | LR 1.34e-05 | phase_samples=345944
2026-05-18 19:26:06,903  INFO  [allava] Step 10820/26578 | Loss 4.7219 | LR 1.34e-05 | phase_samples=346240
2026-05-18 19:26:07,321  INFO  [allava] Step 10820/26578 | Loss 0.1391 | LR 1.34e-05 | phase_samples=346248
2026-05-18 19:26:07,713  INFO  [allava] Step 10820/26578 | Loss 0.1309 | LR 1.34e-05 | phase_samples=346256
2026-05-18 19:26:08,093  INFO  [allava] Step 10820/26578 | Loss 0.1335 | LR 1.34e-05 | phase_samples=346264
2026-05-18 19:26:23,805  INFO  [allava] Step 10830/26578 | Loss 4.8313 | LR 1.34e-05 | phase_samples=346560
2026-05-18 19:26:24,187  INFO  [allava] Step 10830/26578 | Loss 0.1385 | LR 1.34e-05 | phase_samples=346568
2026-05-18 19:26:24,608  INFO  [allava] Step 10830/26578 | Loss 0.1382 | LR 1.34e-05 | phase_samples=346576
2026-05-18 19:26:25,040  INFO  [allava] Step 10830/26578 | Loss 0.1359 | LR 1.34e-05 | phase_samples=346584
2026-05-18 19:26:40,927  INFO  [allava] Step 10840/26578 | Loss 4.6973 | LR 1.34e-05 | phase_samples=346880
2026-05-18 19:26:41,301  INFO  [allava] Step 10840/26578 | Loss 0.1426 | LR 1.34e-05 | phase_samples=346888
2026-05-18 19:26:41,652  INFO  [allava] Step 10840/26578 | Loss 0.1467 | LR 1.34e-05 | phase_samples=346896
2026-05-18 19:26:42,001  INFO  [allava] Step 10840/26578 | Loss 0.1151 | LR 1.34e-05 | phase_samples=346904
2026-05-18 19:26:57,613  INFO  [allava] Step 10850/26578 | Loss 4.8531 | LR 1.34e-05 | phase_samples=347200
2026-05-18 19:26:57,943  INFO  [allava] Step 10850/26578 | Loss 0.1279 | LR 1.34e-05 | phase_samples=347208
2026-05-18 19:26:58,291  INFO  [allava] Step 10850/26578 | Loss 0.1203 | LR 1.34e-05 | phase_samples=347216
2026-05-18 19:26:58,637  INFO  [allava] Step 10850/26578 | Loss 0.1038 | LR 1.34e-05 | phase_samples=347224
2026-05-18 19:27:14,701  INFO  [allava] Step 10860/26578 | Loss 4.8742 | LR 1.34e-05 | phase_samples=347520
2026-05-18 19:27:15,076  INFO  [allava] Step 10860/26578 | Loss 0.1520 | LR 1.34e-05 | phase_samples=347528
2026-05-18 19:27:15,473  INFO  [allava] Step 10860/26578 | Loss 0.1070 | LR 1.34e-05 | phase_samples=347536
2026-05-18 19:27:15,964  INFO  [allava] Step 10860/26578 | Loss 0.1435 | LR 1.34e-05 | phase_samples=347544
2026-05-18 19:27:31,358  INFO  [allava] Step 10870/26578 | Loss 4.7831 | LR 1.34e-05 | phase_samples=347840
2026-05-18 19:27:31,832  INFO  [allava] Step 10870/26578 | Loss 0.1326 | LR 1.34e-05 | phase_samples=347848
2026-05-18 19:27:32,215  INFO  [allava] Step 10870/26578 | Loss 0.1304 | LR 1.34e-05 | phase_samples=347856
2026-05-18 19:27:32,556  INFO  [allava] Step 10870/26578 | Loss 0.1056 | LR 1.34e-05 | phase_samples=347864
2026-05-18 19:27:48,202  INFO  [allava] Step 10880/26578 | Loss 4.7899 | LR 1.34e-05 | phase_samples=348160
2026-05-18 19:27:48,580  INFO  [allava] Step 10880/26578 | Loss 0.1277 | LR 1.34e-05 | phase_samples=348168
2026-05-18 19:27:48,958  INFO  [allava] Step 10880/26578 | Loss 0.1399 | LR 1.34e-05 | phase_samples=348176
2026-05-18 19:27:49,339  INFO  [allava] Step 10880/26578 | Loss 0.1206 | LR 1.34e-05 | phase_samples=348184
2026-05-18 19:28:04,651  INFO  [allava] Step 10890/26578 | Loss 4.8754 | LR 1.33e-05 | phase_samples=348480
2026-05-18 19:28:05,028  INFO  [allava] Step 10890/26578 | Loss 0.1149 | LR 1.33e-05 | phase_samples=348488
2026-05-18 19:28:05,417  INFO  [allava] Step 10890/26578 | Loss 0.1228 | LR 1.33e-05 | phase_samples=348496
2026-05-18 19:28:05,803  INFO  [allava] Step 10890/26578 | Loss 0.1335 | LR 1.33e-05 | phase_samples=348504
2026-05-18 19:28:21,503  INFO  [allava] Step 10900/26578 | Loss 4.6823 | LR 1.33e-05 | phase_samples=348800
2026-05-18 19:28:21,864  INFO  [allava] Step 10900/26578 | Loss 0.1614 | LR 1.33e-05 | phase_samples=348808
2026-05-18 19:28:22,203  INFO  [allava] Step 10900/26578 | Loss 0.1043 | LR 1.33e-05 | phase_samples=348816
2026-05-18 19:28:22,546  INFO  [allava] Step 10900/26578 | Loss 0.1157 | LR 1.33e-05 | phase_samples=348824
2026-05-18 19:28:37,640  INFO  [allava] Step 10910/26578 | Loss 4.8899 | LR 1.33e-05 | phase_samples=349120
2026-05-18 19:28:38,085  INFO  [allava] Step 10910/26578 | Loss 0.1354 | LR 1.33e-05 | phase_samples=349128
2026-05-18 19:28:38,459  INFO  [allava] Step 10910/26578 | Loss 0.1469 | LR 1.33e-05 | phase_samples=349136
2026-05-18 19:28:38,833  INFO  [allava] Step 10910/26578 | Loss 0.1540 | LR 1.33e-05 | phase_samples=349144
2026-05-18 19:28:55,097  INFO  [allava] Step 10920/26578 | Loss 4.9414 | LR 1.33e-05 | phase_samples=349440
2026-05-18 19:28:55,459  INFO  [allava] Step 10920/26578 | Loss 0.1162 | LR 1.33e-05 | phase_samples=349448
2026-05-18 19:28:55,828  INFO  [allava] Step 10920/26578 | Loss 0.1349 | LR 1.33e-05 | phase_samples=349456
2026-05-18 19:28:56,226  INFO  [allava] Step 10920/26578 | Loss 0.1203 | LR 1.33e-05 | phase_samples=349464
2026-05-18 19:29:11,535  INFO  [allava] Step 10930/26578 | Loss 4.7965 | LR 1.33e-05 | phase_samples=349760
2026-05-18 19:29:11,866  INFO  [allava] Step 10930/26578 | Loss 0.1201 | LR 1.33e-05 | phase_samples=349768
2026-05-18 19:29:12,266  INFO  [allava] Step 10930/26578 | Loss 0.1221 | LR 1.33e-05 | phase_samples=349776
2026-05-18 19:29:12,605  INFO  [allava] Step 10930/26578 | Loss 0.1131 | LR 1.33e-05 | phase_samples=349784
2026-05-18 19:29:28,755  INFO  [allava] Step 10940/26578 | Loss 4.7941 | LR 1.33e-05 | phase_samples=350080
2026-05-18 19:29:29,112  INFO  [allava] Step 10940/26578 | Loss 0.1012 | LR 1.33e-05 | phase_samples=350088
2026-05-18 19:29:29,505  INFO  [allava] Step 10940/26578 | Loss 0.1610 | LR 1.33e-05 | phase_samples=350096
2026-05-18 19:29:29,885  INFO  [allava] Step 10940/26578 | Loss 0.1257 | LR 1.33e-05 | phase_samples=350104
2026-05-18 19:29:45,009  INFO  [allava] Step 10950/26578 | Loss 4.7672 | LR 1.33e-05 | phase_samples=350400
2026-05-18 19:29:45,384  INFO  [allava] Step 10950/26578 | Loss 0.1462 | LR 1.33e-05 | phase_samples=350408
2026-05-18 19:29:45,772  INFO  [allava] Step 10950/26578 | Loss 0.1142 | LR 1.33e-05 | phase_samples=350416
2026-05-18 19:29:46,176  INFO  [allava] Step 10950/26578 | Loss 0.1568 | LR 1.33e-05 | phase_samples=350424
2026-05-18 19:30:01,928  INFO  [allava] Step 10960/26578 | Loss 4.7395 | LR 1.33e-05 | phase_samples=350720
2026-05-18 19:30:02,264  INFO  [allava] Step 10960/26578 | Loss 0.1064 | LR 1.33e-05 | phase_samples=350728
2026-05-18 19:30:02,642  INFO  [allava] Step 10960/26578 | Loss 0.1486 | LR 1.33e-05 | phase_samples=350736
2026-05-18 19:30:02,993  INFO  [allava] Step 10960/26578 | Loss 0.1357 | LR 1.33e-05 | phase_samples=350744
2026-05-18 19:30:18,189  INFO  [allava] Step 10970/26578 | Loss 4.7186 | LR 1.33e-05 | phase_samples=351040
2026-05-18 19:30:18,565  INFO  [allava] Step 10970/26578 | Loss 0.1207 | LR 1.33e-05 | phase_samples=351048
2026-05-18 19:30:18,955  INFO  [allava] Step 10970/26578 | Loss 0.1191 | LR 1.33e-05 | phase_samples=351056
2026-05-18 19:30:19,295  INFO  [allava] Step 10970/26578 | Loss 0.0885 | LR 1.33e-05 | phase_samples=351064
2026-05-18 19:30:35,325  INFO  [allava] Step 10980/26578 | Loss 4.8235 | LR 1.32e-05 | phase_samples=351360
2026-05-18 19:30:35,699  INFO  [allava] Step 10980/26578 | Loss 0.1234 | LR 1.32e-05 | phase_samples=351368
2026-05-18 19:30:36,128  INFO  [allava] Step 10980/26578 | Loss 0.1347 | LR 1.32e-05 | phase_samples=351376
2026-05-18 19:30:36,526  INFO  [allava] Step 10980/26578 | Loss 0.0873 | LR 1.32e-05 | phase_samples=351384
2026-05-18 19:30:52,008  INFO  [allava] Step 10990/26578 | Loss 4.7164 | LR 1.32e-05 | phase_samples=351680
2026-05-18 19:30:52,427  INFO  [allava] Step 10990/26578 | Loss 0.1356 | LR 1.32e-05 | phase_samples=351688
2026-05-18 19:30:52,795  INFO  [allava] Step 10990/26578 | Loss 0.1186 | LR 1.32e-05 | phase_samples=351696
2026-05-18 19:30:53,176  INFO  [allava] Step 10990/26578 | Loss 0.1286 | LR 1.32e-05 | phase_samples=351704
2026-05-18 19:31:08,804  INFO  [allava] Step 11000/26578 | Loss 4.7527 | LR 1.32e-05 | phase_samples=352000
2026-05-18 19:31:09,166  INFO  [allava] Step 11000/26578 | Loss 0.1230 | LR 1.32e-05 | phase_samples=352008
2026-05-18 19:31:09,504  INFO  [allava] Step 11000/26578 | Loss 0.1040 | LR 1.32e-05 | phase_samples=352016
2026-05-18 19:31:09,903  INFO  [allava] Step 11000/26578 | Loss 0.1401 | LR 1.32e-05 | phase_samples=352024
2026-05-18 19:31:25,054  INFO  [allava] Step 11010/26578 | Loss 4.7668 | LR 1.32e-05 | phase_samples=352320
2026-05-18 19:31:25,456  INFO  [allava] Step 11010/26578 | Loss 0.1493 | LR 1.32e-05 | phase_samples=352328
2026-05-18 19:31:25,803  INFO  [allava] Step 11010/26578 | Loss 0.1347 | LR 1.32e-05 | phase_samples=352336
2026-05-18 19:31:26,187  INFO  [allava] Step 11010/26578 | Loss 0.0953 | LR 1.32e-05 | phase_samples=352344
2026-05-18 19:31:41,985  INFO  [allava] Step 11020/26578 | Loss 4.7294 | LR 1.32e-05 | phase_samples=352640
2026-05-18 19:31:42,293  INFO  [allava] Step 11020/26578 | Loss 0.1163 | LR 1.32e-05 | phase_samples=352648
2026-05-18 19:31:42,691  INFO  [allava] Step 11020/26578 | Loss 0.1495 | LR 1.32e-05 | phase_samples=352656
2026-05-18 19:31:43,073  INFO  [allava] Step 11020/26578 | Loss 0.1477 | LR 1.32e-05 | phase_samples=352664
2026-05-18 19:31:58,056  INFO  [allava] Step 11030/26578 | Loss 4.7182 | LR 1.32e-05 | phase_samples=352960
2026-05-18 19:31:58,433  INFO  [allava] Step 11030/26578 | Loss 0.1483 | LR 1.32e-05 | phase_samples=352968
2026-05-18 19:31:58,886  INFO  [allava] Step 11030/26578 | Loss 0.1353 | LR 1.32e-05 | phase_samples=352976
2026-05-18 19:31:59,348  INFO  [allava] Step 11030/26578 | Loss 0.1328 | LR 1.32e-05 | phase_samples=352984
2026-05-18 19:32:14,968  INFO  [allava] Step 11040/26578 | Loss 4.8840 | LR 1.32e-05 | phase_samples=353280
2026-05-18 19:32:15,298  INFO  [allava] Step 11040/26578 | Loss 0.0974 | LR 1.32e-05 | phase_samples=353288
2026-05-18 19:32:15,676  INFO  [allava] Step 11040/26578 | Loss 0.1442 | LR 1.32e-05 | phase_samples=353296
2026-05-18 19:32:16,021  INFO  [allava] Step 11040/26578 | Loss 0.1145 | LR 1.32e-05 | phase_samples=353304
2026-05-18 19:32:31,419  INFO  [allava] Step 11050/26578 | Loss 4.7549 | LR 1.32e-05 | phase_samples=353600
2026-05-18 19:32:31,793  INFO  [allava] Step 11050/26578 | Loss 0.1579 | LR 1.32e-05 | phase_samples=353608
2026-05-18 19:32:32,191  INFO  [allava] Step 11050/26578 | Loss 0.1387 | LR 1.32e-05 | phase_samples=353616
2026-05-18 19:32:32,570  INFO  [allava] Step 11050/26578 | Loss 0.1366 | LR 1.32e-05 | phase_samples=353624
2026-05-18 19:32:48,354  INFO  [allava] Step 11060/26578 | Loss 4.7949 | LR 1.31e-05 | phase_samples=353920
2026-05-18 19:32:48,716  INFO  [allava] Step 11060/26578 | Loss 0.1343 | LR 1.31e-05 | phase_samples=353928
2026-05-18 19:32:49,100  INFO  [allava] Step 11060/26578 | Loss 0.1404 | LR 1.31e-05 | phase_samples=353936
2026-05-18 19:32:49,509  INFO  [allava] Step 11060/26578 | Loss 0.1369 | LR 1.31e-05 | phase_samples=353944
2026-05-18 19:33:04,681  INFO  [allava] Step 11070/26578 | Loss 4.9341 | LR 1.31e-05 | phase_samples=354240
2026-05-18 19:33:05,035  INFO  [allava] Step 11070/26578 | Loss 0.1477 | LR 1.31e-05 | phase_samples=354248
2026-05-18 19:33:05,433  INFO  [allava] Step 11070/26578 | Loss 0.1312 | LR 1.31e-05 | phase_samples=354256
2026-05-18 19:33:05,842  INFO  [allava] Step 11070/26578 | Loss 0.1074 | LR 1.31e-05 | phase_samples=354264
2026-05-18 19:33:21,609  INFO  [allava] Step 11080/26578 | Loss 4.7037 | LR 1.31e-05 | phase_samples=354560
2026-05-18 19:33:22,000  INFO  [allava] Step 11080/26578 | Loss 0.1531 | LR 1.31e-05 | phase_samples=354568
2026-05-18 19:33:22,414  INFO  [allava] Step 11080/26578 | Loss 0.1234 | LR 1.31e-05 | phase_samples=354576
2026-05-18 19:33:22,797  INFO  [allava] Step 11080/26578 | Loss 0.1321 | LR 1.31e-05 | phase_samples=354584
2026-05-18 19:33:38,179  INFO  [allava] Step 11090/26578 | Loss 4.7839 | LR 1.31e-05 | phase_samples=354880
2026-05-18 19:33:38,554  INFO  [allava] Step 11090/26578 | Loss 0.1240 | LR 1.31e-05 | phase_samples=354888
2026-05-18 19:33:38,935  INFO  [allava] Step 11090/26578 | Loss 0.1450 | LR 1.31e-05 | phase_samples=354896
2026-05-18 19:33:39,332  INFO  [allava] Step 11090/26578 | Loss 0.1260 | LR 1.31e-05 | phase_samples=354904
2026-05-18 19:33:54,872  INFO  [allava] Step 11100/26578 | Loss 4.6193 | LR 1.31e-05 | phase_samples=355200
2026-05-18 19:33:55,248  INFO  [allava] Step 11100/26578 | Loss 0.1431 | LR 1.31e-05 | phase_samples=355208
2026-05-18 19:33:55,615  INFO  [allava] Step 11100/26578 | Loss 0.1370 | LR 1.31e-05 | phase_samples=355216
2026-05-18 19:33:55,989  INFO  [allava] Step 11100/26578 | Loss 0.1150 | LR 1.31e-05 | phase_samples=355224
2026-05-18 19:34:11,210  INFO  [allava] Step 11110/26578 | Loss 4.8747 | LR 1.31e-05 | phase_samples=355520
2026-05-18 19:34:11,564  INFO  [allava] Step 11110/26578 | Loss 0.1287 | LR 1.31e-05 | phase_samples=355528
2026-05-18 19:34:11,965  INFO  [allava] Step 11110/26578 | Loss 0.1288 | LR 1.31e-05 | phase_samples=355536
2026-05-18 19:34:12,348  INFO  [allava] Step 11110/26578 | Loss 0.1253 | LR 1.31e-05 | phase_samples=355544
2026-05-18 19:34:27,878  INFO  [allava] Step 11120/26578 | Loss 4.6761 | LR 1.31e-05 | phase_samples=355840
2026-05-18 19:34:28,262  INFO  [allava] Step 11120/26578 | Loss 0.1343 | LR 1.31e-05 | phase_samples=355848
2026-05-18 19:34:28,700  INFO  [allava] Step 11120/26578 | Loss 0.1355 | LR 1.31e-05 | phase_samples=355856
2026-05-18 19:34:29,098  INFO  [allava] Step 11120/26578 | Loss 0.1389 | LR 1.31e-05 | phase_samples=355864
2026-05-18 19:34:44,556  INFO  [allava] Step 11130/26578 | Loss 4.7939 | LR 1.31e-05 | phase_samples=356160
2026-05-18 19:34:44,942  INFO  [allava] Step 11130/26578 | Loss 0.1404 | LR 1.31e-05 | phase_samples=356168
2026-05-18 19:34:45,340  INFO  [allava] Step 11130/26578 | Loss 0.1266 | LR 1.31e-05 | phase_samples=356176
2026-05-18 19:34:45,720  INFO  [allava] Step 11130/26578 | Loss 0.0966 | LR 1.31e-05 | phase_samples=356184
2026-05-18 19:35:02,079  INFO  [allava] Step 11140/26578 | Loss 4.8177 | LR 1.31e-05 | phase_samples=356480
2026-05-18 19:35:02,432  INFO  [allava] Step 11140/26578 | Loss 0.1327 | LR 1.31e-05 | phase_samples=356488
2026-05-18 19:35:02,824  INFO  [allava] Step 11140/26578 | Loss 0.1224 | LR 1.31e-05 | phase_samples=356496
2026-05-18 19:35:03,259  INFO  [allava] Step 11140/26578 | Loss 0.1332 | LR 1.31e-05 | phase_samples=356504
2026-05-18 19:35:18,328  INFO  [allava] Step 11150/26578 | Loss 4.6481 | LR 1.30e-05 | phase_samples=356800
2026-05-18 19:35:18,706  INFO  [allava] Step 11150/26578 | Loss 0.1043 | LR 1.30e-05 | phase_samples=356808
2026-05-18 19:35:19,143  INFO  [allava] Step 11150/26578 | Loss 0.1428 | LR 1.30e-05 | phase_samples=356816
2026-05-18 19:35:19,529  INFO  [allava] Step 11150/26578 | Loss 0.1465 | LR 1.30e-05 | phase_samples=356824
2026-05-18 19:35:35,406  INFO  [allava] Step 11160/26578 | Loss 4.8783 | LR 1.30e-05 | phase_samples=357120
2026-05-18 19:35:35,763  INFO  [allava] Step 11160/26578 | Loss 0.1288 | LR 1.30e-05 | phase_samples=357128
2026-05-18 19:35:36,133  INFO  [allava] Step 11160/26578 | Loss 0.1546 | LR 1.30e-05 | phase_samples=357136
2026-05-18 19:35:36,510  INFO  [allava] Step 11160/26578 | Loss 0.1412 | LR 1.30e-05 | phase_samples=357144
2026-05-18 19:35:51,873  INFO  [allava] Step 11170/26578 | Loss 4.6440 | LR 1.30e-05 | phase_samples=357440
2026-05-18 19:35:52,253  INFO  [allava] Step 11170/26578 | Loss 0.1225 | LR 1.30e-05 | phase_samples=357448
2026-05-18 19:35:52,649  INFO  [allava] Step 11170/26578 | Loss 0.1240 | LR 1.30e-05 | phase_samples=357456
2026-05-18 19:35:53,002  INFO  [allava] Step 11170/26578 | Loss 0.1288 | LR 1.30e-05 | phase_samples=357464
2026-05-18 19:36:08,509  INFO  [allava] Step 11180/26578 | Loss 4.8533 | LR 1.30e-05 | phase_samples=357760
2026-05-18 19:36:08,877  INFO  [allava] Step 11180/26578 | Loss 0.1385 | LR 1.30e-05 | phase_samples=357768
2026-05-18 19:36:09,276  INFO  [allava] Step 11180/26578 | Loss 0.1384 | LR 1.30e-05 | phase_samples=357776
2026-05-18 19:36:09,678  INFO  [allava] Step 11180/26578 | Loss 0.1334 | LR 1.30e-05 | phase_samples=357784
2026-05-18 19:36:24,751  INFO  [allava] Step 11190/26578 | Loss 4.8718 | LR 1.30e-05 | phase_samples=358080
2026-05-18 19:36:25,105  INFO  [allava] Step 11190/26578 | Loss 0.1097 | LR 1.30e-05 | phase_samples=358088
2026-05-18 19:36:25,473  INFO  [allava] Step 11190/26578 | Loss 0.1133 | LR 1.30e-05 | phase_samples=358096
2026-05-18 19:36:25,866  INFO  [allava] Step 11190/26578 | Loss 0.1540 | LR 1.30e-05 | phase_samples=358104
2026-05-18 19:36:41,368  INFO  [allava] Step 11200/26578 | Loss 4.7386 | LR 1.30e-05 | phase_samples=358400
2026-05-18 19:36:41,770  INFO  [allava] Step 11200/26578 | Loss 0.1183 | LR 1.30e-05 | phase_samples=358408
2026-05-18 19:36:42,142  INFO  [allava] Step 11200/26578 | Loss 0.1038 | LR 1.30e-05 | phase_samples=358416
2026-05-18 19:36:42,518  INFO  [allava] Step 11200/26578 | Loss 0.1496 | LR 1.30e-05 | phase_samples=358424
2026-05-18 19:36:57,868  INFO  [allava] Step 11210/26578 | Loss 4.7297 | LR 1.30e-05 | phase_samples=358720
2026-05-18 19:36:58,226  INFO  [allava] Step 11210/26578 | Loss 0.1360 | LR 1.30e-05 | phase_samples=358728
2026-05-18 19:36:58,602  INFO  [allava] Step 11210/26578 | Loss 0.1060 | LR 1.30e-05 | phase_samples=358736
2026-05-18 19:36:59,033  INFO  [allava] Step 11210/26578 | Loss 0.1277 | LR 1.30e-05 | phase_samples=358744
2026-05-18 19:37:14,889  INFO  [allava] Step 11220/26578 | Loss 5.0312 | LR 1.30e-05 | phase_samples=359040
2026-05-18 19:37:15,211  INFO  [allava] Step 11220/26578 | Loss 0.0978 | LR 1.30e-05 | phase_samples=359048
2026-05-18 19:37:15,583  INFO  [allava] Step 11220/26578 | Loss 0.1088 | LR 1.30e-05 | phase_samples=359056
2026-05-18 19:37:15,935  INFO  [allava] Step 11220/26578 | Loss 0.1367 | LR 1.30e-05 | phase_samples=359064
2026-05-18 19:37:30,863  INFO  [allava] Step 11230/26578 | Loss 4.7376 | LR 1.30e-05 | phase_samples=359360
2026-05-18 19:37:31,246  INFO  [allava] Step 11230/26578 | Loss 0.1303 | LR 1.30e-05 | phase_samples=359368
2026-05-18 19:37:31,642  INFO  [allava] Step 11230/26578 | Loss 0.1234 | LR 1.30e-05 | phase_samples=359376
2026-05-18 19:37:31,985  INFO  [allava] Step 11230/26578 | Loss 0.1278 | LR 1.30e-05 | phase_samples=359384
2026-05-18 19:37:47,730  INFO  [allava] Step 11240/26578 | Loss 4.9822 | LR 1.29e-05 | phase_samples=359680
2026-05-18 19:37:48,105  INFO  [allava] Step 11240/26578 | Loss 0.1488 | LR 1.29e-05 | phase_samples=359688
2026-05-18 19:37:48,477  INFO  [allava] Step 11240/26578 | Loss 0.1231 | LR 1.29e-05 | phase_samples=359696
2026-05-18 19:37:48,855  INFO  [allava] Step 11240/26578 | Loss 0.1039 | LR 1.29e-05 | phase_samples=359704
2026-05-18 19:38:03,915  INFO  [allava] Step 11250/26578 | Loss 4.6303 | LR 1.29e-05 | phase_samples=360000
2026-05-18 19:38:04,273  INFO  [allava] Step 11250/26578 | Loss 0.1095 | LR 1.29e-05 | phase_samples=360008
2026-05-18 19:38:04,672  INFO  [allava] Step 11250/26578 | Loss 0.1258 | LR 1.29e-05 | phase_samples=360016
2026-05-18 19:38:05,101  INFO  [allava] Step 11250/26578 | Loss 0.1205 | LR 1.29e-05 | phase_samples=360024
2026-05-18 19:38:20,933  INFO  [allava] Step 11260/26578 | Loss 4.6399 | LR 1.29e-05 | phase_samples=360320
2026-05-18 19:38:21,265  INFO  [allava] Step 11260/26578 | Loss 0.1213 | LR 1.29e-05 | phase_samples=360328
2026-05-18 19:38:21,642  INFO  [allava] Step 11260/26578 | Loss 0.1740 | LR 1.29e-05 | phase_samples=360336
2026-05-18 19:38:22,072  INFO  [allava] Step 11260/26578 | Loss 0.1326 | LR 1.29e-05 | phase_samples=360344
2026-05-18 19:38:37,230  INFO  [allava] Step 11270/26578 | Loss 4.6931 | LR 1.29e-05 | phase_samples=360640
2026-05-18 19:38:37,609  INFO  [allava] Step 11270/26578 | Loss 0.1532 | LR 1.29e-05 | phase_samples=360648
2026-05-18 19:38:37,999  INFO  [allava] Step 11270/26578 | Loss 0.1370 | LR 1.29e-05 | phase_samples=360656
2026-05-18 19:38:38,435  INFO  [allava] Step 11270/26578 | Loss 0.1527 | LR 1.29e-05 | phase_samples=360664
2026-05-18 19:38:54,185  INFO  [allava] Step 11280/26578 | Loss 4.8506 | LR 1.29e-05 | phase_samples=360960
2026-05-18 19:38:54,603  INFO  [allava] Step 11280/26578 | Loss 0.1457 | LR 1.29e-05 | phase_samples=360968
2026-05-18 19:38:54,996  INFO  [allava] Step 11280/26578 | Loss 0.1248 | LR 1.29e-05 | phase_samples=360976
2026-05-18 19:38:55,403  INFO  [allava] Step 11280/26578 | Loss 0.1347 | LR 1.29e-05 | phase_samples=360984
2026-05-18 19:39:10,924  INFO  [allava] Step 11290/26578 | Loss 4.8045 | LR 1.29e-05 | phase_samples=361280
2026-05-18 19:39:11,279  INFO  [allava] Step 11290/26578 | Loss 0.0964 | LR 1.29e-05 | phase_samples=361288
2026-05-18 19:39:11,709  INFO  [allava] Step 11290/26578 | Loss 0.1525 | LR 1.29e-05 | phase_samples=361296
2026-05-18 19:39:12,104  INFO  [allava] Step 11290/26578 | Loss 0.1377 | LR 1.29e-05 | phase_samples=361304
2026-05-18 19:39:27,858  INFO  [allava] Step 11300/26578 | Loss 4.7512 | LR 1.29e-05 | phase_samples=361600
2026-05-18 19:39:28,272  INFO  [allava] Step 11300/26578 | Loss 0.1266 | LR 1.29e-05 | phase_samples=361608
2026-05-18 19:39:28,647  INFO  [allava] Step 11300/26578 | Loss 0.1325 | LR 1.29e-05 | phase_samples=361616
2026-05-18 19:39:29,089  INFO  [allava] Step 11300/26578 | Loss 0.1441 | LR 1.29e-05 | phase_samples=361624
2026-05-18 19:39:44,623  INFO  [allava] Step 11310/26578 | Loss 4.8455 | LR 1.29e-05 | phase_samples=361920
2026-05-18 19:39:44,991  INFO  [allava] Step 11310/26578 | Loss 0.1275 | LR 1.29e-05 | phase_samples=361928
2026-05-18 19:39:45,368  INFO  [allava] Step 11310/26578 | Loss 0.1245 | LR 1.29e-05 | phase_samples=361936
2026-05-18 19:39:45,831  INFO  [allava] Step 11310/26578 | Loss 0.1416 | LR 1.29e-05 | phase_samples=361944
2026-05-18 19:40:01,476  INFO  [allava] Step 11320/26578 | Loss 5.0475 | LR 1.28e-05 | phase_samples=362240
2026-05-18 19:40:01,805  INFO  [allava] Step 11320/26578 | Loss 0.1116 | LR 1.28e-05 | phase_samples=362248
2026-05-18 19:40:02,196  INFO  [allava] Step 11320/26578 | Loss 0.0962 | LR 1.28e-05 | phase_samples=362256
2026-05-18 19:40:02,547  INFO  [allava] Step 11320/26578 | Loss 0.1132 | LR 1.28e-05 | phase_samples=362264
2026-05-18 19:40:17,830  INFO  [allava] Step 11330/26578 | Loss 4.8576 | LR 1.28e-05 | phase_samples=362560
2026-05-18 19:40:18,137  INFO  [allava] Step 11330/26578 | Loss 0.1074 | LR 1.28e-05 | phase_samples=362568
2026-05-18 19:40:18,476  INFO  [allava] Step 11330/26578 | Loss 0.1312 | LR 1.28e-05 | phase_samples=362576
2026-05-18 19:40:18,847  INFO  [allava] Step 11330/26578 | Loss 0.0945 | LR 1.28e-05 | phase_samples=362584
2026-05-18 19:40:34,312  INFO  [allava] Step 11340/26578 | Loss 4.9030 | LR 1.28e-05 | phase_samples=362880
2026-05-18 19:40:34,644  INFO  [allava] Step 11340/26578 | Loss 0.1339 | LR 1.28e-05 | phase_samples=362888
2026-05-18 19:40:35,016  INFO  [allava] Step 11340/26578 | Loss 0.1366 | LR 1.28e-05 | phase_samples=362896
2026-05-18 19:40:35,417  INFO  [allava] Step 11340/26578 | Loss 0.1530 | LR 1.28e-05 | phase_samples=362904
2026-05-18 19:40:50,957  INFO  [allava] Step 11350/26578 | Loss 4.7453 | LR 1.28e-05 | phase_samples=363200
2026-05-18 19:40:51,339  INFO  [allava] Step 11350/26578 | Loss 0.1265 | LR 1.28e-05 | phase_samples=363208
2026-05-18 19:40:51,802  INFO  [allava] Step 11350/26578 | Loss 0.1305 | LR 1.28e-05 | phase_samples=363216
2026-05-18 19:40:52,184  INFO  [allava] Step 11350/26578 | Loss 0.1578 | LR 1.28e-05 | phase_samples=363224
2026-05-18 19:41:07,827  INFO  [allava] Step 11360/26578 | Loss 4.5944 | LR 1.28e-05 | phase_samples=363520
2026-05-18 19:41:08,187  INFO  [allava] Step 11360/26578 | Loss 0.1113 | LR 1.28e-05 | phase_samples=363528
2026-05-18 19:41:08,533  INFO  [allava] Step 11360/26578 | Loss 0.1088 | LR 1.28e-05 | phase_samples=363536
2026-05-18 19:41:08,939  INFO  [allava] Step 11360/26578 | Loss 0.1294 | LR 1.28e-05 | phase_samples=363544
2026-05-18 19:41:23,818  INFO  [allava] Step 11370/26578 | Loss 4.6112 | LR 1.28e-05 | phase_samples=363840
2026-05-18 19:41:24,194  INFO  [allava] Step 11370/26578 | Loss 0.1078 | LR 1.28e-05 | phase_samples=363848
2026-05-18 19:41:24,583  INFO  [allava] Step 11370/26578 | Loss 0.1059 | LR 1.28e-05 | phase_samples=363856
2026-05-18 19:41:25,017  INFO  [allava] Step 11370/26578 | Loss 0.1410 | LR 1.28e-05 | phase_samples=363864
2026-05-18 19:41:40,511  INFO  [allava] Step 11380/26578 | Loss 4.7044 | LR 1.28e-05 | phase_samples=364160
2026-05-18 19:41:40,952  INFO  [allava] Step 11380/26578 | Loss 0.1479 | LR 1.28e-05 | phase_samples=364168
2026-05-18 19:41:41,318  INFO  [allava] Step 11380/26578 | Loss 0.1506 | LR 1.28e-05 | phase_samples=364176
2026-05-18 19:41:41,712  INFO  [allava] Step 11380/26578 | Loss 0.1292 | LR 1.28e-05 | phase_samples=364184
2026-05-18 19:41:57,085  INFO  [allava] Step 11390/26578 | Loss 4.6140 | LR 1.28e-05 | phase_samples=364480
2026-05-18 19:41:57,439  INFO  [allava] Step 11390/26578 | Loss 0.1494 | LR 1.28e-05 | phase_samples=364488
2026-05-18 19:41:57,808  INFO  [allava] Step 11390/26578 | Loss 0.1280 | LR 1.28e-05 | phase_samples=364496
2026-05-18 19:41:58,206  INFO  [allava] Step 11390/26578 | Loss 0.1181 | LR 1.28e-05 | phase_samples=364504
2026-05-18 19:42:13,717  INFO  [allava] Step 11400/26578 | Loss 4.8962 | LR 1.28e-05 | phase_samples=364800
2026-05-18 19:42:14,096  INFO  [allava] Step 11400/26578 | Loss 0.1464 | LR 1.28e-05 | phase_samples=364808
2026-05-18 19:42:14,485  INFO  [allava] Step 11400/26578 | Loss 0.1087 | LR 1.28e-05 | phase_samples=364816
2026-05-18 19:42:14,915  INFO  [allava] Step 11400/26578 | Loss 0.1429 | LR 1.28e-05 | phase_samples=364824
2026-05-18 19:42:30,226  INFO  [allava] Step 11410/26578 | Loss 4.7957 | LR 1.27e-05 | phase_samples=365120
2026-05-18 19:42:30,594  INFO  [allava] Step 11410/26578 | Loss 0.1372 | LR 1.27e-05 | phase_samples=365128
2026-05-18 19:42:30,976  INFO  [allava] Step 11410/26578 | Loss 0.1588 | LR 1.27e-05 | phase_samples=365136
2026-05-18 19:42:31,406  INFO  [allava] Step 11410/26578 | Loss 0.1301 | LR 1.27e-05 | phase_samples=365144
2026-05-18 19:42:47,336  INFO  [allava] Step 11420/26578 | Loss 4.8283 | LR 1.27e-05 | phase_samples=365440
2026-05-18 19:42:47,720  INFO  [allava] Step 11420/26578 | Loss 0.1253 | LR 1.27e-05 | phase_samples=365448
2026-05-18 19:42:48,111  INFO  [allava] Step 11420/26578 | Loss 0.1137 | LR 1.27e-05 | phase_samples=365456
2026-05-18 19:42:48,517  INFO  [allava] Step 11420/26578 | Loss 0.1462 | LR 1.27e-05 | phase_samples=365464
2026-05-18 19:43:03,711  INFO  [allava] Step 11430/26578 | Loss 4.8979 | LR 1.27e-05 | phase_samples=365760
2026-05-18 19:43:04,066  INFO  [allava] Step 11430/26578 | Loss 0.1305 | LR 1.27e-05 | phase_samples=365768
2026-05-18 19:43:04,458  INFO  [allava] Step 11430/26578 | Loss 0.1362 | LR 1.27e-05 | phase_samples=365776
2026-05-18 19:43:04,845  INFO  [allava] Step 11430/26578 | Loss 0.1037 | LR 1.27e-05 | phase_samples=365784
2026-05-18 19:43:20,841  INFO  [allava] Step 11440/26578 | Loss 4.9247 | LR 1.27e-05 | phase_samples=366080
2026-05-18 19:43:21,204  INFO  [allava] Step 11440/26578 | Loss 0.1476 | LR 1.27e-05 | phase_samples=366088
2026-05-18 19:43:21,580  INFO  [allava] Step 11440/26578 | Loss 0.1458 | LR 1.27e-05 | phase_samples=366096
2026-05-18 19:43:21,958  INFO  [allava] Step 11440/26578 | Loss 0.1404 | LR 1.27e-05 | phase_samples=366104
2026-05-18 19:43:37,079  INFO  [allava] Step 11450/26578 | Loss 4.6946 | LR 1.27e-05 | phase_samples=366400
2026-05-18 19:43:37,439  INFO  [allava] Step 11450/26578 | Loss 0.1291 | LR 1.27e-05 | phase_samples=366408
2026-05-18 19:43:37,838  INFO  [allava] Step 11450/26578 | Loss 0.1680 | LR 1.27e-05 | phase_samples=366416
2026-05-18 19:43:38,274  INFO  [allava] Step 11450/26578 | Loss 0.1380 | LR 1.27e-05 | phase_samples=366424
2026-05-18 19:43:53,671  INFO  [allava] Step 11460/26578 | Loss 4.6168 | LR 1.27e-05 | phase_samples=366720
2026-05-18 19:43:54,048  INFO  [allava] Step 11460/26578 | Loss 0.1269 | LR 1.27e-05 | phase_samples=366728
2026-05-18 19:43:54,501  INFO  [allava] Step 11460/26578 | Loss 0.1504 | LR 1.27e-05 | phase_samples=366736
2026-05-18 19:43:54,875  INFO  [allava] Step 11460/26578 | Loss 0.1284 | LR 1.27e-05 | phase_samples=366744
2026-05-18 19:44:10,308  INFO  [allava] Step 11470/26578 | Loss 4.8158 | LR 1.27e-05 | phase_samples=367040
2026-05-18 19:44:10,667  INFO  [allava] Step 11470/26578 | Loss 0.1262 | LR 1.27e-05 | phase_samples=367048
2026-05-18 19:44:11,043  INFO  [allava] Step 11470/26578 | Loss 0.1363 | LR 1.27e-05 | phase_samples=367056
2026-05-18 19:44:11,476  INFO  [allava] Step 11470/26578 | Loss 0.1455 | LR 1.27e-05 | phase_samples=367064
2026-05-18 19:44:27,333  INFO  [allava] Step 11480/26578 | Loss 4.8500 | LR 1.27e-05 | phase_samples=367360
2026-05-18 19:44:27,718  INFO  [allava] Step 11480/26578 | Loss 0.1340 | LR 1.27e-05 | phase_samples=367368
2026-05-18 19:44:28,177  INFO  [allava] Step 11480/26578 | Loss 0.1514 | LR 1.27e-05 | phase_samples=367376
2026-05-18 19:44:28,548  INFO  [allava] Step 11480/26578 | Loss 0.1489 | LR 1.27e-05 | phase_samples=367384
2026-05-18 19:44:43,670  INFO  [allava] Step 11490/26578 | Loss 4.8349 | LR 1.26e-05 | phase_samples=367680
2026-05-18 19:44:44,054  INFO  [allava] Step 11490/26578 | Loss 0.1531 | LR 1.26e-05 | phase_samples=367688
2026-05-18 19:44:44,477  INFO  [allava] Step 11490/26578 | Loss 0.1428 | LR 1.26e-05 | phase_samples=367696
2026-05-18 19:44:44,850  INFO  [allava] Step 11490/26578 | Loss 0.1118 | LR 1.26e-05 | phase_samples=367704
2026-05-18 19:45:00,571  INFO  [allava] Step 11500/26578 | Loss 4.7899 | LR 1.26e-05 | phase_samples=368000
2026-05-18 19:45:00,951  INFO  [allava] Step 11500/26578 | Loss 0.1205 | LR 1.26e-05 | phase_samples=368008
2026-05-18 19:45:01,318  INFO  [allava] Step 11500/26578 | Loss 0.1365 | LR 1.26e-05 | phase_samples=368016
2026-05-18 19:45:01,697  INFO  [allava] Step 11500/26578 | Loss 0.1495 | LR 1.26e-05 | phase_samples=368024
2026-05-18 19:45:17,134  INFO  [allava] Step 11510/26578 | Loss 4.6678 | LR 1.26e-05 | phase_samples=368320
2026-05-18 19:45:17,491  INFO  [allava] Step 11510/26578 | Loss 0.1118 | LR 1.26e-05 | phase_samples=368328
2026-05-18 19:45:17,882  INFO  [allava] Step 11510/26578 | Loss 0.1421 | LR 1.26e-05 | phase_samples=368336
2026-05-18 19:45:18,277  INFO  [allava] Step 11510/26578 | Loss 0.1423 | LR 1.26e-05 | phase_samples=368344
2026-05-18 19:45:33,937  INFO  [allava] Step 11520/26578 | Loss 4.8338 | LR 1.26e-05 | phase_samples=368640
2026-05-18 19:45:34,350  INFO  [allava] Step 11520/26578 | Loss 0.1320 | LR 1.26e-05 | phase_samples=368648
2026-05-18 19:45:34,741  INFO  [allava] Step 11520/26578 | Loss 0.1504 | LR 1.26e-05 | phase_samples=368656
2026-05-18 19:45:35,203  INFO  [allava] Step 11520/26578 | Loss 0.1425 | LR 1.26e-05 | phase_samples=368664
2026-05-18 19:45:50,466  INFO  [allava] Step 11530/26578 | Loss 4.6663 | LR 1.26e-05 | phase_samples=368960
2026-05-18 19:45:50,796  INFO  [allava] Step 11530/26578 | Loss 0.1334 | LR 1.26e-05 | phase_samples=368968
2026-05-18 19:45:51,191  INFO  [allava] Step 11530/26578 | Loss 0.1207 | LR 1.26e-05 | phase_samples=368976
2026-05-18 19:45:51,565  INFO  [allava] Step 11530/26578 | Loss 0.1509 | LR 1.26e-05 | phase_samples=368984
2026-05-18 19:46:07,076  INFO  [allava] Step 11540/26578 | Loss 4.7181 | LR 1.26e-05 | phase_samples=369280
2026-05-18 19:46:07,464  INFO  [allava] Step 11540/26578 | Loss 0.1340 | LR 1.26e-05 | phase_samples=369288
2026-05-18 19:46:07,833  INFO  [allava] Step 11540/26578 | Loss 0.1198 | LR 1.26e-05 | phase_samples=369296
2026-05-18 19:46:08,204  INFO  [allava] Step 11540/26578 | Loss 0.1028 | LR 1.26e-05 | phase_samples=369304
2026-05-18 19:46:23,513  INFO  [allava] Step 11550/26578 | Loss 4.7986 | LR 1.26e-05 | phase_samples=369600
2026-05-18 19:46:23,937  INFO  [allava] Step 11550/26578 | Loss 0.1440 | LR 1.26e-05 | phase_samples=369608
2026-05-18 19:46:24,398  INFO  [allava] Step 11550/26578 | Loss 0.1188 | LR 1.26e-05 | phase_samples=369616
2026-05-18 19:46:24,800  INFO  [allava] Step 11550/26578 | Loss 0.1359 | LR 1.26e-05 | phase_samples=369624
2026-05-18 19:46:40,244  INFO  [allava] Step 11560/26578 | Loss 4.6621 | LR 1.26e-05 | phase_samples=369920
2026-05-18 19:46:40,607  INFO  [allava] Step 11560/26578 | Loss 0.1733 | LR 1.26e-05 | phase_samples=369928
2026-05-18 19:46:41,009  INFO  [allava] Step 11560/26578 | Loss 0.1157 | LR 1.26e-05 | phase_samples=369936
2026-05-18 19:46:41,409  INFO  [allava] Step 11560/26578 | Loss 0.1450 | LR 1.26e-05 | phase_samples=369944
2026-05-18 19:46:56,564  INFO  [allava] Step 11570/26578 | Loss 4.7859 | LR 1.26e-05 | phase_samples=370240
2026-05-18 19:46:56,947  INFO  [allava] Step 11570/26578 | Loss 0.1489 | LR 1.26e-05 | phase_samples=370248
2026-05-18 19:46:57,369  INFO  [allava] Step 11570/26578 | Loss 0.1391 | LR 1.26e-05 | phase_samples=370256
2026-05-18 19:46:57,767  INFO  [allava] Step 11570/26578 | Loss 0.1593 | LR 1.26e-05 | phase_samples=370264
2026-05-18 19:47:13,431  INFO  [allava] Step 11580/26578 | Loss 4.8693 | LR 1.25e-05 | phase_samples=370560
2026-05-18 19:47:13,811  INFO  [allava] Step 11580/26578 | Loss 0.1388 | LR 1.25e-05 | phase_samples=370568
2026-05-18 19:47:14,259  INFO  [allava] Step 11580/26578 | Loss 0.1358 | LR 1.25e-05 | phase_samples=370576
2026-05-18 19:47:14,663  INFO  [allava] Step 11580/26578 | Loss 0.1389 | LR 1.25e-05 | phase_samples=370584
2026-05-18 19:47:29,972  INFO  [allava] Step 11590/26578 | Loss 4.7955 | LR 1.25e-05 | phase_samples=370880
2026-05-18 19:47:30,326  INFO  [allava] Step 11590/26578 | Loss 0.1334 | LR 1.25e-05 | phase_samples=370888
2026-05-18 19:47:30,729  INFO  [allava] Step 11590/26578 | Loss 0.1175 | LR 1.25e-05 | phase_samples=370896
2026-05-18 19:47:31,136  INFO  [allava] Step 11590/26578 | Loss 0.1610 | LR 1.25e-05 | phase_samples=370904
2026-05-18 19:47:46,579  INFO  [allava] Step 11600/26578 | Loss 4.7146 | LR 1.25e-05 | phase_samples=371200
2026-05-18 19:47:46,932  INFO  [allava] Step 11600/26578 | Loss 0.1080 | LR 1.25e-05 | phase_samples=371208
2026-05-18 19:47:47,309  INFO  [allava] Step 11600/26578 | Loss 0.1216 | LR 1.25e-05 | phase_samples=371216
2026-05-18 19:47:47,659  INFO  [allava] Step 11600/26578 | Loss 0.1194 | LR 1.25e-05 | phase_samples=371224
2026-05-18 19:48:03,094  INFO  [allava] Step 11610/26578 | Loss 4.7058 | LR 1.25e-05 | phase_samples=371520
2026-05-18 19:48:03,520  INFO  [allava] Step 11610/26578 | Loss 0.1367 | LR 1.25e-05 | phase_samples=371528
2026-05-18 19:48:03,893  INFO  [allava] Step 11610/26578 | Loss 0.1150 | LR 1.25e-05 | phase_samples=371536
2026-05-18 19:48:04,324  INFO  [allava] Step 11610/26578 | Loss 0.1144 | LR 1.25e-05 | phase_samples=371544
2026-05-18 19:48:20,002  INFO  [allava] Step 11620/26578 | Loss 4.9160 | LR 1.25e-05 | phase_samples=371840
2026-05-18 19:48:20,366  INFO  [allava] Step 11620/26578 | Loss 0.1068 | LR 1.25e-05 | phase_samples=371848
2026-05-18 19:48:20,761  INFO  [allava] Step 11620/26578 | Loss 0.1412 | LR 1.25e-05 | phase_samples=371856
2026-05-18 19:48:21,191  INFO  [allava] Step 11620/26578 | Loss 0.1479 | LR 1.25e-05 | phase_samples=371864
2026-05-18 19:48:36,432  INFO  [allava] Step 11630/26578 | Loss 4.8901 | LR 1.25e-05 | phase_samples=372160
2026-05-18 19:48:36,788  INFO  [allava] Step 11630/26578 | Loss 0.1291 | LR 1.25e-05 | phase_samples=372168
2026-05-18 19:48:37,192  INFO  [allava] Step 11630/26578 | Loss 0.1210 | LR 1.25e-05 | phase_samples=372176
2026-05-18 19:48:37,566  INFO  [allava] Step 11630/26578 | Loss 0.1431 | LR 1.25e-05 | phase_samples=372184
2026-05-18 19:48:53,080  INFO  [allava] Step 11640/26578 | Loss 4.6668 | LR 1.25e-05 | phase_samples=372480
2026-05-18 19:48:53,459  INFO  [allava] Step 11640/26578 | Loss 0.1083 | LR 1.25e-05 | phase_samples=372488
2026-05-18 19:48:53,801  INFO  [allava] Step 11640/26578 | Loss 0.1156 | LR 1.25e-05 | phase_samples=372496
2026-05-18 19:48:54,184  INFO  [allava] Step 11640/26578 | Loss 0.1206 | LR 1.25e-05 | phase_samples=372504
2026-05-18 19:49:09,419  INFO  [allava] Step 11650/26578 | Loss 4.9323 | LR 1.25e-05 | phase_samples=372800
2026-05-18 19:49:09,799  INFO  [allava] Step 11650/26578 | Loss 0.1595 | LR 1.25e-05 | phase_samples=372808
2026-05-18 19:49:10,256  INFO  [allava] Step 11650/26578 | Loss 0.1457 | LR 1.25e-05 | phase_samples=372816
2026-05-18 19:49:10,653  INFO  [allava] Step 11650/26578 | Loss 0.1350 | LR 1.25e-05 | phase_samples=372824
2026-05-18 19:49:26,296  INFO  [allava] Step 11660/26578 | Loss 4.6695 | LR 1.24e-05 | phase_samples=373120
2026-05-18 19:49:26,664  INFO  [allava] Step 11660/26578 | Loss 0.1498 | LR 1.24e-05 | phase_samples=373128
2026-05-18 19:49:27,039  INFO  [allava] Step 11660/26578 | Loss 0.1241 | LR 1.24e-05 | phase_samples=373136
2026-05-18 19:49:27,461  INFO  [allava] Step 11660/26578 | Loss 0.1206 | LR 1.24e-05 | phase_samples=373144
2026-05-18 19:49:42,684  INFO  [allava] Step 11670/26578 | Loss 4.6519 | LR 1.24e-05 | phase_samples=373440
2026-05-18 19:49:43,096  INFO  [allava] Step 11670/26578 | Loss 0.1361 | LR 1.24e-05 | phase_samples=373448
2026-05-18 19:49:43,465  INFO  [allava] Step 11670/26578 | Loss 0.1069 | LR 1.24e-05 | phase_samples=373456
2026-05-18 19:49:43,850  INFO  [allava] Step 11670/26578 | Loss 0.1455 | LR 1.24e-05 | phase_samples=373464
2026-05-18 19:49:59,579  INFO  [allava] Step 11680/26578 | Loss 4.7181 | LR 1.24e-05 | phase_samples=373760
2026-05-18 19:49:59,959  INFO  [allava] Step 11680/26578 | Loss 0.1382 | LR 1.24e-05 | phase_samples=373768
2026-05-18 19:50:00,338  INFO  [allava] Step 11680/26578 | Loss 0.1083 | LR 1.24e-05 | phase_samples=373776
2026-05-18 19:50:00,723  INFO  [allava] Step 11680/26578 | Loss 0.1397 | LR 1.24e-05 | phase_samples=373784
2026-05-18 19:50:16,107  INFO  [allava] Step 11690/26578 | Loss 4.7529 | LR 1.24e-05 | phase_samples=374080
2026-05-18 19:50:16,468  INFO  [allava] Step 11690/26578 | Loss 0.1215 | LR 1.24e-05 | phase_samples=374088
2026-05-18 19:50:16,840  INFO  [allava] Step 11690/26578 | Loss 0.1083 | LR 1.24e-05 | phase_samples=374096
2026-05-18 19:50:17,280  INFO  [allava] Step 11690/26578 | Loss 0.1158 | LR 1.24e-05 | phase_samples=374104
2026-05-18 19:50:33,364  INFO  [allava] Step 11700/26578 | Loss 4.5965 | LR 1.24e-05 | phase_samples=374400
2026-05-18 19:50:33,752  INFO  [allava] Step 11700/26578 | Loss 0.1486 | LR 1.24e-05 | phase_samples=374408
2026-05-18 19:50:34,128  INFO  [allava] Step 11700/26578 | Loss 0.1238 | LR 1.24e-05 | phase_samples=374416
2026-05-18 19:50:34,506  INFO  [allava] Step 11700/26578 | Loss 0.1137 | LR 1.24e-05 | phase_samples=374424
2026-05-18 19:50:49,965  INFO  [allava] Step 11710/26578 | Loss 4.8716 | LR 1.24e-05 | phase_samples=374720
2026-05-18 19:50:50,351  INFO  [allava] Step 11710/26578 | Loss 0.1113 | LR 1.24e-05 | phase_samples=374728
2026-05-18 19:50:50,777  INFO  [allava] Step 11710/26578 | Loss 0.1116 | LR 1.24e-05 | phase_samples=374736
2026-05-18 19:50:51,157  INFO  [allava] Step 11710/26578 | Loss 0.1139 | LR 1.24e-05 | phase_samples=374744
2026-05-18 19:51:06,887  INFO  [allava] Step 11720/26578 | Loss 4.7581 | LR 1.24e-05 | phase_samples=375040
2026-05-18 19:51:07,272  INFO  [allava] Step 11720/26578 | Loss 0.0975 | LR 1.24e-05 | phase_samples=375048
2026-05-18 19:51:07,646  INFO  [allava] Step 11720/26578 | Loss 0.1324 | LR 1.24e-05 | phase_samples=375056
2026-05-18 19:51:08,044  INFO  [allava] Step 11720/26578 | Loss 0.1169 | LR 1.24e-05 | phase_samples=375064
2026-05-18 19:51:22,730  INFO  [allava] Step 11730/26578 | Loss 4.5849 | LR 1.24e-05 | phase_samples=375360
2026-05-18 19:51:23,119  INFO  [allava] Step 11730/26578 | Loss 0.1379 | LR 1.24e-05 | phase_samples=375368
2026-05-18 19:51:23,494  INFO  [allava] Step 11730/26578 | Loss 0.1047 | LR 1.24e-05 | phase_samples=375376
2026-05-18 19:51:23,893  INFO  [allava] Step 11730/26578 | Loss 0.1452 | LR 1.24e-05 | phase_samples=375384
2026-05-18 19:51:39,453  INFO  [allava] Step 11740/26578 | Loss 4.7516 | LR 1.24e-05 | phase_samples=375680
2026-05-18 19:51:39,789  INFO  [allava] Step 11740/26578 | Loss 0.1215 | LR 1.24e-05 | phase_samples=375688
2026-05-18 19:51:40,128  INFO  [allava] Step 11740/26578 | Loss 0.0953 | LR 1.24e-05 | phase_samples=375696
2026-05-18 19:51:40,523  INFO  [allava] Step 11740/26578 | Loss 0.1227 | LR 1.24e-05 | phase_samples=375704
2026-05-18 19:51:55,526  INFO  [allava] Step 11750/26578 | Loss 4.7865 | LR 1.23e-05 | phase_samples=376000
2026-05-18 19:51:55,888  INFO  [allava] Step 11750/26578 | Loss 0.1031 | LR 1.23e-05 | phase_samples=376008
2026-05-18 19:51:56,280  INFO  [allava] Step 11750/26578 | Loss 0.1551 | LR 1.23e-05 | phase_samples=376016
2026-05-18 19:51:56,682  INFO  [allava] Step 11750/26578 | Loss 0.1291 | LR 1.23e-05 | phase_samples=376024
2026-05-18 19:52:12,302  INFO  [allava] Step 11760/26578 | Loss 4.6401 | LR 1.23e-05 | phase_samples=376320
2026-05-18 19:52:12,661  INFO  [allava] Step 11760/26578 | Loss 0.1265 | LR 1.23e-05 | phase_samples=376328
2026-05-18 19:52:13,050  INFO  [allava] Step 11760/26578 | Loss 0.1420 | LR 1.23e-05 | phase_samples=376336
2026-05-18 19:52:13,508  INFO  [allava] Step 11760/26578 | Loss 0.1431 | LR 1.23e-05 | phase_samples=376344
2026-05-18 19:52:28,557  INFO  [allava] Step 11770/26578 | Loss 4.7337 | LR 1.23e-05 | phase_samples=376640
2026-05-18 19:52:28,938  INFO  [allava] Step 11770/26578 | Loss 0.1250 | LR 1.23e-05 | phase_samples=376648
2026-05-18 19:52:29,316  INFO  [allava] Step 11770/26578 | Loss 0.1143 | LR 1.23e-05 | phase_samples=376656
2026-05-18 19:52:29,724  INFO  [allava] Step 11770/26578 | Loss 0.1648 | LR 1.23e-05 | phase_samples=376664
2026-05-18 19:52:45,391  INFO  [allava] Step 11780/26578 | Loss 4.8556 | LR 1.23e-05 | phase_samples=376960
2026-05-18 19:52:45,693  INFO  [allava] Step 11780/26578 | Loss 0.0921 | LR 1.23e-05 | phase_samples=376968
2026-05-18 19:52:46,064  INFO  [allava] Step 11780/26578 | Loss 0.1109 | LR 1.23e-05 | phase_samples=376976
2026-05-18 19:52:46,366  INFO  [allava] Step 11780/26578 | Loss 0.0524 | LR 1.23e-05 | phase_samples=376984
2026-05-18 19:53:01,280  INFO  [allava] Step 11790/26578 | Loss 4.6002 | LR 1.23e-05 | phase_samples=377280
2026-05-18 19:53:01,660  INFO  [allava] Step 11790/26578 | Loss 0.1169 | LR 1.23e-05 | phase_samples=377288
2026-05-18 19:53:02,086  INFO  [allava] Step 11790/26578 | Loss 0.1390 | LR 1.23e-05 | phase_samples=377296
2026-05-18 19:53:02,438  INFO  [allava] Step 11790/26578 | Loss 0.1228 | LR 1.23e-05 | phase_samples=377304
2026-05-18 19:53:17,937  INFO  [allava] Step 11800/26578 | Loss 4.6915 | LR 1.23e-05 | phase_samples=377600
2026-05-18 19:53:18,253  INFO  [allava] Step 11800/26578 | Loss 0.0933 | LR 1.23e-05 | phase_samples=377608
2026-05-18 19:53:18,599  INFO  [allava] Step 11800/26578 | Loss 0.1143 | LR 1.23e-05 | phase_samples=377616
2026-05-18 19:53:18,999  INFO  [allava] Step 11800/26578 | Loss 0.1207 | LR 1.23e-05 | phase_samples=377624
2026-05-18 19:53:34,436  INFO  [allava] Step 11810/26578 | Loss 4.9089 | LR 1.23e-05 | phase_samples=377920
2026-05-18 19:53:34,855  INFO  [allava] Step 11810/26578 | Loss 0.1343 | LR 1.23e-05 | phase_samples=377928
2026-05-18 19:53:35,282  INFO  [allava] Step 11810/26578 | Loss 0.1446 | LR 1.23e-05 | phase_samples=377936
2026-05-18 19:53:35,682  INFO  [allava] Step 11810/26578 | Loss 0.1093 | LR 1.23e-05 | phase_samples=377944
2026-05-18 19:53:51,466  INFO  [allava] Step 11820/26578 | Loss 4.8035 | LR 1.23e-05 | phase_samples=378240
2026-05-18 19:53:51,791  INFO  [allava] Step 11820/26578 | Loss 0.1250 | LR 1.23e-05 | phase_samples=378248
2026-05-18 19:53:52,215  INFO  [allava] Step 11820/26578 | Loss 0.1404 | LR 1.23e-05 | phase_samples=378256
2026-05-18 19:53:52,613  INFO  [allava] Step 11820/26578 | Loss 0.1354 | LR 1.23e-05 | phase_samples=378264
2026-05-18 19:54:07,930  INFO  [allava] Step 11830/26578 | Loss 4.6951 | LR 1.22e-05 | phase_samples=378560
2026-05-18 19:54:08,297  INFO  [allava] Step 11830/26578 | Loss 0.1161 | LR 1.22e-05 | phase_samples=378568
2026-05-18 19:54:08,663  INFO  [allava] Step 11830/26578 | Loss 0.1019 | LR 1.22e-05 | phase_samples=378576
2026-05-18 19:54:09,153  INFO  [allava] Step 11830/26578 | Loss 0.1333 | LR 1.22e-05 | phase_samples=378584
2026-05-18 19:54:24,711  INFO  [allava] Step 11840/26578 | Loss 4.7659 | LR 1.22e-05 | phase_samples=378880
2026-05-18 19:54:25,107  INFO  [allava] Step 11840/26578 | Loss 0.1126 | LR 1.22e-05 | phase_samples=378888
2026-05-18 19:54:25,494  INFO  [allava] Step 11840/26578 | Loss 0.1565 | LR 1.22e-05 | phase_samples=378896
2026-05-18 19:54:25,936  INFO  [allava] Step 11840/26578 | Loss 0.1278 | LR 1.22e-05 | phase_samples=378904
2026-05-18 19:54:41,362  INFO  [allava] Step 11850/26578 | Loss 4.9024 | LR 1.22e-05 | phase_samples=379200
2026-05-18 19:54:41,697  INFO  [allava] Step 11850/26578 | Loss 0.1331 | LR 1.22e-05 | phase_samples=379208
2026-05-18 19:54:42,134  INFO  [allava] Step 11850/26578 | Loss 0.1368 | LR 1.22e-05 | phase_samples=379216
2026-05-18 19:54:42,503  INFO  [allava] Step 11850/26578 | Loss 0.1284 | LR 1.22e-05 | phase_samples=379224
2026-05-18 19:54:58,348  INFO  [allava] Step 11860/26578 | Loss 4.7682 | LR 1.22e-05 | phase_samples=379520
2026-05-18 19:54:58,707  INFO  [allava] Step 11860/26578 | Loss 0.1345 | LR 1.22e-05 | phase_samples=379528
2026-05-18 19:54:59,098  INFO  [allava] Step 11860/26578 | Loss 0.1130 | LR 1.22e-05 | phase_samples=379536
2026-05-18 19:54:59,567  INFO  [allava] Step 11860/26578 | Loss 0.1354 | LR 1.22e-05 | phase_samples=379544
2026-05-18 19:55:14,753  INFO  [allava] Step 11870/26578 | Loss 4.6256 | LR 1.22e-05 | phase_samples=379840
2026-05-18 19:55:15,117  INFO  [allava] Step 11870/26578 | Loss 0.1056 | LR 1.22e-05 | phase_samples=379848
2026-05-18 19:55:15,569  INFO  [allava] Step 11870/26578 | Loss 0.1349 | LR 1.22e-05 | phase_samples=379856
2026-05-18 19:55:15,960  INFO  [allava] Step 11870/26578 | Loss 0.1315 | LR 1.22e-05 | phase_samples=379864
2026-05-18 19:55:31,985  INFO  [allava] Step 11880/26578 | Loss 4.8023 | LR 1.22e-05 | phase_samples=380160
2026-05-18 19:55:32,308  INFO  [allava] Step 11880/26578 | Loss 0.0981 | LR 1.22e-05 | phase_samples=380168
2026-05-18 19:55:32,854  INFO  [allava] Step 11880/26578 | Loss 0.1047 | LR 1.22e-05 | phase_samples=380176
2026-05-18 19:55:33,227  INFO  [allava] Step 11880/26578 | Loss 0.1221 | LR 1.22e-05 | phase_samples=380184
2026-05-18 19:55:48,184  INFO  [allava] Step 11890/26578 | Loss 4.7075 | LR 1.22e-05 | phase_samples=380480
2026-05-18 19:55:48,564  INFO  [allava] Step 11890/26578 | Loss 0.1363 | LR 1.22e-05 | phase_samples=380488
2026-05-18 19:55:48,966  INFO  [allava] Step 11890/26578 | Loss 0.1445 | LR 1.22e-05 | phase_samples=380496
2026-05-18 19:55:49,305  INFO  [allava] Step 11890/26578 | Loss 0.1113 | LR 1.22e-05 | phase_samples=380504
2026-05-18 19:56:04,605  INFO  [allava] Step 11900/26578 | Loss 4.6807 | LR 1.22e-05 | phase_samples=380800
2026-05-18 19:56:04,966  INFO  [allava] Step 11900/26578 | Loss 0.1435 | LR 1.22e-05 | phase_samples=380808
2026-05-18 19:56:05,362  INFO  [allava] Step 11900/26578 | Loss 0.1211 | LR 1.22e-05 | phase_samples=380816
2026-05-18 19:56:05,771  INFO  [allava] Step 11900/26578 | Loss 0.1347 | LR 1.22e-05 | phase_samples=380824
2026-05-18 19:56:20,930  INFO  [allava] Step 11910/26578 | Loss 4.6487 | LR 1.21e-05 | phase_samples=381120
2026-05-18 19:56:21,308  INFO  [allava] Step 11910/26578 | Loss 0.1254 | LR 1.21e-05 | phase_samples=381128
2026-05-18 19:56:21,711  INFO  [allava] Step 11910/26578 | Loss 0.1194 | LR 1.21e-05 | phase_samples=381136
2026-05-18 19:56:22,086  INFO  [allava] Step 11910/26578 | Loss 0.1162 | LR 1.21e-05 | phase_samples=381144
2026-05-18 19:56:37,549  INFO  [allava] Step 11920/26578 | Loss 4.7803 | LR 1.21e-05 | phase_samples=381440
2026-05-18 19:56:37,963  INFO  [allava] Step 11920/26578 | Loss 0.1342 | LR 1.21e-05 | phase_samples=381448
2026-05-18 19:56:38,362  INFO  [allava] Step 11920/26578 | Loss 0.1186 | LR 1.21e-05 | phase_samples=381456
2026-05-18 19:56:38,849  INFO  [allava] Step 11920/26578 | Loss 0.1264 | LR 1.21e-05 | phase_samples=381464
2026-05-18 19:56:54,054  INFO  [allava] Step 11930/26578 | Loss 4.9501 | LR 1.21e-05 | phase_samples=381760
2026-05-18 19:56:54,441  INFO  [allava] Step 11930/26578 | Loss 0.1301 | LR 1.21e-05 | phase_samples=381768
2026-05-18 19:56:54,824  INFO  [allava] Step 11930/26578 | Loss 0.1400 | LR 1.21e-05 | phase_samples=381776
2026-05-18 19:56:55,205  INFO  [allava] Step 11930/26578 | Loss 0.1246 | LR 1.21e-05 | phase_samples=381784
2026-05-18 19:57:11,096  INFO  [allava] Step 11940/26578 | Loss 5.0027 | LR 1.21e-05 | phase_samples=382080
2026-05-18 19:57:11,475  INFO  [allava] Step 11940/26578 | Loss 0.1525 | LR 1.21e-05 | phase_samples=382088
2026-05-18 19:57:11,853  INFO  [allava] Step 11940/26578 | Loss 0.1509 | LR 1.21e-05 | phase_samples=382096
2026-05-18 19:57:12,203  INFO  [allava] Step 11940/26578 | Loss 0.1293 | LR 1.21e-05 | phase_samples=382104
2026-05-18 19:57:27,224  INFO  [allava] Step 11950/26578 | Loss 4.6942 | LR 1.21e-05 | phase_samples=382400
2026-05-18 19:57:27,587  INFO  [allava] Step 11950/26578 | Loss 0.1127 | LR 1.21e-05 | phase_samples=382408
2026-05-18 19:57:27,987  INFO  [allava] Step 11950/26578 | Loss 0.1461 | LR 1.21e-05 | phase_samples=382416
2026-05-18 19:57:28,366  INFO  [allava] Step 11950/26578 | Loss 0.1027 | LR 1.21e-05 | phase_samples=382424
2026-05-18 19:57:43,913  INFO  [allava] Step 11960/26578 | Loss 4.8374 | LR 1.21e-05 | phase_samples=382720
2026-05-18 19:57:44,326  INFO  [allava] Step 11960/26578 | Loss 0.1288 | LR 1.21e-05 | phase_samples=382728
2026-05-18 19:57:44,726  INFO  [allava] Step 11960/26578 | Loss 0.1621 | LR 1.21e-05 | phase_samples=382736
2026-05-18 19:57:45,125  INFO  [allava] Step 11960/26578 | Loss 0.1082 | LR 1.21e-05 | phase_samples=382744
2026-05-18 19:58:00,283  INFO  [allava] Step 11970/26578 | Loss 4.8436 | LR 1.21e-05 | phase_samples=383040
2026-05-18 19:58:00,645  INFO  [allava] Step 11970/26578 | Loss 0.1409 | LR 1.21e-05 | phase_samples=383048
2026-05-18 19:58:01,027  INFO  [allava] Step 11970/26578 | Loss 0.1395 | LR 1.21e-05 | phase_samples=383056
2026-05-18 19:58:01,434  INFO  [allava] Step 11970/26578 | Loss 0.1333 | LR 1.21e-05 | phase_samples=383064
2026-05-18 19:58:17,128  INFO  [allava] Step 11980/26578 | Loss 4.6829 | LR 1.21e-05 | phase_samples=383360
2026-05-18 19:58:17,574  INFO  [allava] Step 11980/26578 | Loss 0.1142 | LR 1.21e-05 | phase_samples=383368
2026-05-18 19:58:17,968  INFO  [allava] Step 11980/26578 | Loss 0.1464 | LR 1.21e-05 | phase_samples=383376
2026-05-18 19:58:18,350  INFO  [allava] Step 11980/26578 | Loss 0.1332 | LR 1.21e-05 | phase_samples=383384
2026-05-18 19:58:33,707  INFO  [allava] Step 11990/26578 | Loss 4.8468 | LR 1.21e-05 | phase_samples=383680
2026-05-18 19:58:34,042  INFO  [allava] Step 11990/26578 | Loss 0.1070 | LR 1.21e-05 | phase_samples=383688
2026-05-18 19:58:34,422  INFO  [allava] Step 11990/26578 | Loss 0.1370 | LR 1.21e-05 | phase_samples=383696
2026-05-18 19:58:34,806  INFO  [allava] Step 11990/26578 | Loss 0.1050 | LR 1.21e-05 | phase_samples=383704
2026-05-18 19:58:50,773  INFO  [allava] Step 12000/26578 | Loss 4.7291 | LR 1.20e-05 | phase_samples=384000
2026-05-18 19:58:51,132  INFO  [allava] Step 12000/26578 | Loss 0.1159 | LR 1.20e-05 | phase_samples=384008
2026-05-18 19:58:51,500  INFO  [allava] Step 12000/26578 | Loss 0.1381 | LR 1.20e-05 | phase_samples=384016
2026-05-18 19:58:51,898  INFO  [allava] Step 12000/26578 | Loss 0.1350 | LR 1.20e-05 | phase_samples=384024
2026-05-18 19:59:07,218  INFO  [allava] Step 12010/26578 | Loss 4.6672 | LR 1.20e-05 | phase_samples=384320
2026-05-18 19:59:07,631  INFO  [allava] Step 12010/26578 | Loss 0.1367 | LR 1.20e-05 | phase_samples=384328
2026-05-18 19:59:08,032  INFO  [allava] Step 12010/26578 | Loss 0.1132 | LR 1.20e-05 | phase_samples=384336
2026-05-18 19:59:08,423  INFO  [allava] Step 12010/26578 | Loss 0.1569 | LR 1.20e-05 | phase_samples=384344
2026-05-18 19:59:23,923  INFO  [allava] Step 12020/26578 | Loss 4.6080 | LR 1.20e-05 | phase_samples=384640
2026-05-18 19:59:24,256  INFO  [allava] Step 12020/26578 | Loss 0.1364 | LR 1.20e-05 | phase_samples=384648
2026-05-18 19:59:24,607  INFO  [allava] Step 12020/26578 | Loss 0.1270 | LR 1.20e-05 | phase_samples=384656
2026-05-18 19:59:25,001  INFO  [allava] Step 12020/26578 | Loss 0.0932 | LR 1.20e-05 | phase_samples=384664
2026-05-18 19:59:40,081  INFO  [allava] Step 12030/26578 | Loss 4.6654 | LR 1.20e-05 | phase_samples=384960
2026-05-18 19:59:40,468  INFO  [allava] Step 12030/26578 | Loss 0.1090 | LR 1.20e-05 | phase_samples=384968
2026-05-18 19:59:40,837  INFO  [allava] Step 12030/26578 | Loss 0.1277 | LR 1.20e-05 | phase_samples=384976
2026-05-18 19:59:41,213  INFO  [allava] Step 12030/26578 | Loss 0.1505 | LR 1.20e-05 | phase_samples=384984
2026-05-18 19:59:56,917  INFO  [allava] Step 12040/26578 | Loss 4.8358 | LR 1.20e-05 | phase_samples=385280
2026-05-18 19:59:57,252  INFO  [allava] Step 12040/26578 | Loss 0.1453 | LR 1.20e-05 | phase_samples=385288
2026-05-18 19:59:57,643  INFO  [allava] Step 12040/26578 | Loss 0.1402 | LR 1.20e-05 | phase_samples=385296
2026-05-18 19:59:58,024  INFO  [allava] Step 12040/26578 | Loss 0.1450 | LR 1.20e-05 | phase_samples=385304
2026-05-18 20:00:13,394  INFO  [allava] Step 12050/26578 | Loss 4.7852 | LR 1.20e-05 | phase_samples=385600
2026-05-18 20:00:13,832  INFO  [allava] Step 12050/26578 | Loss 0.1406 | LR 1.20e-05 | phase_samples=385608
2026-05-18 20:00:14,206  INFO  [allava] Step 12050/26578 | Loss 0.1435 | LR 1.20e-05 | phase_samples=385616
2026-05-18 20:00:14,608  INFO  [allava] Step 12050/26578 | Loss 0.1186 | LR 1.20e-05 | phase_samples=385624
2026-05-18 20:00:30,438  INFO  [allava] Step 12060/26578 | Loss 4.7083 | LR 1.20e-05 | phase_samples=385920
2026-05-18 20:00:30,816  INFO  [allava] Step 12060/26578 | Loss 0.1129 | LR 1.20e-05 | phase_samples=385928
2026-05-18 20:00:31,223  INFO  [allava] Step 12060/26578 | Loss 0.1392 | LR 1.20e-05 | phase_samples=385936
2026-05-18 20:00:31,573  INFO  [allava] Step 12060/26578 | Loss 0.1136 | LR 1.20e-05 | phase_samples=385944
2026-05-18 20:00:47,043  INFO  [allava] Step 12070/26578 | Loss 4.8176 | LR 1.20e-05 | phase_samples=386240
2026-05-18 20:00:47,436  INFO  [allava] Step 12070/26578 | Loss 0.1518 | LR 1.20e-05 | phase_samples=386248
2026-05-18 20:00:47,828  INFO  [allava] Step 12070/26578 | Loss 0.1328 | LR 1.20e-05 | phase_samples=386256
2026-05-18 20:00:48,199  INFO  [allava] Step 12070/26578 | Loss 0.1219 | LR 1.20e-05 | phase_samples=386264
2026-05-18 20:01:04,188  INFO  [allava] Step 12080/26578 | Loss 4.8170 | LR 1.19e-05 | phase_samples=386560
2026-05-18 20:01:04,573  INFO  [allava] Step 12080/26578 | Loss 0.1268 | LR 1.19e-05 | phase_samples=386568
2026-05-18 20:01:04,945  INFO  [allava] Step 12080/26578 | Loss 0.1181 | LR 1.19e-05 | phase_samples=386576
2026-05-18 20:01:05,375  INFO  [allava] Step 12080/26578 | Loss 0.1425 | LR 1.19e-05 | phase_samples=386584
2026-05-18 20:01:20,539  INFO  [allava] Step 12090/26578 | Loss 4.7673 | LR 1.19e-05 | phase_samples=386880
2026-05-18 20:01:20,918  INFO  [allava] Step 12090/26578 | Loss 0.1389 | LR 1.19e-05 | phase_samples=386888
2026-05-18 20:01:21,316  INFO  [allava] Step 12090/26578 | Loss 0.1567 | LR 1.19e-05 | phase_samples=386896
2026-05-18 20:01:21,689  INFO  [allava] Step 12090/26578 | Loss 0.1196 | LR 1.19e-05 | phase_samples=386904
2026-05-18 20:01:37,324  INFO  [allava] Step 12100/26578 | Loss 4.7180 | LR 1.19e-05 | phase_samples=387200
2026-05-18 20:01:37,681  INFO  [allava] Step 12100/26578 | Loss 0.1083 | LR 1.19e-05 | phase_samples=387208
2026-05-18 20:01:38,072  INFO  [allava] Step 12100/26578 | Loss 0.1201 | LR 1.19e-05 | phase_samples=387216
2026-05-18 20:01:38,425  INFO  [allava] Step 12100/26578 | Loss 0.1323 | LR 1.19e-05 | phase_samples=387224
2026-05-18 20:01:53,567  INFO  [allava] Step 12110/26578 | Loss 4.7896 | LR 1.19e-05 | phase_samples=387520
2026-05-18 20:01:53,932  INFO  [allava] Step 12110/26578 | Loss 0.1363 | LR 1.19e-05 | phase_samples=387528
2026-05-18 20:01:54,333  INFO  [allava] Step 12110/26578 | Loss 0.1285 | LR 1.19e-05 | phase_samples=387536
2026-05-18 20:01:54,736  INFO  [allava] Step 12110/26578 | Loss 0.1359 | LR 1.19e-05 | phase_samples=387544
2026-05-18 20:02:10,491  INFO  [allava] Step 12120/26578 | Loss 4.7803 | LR 1.19e-05 | phase_samples=387840
2026-05-18 20:02:10,877  INFO  [allava] Step 12120/26578 | Loss 0.1321 | LR 1.19e-05 | phase_samples=387848
2026-05-18 20:02:11,224  INFO  [allava] Step 12120/26578 | Loss 0.1413 | LR 1.19e-05 | phase_samples=387856
2026-05-18 20:02:11,575  INFO  [allava] Step 12120/26578 | Loss 0.1064 | LR 1.19e-05 | phase_samples=387864
2026-05-18 20:02:26,825  INFO  [allava] Step 12130/26578 | Loss 4.6929 | LR 1.19e-05 | phase_samples=388160
2026-05-18 20:02:27,185  INFO  [allava] Step 12130/26578 | Loss 0.1308 | LR 1.19e-05 | phase_samples=388168
2026-05-18 20:02:27,533  INFO  [allava] Step 12130/26578 | Loss 0.1363 | LR 1.19e-05 | phase_samples=388176
2026-05-18 20:02:27,975  INFO  [allava] Step 12130/26578 | Loss 0.1317 | LR 1.19e-05 | phase_samples=388184
2026-05-18 20:02:43,672  INFO  [allava] Step 12140/26578 | Loss 4.9294 | LR 1.19e-05 | phase_samples=388480
2026-05-18 20:02:44,086  INFO  [allava] Step 12140/26578 | Loss 0.1354 | LR 1.19e-05 | phase_samples=388488
2026-05-18 20:02:44,479  INFO  [allava] Step 12140/26578 | Loss 0.1027 | LR 1.19e-05 | phase_samples=388496
2026-05-18 20:02:44,877  INFO  [allava] Step 12140/26578 | Loss 0.1314 | LR 1.19e-05 | phase_samples=388504
2026-05-18 20:02:59,896  INFO  [allava] Step 12150/26578 | Loss 4.7584 | LR 1.19e-05 | phase_samples=388800
2026-05-18 20:03:00,251  INFO  [allava] Step 12150/26578 | Loss 0.0970 | LR 1.19e-05 | phase_samples=388808
2026-05-18 20:03:00,652  INFO  [allava] Step 12150/26578 | Loss 0.1082 | LR 1.19e-05 | phase_samples=388816
2026-05-18 20:03:01,108  INFO  [allava] Step 12150/26578 | Loss 0.1480 | LR 1.19e-05 | phase_samples=388824
2026-05-18 20:03:16,910  INFO  [allava] Step 12160/26578 | Loss 4.7352 | LR 1.19e-05 | phase_samples=389120
2026-05-18 20:03:17,272  INFO  [allava] Step 12160/26578 | Loss 0.1492 | LR 1.19e-05 | phase_samples=389128
2026-05-18 20:03:17,620  INFO  [allava] Step 12160/26578 | Loss 0.1232 | LR 1.19e-05 | phase_samples=389136
2026-05-18 20:03:18,031  INFO  [allava] Step 12160/26578 | Loss 0.1178 | LR 1.19e-05 | phase_samples=389144
2026-05-18 20:03:33,169  INFO  [allava] Step 12170/26578 | Loss 4.9487 | LR 1.18e-05 | phase_samples=389440
2026-05-18 20:03:33,552  INFO  [allava] Step 12170/26578 | Loss 0.1547 | LR 1.18e-05 | phase_samples=389448
2026-05-18 20:03:33,941  INFO  [allava] Step 12170/26578 | Loss 0.1146 | LR 1.18e-05 | phase_samples=389456
2026-05-18 20:03:34,303  INFO  [allava] Step 12170/26578 | Loss 0.1254 | LR 1.18e-05 | phase_samples=389464
2026-05-18 20:03:49,833  INFO  [allava] Step 12180/26578 | Loss 4.6631 | LR 1.18e-05 | phase_samples=389760
2026-05-18 20:03:50,214  INFO  [allava] Step 12180/26578 | Loss 0.1146 | LR 1.18e-05 | phase_samples=389768
2026-05-18 20:03:50,602  INFO  [allava] Step 12180/26578 | Loss 0.1404 | LR 1.18e-05 | phase_samples=389776
2026-05-18 20:03:51,003  INFO  [allava] Step 12180/26578 | Loss 0.1295 | LR 1.18e-05 | phase_samples=389784
2026-05-18 20:04:06,274  INFO  [allava] Step 12190/26578 | Loss 4.9457 | LR 1.18e-05 | phase_samples=390080
2026-05-18 20:04:06,768  INFO  [allava] Step 12190/26578 | Loss 0.1337 | LR 1.18e-05 | phase_samples=390088
2026-05-18 20:04:07,152  INFO  [allava] Step 12190/26578 | Loss 0.1379 | LR 1.18e-05 | phase_samples=390096
2026-05-18 20:04:07,549  INFO  [allava] Step 12190/26578 | Loss 0.1083 | LR 1.18e-05 | phase_samples=390104
2026-05-18 20:04:23,121  INFO  [allava] Step 12200/26578 | Loss 4.8842 | LR 1.18e-05 | phase_samples=390400
2026-05-18 20:04:23,506  INFO  [allava] Step 12200/26578 | Loss 0.1463 | LR 1.18e-05 | phase_samples=390408
2026-05-18 20:04:23,895  INFO  [allava] Step 12200/26578 | Loss 0.1190 | LR 1.18e-05 | phase_samples=390416
2026-05-18 20:04:24,291  INFO  [allava] Step 12200/26578 | Loss 0.1345 | LR 1.18e-05 | phase_samples=390424
2026-05-18 20:04:39,582  INFO  [allava] Step 12210/26578 | Loss 4.7558 | LR 1.18e-05 | phase_samples=390720
2026-05-18 20:04:39,950  INFO  [allava] Step 12210/26578 | Loss 0.1595 | LR 1.18e-05 | phase_samples=390728
2026-05-18 20:04:40,407  INFO  [allava] Step 12210/26578 | Loss 0.1322 | LR 1.18e-05 | phase_samples=390736
2026-05-18 20:04:40,802  INFO  [allava] Step 12210/26578 | Loss 0.1461 | LR 1.18e-05 | phase_samples=390744
2026-05-18 20:04:55,855  INFO  [allava] Step 12220/26578 | Loss 4.8616 | LR 1.18e-05 | phase_samples=391040
2026-05-18 20:04:56,720  INFO  [allava] Step 12220/26578 | Loss 0.1352 | LR 1.18e-05 | phase_samples=391048
2026-05-18 20:04:57,123  INFO  [allava] Step 12220/26578 | Loss 0.1351 | LR 1.18e-05 | phase_samples=391056
2026-05-18 20:04:57,515  INFO  [allava] Step 12220/26578 | Loss 0.0987 | LR 1.18e-05 | phase_samples=391064
2026-05-18 20:05:12,639  INFO  [allava] Step 12230/26578 | Loss 4.7197 | LR 1.18e-05 | phase_samples=391360
2026-05-18 20:05:13,026  INFO  [allava] Step 12230/26578 | Loss 0.1308 | LR 1.18e-05 | phase_samples=391368
2026-05-18 20:05:13,419  INFO  [allava] Step 12230/26578 | Loss 0.1703 | LR 1.18e-05 | phase_samples=391376
2026-05-18 20:05:13,804  INFO  [allava] Step 12230/26578 | Loss 0.1148 | LR 1.18e-05 | phase_samples=391384
2026-05-18 20:05:28,961  INFO  [allava] Step 12240/26578 | Loss 4.7915 | LR 1.18e-05 | phase_samples=391680
2026-05-18 20:05:29,324  INFO  [allava] Step 12240/26578 | Loss 0.1164 | LR 1.18e-05 | phase_samples=391688
2026-05-18 20:05:30,178  INFO  [allava] Step 12240/26578 | Loss 0.1481 | LR 1.18e-05 | phase_samples=391696
2026-05-18 20:05:30,694  INFO  [allava] Step 12240/26578 | Loss 0.1508 | LR 1.18e-05 | phase_samples=391704
2026-05-18 20:05:46,060  INFO  [allava] Step 12250/26578 | Loss 4.8387 | LR 1.17e-05 | phase_samples=392000
2026-05-18 20:05:46,445  INFO  [allava] Step 12250/26578 | Loss 0.1037 | LR 1.17e-05 | phase_samples=392008
2026-05-18 20:05:46,813  INFO  [allava] Step 12250/26578 | Loss 0.1156 | LR 1.17e-05 | phase_samples=392016
2026-05-18 20:05:47,268  INFO  [allava] Step 12250/26578 | Loss 0.1285 | LR 1.17e-05 | phase_samples=392024
2026-05-18 20:06:02,725  INFO  [allava] Step 12260/26578 | Loss 4.6857 | LR 1.17e-05 | phase_samples=392320
2026-05-18 20:06:03,089  INFO  [allava] Step 12260/26578 | Loss 0.1586 | LR 1.17e-05 | phase_samples=392328
2026-05-18 20:06:03,990  INFO  [allava] Step 12260/26578 | Loss 0.1236 | LR 1.17e-05 | phase_samples=392336
2026-05-18 20:06:04,358  INFO  [allava] Step 12260/26578 | Loss 0.1288 | LR 1.17e-05 | phase_samples=392344
2026-05-18 20:06:19,728  INFO  [allava] Step 12270/26578 | Loss 4.8090 | LR 1.17e-05 | phase_samples=392640
2026-05-18 20:06:20,089  INFO  [allava] Step 12270/26578 | Loss 0.1227 | LR 1.17e-05 | phase_samples=392648
2026-05-18 20:06:20,463  INFO  [allava] Step 12270/26578 | Loss 0.1580 | LR 1.17e-05 | phase_samples=392656
2026-05-18 20:06:20,841  INFO  [allava] Step 12270/26578 | Loss 0.1349 | LR 1.17e-05 | phase_samples=392664
2026-05-18 20:06:35,526  INFO  [allava] Step 12280/26578 | Loss 4.7489 | LR 1.17e-05 | phase_samples=392960
2026-05-18 20:06:35,883  INFO  [allava] Step 12280/26578 | Loss 0.1233 | LR 1.17e-05 | phase_samples=392968
2026-05-18 20:06:36,721  INFO  [allava] Step 12280/26578 | Loss 0.1273 | LR 1.17e-05 | phase_samples=392976
2026-05-18 20:06:37,109  INFO  [allava] Step 12280/26578 | Loss 0.1177 | LR 1.17e-05 | phase_samples=392984
2026-05-18 20:10:54,493  INFO  Checkpoint saved → ../checkpoints/stage2_h100/allava/step12289 | step=12289 | phase=allava | samples_seen_phase=393272 | total=393272
2026-05-18 20:10:54,980  INFO  [allava] Step 12290/26578 | Loss 4.7378 | LR 1.17e-05 | phase_samples=393280
2026-05-18 20:10:55,389  INFO  [allava] Step 12290/26578 | Loss 0.1332 | LR 1.17e-05 | phase_samples=393288
2026-05-18 20:10:55,918  INFO  [allava] Step 12290/26578 | Loss 0.1352 | LR 1.17e-05 | phase_samples=393296
2026-05-18 20:10:56,293  INFO  [allava] Step 12290/26578 | Loss 0.1401 | LR 1.17e-05 | phase_samples=393304
2026-05-18 20:11:12,115  INFO  [allava] Step 12300/26578 | Loss 4.8775 | LR 1.17e-05 | phase_samples=393600
2026-05-18 20:11:12,535  INFO  [allava] Step 12300/26578 | Loss 0.1351 | LR 1.17e-05 | phase_samples=393608
2026-05-18 20:11:12,928  INFO  [allava] Step 12300/26578 | Loss 0.1255 | LR 1.17e-05 | phase_samples=393616
2026-05-18 20:11:13,307  INFO  [allava] Step 12300/26578 | Loss 0.1486 | LR 1.17e-05 | phase_samples=393624
2026-05-18 20:11:28,829  INFO  [allava] Step 12310/26578 | Loss 4.9867 | LR 1.17e-05 | phase_samples=393920
2026-05-18 20:11:29,208  INFO  [allava] Step 12310/26578 | Loss 0.1412 | LR 1.17e-05 | phase_samples=393928
2026-05-18 20:11:29,645  INFO  [allava] Step 12310/26578 | Loss 0.0983 | LR 1.17e-05 | phase_samples=393936
2026-05-18 20:11:30,043  INFO  [allava] Step 12310/26578 | Loss 0.1282 | LR 1.17e-05 | phase_samples=393944
2026-05-18 20:11:45,888  INFO  [allava] Step 12320/26578 | Loss 4.8264 | LR 1.17e-05 | phase_samples=394240
2026-05-18 20:11:46,232  INFO  [allava] Step 12320/26578 | Loss 0.1145 | LR 1.17e-05 | phase_samples=394248
2026-05-18 20:11:46,697  INFO  [allava] Step 12320/26578 | Loss 0.1354 | LR 1.17e-05 | phase_samples=394256
2026-05-18 20:11:47,087  INFO  [allava] Step 12320/26578 | Loss 0.1222 | LR 1.17e-05 | phase_samples=394264
2026-05-18 20:12:02,215  INFO  [allava] Step 12330/26578 | Loss 4.8312 | LR 1.16e-05 | phase_samples=394560
2026-05-18 20:12:02,599  INFO  [allava] Step 12330/26578 | Loss 0.1342 | LR 1.16e-05 | phase_samples=394568
2026-05-18 20:12:02,995  INFO  [allava] Step 12330/26578 | Loss 0.1446 | LR 1.16e-05 | phase_samples=394576
2026-05-18 20:12:03,403  INFO  [allava] Step 12330/26578 | Loss 0.1226 | LR 1.16e-05 | phase_samples=394584
2026-05-18 20:12:19,145  INFO  [allava] Step 12340/26578 | Loss 4.5765 | LR 1.16e-05 | phase_samples=394880
2026-05-18 20:12:19,594  INFO  [allava] Step 12340/26578 | Loss 0.1226 | LR 1.16e-05 | phase_samples=394888
2026-05-18 20:12:19,978  INFO  [allava] Step 12340/26578 | Loss 0.1266 | LR 1.16e-05 | phase_samples=394896
2026-05-18 20:12:20,377  INFO  [allava] Step 12340/26578 | Loss 0.1200 | LR 1.16e-05 | phase_samples=394904
2026-05-18 20:12:35,774  INFO  [allava] Step 12350/26578 | Loss 4.5027 | LR 1.16e-05 | phase_samples=395200
2026-05-18 20:12:36,168  INFO  [allava] Step 12350/26578 | Loss 0.1256 | LR 1.16e-05 | phase_samples=395208
2026-05-18 20:12:36,613  INFO  [allava] Step 12350/26578 | Loss 0.1447 | LR 1.16e-05 | phase_samples=395216
2026-05-18 20:12:37,023  INFO  [allava] Step 12350/26578 | Loss 0.1409 | LR 1.16e-05 | phase_samples=395224
2026-05-18 20:12:52,819  INFO  [allava] Step 12360/26578 | Loss 4.9972 | LR 1.16e-05 | phase_samples=395520
2026-05-18 20:12:53,188  INFO  [allava] Step 12360/26578 | Loss 0.1233 | LR 1.16e-05 | phase_samples=395528
2026-05-18 20:12:53,568  INFO  [allava] Step 12360/26578 | Loss 0.1149 | LR 1.16e-05 | phase_samples=395536
2026-05-18 20:12:53,958  INFO  [allava] Step 12360/26578 | Loss 0.1217 | LR 1.16e-05 | phase_samples=395544
2026-05-18 20:13:09,453  INFO  [allava] Step 12370/26578 | Loss 4.7522 | LR 1.16e-05 | phase_samples=395840
2026-05-18 20:13:09,839  INFO  [allava] Step 12370/26578 | Loss 0.1025 | LR 1.16e-05 | phase_samples=395848
2026-05-18 20:13:10,221  INFO  [allava] Step 12370/26578 | Loss 0.1488 | LR 1.16e-05 | phase_samples=395856
2026-05-18 20:13:10,572  INFO  [allava] Step 12370/26578 | Loss 0.0957 | LR 1.16e-05 | phase_samples=395864
2026-05-18 20:13:26,306  INFO  [allava] Step 12380/26578 | Loss 4.7469 | LR 1.16e-05 | phase_samples=396160
2026-05-18 20:13:26,734  INFO  [allava] Step 12380/26578 | Loss 0.1447 | LR 1.16e-05 | phase_samples=396168
2026-05-18 20:13:27,128  INFO  [allava] Step 12380/26578 | Loss 0.1497 | LR 1.16e-05 | phase_samples=396176
2026-05-18 20:13:27,531  INFO  [allava] Step 12380/26578 | Loss 0.1146 | LR 1.16e-05 | phase_samples=396184
2026-05-18 20:13:43,041  INFO  [allava] Step 12390/26578 | Loss 4.7752 | LR 1.16e-05 | phase_samples=396480
2026-05-18 20:13:43,373  INFO  [allava] Step 12390/26578 | Loss 0.1047 | LR 1.16e-05 | phase_samples=396488
2026-05-18 20:13:43,761  INFO  [allava] Step 12390/26578 | Loss 0.1088 | LR 1.16e-05 | phase_samples=396496
2026-05-18 20:13:44,193  INFO  [allava] Step 12390/26578 | Loss 0.1094 | LR 1.16e-05 | phase_samples=396504
2026-05-18 20:14:00,033  INFO  [allava] Step 12400/26578 | Loss 4.7897 | LR 1.16e-05 | phase_samples=396800
2026-05-18 20:14:00,369  INFO  [allava] Step 12400/26578 | Loss 0.1411 | LR 1.16e-05 | phase_samples=396808
2026-05-18 20:14:00,762  INFO  [allava] Step 12400/26578 | Loss 0.1331 | LR 1.16e-05 | phase_samples=396816
2026-05-18 20:14:01,156  INFO  [allava] Step 12400/26578 | Loss 0.1176 | LR 1.16e-05 | phase_samples=396824
2026-05-18 20:14:16,575  INFO  [allava] Step 12410/26578 | Loss 4.9375 | LR 1.16e-05 | phase_samples=397120
2026-05-18 20:14:17,014  INFO  [allava] Step 12410/26578 | Loss 0.1156 | LR 1.16e-05 | phase_samples=397128
2026-05-18 20:14:17,331  INFO  [allava] Step 12410/26578 | Loss 0.0967 | LR 1.16e-05 | phase_samples=397136
2026-05-18 20:14:17,762  INFO  [allava] Step 12410/26578 | Loss 0.1482 | LR 1.16e-05 | phase_samples=397144
2026-05-18 20:14:33,563  INFO  [allava] Step 12420/26578 | Loss 4.7882 | LR 1.15e-05 | phase_samples=397440
2026-05-18 20:14:33,931  INFO  [allava] Step 12420/26578 | Loss 0.1516 | LR 1.15e-05 | phase_samples=397448
2026-05-18 20:14:34,364  INFO  [allava] Step 12420/26578 | Loss 0.1599 | LR 1.15e-05 | phase_samples=397456
2026-05-18 20:14:34,717  INFO  [allava] Step 12420/26578 | Loss 0.1340 | LR 1.15e-05 | phase_samples=397464
2026-05-18 20:14:50,025  INFO  [allava] Step 12430/26578 | Loss 4.7656 | LR 1.15e-05 | phase_samples=397760
2026-05-18 20:14:50,422  INFO  [allava] Step 12430/26578 | Loss 0.1451 | LR 1.15e-05 | phase_samples=397768
2026-05-18 20:14:50,796  INFO  [allava] Step 12430/26578 | Loss 0.1507 | LR 1.15e-05 | phase_samples=397776
2026-05-18 20:14:51,193  INFO  [allava] Step 12430/26578 | Loss 0.1514 | LR 1.15e-05 | phase_samples=397784
2026-05-18 20:15:06,921  INFO  [allava] Step 12440/26578 | Loss 4.7168 | LR 1.15e-05 | phase_samples=398080
2026-05-18 20:15:07,273  INFO  [allava] Step 12440/26578 | Loss 0.1207 | LR 1.15e-05 | phase_samples=398088
2026-05-18 20:15:07,701  INFO  [allava] Step 12440/26578 | Loss 0.1721 | LR 1.15e-05 | phase_samples=398096
2026-05-18 20:15:08,106  INFO  [allava] Step 12440/26578 | Loss 0.1372 | LR 1.15e-05 | phase_samples=398104
2026-05-18 20:15:23,307  INFO  [allava] Step 12450/26578 | Loss 4.7764 | LR 1.15e-05 | phase_samples=398400
2026-05-18 20:15:23,751  INFO  [allava] Step 12450/26578 | Loss 0.1138 | LR 1.15e-05 | phase_samples=398408
2026-05-18 20:15:24,128  INFO  [allava] Step 12450/26578 | Loss 0.1080 | LR 1.15e-05 | phase_samples=398416
2026-05-18 20:15:24,534  INFO  [allava] Step 12450/26578 | Loss 0.1370 | LR 1.15e-05 | phase_samples=398424
2026-05-18 20:15:40,112  INFO  [allava] Step 12460/26578 | Loss 4.8264 | LR 1.15e-05 | phase_samples=398720
2026-05-18 20:15:41,026  INFO  [allava] Step 12460/26578 | Loss 0.1243 | LR 1.15e-05 | phase_samples=398728
2026-05-18 20:15:41,393  INFO  [allava] Step 12460/26578 | Loss 0.1212 | LR 1.15e-05 | phase_samples=398736
2026-05-18 20:15:41,765  INFO  [allava] Step 12460/26578 | Loss 0.1434 | LR 1.15e-05 | phase_samples=398744
2026-05-18 20:15:57,044  INFO  [allava] Step 12470/26578 | Loss 4.7647 | LR 1.15e-05 | phase_samples=399040
2026-05-18 20:15:57,435  INFO  [allava] Step 12470/26578 | Loss 0.1404 | LR 1.15e-05 | phase_samples=399048
2026-05-18 20:15:57,809  INFO  [allava] Step 12470/26578 | Loss 0.1268 | LR 1.15e-05 | phase_samples=399056
2026-05-18 20:15:58,194  INFO  [allava] Step 12470/26578 | Loss 0.1428 | LR 1.15e-05 | phase_samples=399064
2026-05-18 20:16:13,512  INFO  [allava] Step 12480/26578 | Loss 4.7239 | LR 1.15e-05 | phase_samples=399360
2026-05-18 20:16:13,939  INFO  [allava] Step 12480/26578 | Loss 0.1386 | LR 1.15e-05 | phase_samples=399368
2026-05-18 20:16:14,798  INFO  [allava] Step 12480/26578 | Loss 0.1493 | LR 1.15e-05 | phase_samples=399376
2026-05-18 20:16:15,179  INFO  [allava] Step 12480/26578 | Loss 0.1506 | LR 1.15e-05 | phase_samples=399384
2026-05-18 20:16:30,387  INFO  [allava] Step 12490/26578 | Loss 4.7499 | LR 1.15e-05 | phase_samples=399680
2026-05-18 20:16:30,749  INFO  [allava] Step 12490/26578 | Loss 0.1229 | LR 1.15e-05 | phase_samples=399688
2026-05-18 20:16:31,149  INFO  [allava] Step 12490/26578 | Loss 0.1468 | LR 1.15e-05 | phase_samples=399696
2026-05-18 20:16:31,523  INFO  [allava] Step 12490/26578 | Loss 0.1207 | LR 1.15e-05 | phase_samples=399704
2026-05-18 20:16:46,998  INFO  [allava] Step 12500/26578 | Loss 4.7559 | LR 1.14e-05 | phase_samples=400000
2026-05-18 20:16:47,411  INFO  [allava] Step 12500/26578 | Loss 0.1292 | LR 1.14e-05 | phase_samples=400008
2026-05-18 20:16:48,285  INFO  [allava] Step 12500/26578 | Loss 0.1540 | LR 1.14e-05 | phase_samples=400016
2026-05-18 20:16:48,688  INFO  [allava] Step 12500/26578 | Loss 0.1339 | LR 1.14e-05 | phase_samples=400024
2026-05-18 20:17:04,189  INFO  [allava] Step 12510/26578 | Loss 4.7363 | LR 1.14e-05 | phase_samples=400320
2026-05-18 20:17:04,578  INFO  [allava] Step 12510/26578 | Loss 0.1448 | LR 1.14e-05 | phase_samples=400328
2026-05-18 20:17:04,951  INFO  [allava] Step 12510/26578 | Loss 0.1339 | LR 1.14e-05 | phase_samples=400336
2026-05-18 20:17:05,390  INFO  [allava] Step 12510/26578 | Loss 0.1321 | LR 1.14e-05 | phase_samples=400344
2026-05-18 20:17:20,839  INFO  [allava] Step 12520/26578 | Loss 4.7047 | LR 1.14e-05 | phase_samples=400640
2026-05-18 20:17:21,203  INFO  [allava] Step 12520/26578 | Loss 0.1402 | LR 1.14e-05 | phase_samples=400648
2026-05-18 20:17:22,065  INFO  [allava] Step 12520/26578 | Loss 0.1059 | LR 1.14e-05 | phase_samples=400656
2026-05-18 20:17:22,443  INFO  [allava] Step 12520/26578 | Loss 0.1249 | LR 1.14e-05 | phase_samples=400664
2026-05-18 20:17:37,593  INFO  [allava] Step 12530/26578 | Loss 4.6776 | LR 1.14e-05 | phase_samples=400960
2026-05-18 20:17:37,916  INFO  [allava] Step 12530/26578 | Loss 0.1055 | LR 1.14e-05 | phase_samples=400968
2026-05-18 20:17:38,287  INFO  [allava] Step 12530/26578 | Loss 0.1328 | LR 1.14e-05 | phase_samples=400976
2026-05-18 20:17:38,682  INFO  [allava] Step 12530/26578 | Loss 0.1560 | LR 1.14e-05 | phase_samples=400984
2026-05-18 20:17:54,149  INFO  [allava] Step 12540/26578 | Loss 4.7472 | LR 1.14e-05 | phase_samples=401280
2026-05-18 20:17:54,514  INFO  [allava] Step 12540/26578 | Loss 0.1057 | LR 1.14e-05 | phase_samples=401288
2026-05-18 20:17:54,944  INFO  [allava] Step 12540/26578 | Loss 0.1579 | LR 1.14e-05 | phase_samples=401296
2026-05-18 20:17:55,825  INFO  [allava] Step 12540/26578 | Loss 0.1089 | LR 1.14e-05 | phase_samples=401304
2026-05-18 20:18:11,049  INFO  [allava] Step 12550/26578 | Loss 4.7009 | LR 1.14e-05 | phase_samples=401600
2026-05-18 20:18:11,413  INFO  [allava] Step 12550/26578 | Loss 0.1602 | LR 1.14e-05 | phase_samples=401608
2026-05-18 20:18:11,800  INFO  [allava] Step 12550/26578 | Loss 0.1359 | LR 1.14e-05 | phase_samples=401616
2026-05-18 20:18:12,195  INFO  [allava] Step 12550/26578 | Loss 0.1256 | LR 1.14e-05 | phase_samples=401624
2026-05-18 20:18:27,361  INFO  [allava] Step 12560/26578 | Loss 4.7241 | LR 1.14e-05 | phase_samples=401920
2026-05-18 20:18:28,224  INFO  [allava] Step 12560/26578 | Loss 0.0999 | LR 1.14e-05 | phase_samples=401928
2026-05-18 20:18:28,616  INFO  [allava] Step 12560/26578 | Loss 0.1243 | LR 1.14e-05 | phase_samples=401936
2026-05-18 20:18:29,055  INFO  [allava] Step 12560/26578 | Loss 0.1568 | LR 1.14e-05 | phase_samples=401944
2026-05-18 20:18:44,442  INFO  [allava] Step 12570/26578 | Loss 4.9292 | LR 1.14e-05 | phase_samples=402240
2026-05-18 20:18:44,822  INFO  [allava] Step 12570/26578 | Loss 0.1150 | LR 1.14e-05 | phase_samples=402248
2026-05-18 20:18:45,216  INFO  [allava] Step 12570/26578 | Loss 0.1067 | LR 1.14e-05 | phase_samples=402256
2026-05-18 20:18:45,609  INFO  [allava] Step 12570/26578 | Loss 0.1217 | LR 1.14e-05 | phase_samples=402264
2026-05-18 20:19:00,806  INFO  [allava] Step 12580/26578 | Loss 4.5961 | LR 1.13e-05 | phase_samples=402560
2026-05-18 20:19:01,219  INFO  [allava] Step 12580/26578 | Loss 0.1382 | LR 1.13e-05 | phase_samples=402568
2026-05-18 20:19:01,587  INFO  [allava] Step 12580/26578 | Loss 0.1193 | LR 1.13e-05 | phase_samples=402576
2026-05-18 20:19:02,481  INFO  [allava] Step 12580/26578 | Loss 0.1364 | LR 1.13e-05 | phase_samples=402584
2026-05-18 20:19:17,700  INFO  [allava] Step 12590/26578 | Loss 4.6831 | LR 1.13e-05 | phase_samples=402880
2026-05-18 20:19:18,054  INFO  [allava] Step 12590/26578 | Loss 0.1412 | LR 1.13e-05 | phase_samples=402888
2026-05-18 20:19:18,404  INFO  [allava] Step 12590/26578 | Loss 0.1134 | LR 1.13e-05 | phase_samples=402896
2026-05-18 20:19:18,805  INFO  [allava] Step 12590/26578 | Loss 0.1114 | LR 1.13e-05 | phase_samples=402904
2026-05-18 20:19:34,122  INFO  [allava] Step 12600/26578 | Loss 4.7889 | LR 1.13e-05 | phase_samples=403200
2026-05-18 20:19:35,041  INFO  [allava] Step 12600/26578 | Loss 0.1134 | LR 1.13e-05 | phase_samples=403208
2026-05-18 20:19:35,411  INFO  [allava] Step 12600/26578 | Loss 0.1328 | LR 1.13e-05 | phase_samples=403216
2026-05-18 20:19:35,846  INFO  [allava] Step 12600/26578 | Loss 0.1385 | LR 1.13e-05 | phase_samples=403224
2026-05-18 20:19:51,249  INFO  [allava] Step 12610/26578 | Loss 4.7003 | LR 1.13e-05 | phase_samples=403520
2026-05-18 20:19:51,603  INFO  [allava] Step 12610/26578 | Loss 0.1127 | LR 1.13e-05 | phase_samples=403528
2026-05-18 20:19:51,993  INFO  [allava] Step 12610/26578 | Loss 0.1163 | LR 1.13e-05 | phase_samples=403536
2026-05-18 20:19:52,324  INFO  [allava] Step 12610/26578 | Loss 0.1330 | LR 1.13e-05 | phase_samples=403544
2026-05-18 20:20:07,346  INFO  [allava] Step 12620/26578 | Loss 4.7488 | LR 1.13e-05 | phase_samples=403840
2026-05-18 20:20:07,726  INFO  [allava] Step 12620/26578 | Loss 0.1279 | LR 1.13e-05 | phase_samples=403848
2026-05-18 20:20:08,623  INFO  [allava] Step 12620/26578 | Loss 0.1445 | LR 1.13e-05 | phase_samples=403856
2026-05-18 20:20:09,019  INFO  [allava] Step 12620/26578 | Loss 0.1273 | LR 1.13e-05 | phase_samples=403864
2026-05-18 20:20:24,214  INFO  [allava] Step 12630/26578 | Loss 4.7439 | LR 1.13e-05 | phase_samples=404160
2026-05-18 20:20:24,576  INFO  [allava] Step 12630/26578 | Loss 0.1606 | LR 1.13e-05 | phase_samples=404168
2026-05-18 20:20:24,965  INFO  [allava] Step 12630/26578 | Loss 0.1052 | LR 1.13e-05 | phase_samples=404176
2026-05-18 20:20:25,369  INFO  [allava] Step 12630/26578 | Loss 0.1554 | LR 1.13e-05 | phase_samples=404184
2026-05-18 20:20:40,703  INFO  [allava] Step 12640/26578 | Loss 4.8262 | LR 1.13e-05 | phase_samples=404480
2026-05-18 20:20:41,068  INFO  [allava] Step 12640/26578 | Loss 0.1305 | LR 1.13e-05 | phase_samples=404488
2026-05-18 20:20:41,472  INFO  [allava] Step 12640/26578 | Loss 0.1257 | LR 1.13e-05 | phase_samples=404496
2026-05-18 20:20:41,878  INFO  [allava] Step 12640/26578 | Loss 0.1146 | LR 1.13e-05 | phase_samples=404504
2026-05-18 20:20:57,929  INFO  [allava] Step 12650/26578 | Loss 4.8487 | LR 1.13e-05 | phase_samples=404800
2026-05-18 20:20:58,258  INFO  [allava] Step 12650/26578 | Loss 0.1184 | LR 1.13e-05 | phase_samples=404808
2026-05-18 20:20:58,650  INFO  [allava] Step 12650/26578 | Loss 0.1212 | LR 1.13e-05 | phase_samples=404816
2026-05-18 20:20:59,054  INFO  [allava] Step 12650/26578 | Loss 0.1533 | LR 1.13e-05 | phase_samples=404824
2026-05-18 20:21:14,299  INFO  [allava] Step 12660/26578 | Loss 4.8589 | LR 1.12e-05 | phase_samples=405120
2026-05-18 20:21:14,613  INFO  [allava] Step 12660/26578 | Loss 0.1084 | LR 1.12e-05 | phase_samples=405128
2026-05-18 20:21:15,459  INFO  [allava] Step 12660/26578 | Loss 0.1211 | LR 1.12e-05 | phase_samples=405136
2026-05-18 20:21:15,807  INFO  [allava] Step 12660/26578 | Loss 0.1088 | LR 1.12e-05 | phase_samples=405144
2026-05-18 20:21:31,043  INFO  [allava] Step 12670/26578 | Loss 4.8167 | LR 1.12e-05 | phase_samples=405440
2026-05-18 20:21:31,397  INFO  [allava] Step 12670/26578 | Loss 0.1140 | LR 1.12e-05 | phase_samples=405448
2026-05-18 20:21:31,799  INFO  [allava] Step 12670/26578 | Loss 0.1320 | LR 1.12e-05 | phase_samples=405456
2026-05-18 20:21:32,193  INFO  [allava] Step 12670/26578 | Loss 0.1510 | LR 1.12e-05 | phase_samples=405464
2026-05-18 20:21:47,474  INFO  [allava] Step 12680/26578 | Loss 5.0498 | LR 1.12e-05 | phase_samples=405760
2026-05-18 20:21:47,849  INFO  [allava] Step 12680/26578 | Loss 0.1512 | LR 1.12e-05 | phase_samples=405768
2026-05-18 20:21:48,240  INFO  [allava] Step 12680/26578 | Loss 0.1139 | LR 1.12e-05 | phase_samples=405776
2026-05-18 20:21:49,142  INFO  [allava] Step 12680/26578 | Loss 0.1246 | LR 1.12e-05 | phase_samples=405784
2026-05-18 20:22:04,558  INFO  [allava] Step 12690/26578 | Loss 4.7384 | LR 1.12e-05 | phase_samples=406080
2026-05-18 20:22:04,936  INFO  [allava] Step 12690/26578 | Loss 0.1442 | LR 1.12e-05 | phase_samples=406088
2026-05-18 20:22:05,324  INFO  [allava] Step 12690/26578 | Loss 0.1127 | LR 1.12e-05 | phase_samples=406096
2026-05-18 20:22:05,707  INFO  [allava] Step 12690/26578 | Loss 0.1076 | LR 1.12e-05 | phase_samples=406104
2026-05-18 20:22:20,835  INFO  [allava] Step 12700/26578 | Loss 4.6151 | LR 1.12e-05 | phase_samples=406400
2026-05-18 20:22:21,259  INFO  [allava] Step 12700/26578 | Loss 0.1567 | LR 1.12e-05 | phase_samples=406408
2026-05-18 20:22:21,659  INFO  [allava] Step 12700/26578 | Loss 0.1478 | LR 1.12e-05 | phase_samples=406416
2026-05-18 20:22:22,033  INFO  [allava] Step 12700/26578 | Loss 0.1217 | LR 1.12e-05 | phase_samples=406424
2026-05-18 20:22:37,514  INFO  [allava] Step 12710/26578 | Loss 4.5261 | LR 1.12e-05 | phase_samples=406720
2026-05-18 20:22:37,870  INFO  [allava] Step 12710/26578 | Loss 0.1502 | LR 1.12e-05 | phase_samples=406728
2026-05-18 20:22:38,297  INFO  [allava] Step 12710/26578 | Loss 0.1213 | LR 1.12e-05 | phase_samples=406736
2026-05-18 20:22:38,757  INFO  [allava] Step 12710/26578 | Loss 0.1234 | LR 1.12e-05 | phase_samples=406744
2026-05-18 20:22:54,301  INFO  [allava] Step 12720/26578 | Loss 4.6638 | LR 1.12e-05 | phase_samples=407040
2026-05-18 20:22:54,718  INFO  [allava] Step 12720/26578 | Loss 0.1410 | LR 1.12e-05 | phase_samples=407048
2026-05-18 20:22:55,106  INFO  [allava] Step 12720/26578 | Loss 0.1335 | LR 1.12e-05 | phase_samples=407056
2026-05-18 20:22:55,993  INFO  [allava] Step 12720/26578 | Loss 0.1515 | LR 1.12e-05 | phase_samples=407064
2026-05-18 20:23:11,228  INFO  [allava] Step 12730/26578 | Loss 4.6287 | LR 1.12e-05 | phase_samples=407360
2026-05-18 20:23:11,580  INFO  [allava] Step 12730/26578 | Loss 0.1139 | LR 1.12e-05 | phase_samples=407368
2026-05-18 20:23:11,949  INFO  [allava] Step 12730/26578 | Loss 0.1407 | LR 1.12e-05 | phase_samples=407376
2026-05-18 20:23:12,340  INFO  [allava] Step 12730/26578 | Loss 0.1225 | LR 1.12e-05 | phase_samples=407384
2026-05-18 20:23:28,171  INFO  [allava] Step 12740/26578 | Loss 4.8838 | LR 1.12e-05 | phase_samples=407680
2026-05-18 20:23:28,537  INFO  [allava] Step 12740/26578 | Loss 0.1283 | LR 1.12e-05 | phase_samples=407688
2026-05-18 20:23:28,963  INFO  [allava] Step 12740/26578 | Loss 0.1070 | LR 1.12e-05 | phase_samples=407696
2026-05-18 20:23:29,355  INFO  [allava] Step 12740/26578 | Loss 0.1500 | LR 1.12e-05 | phase_samples=407704
2026-05-18 20:23:45,066  INFO  [allava] Step 12750/26578 | Loss 4.8354 | LR 1.11e-05 | phase_samples=408000
2026-05-18 20:23:45,427  INFO  [allava] Step 12750/26578 | Loss 0.1274 | LR 1.11e-05 | phase_samples=408008
2026-05-18 20:23:45,804  INFO  [allava] Step 12750/26578 | Loss 0.1222 | LR 1.11e-05 | phase_samples=408016
2026-05-18 20:23:46,204  INFO  [allava] Step 12750/26578 | Loss 0.1226 | LR 1.11e-05 | phase_samples=408024
2026-05-18 20:24:01,912  INFO  [allava] Step 12760/26578 | Loss 4.8253 | LR 1.11e-05 | phase_samples=408320
2026-05-18 20:24:02,265  INFO  [allava] Step 12760/26578 | Loss 0.1363 | LR 1.11e-05 | phase_samples=408328
2026-05-18 20:24:02,644  INFO  [allava] Step 12760/26578 | Loss 0.1204 | LR 1.11e-05 | phase_samples=408336
2026-05-18 20:24:03,047  INFO  [allava] Step 12760/26578 | Loss 0.1216 | LR 1.11e-05 | phase_samples=408344
2026-05-18 20:24:18,581  INFO  [allava] Step 12770/26578 | Loss 4.7271 | LR 1.11e-05 | phase_samples=408640
2026-05-18 20:24:18,958  INFO  [allava] Step 12770/26578 | Loss 0.1355 | LR 1.11e-05 | phase_samples=408648
2026-05-18 20:24:19,338  INFO  [allava] Step 12770/26578 | Loss 0.1321 | LR 1.11e-05 | phase_samples=408656
2026-05-18 20:24:19,720  INFO  [allava] Step 12770/26578 | Loss 0.1307 | LR 1.11e-05 | phase_samples=408664
2026-05-18 20:24:34,742  INFO  [allava] Step 12780/26578 | Loss 4.7149 | LR 1.11e-05 | phase_samples=408960
2026-05-18 20:24:35,119  INFO  [allava] Step 12780/26578 | Loss 0.1259 | LR 1.11e-05 | phase_samples=408968
2026-05-18 20:24:35,517  INFO  [allava] Step 12780/26578 | Loss 0.1454 | LR 1.11e-05 | phase_samples=408976
2026-05-18 20:24:35,890  INFO  [allava] Step 12780/26578 | Loss 0.1310 | LR 1.11e-05 | phase_samples=408984
2026-05-18 20:24:51,706  INFO  [allava] Step 12790/26578 | Loss 4.8805 | LR 1.11e-05 | phase_samples=409280
2026-05-18 20:24:52,070  INFO  [allava] Step 12790/26578 | Loss 0.1241 | LR 1.11e-05 | phase_samples=409288
2026-05-18 20:24:52,443  INFO  [allava] Step 12790/26578 | Loss 0.1152 | LR 1.11e-05 | phase_samples=409296
2026-05-18 20:24:52,836  INFO  [allava] Step 12790/26578 | Loss 0.1576 | LR 1.11e-05 | phase_samples=409304
2026-05-18 20:25:08,238  INFO  [allava] Step 12800/26578 | Loss 4.7546 | LR 1.11e-05 | phase_samples=409600
2026-05-18 20:25:08,651  INFO  [allava] Step 12800/26578 | Loss 0.1417 | LR 1.11e-05 | phase_samples=409608
2026-05-18 20:25:09,043  INFO  [allava] Step 12800/26578 | Loss 0.1421 | LR 1.11e-05 | phase_samples=409616
2026-05-18 20:25:09,424  INFO  [allava] Step 12800/26578 | Loss 0.1476 | LR 1.11e-05 | phase_samples=409624
2026-05-18 20:25:25,459  INFO  [allava] Step 12810/26578 | Loss 4.6566 | LR 1.11e-05 | phase_samples=409920
2026-05-18 20:25:25,793  INFO  [allava] Step 12810/26578 | Loss 0.1103 | LR 1.11e-05 | phase_samples=409928
2026-05-18 20:25:26,194  INFO  [allava] Step 12810/26578 | Loss 0.1474 | LR 1.11e-05 | phase_samples=409936
2026-05-18 20:25:26,596  INFO  [allava] Step 12810/26578 | Loss 0.1290 | LR 1.11e-05 | phase_samples=409944
2026-05-18 20:25:41,839  INFO  [allava] Step 12820/26578 | Loss 4.7946 | LR 1.11e-05 | phase_samples=410240
2026-05-18 20:25:42,214  INFO  [allava] Step 12820/26578 | Loss 0.1416 | LR 1.11e-05 | phase_samples=410248
2026-05-18 20:25:42,590  INFO  [allava] Step 12820/26578 | Loss 0.1400 | LR 1.11e-05 | phase_samples=410256
2026-05-18 20:25:43,027  INFO  [allava] Step 12820/26578 | Loss 0.1477 | LR 1.11e-05 | phase_samples=410264
2026-05-18 20:25:59,161  INFO  [allava] Step 12830/26578 | Loss 4.8634 | LR 1.10e-05 | phase_samples=410560
2026-05-18 20:25:59,539  INFO  [allava] Step 12830/26578 | Loss 0.1308 | LR 1.10e-05 | phase_samples=410568
2026-05-18 20:25:59,992  INFO  [allava] Step 12830/26578 | Loss 0.1560 | LR 1.10e-05 | phase_samples=410576
2026-05-18 20:26:00,391  INFO  [allava] Step 12830/26578 | Loss 0.1537 | LR 1.10e-05 | phase_samples=410584
2026-05-18 20:26:15,740  INFO  [allava] Step 12840/26578 | Loss 4.6734 | LR 1.10e-05 | phase_samples=410880
2026-05-18 20:26:16,117  INFO  [allava] Step 12840/26578 | Loss 0.1161 | LR 1.10e-05 | phase_samples=410888
2026-05-18 20:26:16,546  INFO  [allava] Step 12840/26578 | Loss 0.1445 | LR 1.10e-05 | phase_samples=410896
2026-05-18 20:26:17,014  INFO  [allava] Step 12840/26578 | Loss 0.1337 | LR 1.10e-05 | phase_samples=410904
2026-05-18 20:26:33,018  INFO  [allava] Step 12850/26578 | Loss 4.7758 | LR 1.10e-05 | phase_samples=411200
2026-05-18 20:26:33,397  INFO  [allava] Step 12850/26578 | Loss 0.1532 | LR 1.10e-05 | phase_samples=411208
2026-05-18 20:26:33,774  INFO  [allava] Step 12850/26578 | Loss 0.1257 | LR 1.10e-05 | phase_samples=411216
2026-05-18 20:26:34,150  INFO  [allava] Step 12850/26578 | Loss 0.1481 | LR 1.10e-05 | phase_samples=411224
2026-05-18 20:26:49,457  INFO  [allava] Step 12860/26578 | Loss 4.7113 | LR 1.10e-05 | phase_samples=411520
2026-05-18 20:26:49,815  INFO  [allava] Step 12860/26578 | Loss 0.1198 | LR 1.10e-05 | phase_samples=411528
2026-05-18 20:26:50,195  INFO  [allava] Step 12860/26578 | Loss 0.1274 | LR 1.10e-05 | phase_samples=411536
2026-05-18 20:26:50,522  INFO  [allava] Step 12860/26578 | Loss 0.1163 | LR 1.10e-05 | phase_samples=411544
2026-05-18 20:27:06,054  INFO  [allava] Step 12870/26578 | Loss 4.8615 | LR 1.10e-05 | phase_samples=411840
2026-05-18 20:27:06,415  INFO  [allava] Step 12870/26578 | Loss 0.1480 | LR 1.10e-05 | phase_samples=411848
2026-05-18 20:27:06,788  INFO  [allava] Step 12870/26578 | Loss 0.1334 | LR 1.10e-05 | phase_samples=411856
2026-05-18 20:27:07,168  INFO  [allava] Step 12870/26578 | Loss 0.1122 | LR 1.10e-05 | phase_samples=411864
2026-05-18 20:27:22,114  INFO  [allava] Step 12880/26578 | Loss 4.6749 | LR 1.10e-05 | phase_samples=412160
2026-05-18 20:27:22,503  INFO  [allava] Step 12880/26578 | Loss 0.1341 | LR 1.10e-05 | phase_samples=412168
2026-05-18 20:27:22,904  INFO  [allava] Step 12880/26578 | Loss 0.1228 | LR 1.10e-05 | phase_samples=412176
2026-05-18 20:27:23,288  INFO  [allava] Step 12880/26578 | Loss 0.1499 | LR 1.10e-05 | phase_samples=412184
2026-05-18 20:27:39,251  INFO  [allava] Step 12890/26578 | Loss 4.7932 | LR 1.10e-05 | phase_samples=412480
2026-05-18 20:27:39,581  INFO  [allava] Step 12890/26578 | Loss 0.1212 | LR 1.10e-05 | phase_samples=412488
2026-05-18 20:27:39,952  INFO  [allava] Step 12890/26578 | Loss 0.1232 | LR 1.10e-05 | phase_samples=412496
2026-05-18 20:27:40,349  INFO  [allava] Step 12890/26578 | Loss 0.1464 | LR 1.10e-05 | phase_samples=412504
2026-05-18 20:27:55,481  INFO  [allava] Step 12900/26578 | Loss 4.5951 | LR 1.10e-05 | phase_samples=412800
2026-05-18 20:27:55,860  INFO  [allava] Step 12900/26578 | Loss 0.1534 | LR 1.10e-05 | phase_samples=412808
2026-05-18 20:27:56,291  INFO  [allava] Step 12900/26578 | Loss 0.1342 | LR 1.10e-05 | phase_samples=412816
2026-05-18 20:27:56,639  INFO  [allava] Step 12900/26578 | Loss 0.1222 | LR 1.10e-05 | phase_samples=412824
2026-05-18 20:28:12,491  INFO  [allava] Step 12910/26578 | Loss 4.9042 | LR 1.09e-05 | phase_samples=413120
2026-05-18 20:28:12,904  INFO  [allava] Step 12910/26578 | Loss 0.1205 | LR 1.09e-05 | phase_samples=413128
2026-05-18 20:28:13,292  INFO  [allava] Step 12910/26578 | Loss 0.1232 | LR 1.09e-05 | phase_samples=413136
2026-05-18 20:28:13,720  INFO  [allava] Step 12910/26578 | Loss 0.1319 | LR 1.09e-05 | phase_samples=413144
2026-05-18 20:28:28,853  INFO  [allava] Step 12920/26578 | Loss 4.7765 | LR 1.09e-05 | phase_samples=413440
2026-05-18 20:28:29,273  INFO  [allava] Step 12920/26578 | Loss 0.1163 | LR 1.09e-05 | phase_samples=413448
2026-05-18 20:28:29,616  INFO  [allava] Step 12920/26578 | Loss 0.1340 | LR 1.09e-05 | phase_samples=413456
2026-05-18 20:28:30,046  INFO  [allava] Step 12920/26578 | Loss 0.1181 | LR 1.09e-05 | phase_samples=413464
2026-05-18 20:28:45,958  INFO  [allava] Step 12930/26578 | Loss 4.8469 | LR 1.09e-05 | phase_samples=413760
2026-05-18 20:28:46,454  INFO  [allava] Step 12930/26578 | Loss 0.1267 | LR 1.09e-05 | phase_samples=413768
2026-05-18 20:28:46,860  INFO  [allava] Step 12930/26578 | Loss 0.1462 | LR 1.09e-05 | phase_samples=413776
2026-05-18 20:28:47,252  INFO  [allava] Step 12930/26578 | Loss 0.1243 | LR 1.09e-05 | phase_samples=413784
2026-05-18 20:29:02,492  INFO  [allava] Step 12940/26578 | Loss 4.7223 | LR 1.09e-05 | phase_samples=414080
2026-05-18 20:29:02,884  INFO  [allava] Step 12940/26578 | Loss 0.1280 | LR 1.09e-05 | phase_samples=414088
2026-05-18 20:29:03,272  INFO  [allava] Step 12940/26578 | Loss 0.1008 | LR 1.09e-05 | phase_samples=414096
2026-05-18 20:29:03,729  INFO  [allava] Step 12940/26578 | Loss 0.1170 | LR 1.09e-05 | phase_samples=414104
2026-05-18 20:29:19,267  INFO  [allava] Step 12950/26578 | Loss 4.8350 | LR 1.09e-05 | phase_samples=414400
2026-05-18 20:29:19,706  INFO  [allava] Step 12950/26578 | Loss 0.1368 | LR 1.09e-05 | phase_samples=414408
2026-05-18 20:29:20,041  INFO  [allava] Step 12950/26578 | Loss 0.0957 | LR 1.09e-05 | phase_samples=414416
2026-05-18 20:29:20,421  INFO  [allava] Step 12950/26578 | Loss 0.1025 | LR 1.09e-05 | phase_samples=414424
2026-05-18 20:29:35,497  INFO  [allava] Step 12960/26578 | Loss 4.7787 | LR 1.09e-05 | phase_samples=414720
2026-05-18 20:29:35,820  INFO  [allava] Step 12960/26578 | Loss 0.1332 | LR 1.09e-05 | phase_samples=414728
2026-05-18 20:29:36,159  INFO  [allava] Step 12960/26578 | Loss 0.1154 | LR 1.09e-05 | phase_samples=414736
2026-05-18 20:29:36,554  INFO  [allava] Step 12960/26578 | Loss 0.1330 | LR 1.09e-05 | phase_samples=414744
2026-05-18 20:29:52,277  INFO  [allava] Step 12970/26578 | Loss 4.7557 | LR 1.09e-05 | phase_samples=415040
2026-05-18 20:29:52,654  INFO  [allava] Step 12970/26578 | Loss 0.1172 | LR 1.09e-05 | phase_samples=415048
2026-05-18 20:29:53,033  INFO  [allava] Step 12970/26578 | Loss 0.1041 | LR 1.09e-05 | phase_samples=415056
2026-05-18 20:29:53,408  INFO  [allava] Step 12970/26578 | Loss 0.1148 | LR 1.09e-05 | phase_samples=415064
2026-05-18 20:30:08,416  INFO  [allava] Step 12980/26578 | Loss 4.6837 | LR 1.09e-05 | phase_samples=415360
2026-05-18 20:30:08,751  INFO  [allava] Step 12980/26578 | Loss 0.1153 | LR 1.09e-05 | phase_samples=415368
2026-05-18 20:30:09,130  INFO  [allava] Step 12980/26578 | Loss 0.1466 | LR 1.09e-05 | phase_samples=415376
2026-05-18 20:30:09,478  INFO  [allava] Step 12980/26578 | Loss 0.1326 | LR 1.09e-05 | phase_samples=415384
2026-05-18 20:30:25,135  INFO  [allava] Step 12990/26578 | Loss 4.6313 | LR 1.08e-05 | phase_samples=415680
2026-05-18 20:30:25,525  INFO  [allava] Step 12990/26578 | Loss 0.1248 | LR 1.08e-05 | phase_samples=415688
2026-05-18 20:30:25,915  INFO  [allava] Step 12990/26578 | Loss 0.1441 | LR 1.08e-05 | phase_samples=415696
2026-05-18 20:30:26,295  INFO  [allava] Step 12990/26578 | Loss 0.1402 | LR 1.08e-05 | phase_samples=415704
2026-05-18 20:30:41,532  INFO  [allava] Step 13000/26578 | Loss 4.8222 | LR 1.08e-05 | phase_samples=416000
2026-05-18 20:30:41,920  INFO  [allava] Step 13000/26578 | Loss 0.1174 | LR 1.08e-05 | phase_samples=416008
2026-05-18 20:30:42,310  INFO  [allava] Step 13000/26578 | Loss 0.1128 | LR 1.08e-05 | phase_samples=416016
2026-05-18 20:30:42,748  INFO  [allava] Step 13000/26578 | Loss 0.1372 | LR 1.08e-05 | phase_samples=416024
2026-05-18 20:30:58,556  INFO  [allava] Step 13010/26578 | Loss 4.7915 | LR 1.08e-05 | phase_samples=416320
2026-05-18 20:30:58,976  INFO  [allava] Step 13010/26578 | Loss 0.1293 | LR 1.08e-05 | phase_samples=416328
2026-05-18 20:30:59,367  INFO  [allava] Step 13010/26578 | Loss 0.1383 | LR 1.08e-05 | phase_samples=416336
2026-05-18 20:30:59,762  INFO  [allava] Step 13010/26578 | Loss 0.1446 | LR 1.08e-05 | phase_samples=416344
2026-05-18 20:31:15,019  INFO  [allava] Step 13020/26578 | Loss 4.7535 | LR 1.08e-05 | phase_samples=416640
2026-05-18 20:31:15,405  INFO  [allava] Step 13020/26578 | Loss 0.1151 | LR 1.08e-05 | phase_samples=416648
2026-05-18 20:31:15,780  INFO  [allava] Step 13020/26578 | Loss 0.1441 | LR 1.08e-05 | phase_samples=416656
2026-05-18 20:31:16,188  INFO  [allava] Step 13020/26578 | Loss 0.1127 | LR 1.08e-05 | phase_samples=416664
2026-05-18 20:31:31,813  INFO  [allava] Step 13030/26578 | Loss 4.7385 | LR 1.08e-05 | phase_samples=416960
2026-05-18 20:31:32,180  INFO  [allava] Step 13030/26578 | Loss 0.1155 | LR 1.08e-05 | phase_samples=416968
2026-05-18 20:31:32,568  INFO  [allava] Step 13030/26578 | Loss 0.1208 | LR 1.08e-05 | phase_samples=416976
2026-05-18 20:31:32,954  INFO  [allava] Step 13030/26578 | Loss 0.1379 | LR 1.08e-05 | phase_samples=416984
2026-05-18 20:31:48,259  INFO  [allava] Step 13040/26578 | Loss 4.6177 | LR 1.08e-05 | phase_samples=417280
2026-05-18 20:31:48,638  INFO  [allava] Step 13040/26578 | Loss 0.1225 | LR 1.08e-05 | phase_samples=417288
2026-05-18 20:31:49,016  INFO  [allava] Step 13040/26578 | Loss 0.1488 | LR 1.08e-05 | phase_samples=417296
2026-05-18 20:31:49,454  INFO  [allava] Step 13040/26578 | Loss 0.1476 | LR 1.08e-05 | phase_samples=417304
2026-05-18 20:32:05,367  INFO  [allava] Step 13050/26578 | Loss 4.8484 | LR 1.08e-05 | phase_samples=417600
2026-05-18 20:32:05,753  INFO  [allava] Step 13050/26578 | Loss 0.1453 | LR 1.08e-05 | phase_samples=417608
2026-05-18 20:32:06,187  INFO  [allava] Step 13050/26578 | Loss 0.1399 | LR 1.08e-05 | phase_samples=417616
2026-05-18 20:32:06,583  INFO  [allava] Step 13050/26578 | Loss 0.1718 | LR 1.08e-05 | phase_samples=417624
2026-05-18 20:32:21,710  INFO  [allava] Step 13060/26578 | Loss 4.7280 | LR 1.08e-05 | phase_samples=417920
2026-05-18 20:32:22,045  INFO  [allava] Step 13060/26578 | Loss 0.1264 | LR 1.08e-05 | phase_samples=417928
2026-05-18 20:32:22,412  INFO  [allava] Step 13060/26578 | Loss 0.1315 | LR 1.08e-05 | phase_samples=417936
2026-05-18 20:32:22,795  INFO  [allava] Step 13060/26578 | Loss 0.1263 | LR 1.08e-05 | phase_samples=417944
2026-05-18 20:32:38,475  INFO  [allava] Step 13070/26578 | Loss 4.8764 | LR 1.08e-05 | phase_samples=418240
2026-05-18 20:32:38,849  INFO  [allava] Step 13070/26578 | Loss 0.1064 | LR 1.08e-05 | phase_samples=418248
2026-05-18 20:32:39,237  INFO  [allava] Step 13070/26578 | Loss 0.1179 | LR 1.08e-05 | phase_samples=418256
2026-05-18 20:32:39,609  INFO  [allava] Step 13070/26578 | Loss 0.1171 | LR 1.08e-05 | phase_samples=418264
2026-05-18 20:32:54,997  INFO  [allava] Step 13080/26578 | Loss 4.7017 | LR 1.07e-05 | phase_samples=418560
2026-05-18 20:32:55,374  INFO  [allava] Step 13080/26578 | Loss 0.1120 | LR 1.07e-05 | phase_samples=418568
2026-05-18 20:32:55,766  INFO  [allava] Step 13080/26578 | Loss 0.1214 | LR 1.07e-05 | phase_samples=418576
2026-05-18 20:32:56,158  INFO  [allava] Step 13080/26578 | Loss 0.1171 | LR 1.07e-05 | phase_samples=418584
2026-05-18 20:33:11,818  INFO  [allava] Step 13090/26578 | Loss 4.7629 | LR 1.07e-05 | phase_samples=418880
2026-05-18 20:33:12,151  INFO  [allava] Step 13090/26578 | Loss 0.1373 | LR 1.07e-05 | phase_samples=418888
2026-05-18 20:33:12,538  INFO  [allava] Step 13090/26578 | Loss 0.1198 | LR 1.07e-05 | phase_samples=418896
2026-05-18 20:33:12,931  INFO  [allava] Step 13090/26578 | Loss 0.1365 | LR 1.07e-05 | phase_samples=418904
2026-05-18 20:33:27,899  INFO  [allava] Step 13100/26578 | Loss 4.8831 | LR 1.07e-05 | phase_samples=419200
2026-05-18 20:33:28,310  INFO  [allava] Step 13100/26578 | Loss 0.1336 | LR 1.07e-05 | phase_samples=419208
2026-05-18 20:33:28,684  INFO  [allava] Step 13100/26578 | Loss 0.1425 | LR 1.07e-05 | phase_samples=419216
2026-05-18 20:33:29,091  INFO  [allava] Step 13100/26578 | Loss 0.1375 | LR 1.07e-05 | phase_samples=419224
2026-05-18 20:33:44,829  INFO  [allava] Step 13110/26578 | Loss 4.6967 | LR 1.07e-05 | phase_samples=419520
2026-05-18 20:33:45,187  INFO  [allava] Step 13110/26578 | Loss 0.1215 | LR 1.07e-05 | phase_samples=419528
2026-05-18 20:33:45,580  INFO  [allava] Step 13110/26578 | Loss 0.1211 | LR 1.07e-05 | phase_samples=419536
2026-05-18 20:33:45,989  INFO  [allava] Step 13110/26578 | Loss 0.1587 | LR 1.07e-05 | phase_samples=419544
2026-05-18 20:34:01,152  INFO  [allava] Step 13120/26578 | Loss 4.7000 | LR 1.07e-05 | phase_samples=419840
2026-05-18 20:34:01,506  INFO  [allava] Step 13120/26578 | Loss 0.1303 | LR 1.07e-05 | phase_samples=419848
2026-05-18 20:34:01,897  INFO  [allava] Step 13120/26578 | Loss 0.0968 | LR 1.07e-05 | phase_samples=419856
2026-05-18 20:34:02,267  INFO  [allava] Step 13120/26578 | Loss 0.1636 | LR 1.07e-05 | phase_samples=419864
2026-05-18 20:34:17,803  INFO  [allava] Step 13130/26578 | Loss 4.6538 | LR 1.07e-05 | phase_samples=420160
2026-05-18 20:34:18,168  INFO  [allava] Step 13130/26578 | Loss 0.1379 | LR 1.07e-05 | phase_samples=420168
2026-05-18 20:34:18,558  INFO  [allava] Step 13130/26578 | Loss 0.1337 | LR 1.07e-05 | phase_samples=420176
2026-05-18 20:34:18,952  INFO  [allava] Step 13130/26578 | Loss 0.1284 | LR 1.07e-05 | phase_samples=420184
2026-05-18 20:34:34,305  INFO  [allava] Step 13140/26578 | Loss 4.9211 | LR 1.07e-05 | phase_samples=420480
2026-05-18 20:34:34,641  INFO  [allava] Step 13140/26578 | Loss 0.1205 | LR 1.07e-05 | phase_samples=420488
2026-05-18 20:34:34,990  INFO  [allava] Step 13140/26578 | Loss 0.1171 | LR 1.07e-05 | phase_samples=420496
2026-05-18 20:34:35,396  INFO  [allava] Step 13140/26578 | Loss 0.1303 | LR 1.07e-05 | phase_samples=420504
2026-05-18 20:34:50,951  INFO  [allava] Step 13150/26578 | Loss 4.7352 | LR 1.07e-05 | phase_samples=420800
2026-05-18 20:34:51,325  INFO  [allava] Step 13150/26578 | Loss 0.1190 | LR 1.07e-05 | phase_samples=420808
2026-05-18 20:34:51,703  INFO  [allava] Step 13150/26578 | Loss 0.1336 | LR 1.07e-05 | phase_samples=420816
2026-05-18 20:34:52,034  INFO  [allava] Step 13150/26578 | Loss 0.0830 | LR 1.07e-05 | phase_samples=420824
2026-05-18 20:35:07,318  INFO  [allava] Step 13160/26578 | Loss 4.6348 | LR 1.06e-05 | phase_samples=421120
2026-05-18 20:35:07,696  INFO  [allava] Step 13160/26578 | Loss 0.1097 | LR 1.06e-05 | phase_samples=421128
2026-05-18 20:35:08,078  INFO  [allava] Step 13160/26578 | Loss 0.1187 | LR 1.06e-05 | phase_samples=421136
2026-05-18 20:35:08,483  INFO  [allava] Step 13160/26578 | Loss 0.1424 | LR 1.06e-05 | phase_samples=421144
2026-05-18 20:35:24,130  INFO  [allava] Step 13170/26578 | Loss 4.7175 | LR 1.06e-05 | phase_samples=421440
2026-05-18 20:35:24,626  INFO  [allava] Step 13170/26578 | Loss 0.1186 | LR 1.06e-05 | phase_samples=421448
2026-05-18 20:35:25,125  INFO  [allava] Step 13170/26578 | Loss 0.1363 | LR 1.06e-05 | phase_samples=421456
2026-05-18 20:35:25,528  INFO  [allava] Step 13170/26578 | Loss 0.1539 | LR 1.06e-05 | phase_samples=421464
2026-05-18 20:35:40,367  INFO  [allava] Step 13180/26578 | Loss 4.6360 | LR 1.06e-05 | phase_samples=421760
2026-05-18 20:35:40,734  INFO  [allava] Step 13180/26578 | Loss 0.1196 | LR 1.06e-05 | phase_samples=421768
2026-05-18 20:35:41,117  INFO  [allava] Step 13180/26578 | Loss 0.1706 | LR 1.06e-05 | phase_samples=421776
2026-05-18 20:35:41,491  INFO  [allava] Step 13180/26578 | Loss 0.1257 | LR 1.06e-05 | phase_samples=421784
2026-05-18 20:35:57,117  INFO  [allava] Step 13190/26578 | Loss 4.6643 | LR 1.06e-05 | phase_samples=422080
2026-05-18 20:35:57,482  INFO  [allava] Step 13190/26578 | Loss 0.1348 | LR 1.06e-05 | phase_samples=422088
2026-05-18 20:35:57,852  INFO  [allava] Step 13190/26578 | Loss 0.1271 | LR 1.06e-05 | phase_samples=422096
2026-05-18 20:35:58,235  INFO  [allava] Step 13190/26578 | Loss 0.1238 | LR 1.06e-05 | phase_samples=422104
2026-05-18 20:36:13,429  INFO  [allava] Step 13200/26578 | Loss 4.7494 | LR 1.06e-05 | phase_samples=422400
2026-05-18 20:36:13,807  INFO  [allava] Step 13200/26578 | Loss 0.1052 | LR 1.06e-05 | phase_samples=422408
2026-05-18 20:36:14,194  INFO  [allava] Step 13200/26578 | Loss 0.1181 | LR 1.06e-05 | phase_samples=422416
2026-05-18 20:36:14,586  INFO  [allava] Step 13200/26578 | Loss 0.1417 | LR 1.06e-05 | phase_samples=422424
2026-05-18 20:36:30,321  INFO  [allava] Step 13210/26578 | Loss 4.8584 | LR 1.06e-05 | phase_samples=422720
2026-05-18 20:36:30,704  INFO  [allava] Step 13210/26578 | Loss 0.1299 | LR 1.06e-05 | phase_samples=422728
2026-05-18 20:36:31,093  INFO  [allava] Step 13210/26578 | Loss 0.1031 | LR 1.06e-05 | phase_samples=422736
2026-05-18 20:36:31,476  INFO  [allava] Step 13210/26578 | Loss 0.1240 | LR 1.06e-05 | phase_samples=422744
2026-05-18 20:36:46,692  INFO  [allava] Step 13220/26578 | Loss 4.6925 | LR 1.06e-05 | phase_samples=423040
2026-05-18 20:36:47,051  INFO  [allava] Step 13220/26578 | Loss 0.1360 | LR 1.06e-05 | phase_samples=423048
2026-05-18 20:36:47,428  INFO  [allava] Step 13220/26578 | Loss 0.1391 | LR 1.06e-05 | phase_samples=423056
2026-05-18 20:36:47,821  INFO  [allava] Step 13220/26578 | Loss 0.1182 | LR 1.06e-05 | phase_samples=423064
2026-05-18 20:37:03,659  INFO  [allava] Step 13230/26578 | Loss 4.9331 | LR 1.06e-05 | phase_samples=423360
2026-05-18 20:37:04,109  INFO  [allava] Step 13230/26578 | Loss 0.1330 | LR 1.06e-05 | phase_samples=423368
2026-05-18 20:37:04,451  INFO  [allava] Step 13230/26578 | Loss 0.1122 | LR 1.06e-05 | phase_samples=423376
2026-05-18 20:37:04,878  INFO  [allava] Step 13230/26578 | Loss 0.1559 | LR 1.06e-05 | phase_samples=423384
2026-05-18 20:37:20,346  INFO  [allava] Step 13240/26578 | Loss 4.7460 | LR 1.05e-05 | phase_samples=423680
2026-05-18 20:37:20,700  INFO  [allava] Step 13240/26578 | Loss 0.1298 | LR 1.05e-05 | phase_samples=423688
2026-05-18 20:37:21,094  INFO  [allava] Step 13240/26578 | Loss 0.1161 | LR 1.05e-05 | phase_samples=423696
2026-05-18 20:37:21,475  INFO  [allava] Step 13240/26578 | Loss 0.1110 | LR 1.05e-05 | phase_samples=423704
2026-05-18 20:37:37,315  INFO  [allava] Step 13250/26578 | Loss 4.7206 | LR 1.05e-05 | phase_samples=424000
2026-05-18 20:37:37,697  INFO  [allava] Step 13250/26578 | Loss 0.1401 | LR 1.05e-05 | phase_samples=424008
2026-05-18 20:37:38,129  INFO  [allava] Step 13250/26578 | Loss 0.1503 | LR 1.05e-05 | phase_samples=424016
2026-05-18 20:37:38,502  INFO  [allava] Step 13250/26578 | Loss 0.1407 | LR 1.05e-05 | phase_samples=424024
2026-05-18 20:37:53,836  INFO  [allava] Step 13260/26578 | Loss 4.8417 | LR 1.05e-05 | phase_samples=424320
2026-05-18 20:37:54,220  INFO  [allava] Step 13260/26578 | Loss 0.1400 | LR 1.05e-05 | phase_samples=424328
2026-05-18 20:37:54,605  INFO  [allava] Step 13260/26578 | Loss 0.1190 | LR 1.05e-05 | phase_samples=424336
2026-05-18 20:37:54,958  INFO  [allava] Step 13260/26578 | Loss 0.0802 | LR 1.05e-05 | phase_samples=424344
2026-05-18 20:38:10,594  INFO  [allava] Step 13270/26578 | Loss 4.7990 | LR 1.05e-05 | phase_samples=424640
2026-05-18 20:38:11,034  INFO  [allava] Step 13270/26578 | Loss 0.1388 | LR 1.05e-05 | phase_samples=424648
2026-05-18 20:38:11,360  INFO  [allava] Step 13270/26578 | Loss 0.1170 | LR 1.05e-05 | phase_samples=424656
2026-05-18 20:38:11,790  INFO  [allava] Step 13270/26578 | Loss 0.1647 | LR 1.05e-05 | phase_samples=424664
2026-05-18 20:38:27,182  INFO  [allava] Step 13280/26578 | Loss 4.8917 | LR 1.05e-05 | phase_samples=424960
2026-05-18 20:38:27,611  INFO  [allava] Step 13280/26578 | Loss 0.1370 | LR 1.05e-05 | phase_samples=424968
2026-05-18 20:38:27,959  INFO  [allava] Step 13280/26578 | Loss 0.1025 | LR 1.05e-05 | phase_samples=424976
2026-05-18 20:38:28,319  INFO  [allava] Step 13280/26578 | Loss 0.1201 | LR 1.05e-05 | phase_samples=424984
2026-05-18 20:38:44,070  INFO  [allava] Step 13290/26578 | Loss 4.8407 | LR 1.05e-05 | phase_samples=425280
2026-05-18 20:38:44,454  INFO  [allava] Step 13290/26578 | Loss 0.1160 | LR 1.05e-05 | phase_samples=425288
2026-05-18 20:38:44,799  INFO  [allava] Step 13290/26578 | Loss 0.1137 | LR 1.05e-05 | phase_samples=425296
2026-05-18 20:38:45,242  INFO  [allava] Step 13290/26578 | Loss 0.1380 | LR 1.05e-05 | phase_samples=425304
2026-05-18 20:39:00,168  INFO  [allava] Step 13300/26578 | Loss 4.8123 | LR 1.05e-05 | phase_samples=425600
2026-05-18 20:39:00,543  INFO  [allava] Step 13300/26578 | Loss 0.1296 | LR 1.05e-05 | phase_samples=425608
2026-05-18 20:39:00,938  INFO  [allava] Step 13300/26578 | Loss 0.1515 | LR 1.05e-05 | phase_samples=425616
2026-05-18 20:39:01,311  INFO  [allava] Step 13300/26578 | Loss 0.1339 | LR 1.05e-05 | phase_samples=425624
2026-05-18 20:39:16,759  INFO  [allava] Step 13310/26578 | Loss 4.7265 | LR 1.05e-05 | phase_samples=425920
2026-05-18 20:39:17,172  INFO  [allava] Step 13310/26578 | Loss 0.1272 | LR 1.05e-05 | phase_samples=425928
2026-05-18 20:39:17,567  INFO  [allava] Step 13310/26578 | Loss 0.1169 | LR 1.05e-05 | phase_samples=425936
2026-05-18 20:39:17,959  INFO  [allava] Step 13310/26578 | Loss 0.1245 | LR 1.05e-05 | phase_samples=425944
2026-05-18 20:39:33,276  INFO  [allava] Step 13320/26578 | Loss 4.9925 | LR 1.04e-05 | phase_samples=426240
2026-05-18 20:39:33,632  INFO  [allava] Step 13320/26578 | Loss 0.1208 | LR 1.04e-05 | phase_samples=426248
2026-05-18 20:39:34,031  INFO  [allava] Step 13320/26578 | Loss 0.1491 | LR 1.04e-05 | phase_samples=426256
2026-05-18 20:39:34,410  INFO  [allava] Step 13320/26578 | Loss 0.1184 | LR 1.04e-05 | phase_samples=426264
2026-05-18 20:39:49,932  INFO  [allava] Step 13330/26578 | Loss 4.7799 | LR 1.04e-05 | phase_samples=426560
2026-05-18 20:39:50,287  INFO  [allava] Step 13330/26578 | Loss 0.1379 | LR 1.04e-05 | phase_samples=426568
2026-05-18 20:39:50,686  INFO  [allava] Step 13330/26578 | Loss 0.1417 | LR 1.04e-05 | phase_samples=426576
2026-05-18 20:39:51,085  INFO  [allava] Step 13330/26578 | Loss 0.1191 | LR 1.04e-05 | phase_samples=426584
2026-05-18 20:40:06,461  INFO  [allava] Step 13340/26578 | Loss 4.8330 | LR 1.04e-05 | phase_samples=426880
2026-05-18 20:40:06,817  INFO  [allava] Step 13340/26578 | Loss 0.1207 | LR 1.04e-05 | phase_samples=426888
2026-05-18 20:40:07,188  INFO  [allava] Step 13340/26578 | Loss 0.1103 | LR 1.04e-05 | phase_samples=426896
2026-05-18 20:40:07,627  INFO  [allava] Step 13340/26578 | Loss 0.1403 | LR 1.04e-05 | phase_samples=426904
2026-05-18 20:40:23,579  INFO  [allava] Step 13350/26578 | Loss 4.8504 | LR 1.04e-05 | phase_samples=427200
2026-05-18 20:40:23,935  INFO  [allava] Step 13350/26578 | Loss 0.1485 | LR 1.04e-05 | phase_samples=427208
2026-05-18 20:40:24,331  INFO  [allava] Step 13350/26578 | Loss 0.1262 | LR 1.04e-05 | phase_samples=427216
2026-05-18 20:40:24,676  INFO  [allava] Step 13350/26578 | Loss 0.1175 | LR 1.04e-05 | phase_samples=427224
2026-05-18 20:40:39,997  INFO  [allava] Step 13360/26578 | Loss 4.8703 | LR 1.04e-05 | phase_samples=427520
2026-05-18 20:40:40,407  INFO  [allava] Step 13360/26578 | Loss 0.1349 | LR 1.04e-05 | phase_samples=427528
2026-05-18 20:40:40,803  INFO  [allava] Step 13360/26578 | Loss 0.1194 | LR 1.04e-05 | phase_samples=427536
2026-05-18 20:40:41,208  INFO  [allava] Step 13360/26578 | Loss 0.1399 | LR 1.04e-05 | phase_samples=427544
2026-05-18 20:40:56,844  INFO  [allava] Step 13370/26578 | Loss 4.8053 | LR 1.04e-05 | phase_samples=427840
2026-05-18 20:40:57,208  INFO  [allava] Step 13370/26578 | Loss 0.1156 | LR 1.04e-05 | phase_samples=427848
2026-05-18 20:40:57,581  INFO  [allava] Step 13370/26578 | Loss 0.1072 | LR 1.04e-05 | phase_samples=427856
2026-05-18 20:40:57,935  INFO  [allava] Step 13370/26578 | Loss 0.1177 | LR 1.04e-05 | phase_samples=427864
2026-05-18 20:41:12,958  INFO  [allava] Step 13380/26578 | Loss 4.6557 | LR 1.04e-05 | phase_samples=428160
2026-05-18 20:41:13,343  INFO  [allava] Step 13380/26578 | Loss 0.1307 | LR 1.04e-05 | phase_samples=428168
2026-05-18 20:41:13,722  INFO  [allava] Step 13380/26578 | Loss 0.1178 | LR 1.04e-05 | phase_samples=428176
2026-05-18 20:41:14,164  INFO  [allava] Step 13380/26578 | Loss 0.1398 | LR 1.04e-05 | phase_samples=428184
2026-05-18 20:41:30,164  INFO  [allava] Step 13390/26578 | Loss 4.8000 | LR 1.04e-05 | phase_samples=428480
2026-05-18 20:41:30,499  INFO  [allava] Step 13390/26578 | Loss 0.1114 | LR 1.04e-05 | phase_samples=428488
2026-05-18 20:41:30,845  INFO  [allava] Step 13390/26578 | Loss 0.1084 | LR 1.04e-05 | phase_samples=428496
2026-05-18 20:41:31,191  INFO  [allava] Step 13390/26578 | Loss 0.1082 | LR 1.04e-05 | phase_samples=428504
2026-05-18 20:41:46,255  INFO  [allava] Step 13400/26578 | Loss 4.7027 | LR 1.04e-05 | phase_samples=428800
2026-05-18 20:41:46,640  INFO  [allava] Step 13400/26578 | Loss 0.1539 | LR 1.04e-05 | phase_samples=428808
2026-05-18 20:41:47,033  INFO  [allava] Step 13400/26578 | Loss 0.1129 | LR 1.04e-05 | phase_samples=428816
2026-05-18 20:41:47,426  INFO  [allava] Step 13400/26578 | Loss 0.1576 | LR 1.04e-05 | phase_samples=428824
2026-05-18 20:42:03,025  INFO  [allava] Step 13410/26578 | Loss 4.8847 | LR 1.03e-05 | phase_samples=429120
2026-05-18 20:42:03,400  INFO  [allava] Step 13410/26578 | Loss 0.1430 | LR 1.03e-05 | phase_samples=429128
2026-05-18 20:42:03,800  INFO  [allava] Step 13410/26578 | Loss 0.1283 | LR 1.03e-05 | phase_samples=429136
2026-05-18 20:42:04,184  INFO  [allava] Step 13410/26578 | Loss 0.1326 | LR 1.03e-05 | phase_samples=429144
2026-05-18 20:42:19,393  INFO  [allava] Step 13420/26578 | Loss 4.7627 | LR 1.03e-05 | phase_samples=429440
2026-05-18 20:42:19,723  INFO  [allava] Step 13420/26578 | Loss 0.1026 | LR 1.03e-05 | phase_samples=429448
2026-05-18 20:42:20,132  INFO  [allava] Step 13420/26578 | Loss 0.1601 | LR 1.03e-05 | phase_samples=429456
2026-05-18 20:42:20,508  INFO  [allava] Step 13420/26578 | Loss 0.1261 | LR 1.03e-05 | phase_samples=429464
2026-05-18 20:42:36,387  INFO  [allava] Step 13430/26578 | Loss 4.7036 | LR 1.03e-05 | phase_samples=429760
2026-05-18 20:42:36,771  INFO  [allava] Step 13430/26578 | Loss 0.1320 | LR 1.03e-05 | phase_samples=429768
2026-05-18 20:42:37,198  INFO  [allava] Step 13430/26578 | Loss 0.1446 | LR 1.03e-05 | phase_samples=429776
2026-05-18 20:42:37,603  INFO  [allava] Step 13430/26578 | Loss 0.1178 | LR 1.03e-05 | phase_samples=429784
2026-05-18 20:42:52,669  INFO  [allava] Step 13440/26578 | Loss 4.7054 | LR 1.03e-05 | phase_samples=430080
2026-05-18 20:42:53,003  INFO  [allava] Step 13440/26578 | Loss 0.1376 | LR 1.03e-05 | phase_samples=430088
2026-05-18 20:42:53,393  INFO  [allava] Step 13440/26578 | Loss 0.1234 | LR 1.03e-05 | phase_samples=430096
2026-05-18 20:42:53,768  INFO  [allava] Step 13440/26578 | Loss 0.1508 | LR 1.03e-05 | phase_samples=430104
2026-05-18 20:43:09,601  INFO  [allava] Step 13450/26578 | Loss 4.9398 | LR 1.03e-05 | phase_samples=430400
2026-05-18 20:43:09,970  INFO  [allava] Step 13450/26578 | Loss 0.1209 | LR 1.03e-05 | phase_samples=430408
2026-05-18 20:43:10,339  INFO  [allava] Step 13450/26578 | Loss 0.1548 | LR 1.03e-05 | phase_samples=430416
2026-05-18 20:43:10,690  INFO  [allava] Step 13450/26578 | Loss 0.1078 | LR 1.03e-05 | phase_samples=430424
2026-05-18 20:43:25,769  INFO  [allava] Step 13460/26578 | Loss 4.9006 | LR 1.03e-05 | phase_samples=430720
2026-05-18 20:43:26,098  INFO  [allava] Step 13460/26578 | Loss 0.1259 | LR 1.03e-05 | phase_samples=430728
2026-05-18 20:43:26,465  INFO  [allava] Step 13460/26578 | Loss 0.1042 | LR 1.03e-05 | phase_samples=430736
2026-05-18 20:43:26,868  INFO  [allava] Step 13460/26578 | Loss 0.1281 | LR 1.03e-05 | phase_samples=430744
2026-05-18 20:43:42,624  INFO  [allava] Step 13470/26578 | Loss 4.6467 | LR 1.03e-05 | phase_samples=431040
2026-05-18 20:43:42,956  INFO  [allava] Step 13470/26578 | Loss 0.1415 | LR 1.03e-05 | phase_samples=431048
2026-05-18 20:43:43,362  INFO  [allava] Step 13470/26578 | Loss 0.1096 | LR 1.03e-05 | phase_samples=431056
2026-05-18 20:43:43,731  INFO  [allava] Step 13470/26578 | Loss 0.1475 | LR 1.03e-05 | phase_samples=431064
2026-05-18 20:43:58,956  INFO  [allava] Step 13480/26578 | Loss 4.7358 | LR 1.03e-05 | phase_samples=431360
2026-05-18 20:43:59,338  INFO  [allava] Step 13480/26578 | Loss 0.1378 | LR 1.03e-05 | phase_samples=431368
2026-05-18 20:43:59,705  INFO  [allava] Step 13480/26578 | Loss 0.1484 | LR 1.03e-05 | phase_samples=431376
2026-05-18 20:44:00,102  INFO  [allava] Step 13480/26578 | Loss 0.1351 | LR 1.03e-05 | phase_samples=431384
2026-05-18 20:44:15,500  INFO  [allava] Step 13490/26578 | Loss 4.6074 | LR 1.02e-05 | phase_samples=431680
2026-05-18 20:44:15,868  INFO  [allava] Step 13490/26578 | Loss 0.1455 | LR 1.02e-05 | phase_samples=431688
2026-05-18 20:44:16,261  INFO  [allava] Step 13490/26578 | Loss 0.1313 | LR 1.02e-05 | phase_samples=431696
2026-05-18 20:44:16,655  INFO  [allava] Step 13490/26578 | Loss 0.1104 | LR 1.02e-05 | phase_samples=431704
2026-05-18 20:44:32,092  INFO  [allava] Step 13500/26578 | Loss 4.6800 | LR 1.02e-05 | phase_samples=432000
2026-05-18 20:44:32,458  INFO  [allava] Step 13500/26578 | Loss 0.1386 | LR 1.02e-05 | phase_samples=432008
2026-05-18 20:44:32,849  INFO  [allava] Step 13500/26578 | Loss 0.1618 | LR 1.02e-05 | phase_samples=432016
2026-05-18 20:44:33,242  INFO  [allava] Step 13500/26578 | Loss 0.1552 | LR 1.02e-05 | phase_samples=432024
2026-05-18 20:44:49,004  INFO  [allava] Step 13510/26578 | Loss 4.7576 | LR 1.02e-05 | phase_samples=432320
2026-05-18 20:44:49,364  INFO  [allava] Step 13510/26578 | Loss 0.1444 | LR 1.02e-05 | phase_samples=432328
2026-05-18 20:44:49,768  INFO  [allava] Step 13510/26578 | Loss 0.1233 | LR 1.02e-05 | phase_samples=432336
2026-05-18 20:44:50,118  INFO  [allava] Step 13510/26578 | Loss 0.1092 | LR 1.02e-05 | phase_samples=432344
2026-05-18 20:45:04,987  INFO  [allava] Step 13520/26578 | Loss 4.5968 | LR 1.02e-05 | phase_samples=432640
2026-05-18 20:45:05,347  INFO  [allava] Step 13520/26578 | Loss 0.1425 | LR 1.02e-05 | phase_samples=432648
2026-05-18 20:45:05,748  INFO  [allava] Step 13520/26578 | Loss 0.1161 | LR 1.02e-05 | phase_samples=432656
2026-05-18 20:45:06,136  INFO  [allava] Step 13520/26578 | Loss 0.1597 | LR 1.02e-05 | phase_samples=432664
2026-05-18 20:45:21,624  INFO  [allava] Step 13530/26578 | Loss 4.6570 | LR 1.02e-05 | phase_samples=432960
2026-05-18 20:45:21,988  INFO  [allava] Step 13530/26578 | Loss 0.1292 | LR 1.02e-05 | phase_samples=432968
2026-05-18 20:45:22,383  INFO  [allava] Step 13530/26578 | Loss 0.1178 | LR 1.02e-05 | phase_samples=432976
2026-05-18 20:45:22,786  INFO  [allava] Step 13530/26578 | Loss 0.1154 | LR 1.02e-05 | phase_samples=432984
2026-05-18 20:45:37,833  INFO  [allava] Step 13540/26578 | Loss 4.7995 | LR 1.02e-05 | phase_samples=433280
2026-05-18 20:45:38,197  INFO  [allava] Step 13540/26578 | Loss 0.1300 | LR 1.02e-05 | phase_samples=433288
2026-05-18 20:45:38,590  INFO  [allava] Step 13540/26578 | Loss 0.1373 | LR 1.02e-05 | phase_samples=433296
2026-05-18 20:45:38,966  INFO  [allava] Step 13540/26578 | Loss 0.1073 | LR 1.02e-05 | phase_samples=433304
2026-05-18 20:45:54,517  INFO  [allava] Step 13550/26578 | Loss 4.9298 | LR 1.02e-05 | phase_samples=433600
2026-05-18 20:45:54,846  INFO  [allava] Step 13550/26578 | Loss 0.1043 | LR 1.02e-05 | phase_samples=433608
2026-05-18 20:45:55,186  INFO  [allava] Step 13550/26578 | Loss 0.1073 | LR 1.02e-05 | phase_samples=433616
2026-05-18 20:45:55,537  INFO  [allava] Step 13550/26578 | Loss 0.1288 | LR 1.02e-05 | phase_samples=433624
2026-05-18 20:46:10,843  INFO  [allava] Step 13560/26578 | Loss 4.8357 | LR 1.02e-05 | phase_samples=433920
2026-05-18 20:46:11,200  INFO  [allava] Step 13560/26578 | Loss 0.1161 | LR 1.02e-05 | phase_samples=433928
2026-05-18 20:46:11,546  INFO  [allava] Step 13560/26578 | Loss 0.1219 | LR 1.02e-05 | phase_samples=433936
2026-05-18 20:46:11,898  INFO  [allava] Step 13560/26578 | Loss 0.1358 | LR 1.02e-05 | phase_samples=433944
2026-05-18 20:46:27,686  INFO  [allava] Step 13570/26578 | Loss 4.8113 | LR 1.01e-05 | phase_samples=434240
2026-05-18 20:46:28,103  INFO  [allava] Step 13570/26578 | Loss 0.1492 | LR 1.01e-05 | phase_samples=434248
2026-05-18 20:46:28,504  INFO  [allava] Step 13570/26578 | Loss 0.1265 | LR 1.01e-05 | phase_samples=434256
2026-05-18 20:46:28,878  INFO  [allava] Step 13570/26578 | Loss 0.1524 | LR 1.01e-05 | phase_samples=434264
2026-05-18 20:46:44,382  INFO  [allava] Step 13580/26578 | Loss 4.7615 | LR 1.01e-05 | phase_samples=434560
2026-05-18 20:46:44,768  INFO  [allava] Step 13580/26578 | Loss 0.1223 | LR 1.01e-05 | phase_samples=434568
2026-05-18 20:46:45,117  INFO  [allava] Step 13580/26578 | Loss 0.1220 | LR 1.01e-05 | phase_samples=434576
2026-05-18 20:46:45,558  INFO  [allava] Step 13580/26578 | Loss 0.1453 | LR 1.01e-05 | phase_samples=434584
2026-05-18 20:47:01,440  INFO  [allava] Step 13590/26578 | Loss 4.8136 | LR 1.01e-05 | phase_samples=434880
2026-05-18 20:47:01,807  INFO  [allava] Step 13590/26578 | Loss 0.1646 | LR 1.01e-05 | phase_samples=434888
2026-05-18 20:47:02,219  INFO  [allava] Step 13590/26578 | Loss 0.1455 | LR 1.01e-05 | phase_samples=434896
2026-05-18 20:47:02,641  INFO  [allava] Step 13590/26578 | Loss 0.1506 | LR 1.01e-05 | phase_samples=434904
2026-05-18 20:47:17,946  INFO  [allava] Step 13600/26578 | Loss 4.8218 | LR 1.01e-05 | phase_samples=435200
2026-05-18 20:47:18,359  INFO  [allava] Step 13600/26578 | Loss 0.1382 | LR 1.01e-05 | phase_samples=435208
2026-05-18 20:47:18,736  INFO  [allava] Step 13600/26578 | Loss 0.1184 | LR 1.01e-05 | phase_samples=435216
2026-05-18 20:47:19,138  INFO  [allava] Step 13600/26578 | Loss 0.1176 | LR 1.01e-05 | phase_samples=435224
2026-05-18 20:47:35,024  INFO  [allava] Step 13610/26578 | Loss 4.6862 | LR 1.01e-05 | phase_samples=435520
2026-05-18 20:47:35,415  INFO  [allava] Step 13610/26578 | Loss 0.1192 | LR 1.01e-05 | phase_samples=435528
2026-05-18 20:47:35,763  INFO  [allava] Step 13610/26578 | Loss 0.1281 | LR 1.01e-05 | phase_samples=435536
2026-05-18 20:47:36,111  INFO  [allava] Step 13610/26578 | Loss 0.1261 | LR 1.01e-05 | phase_samples=435544
2026-05-18 20:47:51,375  INFO  [allava] Step 13620/26578 | Loss 4.8563 | LR 1.01e-05 | phase_samples=435840
2026-05-18 20:47:51,760  INFO  [allava] Step 13620/26578 | Loss 0.1379 | LR 1.01e-05 | phase_samples=435848
2026-05-18 20:47:52,137  INFO  [allava] Step 13620/26578 | Loss 0.1448 | LR 1.01e-05 | phase_samples=435856
2026-05-18 20:47:52,510  INFO  [allava] Step 13620/26578 | Loss 0.1447 | LR 1.01e-05 | phase_samples=435864
2026-05-18 20:48:08,373  INFO  [allava] Step 13630/26578 | Loss 4.8076 | LR 1.01e-05 | phase_samples=436160
2026-05-18 20:48:08,750  INFO  [allava] Step 13630/26578 | Loss 0.1503 | LR 1.01e-05 | phase_samples=436168
2026-05-18 20:48:09,146  INFO  [allava] Step 13630/26578 | Loss 0.1454 | LR 1.01e-05 | phase_samples=436176
2026-05-18 20:48:09,516  INFO  [allava] Step 13630/26578 | Loss 0.1362 | LR 1.01e-05 | phase_samples=436184
2026-05-18 20:48:24,657  INFO  [allava] Step 13640/26578 | Loss 4.8524 | LR 1.01e-05 | phase_samples=436480
2026-05-18 20:48:25,022  INFO  [allava] Step 13640/26578 | Loss 0.1367 | LR 1.01e-05 | phase_samples=436488
2026-05-18 20:48:25,423  INFO  [allava] Step 13640/26578 | Loss 0.1542 | LR 1.01e-05 | phase_samples=436496
2026-05-18 20:48:25,813  INFO  [allava] Step 13640/26578 | Loss 0.1048 | LR 1.01e-05 | phase_samples=436504
2026-05-18 20:48:41,489  INFO  [allava] Step 13650/26578 | Loss 4.8173 | LR 1.00e-05 | phase_samples=436800
2026-05-18 20:48:41,851  INFO  [allava] Step 13650/26578 | Loss 0.1081 | LR 1.00e-05 | phase_samples=436808
2026-05-18 20:48:42,385  INFO  [allava] Step 13650/26578 | Loss 0.1262 | LR 1.00e-05 | phase_samples=436816
2026-05-18 20:48:42,759  INFO  [allava] Step 13650/26578 | Loss 0.1196 | LR 1.00e-05 | phase_samples=436824
2026-05-18 20:48:58,084  INFO  [allava] Step 13660/26578 | Loss 4.8119 | LR 1.00e-05 | phase_samples=437120
2026-05-18 20:48:58,466  INFO  [allava] Step 13660/26578 | Loss 0.1325 | LR 1.00e-05 | phase_samples=437128
2026-05-18 20:48:58,836  INFO  [allava] Step 13660/26578 | Loss 0.1333 | LR 1.00e-05 | phase_samples=437136
2026-05-18 20:48:59,211  INFO  [allava] Step 13660/26578 | Loss 0.1255 | LR 1.00e-05 | phase_samples=437144
2026-05-18 20:49:14,780  INFO  [allava] Step 13670/26578 | Loss 4.6122 | LR 1.00e-05 | phase_samples=437440
2026-05-18 20:49:15,159  INFO  [allava] Step 13670/26578 | Loss 0.1330 | LR 1.00e-05 | phase_samples=437448
2026-05-18 20:49:15,505  INFO  [allava] Step 13670/26578 | Loss 0.1457 | LR 1.00e-05 | phase_samples=437456
2026-05-18 20:49:15,858  INFO  [allava] Step 13670/26578 | Loss 0.1459 | LR 1.00e-05 | phase_samples=437464
2026-05-18 20:49:31,457  INFO  [allava] Step 13680/26578 | Loss 4.8317 | LR 1.00e-05 | phase_samples=437760
2026-05-18 20:49:31,818  INFO  [allava] Step 13680/26578 | Loss 0.1310 | LR 1.00e-05 | phase_samples=437768
2026-05-18 20:49:32,251  INFO  [allava] Step 13680/26578 | Loss 0.1389 | LR 1.00e-05 | phase_samples=437776
2026-05-18 20:49:32,623  INFO  [allava] Step 13680/26578 | Loss 0.1038 | LR 1.00e-05 | phase_samples=437784
2026-05-18 20:49:48,300  INFO  [allava] Step 13690/26578 | Loss 4.7776 | LR 1.00e-05 | phase_samples=438080
2026-05-18 20:49:48,657  INFO  [allava] Step 13690/26578 | Loss 0.1059 | LR 1.00e-05 | phase_samples=438088
2026-05-18 20:49:49,044  INFO  [allava] Step 13690/26578 | Loss 0.1221 | LR 1.00e-05 | phase_samples=438096
2026-05-18 20:49:49,424  INFO  [allava] Step 13690/26578 | Loss 0.1298 | LR 1.00e-05 | phase_samples=438104
2026-05-18 20:50:04,468  INFO  [allava] Step 13700/26578 | Loss 4.8097 | LR 9.98e-06 | phase_samples=438400
2026-05-18 20:50:04,836  INFO  [allava] Step 13700/26578 | Loss 0.1450 | LR 9.98e-06 | phase_samples=438408
2026-05-18 20:50:05,272  INFO  [allava] Step 13700/26578 | Loss 0.1330 | LR 9.98e-06 | phase_samples=438416
2026-05-18 20:50:05,667  INFO  [allava] Step 13700/26578 | Loss 0.1457 | LR 9.98e-06 | phase_samples=438424
2026-05-18 20:50:21,251  INFO  [allava] Step 13710/26578 | Loss 4.7201 | LR 9.97e-06 | phase_samples=438720
2026-05-18 20:50:21,609  INFO  [allava] Step 13710/26578 | Loss 0.1083 | LR 9.97e-06 | phase_samples=438728
2026-05-18 20:50:21,977  INFO  [allava] Step 13710/26578 | Loss 0.1342 | LR 9.97e-06 | phase_samples=438736
2026-05-18 20:50:22,352  INFO  [allava] Step 13710/26578 | Loss 0.1097 | LR 9.97e-06 | phase_samples=438744
2026-05-18 20:50:37,671  INFO  [allava] Step 13720/26578 | Loss 4.6975 | LR 9.96e-06 | phase_samples=439040
2026-05-18 20:50:38,051  INFO  [allava] Step 13720/26578 | Loss 0.1558 | LR 9.96e-06 | phase_samples=439048
2026-05-18 20:50:38,417  INFO  [allava] Step 13720/26578 | Loss 0.1513 | LR 9.96e-06 | phase_samples=439056
2026-05-18 20:50:38,855  INFO  [allava] Step 13720/26578 | Loss 0.1281 | LR 9.96e-06 | phase_samples=439064
2026-05-18 20:50:54,632  INFO  [allava] Step 13730/26578 | Loss 4.8424 | LR 9.95e-06 | phase_samples=439360
2026-05-18 20:50:54,965  INFO  [allava] Step 13730/26578 | Loss 0.1354 | LR 9.95e-06 | phase_samples=439368
2026-05-18 20:50:55,401  INFO  [allava] Step 13730/26578 | Loss 0.1516 | LR 9.95e-06 | phase_samples=439376
2026-05-18 20:50:55,772  INFO  [allava] Step 13730/26578 | Loss 0.1412 | LR 9.95e-06 | phase_samples=439384
2026-05-18 20:51:11,371  INFO  [allava] Step 13740/26578 | Loss 4.7628 | LR 9.94e-06 | phase_samples=439680
2026-05-18 20:51:11,736  INFO  [allava] Step 13740/26578 | Loss 0.1427 | LR 9.94e-06 | phase_samples=439688
2026-05-18 20:51:12,137  INFO  [allava] Step 13740/26578 | Loss 0.1628 | LR 9.94e-06 | phase_samples=439696
2026-05-18 20:51:12,518  INFO  [allava] Step 13740/26578 | Loss 0.1380 | LR 9.94e-06 | phase_samples=439704
2026-05-18 20:51:28,162  INFO  [allava] Step 13750/26578 | Loss 4.7102 | LR 9.92e-06 | phase_samples=440000
2026-05-18 20:51:28,537  INFO  [allava] Step 13750/26578 | Loss 0.1423 | LR 9.92e-06 | phase_samples=440008
2026-05-18 20:51:28,930  INFO  [allava] Step 13750/26578 | Loss 0.1369 | LR 9.92e-06 | phase_samples=440016
2026-05-18 20:51:29,354  INFO  [allava] Step 13750/26578 | Loss 0.1459 | LR 9.92e-06 | phase_samples=440024
2026-05-18 20:51:45,032  INFO  [allava] Step 13760/26578 | Loss 4.8470 | LR 9.91e-06 | phase_samples=440320
2026-05-18 20:51:45,450  INFO  [allava] Step 13760/26578 | Loss 0.1402 | LR 9.91e-06 | phase_samples=440328
2026-05-18 20:51:45,853  INFO  [allava] Step 13760/26578 | Loss 0.1408 | LR 9.91e-06 | phase_samples=440336
2026-05-18 20:51:46,246  INFO  [allava] Step 13760/26578 | Loss 0.1210 | LR 9.91e-06 | phase_samples=440344
2026-05-18 20:52:02,247  INFO  [allava] Step 13770/26578 | Loss 4.7745 | LR 9.90e-06 | phase_samples=440640
2026-05-18 20:52:02,602  INFO  [allava] Step 13770/26578 | Loss 0.1175 | LR 9.90e-06 | phase_samples=440648
2026-05-18 20:52:03,031  INFO  [allava] Step 13770/26578 | Loss 0.1197 | LR 9.90e-06 | phase_samples=440656
2026-05-18 20:52:03,462  INFO  [allava] Step 13770/26578 | Loss 0.1387 | LR 9.90e-06 | phase_samples=440664
2026-05-18 20:52:18,626  INFO  [allava] Step 13780/26578 | Loss 4.6747 | LR 9.89e-06 | phase_samples=440960
2026-05-18 20:52:19,015  INFO  [allava] Step 13780/26578 | Loss 0.1480 | LR 9.89e-06 | phase_samples=440968
2026-05-18 20:52:19,412  INFO  [allava] Step 13780/26578 | Loss 0.1101 | LR 9.89e-06 | phase_samples=440976
2026-05-18 20:52:19,792  INFO  [allava] Step 13780/26578 | Loss 0.1485 | LR 9.89e-06 | phase_samples=440984
2026-05-18 20:52:35,331  INFO  [allava] Step 13790/26578 | Loss 4.7779 | LR 9.88e-06 | phase_samples=441280
2026-05-18 20:52:35,703  INFO  [allava] Step 13790/26578 | Loss 0.1216 | LR 9.88e-06 | phase_samples=441288
2026-05-18 20:52:36,098  INFO  [allava] Step 13790/26578 | Loss 0.1472 | LR 9.88e-06 | phase_samples=441296
2026-05-18 20:52:36,535  INFO  [allava] Step 13790/26578 | Loss 0.1418 | LR 9.88e-06 | phase_samples=441304
2026-05-18 20:52:52,717  INFO  [allava] Step 13800/26578 | Loss 4.9264 | LR 9.86e-06 | phase_samples=441600
2026-05-18 20:52:53,096  INFO  [allava] Step 13800/26578 | Loss 0.1239 | LR 9.86e-06 | phase_samples=441608
2026-05-18 20:52:53,476  INFO  [allava] Step 13800/26578 | Loss 0.1313 | LR 9.86e-06 | phase_samples=441616
2026-05-18 20:52:53,855  INFO  [allava] Step 13800/26578 | Loss 0.1221 | LR 9.86e-06 | phase_samples=441624
2026-05-18 20:53:09,674  INFO  [allava] Step 13810/26578 | Loss 4.8891 | LR 9.85e-06 | phase_samples=441920
2026-05-18 20:53:10,035  INFO  [allava] Step 13810/26578 | Loss 0.1051 | LR 9.85e-06 | phase_samples=441928
2026-05-18 20:53:10,470  INFO  [allava] Step 13810/26578 | Loss 0.1412 | LR 9.85e-06 | phase_samples=441936
2026-05-18 20:53:10,813  INFO  [allava] Step 13810/26578 | Loss 0.1245 | LR 9.85e-06 | phase_samples=441944
2026-05-18 20:53:25,950  INFO  [allava] Step 13820/26578 | Loss 4.7193 | LR 9.84e-06 | phase_samples=442240
2026-05-18 20:53:26,287  INFO  [allava] Step 13820/26578 | Loss 0.1327 | LR 9.84e-06 | phase_samples=442248
2026-05-18 20:53:26,702  INFO  [allava] Step 13820/26578 | Loss 0.1252 | LR 9.84e-06 | phase_samples=442256
2026-05-18 20:53:27,031  INFO  [allava] Step 13820/26578 | Loss 0.0932 | LR 9.84e-06 | phase_samples=442264
2026-05-18 20:53:43,342  INFO  [allava] Step 13830/26578 | Loss 4.9487 | LR 9.83e-06 | phase_samples=442560
2026-05-18 20:53:43,758  INFO  [allava] Step 13830/26578 | Loss 0.1148 | LR 9.83e-06 | phase_samples=442568
2026-05-18 20:53:44,187  INFO  [allava] Step 13830/26578 | Loss 0.1410 | LR 9.83e-06 | phase_samples=442576
2026-05-18 20:53:44,568  INFO  [allava] Step 13830/26578 | Loss 0.1286 | LR 9.83e-06 | phase_samples=442584
2026-05-18 20:54:00,510  INFO  [allava] Step 13840/26578 | Loss 4.7623 | LR 9.81e-06 | phase_samples=442880
2026-05-18 20:54:00,847  INFO  [allava] Step 13840/26578 | Loss 0.1146 | LR 9.81e-06 | phase_samples=442888
2026-05-18 20:54:01,239  INFO  [allava] Step 13840/26578 | Loss 0.1399 | LR 9.81e-06 | phase_samples=442896
2026-05-18 20:54:01,644  INFO  [allava] Step 13840/26578 | Loss 0.1240 | LR 9.81e-06 | phase_samples=442904
2026-05-18 20:54:18,609  INFO  [allava] Step 13850/26578 | Loss 4.7055 | LR 9.80e-06 | phase_samples=443200
2026-05-18 20:54:18,986  INFO  [allava] Step 13850/26578 | Loss 0.1462 | LR 9.80e-06 | phase_samples=443208
2026-05-18 20:54:19,382  INFO  [allava] Step 13850/26578 | Loss 0.1314 | LR 9.80e-06 | phase_samples=443216
2026-05-18 20:54:19,729  INFO  [allava] Step 13850/26578 | Loss 0.1393 | LR 9.80e-06 | phase_samples=443224
2026-05-18 20:54:35,238  INFO  [allava] Step 13860/26578 | Loss 4.7750 | LR 9.79e-06 | phase_samples=443520
2026-05-18 20:54:35,623  INFO  [allava] Step 13860/26578 | Loss 0.1302 | LR 9.79e-06 | phase_samples=443528
2026-05-18 20:54:35,998  INFO  [allava] Step 13860/26578 | Loss 0.1392 | LR 9.79e-06 | phase_samples=443536
2026-05-18 20:54:36,393  INFO  [allava] Step 13860/26578 | Loss 0.1689 | LR 9.79e-06 | phase_samples=443544
2026-05-18 20:54:52,195  INFO  [allava] Step 13870/26578 | Loss 4.8237 | LR 9.78e-06 | phase_samples=443840
2026-05-18 20:54:52,580  INFO  [allava] Step 13870/26578 | Loss 0.1230 | LR 9.78e-06 | phase_samples=443848
2026-05-18 20:54:52,973  INFO  [allava] Step 13870/26578 | Loss 0.1484 | LR 9.78e-06 | phase_samples=443856
2026-05-18 20:54:53,324  INFO  [allava] Step 13870/26578 | Loss 0.1108 | LR 9.78e-06 | phase_samples=443864
2026-05-18 20:55:08,841  INFO  [allava] Step 13880/26578 | Loss 4.9298 | LR 9.77e-06 | phase_samples=444160
2026-05-18 20:55:09,202  INFO  [allava] Step 13880/26578 | Loss 0.1470 | LR 9.77e-06 | phase_samples=444168
2026-05-18 20:55:09,651  INFO  [allava] Step 13880/26578 | Loss 0.1255 | LR 9.77e-06 | phase_samples=444176
2026-05-18 20:55:10,370  INFO  [allava] Step 13880/26578 | Loss 0.1155 | LR 9.77e-06 | phase_samples=444184
2026-05-18 20:55:28,375  INFO  [allava] Step 13890/26578 | Loss 4.7319 | LR 9.75e-06 | phase_samples=444480
2026-05-18 20:55:28,725  INFO  [allava] Step 13890/26578 | Loss 0.1101 | LR 9.75e-06 | phase_samples=444488
2026-05-18 20:55:29,230  INFO  [allava] Step 13890/26578 | Loss 0.1481 | LR 9.75e-06 | phase_samples=444496
2026-05-18 20:55:29,581  INFO  [allava] Step 13890/26578 | Loss 0.1192 | LR 9.75e-06 | phase_samples=444504
2026-05-18 20:55:46,311  INFO  [allava] Step 13900/26578 | Loss 4.8889 | LR 9.74e-06 | phase_samples=444800
2026-05-18 20:55:46,699  INFO  [allava] Step 13900/26578 | Loss 0.1472 | LR 9.74e-06 | phase_samples=444808
2026-05-18 20:55:47,125  INFO  [allava] Step 13900/26578 | Loss 0.1298 | LR 9.74e-06 | phase_samples=444816
2026-05-18 20:55:47,527  INFO  [allava] Step 13900/26578 | Loss 0.1379 | LR 9.74e-06 | phase_samples=444824
2026-05-18 20:56:03,076  INFO  [allava] Step 13910/26578 | Loss 4.6553 | LR 9.73e-06 | phase_samples=445120
2026-05-18 20:56:03,498  INFO  [allava] Step 13910/26578 | Loss 0.1347 | LR 9.73e-06 | phase_samples=445128
2026-05-18 20:56:03,869  INFO  [allava] Step 13910/26578 | Loss 0.1314 | LR 9.73e-06 | phase_samples=445136
2026-05-18 20:56:04,251  INFO  [allava] Step 13910/26578 | Loss 0.1450 | LR 9.73e-06 | phase_samples=445144
2026-05-18 20:56:19,535  INFO  [allava] Step 13920/26578 | Loss 4.7092 | LR 9.72e-06 | phase_samples=445440
2026-05-18 20:56:19,889  INFO  [allava] Step 13920/26578 | Loss 0.1086 | LR 9.72e-06 | phase_samples=445448
2026-05-18 20:56:20,237  INFO  [allava] Step 13920/26578 | Loss 0.1428 | LR 9.72e-06 | phase_samples=445456
2026-05-18 20:56:20,621  INFO  [allava] Step 13920/26578 | Loss 0.1604 | LR 9.72e-06 | phase_samples=445464
2026-05-18 20:56:36,712  INFO  [allava] Step 13930/26578 | Loss 4.8972 | LR 9.70e-06 | phase_samples=445760
2026-05-18 20:56:37,091  INFO  [allava] Step 13930/26578 | Loss 0.1131 | LR 9.70e-06 | phase_samples=445768
2026-05-18 20:56:37,405  INFO  [allava] Step 13930/26578 | Loss 0.0928 | LR 9.70e-06 | phase_samples=445776
2026-05-18 20:56:37,758  INFO  [allava] Step 13930/26578 | Loss 0.1193 | LR 9.70e-06 | phase_samples=445784
2026-05-18 20:56:53,634  INFO  [allava] Step 13940/26578 | Loss 4.6951 | LR 9.69e-06 | phase_samples=446080
2026-05-18 20:56:54,049  INFO  [allava] Step 13940/26578 | Loss 0.1211 | LR 9.69e-06 | phase_samples=446088
2026-05-18 20:56:54,450  INFO  [allava] Step 13940/26578 | Loss 0.1257 | LR 9.69e-06 | phase_samples=446096
2026-05-18 20:56:54,823  INFO  [allava] Step 13940/26578 | Loss 0.1184 | LR 9.69e-06 | phase_samples=446104
2026-05-18 20:57:10,618  INFO  [allava] Step 13950/26578 | Loss 4.6612 | LR 9.68e-06 | phase_samples=446400
2026-05-18 20:57:10,980  INFO  [allava] Step 13950/26578 | Loss 0.1124 | LR 9.68e-06 | phase_samples=446408
2026-05-18 20:57:11,380  INFO  [allava] Step 13950/26578 | Loss 0.1196 | LR 9.68e-06 | phase_samples=446416
2026-05-18 20:57:11,824  INFO  [allava] Step 13950/26578 | Loss 0.1448 | LR 9.68e-06 | phase_samples=446424
2026-05-18 20:57:27,258  INFO  [allava] Step 13960/26578 | Loss 4.8574 | LR 9.67e-06 | phase_samples=446720
2026-05-18 20:57:27,619  INFO  [allava] Step 13960/26578 | Loss 0.1262 | LR 9.67e-06 | phase_samples=446728
2026-05-18 20:57:27,965  INFO  [allava] Step 13960/26578 | Loss 0.1014 | LR 9.67e-06 | phase_samples=446736
2026-05-18 20:57:28,362  INFO  [allava] Step 13960/26578 | Loss 0.1273 | LR 9.67e-06 | phase_samples=446744
2026-05-18 20:57:43,865  INFO  [allava] Step 13970/26578 | Loss 4.6882 | LR 9.66e-06 | phase_samples=447040
2026-05-18 20:57:44,197  INFO  [allava] Step 13970/26578 | Loss 0.1078 | LR 9.66e-06 | phase_samples=447048
2026-05-18 20:57:44,566  INFO  [allava] Step 13970/26578 | Loss 0.1045 | LR 9.66e-06 | phase_samples=447056
2026-05-18 20:57:44,941  INFO  [allava] Step 13970/26578 | Loss 0.1207 | LR 9.66e-06 | phase_samples=447064
2026-05-18 20:57:59,976  INFO  [allava] Step 13980/26578 | Loss 4.8730 | LR 9.64e-06 | phase_samples=447360
2026-05-18 20:58:00,327  INFO  [allava] Step 13980/26578 | Loss 0.1192 | LR 9.64e-06 | phase_samples=447368
2026-05-18 20:58:00,780  INFO  [allava] Step 13980/26578 | Loss 0.1446 | LR 9.64e-06 | phase_samples=447376
2026-05-18 20:58:01,164  INFO  [allava] Step 13980/26578 | Loss 0.1219 | LR 9.64e-06 | phase_samples=447384
2026-05-18 20:58:16,815  INFO  [allava] Step 13990/26578 | Loss 4.9252 | LR 9.63e-06 | phase_samples=447680
2026-05-18 20:58:17,180  INFO  [allava] Step 13990/26578 | Loss 0.1264 | LR 9.63e-06 | phase_samples=447688
2026-05-18 20:58:17,552  INFO  [allava] Step 13990/26578 | Loss 0.0960 | LR 9.63e-06 | phase_samples=447696
2026-05-18 20:58:18,049  INFO  [allava] Step 13990/26578 | Loss 0.1358 | LR 9.63e-06 | phase_samples=447704
2026-05-18 20:58:33,154  INFO  [allava] Step 14000/26578 | Loss 4.6760 | LR 9.62e-06 | phase_samples=448000
2026-05-18 20:58:33,536  INFO  [allava] Step 14000/26578 | Loss 0.1538 | LR 9.62e-06 | phase_samples=448008
2026-05-18 20:58:34,021  INFO  [allava] Step 14000/26578 | Loss 0.1119 | LR 9.62e-06 | phase_samples=448016
2026-05-18 20:58:34,371  INFO  [allava] Step 14000/26578 | Loss 0.1243 | LR 9.62e-06 | phase_samples=448024
2026-05-18 20:58:50,258  INFO  [allava] Step 14010/26578 | Loss 4.9181 | LR 9.61e-06 | phase_samples=448320
2026-05-18 20:58:50,631  INFO  [allava] Step 14010/26578 | Loss 0.1474 | LR 9.61e-06 | phase_samples=448328
2026-05-18 20:58:51,031  INFO  [allava] Step 14010/26578 | Loss 0.1416 | LR 9.61e-06 | phase_samples=448336
2026-05-18 20:58:51,424  INFO  [allava] Step 14010/26578 | Loss 0.1241 | LR 9.61e-06 | phase_samples=448344
2026-05-18 20:59:06,695  INFO  [allava] Step 14020/26578 | Loss 4.7944 | LR 9.59e-06 | phase_samples=448640
2026-05-18 20:59:07,059  INFO  [allava] Step 14020/26578 | Loss 0.1257 | LR 9.59e-06 | phase_samples=448648
2026-05-18 20:59:07,430  INFO  [allava] Step 14020/26578 | Loss 0.0924 | LR 9.59e-06 | phase_samples=448656
2026-05-18 20:59:07,801  INFO  [allava] Step 14020/26578 | Loss 0.1201 | LR 9.59e-06 | phase_samples=448664
2026-05-18 20:59:23,836  INFO  [allava] Step 14030/26578 | Loss 4.8248 | LR 9.58e-06 | phase_samples=448960
2026-05-18 20:59:24,192  INFO  [allava] Step 14030/26578 | Loss 0.1330 | LR 9.58e-06 | phase_samples=448968
2026-05-18 20:59:24,618  INFO  [allava] Step 14030/26578 | Loss 0.1186 | LR 9.58e-06 | phase_samples=448976
2026-05-18 20:59:24,994  INFO  [allava] Step 14030/26578 | Loss 0.1325 | LR 9.58e-06 | phase_samples=448984
2026-05-18 20:59:40,237  INFO  [allava] Step 14040/26578 | Loss 4.7977 | LR 9.57e-06 | phase_samples=449280
2026-05-18 20:59:40,614  INFO  [allava] Step 14040/26578 | Loss 0.1271 | LR 9.57e-06 | phase_samples=449288
2026-05-18 20:59:40,985  INFO  [allava] Step 14040/26578 | Loss 0.1534 | LR 9.57e-06 | phase_samples=449296
2026-05-18 20:59:41,389  INFO  [allava] Step 14040/26578 | Loss 0.1228 | LR 9.57e-06 | phase_samples=449304
2026-05-18 20:59:56,831  INFO  [allava] Step 14050/26578 | Loss 4.8279 | LR 9.56e-06 | phase_samples=449600
2026-05-18 20:59:57,206  INFO  [allava] Step 14050/26578 | Loss 0.1194 | LR 9.56e-06 | phase_samples=449608
2026-05-18 20:59:57,588  INFO  [allava] Step 14050/26578 | Loss 0.1186 | LR 9.56e-06 | phase_samples=449616
2026-05-18 20:59:57,998  INFO  [allava] Step 14050/26578 | Loss 0.1417 | LR 9.56e-06 | phase_samples=449624
2026-05-18 21:00:13,343  INFO  [allava] Step 14060/26578 | Loss 4.7979 | LR 9.55e-06 | phase_samples=449920
2026-05-18 21:00:13,702  INFO  [allava] Step 14060/26578 | Loss 0.1443 | LR 9.55e-06 | phase_samples=449928
2026-05-18 21:00:14,060  INFO  [allava] Step 14060/26578 | Loss 0.1161 | LR 9.55e-06 | phase_samples=449936
2026-05-18 21:00:14,435  INFO  [allava] Step 14060/26578 | Loss 0.1007 | LR 9.55e-06 | phase_samples=449944
2026-05-18 21:00:30,914  INFO  [allava] Step 14070/26578 | Loss 4.8687 | LR 9.53e-06 | phase_samples=450240
2026-05-18 21:00:31,276  INFO  [allava] Step 14070/26578 | Loss 0.1355 | LR 9.53e-06 | phase_samples=450248
2026-05-18 21:00:31,619  INFO  [allava] Step 14070/26578 | Loss 0.1026 | LR 9.53e-06 | phase_samples=450256
2026-05-18 21:00:31,997  INFO  [allava] Step 14070/26578 | Loss 0.1123 | LR 9.53e-06 | phase_samples=450264
2026-05-18 21:00:47,357  INFO  [allava] Step 14080/26578 | Loss 4.7447 | LR 9.52e-06 | phase_samples=450560
2026-05-18 21:00:47,732  INFO  [allava] Step 14080/26578 | Loss 0.1414 | LR 9.52e-06 | phase_samples=450568
2026-05-18 21:00:48,161  INFO  [allava] Step 14080/26578 | Loss 0.1359 | LR 9.52e-06 | phase_samples=450576
2026-05-18 21:00:48,567  INFO  [allava] Step 14080/26578 | Loss 0.1219 | LR 9.52e-06 | phase_samples=450584
2026-05-18 21:01:04,015  INFO  [allava] Step 14090/26578 | Loss 4.7667 | LR 9.51e-06 | phase_samples=450880
2026-05-18 21:01:04,328  INFO  [allava] Step 14090/26578 | Loss 0.1202 | LR 9.51e-06 | phase_samples=450888
2026-05-18 21:01:04,695  INFO  [allava] Step 14090/26578 | Loss 0.1170 | LR 9.51e-06 | phase_samples=450896
2026-05-18 21:01:05,043  INFO  [allava] Step 14090/26578 | Loss 0.1102 | LR 9.51e-06 | phase_samples=450904
2026-05-18 21:01:20,347  INFO  [allava] Step 14100/26578 | Loss 4.6544 | LR 9.50e-06 | phase_samples=451200
2026-05-18 21:01:20,702  INFO  [allava] Step 14100/26578 | Loss 0.1353 | LR 9.50e-06 | phase_samples=451208
2026-05-18 21:01:21,052  INFO  [allava] Step 14100/26578 | Loss 0.1259 | LR 9.50e-06 | phase_samples=451216
2026-05-18 21:01:21,448  INFO  [allava] Step 14100/26578 | Loss 0.1508 | LR 9.50e-06 | phase_samples=451224
2026-05-18 21:01:37,413  INFO  [allava] Step 14110/26578 | Loss 4.8289 | LR 9.49e-06 | phase_samples=451520
2026-05-18 21:01:37,795  INFO  [allava] Step 14110/26578 | Loss 0.1424 | LR 9.49e-06 | phase_samples=451528
2026-05-18 21:01:38,178  INFO  [allava] Step 14110/26578 | Loss 0.1357 | LR 9.49e-06 | phase_samples=451536
2026-05-18 21:01:38,559  INFO  [allava] Step 14110/26578 | Loss 0.1136 | LR 9.49e-06 | phase_samples=451544
2026-05-18 21:01:54,083  INFO  [allava] Step 14120/26578 | Loss 4.9466 | LR 9.47e-06 | phase_samples=451840
2026-05-18 21:01:54,468  INFO  [allava] Step 14120/26578 | Loss 0.1534 | LR 9.47e-06 | phase_samples=451848
2026-05-18 21:01:54,896  INFO  [allava] Step 14120/26578 | Loss 0.1368 | LR 9.47e-06 | phase_samples=451856
2026-05-18 21:01:55,240  INFO  [allava] Step 14120/26578 | Loss 0.1028 | LR 9.47e-06 | phase_samples=451864
2026-05-18 21:02:10,741  INFO  [allava] Step 14130/26578 | Loss 4.8691 | LR 9.46e-06 | phase_samples=452160
2026-05-18 21:02:11,103  INFO  [allava] Step 14130/26578 | Loss 0.1297 | LR 9.46e-06 | phase_samples=452168
2026-05-18 21:02:11,480  INFO  [allava] Step 14130/26578 | Loss 0.1151 | LR 9.46e-06 | phase_samples=452176
2026-05-18 21:02:11,910  INFO  [allava] Step 14130/26578 | Loss 0.1455 | LR 9.46e-06 | phase_samples=452184
2026-05-18 21:02:27,046  INFO  [allava] Step 14140/26578 | Loss 4.8358 | LR 9.45e-06 | phase_samples=452480
2026-05-18 21:02:27,467  INFO  [allava] Step 14140/26578 | Loss 0.1380 | LR 9.45e-06 | phase_samples=452488
2026-05-18 21:02:27,815  INFO  [allava] Step 14140/26578 | Loss 0.1093 | LR 9.45e-06 | phase_samples=452496
2026-05-18 21:02:28,142  INFO  [allava] Step 14140/26578 | Loss 0.0980 | LR 9.45e-06 | phase_samples=452504
2026-05-18 21:02:43,958  INFO  [allava] Step 14150/26578 | Loss 4.7058 | LR 9.44e-06 | phase_samples=452800
2026-05-18 21:02:44,375  INFO  [allava] Step 14150/26578 | Loss 0.1366 | LR 9.44e-06 | phase_samples=452808
2026-05-18 21:02:44,753  INFO  [allava] Step 14150/26578 | Loss 0.1217 | LR 9.44e-06 | phase_samples=452816
2026-05-18 21:02:45,152  INFO  [allava] Step 14150/26578 | Loss 0.1209 | LR 9.44e-06 | phase_samples=452824
2026-05-18 21:03:00,290  INFO  [allava] Step 14160/26578 | Loss 4.6765 | LR 9.42e-06 | phase_samples=453120
2026-05-18 21:03:00,667  INFO  [allava] Step 14160/26578 | Loss 0.1072 | LR 9.42e-06 | phase_samples=453128
2026-05-18 21:03:01,061  INFO  [allava] Step 14160/26578 | Loss 0.1346 | LR 9.42e-06 | phase_samples=453136
2026-05-18 21:03:01,449  INFO  [allava] Step 14160/26578 | Loss 0.1111 | LR 9.42e-06 | phase_samples=453144
2026-05-18 21:03:17,624  INFO  [allava] Step 14170/26578 | Loss 4.7194 | LR 9.41e-06 | phase_samples=453440
2026-05-18 21:03:18,065  INFO  [allava] Step 14170/26578 | Loss 0.1302 | LR 9.41e-06 | phase_samples=453448
2026-05-18 21:03:18,407  INFO  [allava] Step 14170/26578 | Loss 0.1042 | LR 9.41e-06 | phase_samples=453456
2026-05-18 21:03:18,807  INFO  [allava] Step 14170/26578 | Loss 0.1223 | LR 9.41e-06 | phase_samples=453464
2026-05-18 21:03:34,185  INFO  [allava] Step 14180/26578 | Loss 4.8068 | LR 9.40e-06 | phase_samples=453760
2026-05-18 21:03:34,511  INFO  [allava] Step 14180/26578 | Loss 0.1189 | LR 9.40e-06 | phase_samples=453768
2026-05-18 21:03:34,887  INFO  [allava] Step 14180/26578 | Loss 0.1381 | LR 9.40e-06 | phase_samples=453776
2026-05-18 21:03:35,265  INFO  [allava] Step 14180/26578 | Loss 0.1115 | LR 9.40e-06 | phase_samples=453784
2026-05-18 21:03:50,844  INFO  [allava] Step 14190/26578 | Loss 4.7149 | LR 9.39e-06 | phase_samples=454080
2026-05-18 21:03:51,218  INFO  [allava] Step 14190/26578 | Loss 0.1281 | LR 9.39e-06 | phase_samples=454088
2026-05-18 21:03:51,582  INFO  [allava] Step 14190/26578 | Loss 0.1249 | LR 9.39e-06 | phase_samples=454096
2026-05-18 21:03:51,930  INFO  [allava] Step 14190/26578 | Loss 0.1244 | LR 9.39e-06 | phase_samples=454104
2026-05-18 21:04:07,034  INFO  [allava] Step 14200/26578 | Loss 4.8162 | LR 9.38e-06 | phase_samples=454400
2026-05-18 21:04:07,397  INFO  [allava] Step 14200/26578 | Loss 0.1111 | LR 9.38e-06 | phase_samples=454408
2026-05-18 21:04:07,787  INFO  [allava] Step 14200/26578 | Loss 0.1273 | LR 9.38e-06 | phase_samples=454416
2026-05-18 21:04:08,136  INFO  [allava] Step 14200/26578 | Loss 0.1230 | LR 9.38e-06 | phase_samples=454424
2026-05-18 21:04:23,859  INFO  [allava] Step 14210/26578 | Loss 4.8102 | LR 9.36e-06 | phase_samples=454720
2026-05-18 21:04:24,193  INFO  [allava] Step 14210/26578 | Loss 0.1110 | LR 9.36e-06 | phase_samples=454728
2026-05-18 21:04:24,560  INFO  [allava] Step 14210/26578 | Loss 0.1509 | LR 9.36e-06 | phase_samples=454736
2026-05-18 21:04:24,906  INFO  [allava] Step 14210/26578 | Loss 0.1023 | LR 9.36e-06 | phase_samples=454744
2026-05-18 21:04:40,041  INFO  [allava] Step 14220/26578 | Loss 4.6437 | LR 9.35e-06 | phase_samples=455040
2026-05-18 21:04:40,458  INFO  [allava] Step 14220/26578 | Loss 0.1470 | LR 9.35e-06 | phase_samples=455048
2026-05-18 21:04:40,831  INFO  [allava] Step 14220/26578 | Loss 0.1211 | LR 9.35e-06 | phase_samples=455056
2026-05-18 21:04:41,263  INFO  [allava] Step 14220/26578 | Loss 0.1404 | LR 9.35e-06 | phase_samples=455064
2026-05-18 21:04:56,773  INFO  [allava] Step 14230/26578 | Loss 4.5566 | LR 9.34e-06 | phase_samples=455360
2026-05-18 21:04:57,162  INFO  [allava] Step 14230/26578 | Loss 0.1352 | LR 9.34e-06 | phase_samples=455368
2026-05-18 21:04:57,559  INFO  [allava] Step 14230/26578 | Loss 0.1568 | LR 9.34e-06 | phase_samples=455376
2026-05-18 21:04:57,950  INFO  [allava] Step 14230/26578 | Loss 0.1640 | LR 9.34e-06 | phase_samples=455384
2026-05-18 21:05:13,507  INFO  [allava] Step 14240/26578 | Loss 4.9235 | LR 9.33e-06 | phase_samples=455680
2026-05-18 21:05:13,880  INFO  [allava] Step 14240/26578 | Loss 0.1218 | LR 9.33e-06 | phase_samples=455688
2026-05-18 21:05:14,305  INFO  [allava] Step 14240/26578 | Loss 0.1340 | LR 9.33e-06 | phase_samples=455696
2026-05-18 21:05:14,711  INFO  [allava] Step 14240/26578 | Loss 0.1417 | LR 9.33e-06 | phase_samples=455704
2026-05-18 21:05:30,371  INFO  [allava] Step 14250/26578 | Loss 4.6848 | LR 9.32e-06 | phase_samples=456000
2026-05-18 21:05:30,783  INFO  [allava] Step 14250/26578 | Loss 0.1323 | LR 9.32e-06 | phase_samples=456008
2026-05-18 21:05:31,162  INFO  [allava] Step 14250/26578 | Loss 0.1574 | LR 9.32e-06 | phase_samples=456016
2026-05-18 21:05:31,622  INFO  [allava] Step 14250/26578 | Loss 0.1335 | LR 9.32e-06 | phase_samples=456024
2026-05-18 21:05:46,818  INFO  [allava] Step 14260/26578 | Loss 4.8553 | LR 9.30e-06 | phase_samples=456320
2026-05-18 21:05:47,174  INFO  [allava] Step 14260/26578 | Loss 0.1334 | LR 9.30e-06 | phase_samples=456328
2026-05-18 21:05:47,564  INFO  [allava] Step 14260/26578 | Loss 0.1627 | LR 9.30e-06 | phase_samples=456336
2026-05-18 21:05:47,949  INFO  [allava] Step 14260/26578 | Loss 0.1572 | LR 9.30e-06 | phase_samples=456344
2026-05-18 21:06:03,702  INFO  [allava] Step 14270/26578 | Loss 4.8343 | LR 9.29e-06 | phase_samples=456640
2026-05-18 21:06:04,040  INFO  [allava] Step 14270/26578 | Loss 0.1411 | LR 9.29e-06 | phase_samples=456648
2026-05-18 21:06:04,411  INFO  [allava] Step 14270/26578 | Loss 0.1074 | LR 9.29e-06 | phase_samples=456656
2026-05-18 21:06:04,868  INFO  [allava] Step 14270/26578 | Loss 0.1260 | LR 9.29e-06 | phase_samples=456664
2026-05-18 21:06:19,788  INFO  [allava] Step 14280/26578 | Loss 4.7613 | LR 9.28e-06 | phase_samples=456960
2026-05-18 21:06:20,202  INFO  [allava] Step 14280/26578 | Loss 0.1277 | LR 9.28e-06 | phase_samples=456968
2026-05-18 21:06:20,583  INFO  [allava] Step 14280/26578 | Loss 0.1416 | LR 9.28e-06 | phase_samples=456976
2026-05-18 21:06:21,011  INFO  [allava] Step 14280/26578 | Loss 0.1300 | LR 9.28e-06 | phase_samples=456984
2026-05-18 21:06:36,836  INFO  [allava] Step 14290/26578 | Loss 4.6713 | LR 9.27e-06 | phase_samples=457280
2026-05-18 21:06:37,215  INFO  [allava] Step 14290/26578 | Loss 0.1259 | LR 9.27e-06 | phase_samples=457288
2026-05-18 21:06:37,586  INFO  [allava] Step 14290/26578 | Loss 0.1084 | LR 9.27e-06 | phase_samples=457296
2026-05-18 21:06:37,977  INFO  [allava] Step 14290/26578 | Loss 0.1639 | LR 9.27e-06 | phase_samples=457304
2026-05-18 21:06:53,366  INFO  [allava] Step 14300/26578 | Loss 4.7575 | LR 9.25e-06 | phase_samples=457600
2026-05-18 21:06:53,781  INFO  [allava] Step 14300/26578 | Loss 0.1459 | LR 9.25e-06 | phase_samples=457608
2026-05-18 21:06:54,171  INFO  [allava] Step 14300/26578 | Loss 0.1073 | LR 9.25e-06 | phase_samples=457616
2026-05-18 21:06:54,523  INFO  [allava] Step 14300/26578 | Loss 0.1186 | LR 9.25e-06 | phase_samples=457624
2026-05-18 21:07:10,126  INFO  [allava] Step 14310/26578 | Loss 4.6557 | LR 9.24e-06 | phase_samples=457920
2026-05-18 21:07:10,450  INFO  [allava] Step 14310/26578 | Loss 0.1075 | LR 9.24e-06 | phase_samples=457928
2026-05-18 21:07:10,842  INFO  [allava] Step 14310/26578 | Loss 0.1424 | LR 9.24e-06 | phase_samples=457936
2026-05-18 21:07:11,221  INFO  [allava] Step 14310/26578 | Loss 0.1288 | LR 9.24e-06 | phase_samples=457944
2026-05-18 21:07:26,630  INFO  [allava] Step 14320/26578 | Loss 4.8906 | LR 9.23e-06 | phase_samples=458240
2026-05-18 21:07:26,990  INFO  [allava] Step 14320/26578 | Loss 0.1525 | LR 9.23e-06 | phase_samples=458248
2026-05-18 21:07:27,362  INFO  [allava] Step 14320/26578 | Loss 0.1154 | LR 9.23e-06 | phase_samples=458256
2026-05-18 21:07:27,744  INFO  [allava] Step 14320/26578 | Loss 0.1234 | LR 9.23e-06 | phase_samples=458264
2026-05-18 21:07:43,493  INFO  [allava] Step 14330/26578 | Loss 4.6908 | LR 9.22e-06 | phase_samples=458560
2026-05-18 21:07:43,849  INFO  [allava] Step 14330/26578 | Loss 0.1374 | LR 9.22e-06 | phase_samples=458568
2026-05-18 21:07:44,287  INFO  [allava] Step 14330/26578 | Loss 0.1447 | LR 9.22e-06 | phase_samples=458576
2026-05-18 21:07:44,750  INFO  [allava] Step 14330/26578 | Loss 0.1424 | LR 9.22e-06 | phase_samples=458584
2026-05-18 21:07:59,924  INFO  [allava] Step 14340/26578 | Loss 4.8878 | LR 9.21e-06 | phase_samples=458880
2026-05-18 21:08:00,250  INFO  [allava] Step 14340/26578 | Loss 0.1290 | LR 9.21e-06 | phase_samples=458888
2026-05-18 21:08:00,646  INFO  [allava] Step 14340/26578 | Loss 0.1302 | LR 9.21e-06 | phase_samples=458896
2026-05-18 21:08:01,056  INFO  [allava] Step 14340/26578 | Loss 0.1349 | LR 9.21e-06 | phase_samples=458904
2026-05-18 21:08:16,663  INFO  [allava] Step 14350/26578 | Loss 4.6366 | LR 9.19e-06 | phase_samples=459200
2026-05-18 21:08:17,026  INFO  [allava] Step 14350/26578 | Loss 0.1362 | LR 9.19e-06 | phase_samples=459208
2026-05-18 21:08:17,422  INFO  [allava] Step 14350/26578 | Loss 0.1384 | LR 9.19e-06 | phase_samples=459216
2026-05-18 21:08:17,824  INFO  [allava] Step 14350/26578 | Loss 0.1269 | LR 9.19e-06 | phase_samples=459224
2026-05-18 21:08:33,169  INFO  [allava] Step 14360/26578 | Loss 4.9073 | LR 9.18e-06 | phase_samples=459520
2026-05-18 21:08:33,550  INFO  [allava] Step 14360/26578 | Loss 0.1306 | LR 9.18e-06 | phase_samples=459528
2026-05-18 21:08:33,939  INFO  [allava] Step 14360/26578 | Loss 0.1314 | LR 9.18e-06 | phase_samples=459536
2026-05-18 21:08:34,294  INFO  [allava] Step 14360/26578 | Loss 0.0989 | LR 9.18e-06 | phase_samples=459544
2026-05-18 21:08:49,780  INFO  [allava] Step 14370/26578 | Loss 4.6895 | LR 9.17e-06 | phase_samples=459840
2026-05-18 21:08:50,143  INFO  [allava] Step 14370/26578 | Loss 0.0949 | LR 9.17e-06 | phase_samples=459848
2026-05-18 21:08:50,539  INFO  [allava] Step 14370/26578 | Loss 0.1249 | LR 9.17e-06 | phase_samples=459856
2026-05-18 21:08:50,934  INFO  [allava] Step 14370/26578 | Loss 0.1182 | LR 9.17e-06 | phase_samples=459864
2026-05-18 21:09:06,186  INFO  [allava] Step 14380/26578 | Loss 4.6319 | LR 9.16e-06 | phase_samples=460160
2026-05-18 21:09:06,551  INFO  [allava] Step 14380/26578 | Loss 0.1477 | LR 9.16e-06 | phase_samples=460168
2026-05-18 21:09:06,948  INFO  [allava] Step 14380/26578 | Loss 0.1233 | LR 9.16e-06 | phase_samples=460176
2026-05-18 21:09:07,389  INFO  [allava] Step 14380/26578 | Loss 0.1273 | LR 9.16e-06 | phase_samples=460184
2026-05-18 21:09:22,814  INFO  [allava] Step 14390/26578 | Loss 4.6123 | LR 9.15e-06 | phase_samples=460480
2026-05-18 21:09:23,192  INFO  [allava] Step 14390/26578 | Loss 0.1451 | LR 9.15e-06 | phase_samples=460488
2026-05-18 21:09:23,593  INFO  [allava] Step 14390/26578 | Loss 0.1223 | LR 9.15e-06 | phase_samples=460496
2026-05-18 21:09:23,963  INFO  [allava] Step 14390/26578 | Loss 0.1472 | LR 9.15e-06 | phase_samples=460504
2026-05-18 21:09:39,232  INFO  [allava] Step 14400/26578 | Loss 4.8175 | LR 9.13e-06 | phase_samples=460800
2026-05-18 21:09:39,618  INFO  [allava] Step 14400/26578 | Loss 0.1418 | LR 9.13e-06 | phase_samples=460808
2026-05-18 21:09:40,011  INFO  [allava] Step 14400/26578 | Loss 0.1528 | LR 9.13e-06 | phase_samples=460816
2026-05-18 21:09:40,407  INFO  [allava] Step 14400/26578 | Loss 0.1518 | LR 9.13e-06 | phase_samples=460824
2026-05-18 21:09:55,961  INFO  [allava] Step 14410/26578 | Loss 4.7805 | LR 9.12e-06 | phase_samples=461120
2026-05-18 21:09:56,321  INFO  [allava] Step 14410/26578 | Loss 0.1405 | LR 9.12e-06 | phase_samples=461128
2026-05-18 21:09:56,707  INFO  [allava] Step 14410/26578 | Loss 0.1575 | LR 9.12e-06 | phase_samples=461136
2026-05-18 21:09:57,142  INFO  [allava] Step 14410/26578 | Loss 0.1543 | LR 9.12e-06 | phase_samples=461144
2026-05-18 21:10:12,435  INFO  [allava] Step 14420/26578 | Loss 4.7859 | LR 9.11e-06 | phase_samples=461440
2026-05-18 21:10:12,808  INFO  [allava] Step 14420/26578 | Loss 0.1060 | LR 9.11e-06 | phase_samples=461448
2026-05-18 21:10:13,201  INFO  [allava] Step 14420/26578 | Loss 0.1376 | LR 9.11e-06 | phase_samples=461456
2026-05-18 21:10:13,575  INFO  [allava] Step 14420/26578 | Loss 0.1505 | LR 9.11e-06 | phase_samples=461464
2026-05-18 21:10:29,808  INFO  [allava] Step 14430/26578 | Loss 4.6457 | LR 9.10e-06 | phase_samples=461760
2026-05-18 21:10:30,253  INFO  [allava] Step 14430/26578 | Loss 0.1564 | LR 9.10e-06 | phase_samples=461768
2026-05-18 21:10:30,658  INFO  [allava] Step 14430/26578 | Loss 0.1387 | LR 9.10e-06 | phase_samples=461776
2026-05-18 21:10:31,070  INFO  [allava] Step 14430/26578 | Loss 0.1359 | LR 9.10e-06 | phase_samples=461784
2026-05-18 21:10:46,256  INFO  [allava] Step 14440/26578 | Loss 4.7819 | LR 9.08e-06 | phase_samples=462080
2026-05-18 21:10:46,588  INFO  [allava] Step 14440/26578 | Loss 0.1124 | LR 9.08e-06 | phase_samples=462088
2026-05-18 21:10:47,094  INFO  [allava] Step 14440/26578 | Loss 0.1460 | LR 9.08e-06 | phase_samples=462096
2026-05-18 21:10:47,470  INFO  [allava] Step 14440/26578 | Loss 0.1366 | LR 9.08e-06 | phase_samples=462104
2026-05-18 21:15:18,845  INFO  Checkpoint saved → ../checkpoints/stage2_h100/allava/step14445 | step=14445 | phase=allava | samples_seen_phase=462240 | total=462240
2026-05-18 21:15:27,520  INFO  [allava] Step 14450/26578 | Loss 4.8707 | LR 9.07e-06 | phase_samples=462400
2026-05-18 21:15:27,882  INFO  [allava] Step 14450/26578 | Loss 0.1217 | LR 9.07e-06 | phase_samples=462408
2026-05-18 21:15:28,256  INFO  [allava] Step 14450/26578 | Loss 0.1199 | LR 9.07e-06 | phase_samples=462416
2026-05-18 21:15:28,630  INFO  [allava] Step 14450/26578 | Loss 0.1434 | LR 9.07e-06 | phase_samples=462424
2026-05-18 21:15:43,983  INFO  [allava] Step 14460/26578 | Loss 4.8473 | LR 9.06e-06 | phase_samples=462720
2026-05-18 21:15:44,402  INFO  [allava] Step 14460/26578 | Loss 0.1309 | LR 9.06e-06 | phase_samples=462728
2026-05-18 21:15:44,867  INFO  [allava] Step 14460/26578 | Loss 0.1353 | LR 9.06e-06 | phase_samples=462736
2026-05-18 21:15:45,298  INFO  [allava] Step 14460/26578 | Loss 0.1283 | LR 9.06e-06 | phase_samples=462744
2026-05-18 21:16:01,268  INFO  [allava] Step 14470/26578 | Loss 4.7791 | LR 9.05e-06 | phase_samples=463040
2026-05-18 21:16:01,755  INFO  [allava] Step 14470/26578 | Loss 0.1516 | LR 9.05e-06 | phase_samples=463048
2026-05-18 21:16:02,142  INFO  [allava] Step 14470/26578 | Loss 0.1200 | LR 9.05e-06 | phase_samples=463056
2026-05-18 21:16:02,579  INFO  [allava] Step 14470/26578 | Loss 0.1235 | LR 9.05e-06 | phase_samples=463064
2026-05-18 21:16:17,928  INFO  [allava] Step 14480/26578 | Loss 4.6974 | LR 9.04e-06 | phase_samples=463360
2026-05-18 21:16:18,262  INFO  [allava] Step 14480/26578 | Loss 0.1244 | LR 9.04e-06 | phase_samples=463368
2026-05-18 21:16:18,648  INFO  [allava] Step 14480/26578 | Loss 0.1386 | LR 9.04e-06 | phase_samples=463376
2026-05-18 21:16:19,047  INFO  [allava] Step 14480/26578 | Loss 0.1222 | LR 9.04e-06 | phase_samples=463384
2026-05-18 21:16:34,877  INFO  [allava] Step 14490/26578 | Loss 4.7813 | LR 9.02e-06 | phase_samples=463680
2026-05-18 21:16:35,246  INFO  [allava] Step 14490/26578 | Loss 0.1426 | LR 9.02e-06 | phase_samples=463688
2026-05-18 21:16:35,592  INFO  [allava] Step 14490/26578 | Loss 0.1341 | LR 9.02e-06 | phase_samples=463696
2026-05-18 21:16:36,039  INFO  [allava] Step 14490/26578 | Loss 0.1411 | LR 9.02e-06 | phase_samples=463704
2026-05-18 21:16:51,922  INFO  [allava] Step 14500/26578 | Loss 4.7798 | LR 9.01e-06 | phase_samples=464000
2026-05-18 21:16:52,252  INFO  [allava] Step 14500/26578 | Loss 0.1005 | LR 9.01e-06 | phase_samples=464008
2026-05-18 21:16:52,604  INFO  [allava] Step 14500/26578 | Loss 0.1059 | LR 9.01e-06 | phase_samples=464016
2026-05-18 21:16:53,042  INFO  [allava] Step 14500/26578 | Loss 0.1441 | LR 9.01e-06 | phase_samples=464024
2026-05-18 21:17:08,921  INFO  [allava] Step 14510/26578 | Loss 4.6658 | LR 9.00e-06 | phase_samples=464320
2026-05-18 21:17:09,254  INFO  [allava] Step 14510/26578 | Loss 0.1117 | LR 9.00e-06 | phase_samples=464328
2026-05-18 21:17:09,649  INFO  [allava] Step 14510/26578 | Loss 0.1333 | LR 9.00e-06 | phase_samples=464336
2026-05-18 21:17:10,018  INFO  [allava] Step 14510/26578 | Loss 0.1257 | LR 9.00e-06 | phase_samples=464344
2026-05-18 21:17:25,451  INFO  [allava] Step 14520/26578 | Loss 4.6461 | LR 8.99e-06 | phase_samples=464640
2026-05-18 21:17:25,843  INFO  [allava] Step 14520/26578 | Loss 0.1166 | LR 8.99e-06 | phase_samples=464648
2026-05-18 21:17:26,211  INFO  [allava] Step 14520/26578 | Loss 0.1135 | LR 8.99e-06 | phase_samples=464656
2026-05-18 21:17:26,606  INFO  [allava] Step 14520/26578 | Loss 0.1320 | LR 8.99e-06 | phase_samples=464664
2026-05-18 21:17:42,329  INFO  [allava] Step 14530/26578 | Loss 4.6967 | LR 8.98e-06 | phase_samples=464960
2026-05-18 21:17:42,716  INFO  [allava] Step 14530/26578 | Loss 0.1305 | LR 8.98e-06 | phase_samples=464968
2026-05-18 21:17:43,095  INFO  [allava] Step 14530/26578 | Loss 0.1275 | LR 8.98e-06 | phase_samples=464976
2026-05-18 21:17:43,465  INFO  [allava] Step 14530/26578 | Loss 0.1107 | LR 8.98e-06 | phase_samples=464984
2026-05-18 21:17:58,809  INFO  [allava] Step 14540/26578 | Loss 4.8033 | LR 8.96e-06 | phase_samples=465280
2026-05-18 21:17:59,180  INFO  [allava] Step 14540/26578 | Loss 0.1264 | LR 8.96e-06 | phase_samples=465288
2026-05-18 21:17:59,583  INFO  [allava] Step 14540/26578 | Loss 0.1214 | LR 8.96e-06 | phase_samples=465296
2026-05-18 21:18:00,018  INFO  [allava] Step 14540/26578 | Loss 0.1291 | LR 8.96e-06 | phase_samples=465304
2026-05-18 21:18:15,653  INFO  [allava] Step 14550/26578 | Loss 4.7841 | LR 8.95e-06 | phase_samples=465600
2026-05-18 21:18:16,075  INFO  [allava] Step 14550/26578 | Loss 0.1387 | LR 8.95e-06 | phase_samples=465608
2026-05-18 21:18:16,469  INFO  [allava] Step 14550/26578 | Loss 0.1388 | LR 8.95e-06 | phase_samples=465616
2026-05-18 21:18:16,870  INFO  [allava] Step 14550/26578 | Loss 0.1108 | LR 8.95e-06 | phase_samples=465624
2026-05-18 21:18:32,124  INFO  [allava] Step 14560/26578 | Loss 4.7623 | LR 8.94e-06 | phase_samples=465920
2026-05-18 21:18:32,463  INFO  [allava] Step 14560/26578 | Loss 0.1359 | LR 8.94e-06 | phase_samples=465928
2026-05-18 21:18:32,855  INFO  [allava] Step 14560/26578 | Loss 0.1373 | LR 8.94e-06 | phase_samples=465936
2026-05-18 21:18:33,207  INFO  [allava] Step 14560/26578 | Loss 0.0927 | LR 8.94e-06 | phase_samples=465944
2026-05-18 21:18:49,122  INFO  [allava] Step 14570/26578 | Loss 4.9257 | LR 8.93e-06 | phase_samples=466240
2026-05-18 21:18:49,508  INFO  [allava] Step 14570/26578 | Loss 0.1336 | LR 8.93e-06 | phase_samples=466248
2026-05-18 21:18:49,848  INFO  [allava] Step 14570/26578 | Loss 0.1108 | LR 8.93e-06 | phase_samples=466256
2026-05-18 21:18:50,221  INFO  [allava] Step 14570/26578 | Loss 0.1264 | LR 8.93e-06 | phase_samples=466264
2026-05-18 21:19:05,533  INFO  [allava] Step 14580/26578 | Loss 4.7949 | LR 8.91e-06 | phase_samples=466560
2026-05-18 21:19:05,897  INFO  [allava] Step 14580/26578 | Loss 0.1067 | LR 8.91e-06 | phase_samples=466568
2026-05-18 21:19:06,294  INFO  [allava] Step 14580/26578 | Loss 0.1347 | LR 8.91e-06 | phase_samples=466576
2026-05-18 21:19:06,670  INFO  [allava] Step 14580/26578 | Loss 0.1414 | LR 8.91e-06 | phase_samples=466584
2026-05-18 21:19:22,517  INFO  [allava] Step 14590/26578 | Loss 4.7592 | LR 8.90e-06 | phase_samples=466880
2026-05-18 21:19:22,948  INFO  [allava] Step 14590/26578 | Loss 0.1479 | LR 8.90e-06 | phase_samples=466888
2026-05-18 21:19:23,375  INFO  [allava] Step 14590/26578 | Loss 0.1321 | LR 8.90e-06 | phase_samples=466896
2026-05-18 21:19:23,750  INFO  [allava] Step 14590/26578 | Loss 0.1324 | LR 8.90e-06 | phase_samples=466904
2026-05-18 21:19:38,753  INFO  [allava] Step 14600/26578 | Loss 4.7452 | LR 8.89e-06 | phase_samples=467200
2026-05-18 21:19:39,121  INFO  [allava] Step 14600/26578 | Loss 0.0999 | LR 8.89e-06 | phase_samples=467208
2026-05-18 21:19:39,653  INFO  [allava] Step 14600/26578 | Loss 0.1086 | LR 8.89e-06 | phase_samples=467216
2026-05-18 21:19:40,025  INFO  [allava] Step 14600/26578 | Loss 0.1156 | LR 8.89e-06 | phase_samples=467224
2026-05-18 21:19:55,983  INFO  [allava] Step 14610/26578 | Loss 4.9581 | LR 8.88e-06 | phase_samples=467520
2026-05-18 21:19:56,423  INFO  [allava] Step 14610/26578 | Loss 0.1357 | LR 8.88e-06 | phase_samples=467528
2026-05-18 21:19:56,792  INFO  [allava] Step 14610/26578 | Loss 0.1056 | LR 8.88e-06 | phase_samples=467536
2026-05-18 21:19:57,174  INFO  [allava] Step 14610/26578 | Loss 0.1094 | LR 8.88e-06 | phase_samples=467544
2026-05-18 21:20:12,726  INFO  [allava] Step 14620/26578 | Loss 4.9038 | LR 8.87e-06 | phase_samples=467840
2026-05-18 21:20:13,084  INFO  [allava] Step 14620/26578 | Loss 0.1395 | LR 8.87e-06 | phase_samples=467848
2026-05-18 21:20:13,480  INFO  [allava] Step 14620/26578 | Loss 0.1365 | LR 8.87e-06 | phase_samples=467856
2026-05-18 21:20:13,855  INFO  [allava] Step 14620/26578 | Loss 0.0968 | LR 8.87e-06 | phase_samples=467864
2026-05-18 21:20:29,646  INFO  [allava] Step 14630/26578 | Loss 4.9295 | LR 8.85e-06 | phase_samples=468160
2026-05-18 21:20:30,066  INFO  [allava] Step 14630/26578 | Loss 0.1178 | LR 8.85e-06 | phase_samples=468168
2026-05-18 21:20:30,499  INFO  [allava] Step 14630/26578 | Loss 0.0934 | LR 8.85e-06 | phase_samples=468176
2026-05-18 21:20:30,879  INFO  [allava] Step 14630/26578 | Loss 0.1053 | LR 8.85e-06 | phase_samples=468184
2026-05-18 21:20:46,482  INFO  [allava] Step 14640/26578 | Loss 4.8393 | LR 8.84e-06 | phase_samples=468480
2026-05-18 21:20:46,843  INFO  [allava] Step 14640/26578 | Loss 0.1159 | LR 8.84e-06 | phase_samples=468488
2026-05-18 21:20:47,234  INFO  [allava] Step 14640/26578 | Loss 0.1302 | LR 8.84e-06 | phase_samples=468496
2026-05-18 21:20:47,615  INFO  [allava] Step 14640/26578 | Loss 0.1467 | LR 8.84e-06 | phase_samples=468504
2026-05-18 21:20:56,535  INFO  Phase allava DONE | Avg Loss 1.3200 | Time 8h 32m 9s
2026-05-18 21:24:45,813  INFO  Checkpoint saved → ../checkpoints/stage2_h100/allava/allava_final | step=14646 | phase=allava | samples_seen_phase=468664 | total=468664
2026-05-18 21:24:45,816  INFO  Stage 2 H100 two-phase complete. Total: 8h 41m 53s
