2026-05-14 15:19:15,999  INFO  Loading SigLIP2 ...
2026-05-14 15:19:44,775  INFO  SigLIP2 loaded and frozen.
2026-05-14 15:19:44,780  INFO  Loading Qwen2.5-3B-Instruct ...
2026-05-14 15:19:45,338  INFO  Registered '<image>' as special token.
2026-05-14 15:19:45,338  INFO  <image> token id = 151665
2026-05-14 15:20:59,649  INFO  Loading SigLIP2 ...
2026-05-14 15:21:01,297  INFO  SigLIP2 loaded and frozen.
2026-05-14 15:21:01,297  INFO  Loading Qwen2.5-3B-Instruct ...
2026-05-14 15:21:01,639  INFO  Registered '<image>' as special token.
2026-05-14 15:21:01,639  INFO  <image> token id = 151665
2026-05-14 15:22:28,918  INFO  Qwen2.5 loaded and frozen.
2026-05-14 15:22:28,946  INFO  Trainable tensors : 4 (should all be projector.*)
2026-05-14 15:22:28,946  INFO  Trainable params  : 7,377,152
2026-05-14 15:22:28,946  INFO  Loading dataset from ../data/blip_laion_cc_sbu_558k.json ...
2026-05-14 15:22:34,232  INFO  Loaded 558128 entries.
2026-05-14 15:22:35,450  INFO  Training start | epochs=1 | batches/epoch=34883 | effective_batch=32 | total_opt_steps=17442 | warmup_steps=523
2026-05-14 15:25:46,583  INFO  Loading SigLIP2 ...
2026-05-14 15:25:48,354  INFO  SigLIP2 loaded and frozen.
2026-05-14 15:25:48,354  INFO  Loading Qwen2.5-3B-Instruct ...
2026-05-14 15:25:48,760  INFO  Registered '<image>' as special token.
2026-05-14 15:25:48,760  INFO  <image> token id = 151665
2026-05-14 15:26:05,660  INFO  Qwen2.5 loaded and frozen.
2026-05-14 15:26:05,685  INFO  Trainable tensors : 4 (should all be projector.*)
2026-05-14 15:26:05,685  INFO  Trainable params  : 7,377,152
2026-05-14 15:26:05,686  INFO  Loading dataset from ../data/blip_laion_cc_sbu_558k.json ...
2026-05-14 15:26:07,853  INFO  Loaded 558128 entries.
2026-05-14 15:26:08,886  INFO  Training start | epochs=1 | batches/epoch=69766 | effective_batch=16 | total_opt_steps=34883 | warmup_steps=1046
2026-05-14 15:26:21,002  INFO  Epoch 1/1 | Step 10/34883 | Loss 8.4017 | LR 4.78e-06
2026-05-14 15:26:31,191  INFO  Epoch 1/1 | Step 20/34883 | Loss 8.7651 | LR 9.56e-06
2026-05-14 15:26:41,483  INFO  Epoch 1/1 | Step 30/34883 | Loss 8.2407 | LR 1.43e-05
2026-05-14 15:26:51,825  INFO  Epoch 1/1 | Step 40/34883 | Loss 8.0563 | LR 1.91e-05
2026-05-14 15:28:42,305  INFO  Loading SigLIP2 ...
2026-05-14 15:28:43,950  INFO  SigLIP2 loaded and frozen.
2026-05-14 15:28:43,950  INFO  Loading Qwen2.5-3B-Instruct ...
2026-05-14 15:28:44,249  INFO  Registered '<image>' as special token.
2026-05-14 15:28:44,249  INFO  <image> token id = 151665
2026-05-14 15:29:01,060  INFO  Qwen2.5 loaded and frozen.
2026-05-14 15:29:01,085  INFO  Trainable tensors : 4 (should all be projector.*)
2026-05-14 15:29:01,086  INFO  Trainable params  : 7,377,152
2026-05-14 15:29:01,086  INFO  Loading dataset from ../data/blip_laion_cc_sbu_558k.json ...
2026-05-14 15:29:03,242  INFO  Loaded 558128 entries.
2026-05-14 15:29:04,247  INFO  Training start | epochs=1 | batches/epoch=69766 | effective_batch=16 | total_opt_steps=34883 | warmup_steps=1046
2026-05-14 15:29:15,146  INFO  Epoch 1/1 | Step 10/34883 | Loss 8.4017 | LR 4.78e-06
2026-05-14 15:29:25,373  INFO  Epoch 1/1 | Step 20/34883 | Loss 8.7651 | LR 9.56e-06
2026-05-14 15:29:35,673  INFO  Epoch 1/1 | Step 30/34883 | Loss 8.2407 | LR 1.43e-05
2026-05-14 15:29:46,064  INFO  Epoch 1/1 | Step 40/34883 | Loss 8.0563 | LR 1.91e-05
2026-05-14 15:29:56,482  INFO  Epoch 1/1 | Step 50/34883 | Loss 7.2459 | LR 2.39e-05
2026-05-14 15:30:06,958  INFO  Epoch 1/1 | Step 60/34883 | Loss 7.2950 | LR 2.87e-05
2026-05-14 15:30:17,466  INFO  Epoch 1/1 | Step 70/34883 | Loss 6.3713 | LR 3.35e-05
2026-05-14 15:30:28,010  INFO  Epoch 1/1 | Step 80/34883 | Loss 6.3250 | LR 3.82e-05
2026-05-14 15:30:38,602  INFO  Epoch 1/1 | Step 90/34883 | Loss 6.1781 | LR 4.30e-05
2026-05-14 15:30:49,206  INFO  Epoch 1/1 | Step 100/34883 | Loss 5.7650 | LR 4.78e-05
2026-05-14 15:30:59,847  INFO  Epoch 1/1 | Step 110/34883 | Loss 5.6126 | LR 5.26e-05
2026-05-14 15:32:34,460  INFO  Loading SigLIP2 ...
2026-05-14 15:32:36,142  INFO  SigLIP2 loaded and frozen.
2026-05-14 15:32:36,142  INFO  Loading Qwen2.5-3B-Instruct ...
2026-05-14 15:32:36,448  INFO  Registered '<image>' as special token.
2026-05-14 15:32:36,448  INFO  <image> token id = 151665
2026-05-14 15:32:53,391  INFO  Qwen2.5 loaded and frozen.
2026-05-14 15:32:53,416  INFO  Trainable tensors : 4 (should all be projector.*)
2026-05-14 15:32:53,416  INFO  Trainable params  : 7,377,152
2026-05-14 15:32:53,416  INFO  Loading dataset from ../data/blip_laion_cc_sbu_558k.json ...
2026-05-14 15:32:55,841  INFO  Loaded 558128 entries.
2026-05-14 15:32:56,859  INFO  Training start | epochs=1 | batches/epoch=69766 | effective_batch=16 | total_opt_steps=34883 | warmup_steps=1046
2026-05-14 15:33:07,614  INFO  Epoch 1/1 | Step 10/34883 | Loss 8.4017 | LR 4.78e-06
2026-05-14 15:33:17,855  INFO  Epoch 1/1 | Step 20/34883 | Loss 8.7651 | LR 9.56e-06
2026-05-14 15:33:28,184  INFO  Epoch 1/1 | Step 30/34883 | Loss 8.2407 | LR 1.43e-05
2026-05-14 15:33:38,586  INFO  Epoch 1/1 | Step 40/34883 | Loss 8.0563 | LR 1.91e-05
2026-05-14 15:33:49,025  INFO  Epoch 1/1 | Step 50/34883 | Loss 7.2459 | LR 2.39e-05
2026-05-14 15:33:59,517  INFO  Epoch 1/1 | Step 60/34883 | Loss 7.2950 | LR 2.87e-05
2026-05-14 15:34:10,053  INFO  Epoch 1/1 | Step 70/34883 | Loss 6.3713 | LR 3.35e-05
2026-05-14 15:34:20,652  INFO  Epoch 1/1 | Step 80/34883 | Loss 6.3250 | LR 3.82e-05
2026-05-14 15:34:31,254  INFO  Epoch 1/1 | Step 90/34883 | Loss 6.1781 | LR 4.30e-05
2026-05-14 15:34:41,897  INFO  Epoch 1/1 | Step 100/34883 | Loss 5.7650 | LR 4.78e-05
2026-05-14 15:34:52,572  INFO  Epoch 1/1 | Step 110/34883 | Loss 5.6126 | LR 5.26e-05
2026-05-14 15:35:03,274  INFO  Epoch 1/1 | Step 120/34883 | Loss 5.1290 | LR 5.74e-05
2026-05-14 15:35:13,987  INFO  Epoch 1/1 | Step 130/34883 | Loss 4.8892 | LR 6.21e-05
2026-05-14 15:35:24,699  INFO  Epoch 1/1 | Step 140/34883 | Loss 4.4974 | LR 6.69e-05
2026-05-14 15:35:35,411  INFO  Epoch 1/1 | Step 150/34883 | Loss 4.3266 | LR 7.17e-05
2026-05-14 15:35:46,143  INFO  Epoch 1/1 | Step 160/34883 | Loss 4.1962 | LR 7.65e-05
2026-05-14 15:35:56,877  INFO  Epoch 1/1 | Step 170/34883 | Loss 4.0457 | LR 8.13e-05
2026-05-14 15:36:07,618  INFO  Epoch 1/1 | Step 180/34883 | Loss 3.7210 | LR 8.60e-05
2026-05-14 15:36:18,370  INFO  Epoch 1/1 | Step 190/34883 | Loss 3.7628 | LR 9.08e-05
2026-05-14 15:36:29,120  INFO  Epoch 1/1 | Step 200/34883 | Loss 3.7871 | LR 9.56e-05
2026-05-14 15:36:39,894  INFO  Epoch 1/1 | Step 210/34883 | Loss 3.8212 | LR 1.00e-04
2026-05-14 15:36:50,690  INFO  Epoch 1/1 | Step 220/34883 | Loss 3.6364 | LR 1.05e-04
2026-05-14 15:37:01,461  INFO  Epoch 1/1 | Step 230/34883 | Loss 3.6627 | LR 1.10e-04
2026-05-14 15:37:12,245  INFO  Epoch 1/1 | Step 240/34883 | Loss 3.6723 | LR 1.15e-04
2026-05-14 15:37:23,008  INFO  Epoch 1/1 | Step 250/34883 | Loss 3.6031 | LR 1.20e-04
2026-05-14 15:37:33,777  INFO  Epoch 1/1 | Step 260/34883 | Loss 3.6872 | LR 1.24e-04
2026-05-14 15:37:44,570  INFO  Epoch 1/1 | Step 270/34883 | Loss 3.5904 | LR 1.29e-04
2026-05-14 15:37:55,362  INFO  Epoch 1/1 | Step 280/34883 | Loss 3.5855 | LR 1.34e-04
2026-05-14 15:38:06,146  INFO  Epoch 1/1 | Step 290/34883 | Loss 3.6491 | LR 1.39e-04
2026-05-14 15:38:16,937  INFO  Epoch 1/1 | Step 300/34883 | Loss 3.4287 | LR 1.43e-04
2026-05-14 15:38:27,741  INFO  Epoch 1/1 | Step 310/34883 | Loss 3.1415 | LR 1.48e-04
2026-05-14 15:38:38,532  INFO  Epoch 1/1 | Step 320/34883 | Loss 3.4006 | LR 1.53e-04
2026-05-14 15:38:49,331  INFO  Epoch 1/1 | Step 330/34883 | Loss 3.2878 | LR 1.58e-04
2026-05-14 15:39:00,119  INFO  Epoch 1/1 | Step 340/34883 | Loss 3.5772 | LR 1.63e-04
2026-05-14 15:39:10,926  INFO  Epoch 1/1 | Step 350/34883 | Loss 3.4842 | LR 1.67e-04
2026-05-14 15:39:21,725  INFO  Epoch 1/1 | Step 360/34883 | Loss 3.5485 | LR 1.72e-04
2026-05-14 15:39:32,524  INFO  Epoch 1/1 | Step 370/34883 | Loss 3.4476 | LR 1.77e-04
2026-05-14 15:39:43,319  INFO  Epoch 1/1 | Step 380/34883 | Loss 3.7094 | LR 1.82e-04
2026-05-14 15:39:54,116  INFO  Epoch 1/1 | Step 390/34883 | Loss 3.4680 | LR 1.86e-04
2026-05-14 15:40:04,914  INFO  Epoch 1/1 | Step 400/34883 | Loss 3.4173 | LR 1.91e-04
2026-05-14 15:40:15,707  INFO  Epoch 1/1 | Step 410/34883 | Loss 3.4944 | LR 1.96e-04
2026-05-14 15:40:26,496  INFO  Epoch 1/1 | Step 420/34883 | Loss 3.4822 | LR 2.01e-04
2026-05-14 15:40:37,300  INFO  Epoch 1/1 | Step 430/34883 | Loss 3.3503 | LR 2.06e-04
2026-05-14 15:40:48,089  INFO  Epoch 1/1 | Step 440/34883 | Loss 3.5183 | LR 2.10e-04
2026-05-14 15:40:58,871  INFO  Epoch 1/1 | Step 450/34883 | Loss 3.2615 | LR 2.15e-04
2026-05-14 15:41:09,643  INFO  Epoch 1/1 | Step 460/34883 | Loss 3.3615 | LR 2.20e-04
2026-05-14 15:41:20,404  INFO  Epoch 1/1 | Step 470/34883 | Loss 3.3676 | LR 2.25e-04
2026-05-14 15:41:31,159  INFO  Epoch 1/1 | Step 480/34883 | Loss 3.7014 | LR 2.29e-04
2026-05-14 15:41:41,919  INFO  Epoch 1/1 | Step 490/34883 | Loss 3.3516 | LR 2.34e-04
2026-05-14 15:41:52,713  INFO  Epoch 1/1 | Step 500/34883 | Loss 3.5726 | LR 2.39e-04
2026-05-14 15:42:03,515  INFO  Epoch 1/1 | Step 510/34883 | Loss 3.2172 | LR 2.44e-04
2026-05-14 15:42:14,309  INFO  Epoch 1/1 | Step 520/34883 | Loss 3.3723 | LR 2.49e-04
2026-05-14 15:42:25,109  INFO  Epoch 1/1 | Step 530/34883 | Loss 3.3489 | LR 2.53e-04
2026-05-14 15:42:35,906  INFO  Epoch 1/1 | Step 540/34883 | Loss 3.2626 | LR 2.58e-04
2026-05-14 15:42:46,721  INFO  Epoch 1/1 | Step 550/34883 | Loss 3.3389 | LR 2.63e-04
2026-05-14 15:42:57,536  INFO  Epoch 1/1 | Step 560/34883 | Loss 3.4891 | LR 2.68e-04
2026-05-14 15:43:08,335  INFO  Epoch 1/1 | Step 570/34883 | Loss 3.2439 | LR 2.72e-04
2026-05-14 15:43:19,132  INFO  Epoch 1/1 | Step 580/34883 | Loss 3.2746 | LR 2.77e-04
2026-05-14 15:43:29,927  INFO  Epoch 1/1 | Step 590/34883 | Loss 3.4126 | LR 2.82e-04
2026-05-14 15:43:40,725  INFO  Epoch 1/1 | Step 600/34883 | Loss 3.1778 | LR 2.87e-04
2026-05-14 15:43:51,523  INFO  Epoch 1/1 | Step 610/34883 | Loss 3.4960 | LR 2.92e-04
2026-05-14 15:44:02,337  INFO  Epoch 1/1 | Step 620/34883 | Loss 3.3291 | LR 2.96e-04
2026-05-14 15:44:13,135  INFO  Epoch 1/1 | Step 630/34883 | Loss 3.2708 | LR 3.01e-04
2026-05-14 15:44:23,934  INFO  Epoch 1/1 | Step 640/34883 | Loss 3.1744 | LR 3.06e-04
2026-05-14 15:44:34,728  INFO  Epoch 1/1 | Step 650/34883 | Loss 3.2158 | LR 3.11e-04
2026-05-14 15:44:45,526  INFO  Epoch 1/1 | Step 660/34883 | Loss 3.2084 | LR 3.15e-04
2026-05-14 15:44:56,326  INFO  Epoch 1/1 | Step 670/34883 | Loss 3.3233 | LR 3.20e-04
2026-05-14 15:45:07,139  INFO  Epoch 1/1 | Step 680/34883 | Loss 3.3452 | LR 3.25e-04
2026-05-14 15:45:17,935  INFO  Epoch 1/1 | Step 690/34883 | Loss 3.2458 | LR 3.30e-04
2026-05-14 15:45:28,733  INFO  Epoch 1/1 | Step 700/34883 | Loss 3.2563 | LR 3.35e-04
2026-05-14 15:45:39,528  INFO  Epoch 1/1 | Step 710/34883 | Loss 3.2628 | LR 3.39e-04
2026-05-14 15:45:50,346  INFO  Epoch 1/1 | Step 720/34883 | Loss 3.1569 | LR 3.44e-04
2026-05-14 15:46:01,163  INFO  Epoch 1/1 | Step 730/34883 | Loss 3.3627 | LR 3.49e-04
2026-05-14 15:46:11,980  INFO  Epoch 1/1 | Step 740/34883 | Loss 3.2242 | LR 3.54e-04
2026-05-14 15:46:22,800  INFO  Epoch 1/1 | Step 750/34883 | Loss 3.1936 | LR 3.59e-04
2026-05-14 15:46:33,610  INFO  Epoch 1/1 | Step 760/34883 | Loss 3.2092 | LR 3.63e-04
2026-05-14 15:46:44,408  INFO  Epoch 1/1 | Step 770/34883 | Loss 3.2239 | LR 3.68e-04
2026-05-14 15:46:55,206  INFO  Epoch 1/1 | Step 780/34883 | Loss 3.1965 | LR 3.73e-04
2026-05-14 15:47:06,002  INFO  Epoch 1/1 | Step 790/34883 | Loss 3.2004 | LR 3.78e-04
2026-05-14 15:47:16,799  INFO  Epoch 1/1 | Step 800/34883 | Loss 3.1708 | LR 3.82e-04
2026-05-14 15:47:27,594  INFO  Epoch 1/1 | Step 810/34883 | Loss 3.3231 | LR 3.87e-04
2026-05-14 15:47:38,391  INFO  Epoch 1/1 | Step 820/34883 | Loss 3.0595 | LR 3.92e-04
2026-05-14 15:48:04,181  INFO  Loading SigLIP2 ...
2026-05-14 15:48:05,856  INFO  SigLIP2 loaded and frozen.
2026-05-14 15:48:05,856  INFO  Loading Qwen2.5-3B-Instruct ...
2026-05-14 15:48:06,212  INFO  Registered '<image>' as special token.
2026-05-14 15:48:06,212  INFO  <image> token id = 151665
2026-05-14 15:48:24,469  INFO  Qwen2.5 loaded and frozen.
2026-05-14 15:48:24,497  INFO  Trainable tensors : 4 (should all be projector.*)
2026-05-14 15:48:24,497  INFO  Trainable params  : 7,377,152
2026-05-14 15:48:24,497  INFO  Loading dataset from ../data/blip_laion_cc_sbu_558k.json ...
2026-05-14 15:48:26,740  INFO  Loaded 558128 entries.
2026-05-14 15:48:27,747  INFO  Training start | epochs=1 | batches/epoch=46510 | effective_batch=24 | total_opt_steps=23255 | warmup_steps=697
2026-05-14 16:41:09,108  INFO  Loading SigLIP2 ...
2026-05-14 16:41:10,764  INFO  SigLIP2 loaded and frozen.
2026-05-14 16:41:10,764  INFO  Loading Qwen2.5-3B-Instruct ...
2026-05-14 16:41:11,047  INFO  Registered '<image>' as special token.
2026-05-14 16:41:11,047  INFO  <image> token id = 151665
2026-05-14 16:41:27,773  INFO  Qwen2.5 loaded and frozen.
2026-05-14 16:41:27,798  INFO  Trainable tensors : 4 (should all be projector.*)
2026-05-14 16:41:27,798  INFO  Trainable params  : 7,377,152
2026-05-14 16:41:27,798  INFO  Loading dataset from ../data/blip_laion_cc_sbu_558k.json ...
2026-05-14 16:41:29,983  INFO  Loaded 558128 entries.
2026-05-14 16:41:30,973  INFO  Training start | epochs=1 | batches/epoch=69766 | effective_batch=16 | total_opt_steps=34883 | warmup_steps=1046
2026-05-14 16:41:36,202  INFO  Epoch 1/1 | Step 10/34883 | Loss 8.3843 | LR 4.78e-06
2026-05-14 16:41:40,803  INFO  Epoch 1/1 | Step 20/34883 | Loss 8.7529 | LR 9.56e-06
2026-05-14 16:41:45,407  INFO  Epoch 1/1 | Step 30/34883 | Loss 8.2455 | LR 1.43e-05
2026-05-14 16:41:50,034  INFO  Epoch 1/1 | Step 40/34883 | Loss 8.0703 | LR 1.91e-05
2026-05-14 16:41:54,700  INFO  Epoch 1/1 | Step 50/34883 | Loss 7.3102 | LR 2.39e-05
2026-05-14 16:41:59,357  INFO  Epoch 1/1 | Step 60/34883 | Loss 7.3287 | LR 2.87e-05
2026-05-14 16:42:04,017  INFO  Epoch 1/1 | Step 70/34883 | Loss 6.4292 | LR 3.35e-05
2026-05-14 16:42:08,680  INFO  Epoch 1/1 | Step 80/34883 | Loss 6.3341 | LR 3.82e-05
2026-05-14 16:42:13,346  INFO  Epoch 1/1 | Step 90/34883 | Loss 6.2302 | LR 4.30e-05
2026-05-14 16:42:18,036  INFO  Epoch 1/1 | Step 100/34883 | Loss 5.7873 | LR 4.78e-05
2026-05-14 16:42:22,742  INFO  Epoch 1/1 | Step 110/34883 | Loss 5.5676 | LR 5.26e-05
2026-05-14 16:42:27,477  INFO  Epoch 1/1 | Step 120/34883 | Loss 5.0945 | LR 5.74e-05
2026-05-14 16:42:32,227  INFO  Epoch 1/1 | Step 130/34883 | Loss 4.8222 | LR 6.21e-05
2026-05-14 16:42:36,993  INFO  Epoch 1/1 | Step 140/34883 | Loss 4.4799 | LR 6.69e-05
2026-05-14 16:42:41,769  INFO  Epoch 1/1 | Step 150/34883 | Loss 4.2419 | LR 7.17e-05
2026-05-14 16:42:46,565  INFO  Epoch 1/1 | Step 160/34883 | Loss 4.1583 | LR 7.65e-05
2026-05-14 16:42:51,371  INFO  Epoch 1/1 | Step 170/34883 | Loss 4.0980 | LR 8.13e-05
2026-05-14 16:42:56,170  INFO  Epoch 1/1 | Step 180/34883 | Loss 3.7754 | LR 8.60e-05
2026-05-14 16:43:01,006  INFO  Epoch 1/1 | Step 190/34883 | Loss 3.7814 | LR 9.08e-05
2026-05-14 16:43:05,840  INFO  Epoch 1/1 | Step 200/34883 | Loss 3.7955 | LR 9.56e-05
2026-05-14 16:43:10,683  INFO  Epoch 1/1 | Step 210/34883 | Loss 3.8199 | LR 1.00e-04
2026-05-14 16:43:15,540  INFO  Epoch 1/1 | Step 220/34883 | Loss 3.6355 | LR 1.05e-04
2026-05-14 16:43:20,418  INFO  Epoch 1/1 | Step 230/34883 | Loss 3.6528 | LR 1.10e-04
2026-05-14 16:43:25,305  INFO  Epoch 1/1 | Step 240/34883 | Loss 3.6905 | LR 1.15e-04
2026-05-14 16:43:30,201  INFO  Epoch 1/1 | Step 250/34883 | Loss 3.5937 | LR 1.20e-04
2026-05-14 16:43:35,098  INFO  Epoch 1/1 | Step 260/34883 | Loss 3.6635 | LR 1.24e-04
2026-05-14 16:43:40,005  INFO  Epoch 1/1 | Step 270/34883 | Loss 3.5711 | LR 1.29e-04
2026-05-14 16:43:44,905  INFO  Epoch 1/1 | Step 280/34883 | Loss 3.5574 | LR 1.34e-04
2026-05-14 16:43:49,813  INFO  Epoch 1/1 | Step 290/34883 | Loss 3.6765 | LR 1.39e-04
2026-05-14 16:43:54,719  INFO  Epoch 1/1 | Step 300/34883 | Loss 3.4351 | LR 1.43e-04
2026-05-14 16:43:59,624  INFO  Epoch 1/1 | Step 310/34883 | Loss 3.1965 | LR 1.48e-04
2026-05-14 16:44:04,536  INFO  Epoch 1/1 | Step 320/34883 | Loss 3.4010 | LR 1.53e-04
2026-05-14 16:44:09,449  INFO  Epoch 1/1 | Step 330/34883 | Loss 3.2926 | LR 1.58e-04
2026-05-14 16:44:14,356  INFO  Epoch 1/1 | Step 340/34883 | Loss 3.5935 | LR 1.63e-04
2026-05-14 16:44:19,271  INFO  Epoch 1/1 | Step 350/34883 | Loss 3.4777 | LR 1.67e-04
2026-05-14 16:44:24,202  INFO  Epoch 1/1 | Step 360/34883 | Loss 3.5681 | LR 1.72e-04
2026-05-14 16:44:29,129  INFO  Epoch 1/1 | Step 370/34883 | Loss 3.4466 | LR 1.77e-04
2026-05-14 16:44:34,071  INFO  Epoch 1/1 | Step 380/34883 | Loss 3.7219 | LR 1.82e-04
2026-05-14 16:44:39,011  INFO  Epoch 1/1 | Step 390/34883 | Loss 3.4838 | LR 1.86e-04
2026-05-14 16:44:43,953  INFO  Epoch 1/1 | Step 400/34883 | Loss 3.4151 | LR 1.91e-04
2026-05-14 16:44:48,894  INFO  Epoch 1/1 | Step 410/34883 | Loss 3.4719 | LR 1.96e-04
2026-05-14 16:44:53,844  INFO  Epoch 1/1 | Step 420/34883 | Loss 3.4894 | LR 2.01e-04
2026-05-14 16:44:58,801  INFO  Epoch 1/1 | Step 430/34883 | Loss 3.3670 | LR 2.06e-04
2026-05-14 16:45:03,753  INFO  Epoch 1/1 | Step 440/34883 | Loss 3.5378 | LR 2.10e-04
2026-05-14 16:45:08,710  INFO  Epoch 1/1 | Step 450/34883 | Loss 3.2106 | LR 2.15e-04
2026-05-14 16:45:13,668  INFO  Epoch 1/1 | Step 460/34883 | Loss 3.3557 | LR 2.20e-04
2026-05-14 16:45:18,633  INFO  Epoch 1/1 | Step 470/34883 | Loss 3.3555 | LR 2.25e-04
2026-05-14 16:45:23,589  INFO  Epoch 1/1 | Step 480/34883 | Loss 3.6500 | LR 2.29e-04
2026-05-14 16:45:28,562  INFO  Epoch 1/1 | Step 490/34883 | Loss 3.2904 | LR 2.34e-04
2026-05-14 16:45:33,526  INFO  Epoch 1/1 | Step 500/34883 | Loss 3.5886 | LR 2.39e-04
2026-05-14 16:45:38,497  INFO  Epoch 1/1 | Step 510/34883 | Loss 3.2009 | LR 2.44e-04
2026-05-14 16:45:43,459  INFO  Epoch 1/1 | Step 520/34883 | Loss 3.3615 | LR 2.49e-04
2026-05-14 16:45:48,410  INFO  Epoch 1/1 | Step 530/34883 | Loss 3.3716 | LR 2.53e-04
2026-05-14 16:45:53,373  INFO  Epoch 1/1 | Step 540/34883 | Loss 3.2098 | LR 2.58e-04
2026-05-14 16:45:58,340  INFO  Epoch 1/1 | Step 550/34883 | Loss 3.2903 | LR 2.63e-04
2026-05-14 16:46:03,322  INFO  Epoch 1/1 | Step 560/34883 | Loss 3.3863 | LR 2.68e-04
2026-05-14 16:46:08,291  INFO  Epoch 1/1 | Step 570/34883 | Loss 3.2098 | LR 2.72e-04
2026-05-14 16:46:13,262  INFO  Epoch 1/1 | Step 580/34883 | Loss 3.2527 | LR 2.77e-04
2026-05-14 16:46:18,222  INFO  Epoch 1/1 | Step 590/34883 | Loss 3.3312 | LR 2.82e-04
2026-05-14 16:46:23,184  INFO  Epoch 1/1 | Step 600/34883 | Loss 3.0860 | LR 2.87e-04
2026-05-14 16:46:28,149  INFO  Epoch 1/1 | Step 610/34883 | Loss 3.3870 | LR 2.92e-04
2026-05-14 16:46:33,118  INFO  Epoch 1/1 | Step 620/34883 | Loss 3.2323 | LR 2.96e-04
2026-05-14 16:46:38,101  INFO  Epoch 1/1 | Step 630/34883 | Loss 3.1887 | LR 3.01e-04
2026-05-14 16:46:43,083  INFO  Epoch 1/1 | Step 640/34883 | Loss 3.1048 | LR 3.06e-04
2026-05-14 16:46:48,063  INFO  Epoch 1/1 | Step 650/34883 | Loss 3.1050 | LR 3.11e-04
2026-05-14 16:46:53,058  INFO  Epoch 1/1 | Step 660/34883 | Loss 3.0928 | LR 3.15e-04
2026-05-14 16:46:58,050  INFO  Epoch 1/1 | Step 670/34883 | Loss 3.2403 | LR 3.20e-04
2026-05-14 16:47:03,045  INFO  Epoch 1/1 | Step 680/34883 | Loss 3.2464 | LR 3.25e-04
2026-05-14 16:47:08,034  INFO  Epoch 1/1 | Step 690/34883 | Loss 3.1348 | LR 3.30e-04
2026-05-14 16:47:13,029  INFO  Epoch 1/1 | Step 700/34883 | Loss 3.1500 | LR 3.35e-04
2026-05-14 16:47:18,014  INFO  Epoch 1/1 | Step 710/34883 | Loss 3.1519 | LR 3.39e-04
2026-05-14 16:47:23,012  INFO  Epoch 1/1 | Step 720/34883 | Loss 3.0500 | LR 3.44e-04
2026-05-14 16:47:27,995  INFO  Epoch 1/1 | Step 730/34883 | Loss 3.2713 | LR 3.49e-04
2026-05-14 16:47:32,984  INFO  Epoch 1/1 | Step 740/34883 | Loss 3.0905 | LR 3.54e-04
2026-05-14 16:47:37,961  INFO  Epoch 1/1 | Step 750/34883 | Loss 3.0946 | LR 3.59e-04
2026-05-14 16:47:42,938  INFO  Epoch 1/1 | Step 760/34883 | Loss 3.1411 | LR 3.63e-04
2026-05-14 16:47:47,913  INFO  Epoch 1/1 | Step 770/34883 | Loss 3.1243 | LR 3.68e-04
2026-05-14 16:47:52,882  INFO  Epoch 1/1 | Step 780/34883 | Loss 3.0236 | LR 3.73e-04
2026-05-14 16:47:57,861  INFO  Epoch 1/1 | Step 790/34883 | Loss 3.1247 | LR 3.78e-04
2026-05-14 16:48:02,839  INFO  Epoch 1/1 | Step 800/34883 | Loss 3.0623 | LR 3.82e-04
2026-05-14 16:48:07,819  INFO  Epoch 1/1 | Step 810/34883 | Loss 3.1879 | LR 3.87e-04
2026-05-14 16:48:12,790  INFO  Epoch 1/1 | Step 820/34883 | Loss 2.9355 | LR 3.92e-04
2026-05-14 16:48:17,752  INFO  Epoch 1/1 | Step 830/34883 | Loss 3.1117 | LR 3.97e-04
2026-05-14 16:48:22,724  INFO  Epoch 1/1 | Step 840/34883 | Loss 3.0188 | LR 4.02e-04
2026-05-14 16:48:27,668  INFO  Epoch 1/1 | Step 850/34883 | Loss 3.1636 | LR 4.06e-04
2026-05-14 16:48:32,622  INFO  Epoch 1/1 | Step 860/34883 | Loss 3.0895 | LR 4.11e-04
2026-05-14 16:48:37,576  INFO  Epoch 1/1 | Step 870/34883 | Loss 2.9943 | LR 4.16e-04
2026-05-14 16:48:42,527  INFO  Epoch 1/1 | Step 880/34883 | Loss 2.8691 | LR 4.21e-04
2026-05-14 16:48:47,491  INFO  Epoch 1/1 | Step 890/34883 | Loss 2.8416 | LR 4.25e-04
2026-05-14 16:48:52,449  INFO  Epoch 1/1 | Step 900/34883 | Loss 3.0030 | LR 4.30e-04
2026-05-14 16:48:57,414  INFO  Epoch 1/1 | Step 910/34883 | Loss 3.1218 | LR 4.35e-04
2026-05-14 16:49:02,367  INFO  Epoch 1/1 | Step 920/34883 | Loss 2.9589 | LR 4.40e-04
2026-05-14 16:49:07,317  INFO  Epoch 1/1 | Step 930/34883 | Loss 2.8776 | LR 4.45e-04
2026-05-14 16:49:12,270  INFO  Epoch 1/1 | Step 940/34883 | Loss 3.0674 | LR 4.49e-04
2026-05-14 16:49:17,215  INFO  Epoch 1/1 | Step 950/34883 | Loss 3.0516 | LR 4.54e-04
2026-05-14 16:49:22,163  INFO  Epoch 1/1 | Step 960/34883 | Loss 3.1171 | LR 4.59e-04
2026-05-14 16:49:27,113  INFO  Epoch 1/1 | Step 970/34883 | Loss 3.0947 | LR 4.64e-04
2026-05-14 16:49:32,053  INFO  Epoch 1/1 | Step 980/34883 | Loss 2.9900 | LR 4.68e-04
2026-05-14 16:49:37,008  INFO  Epoch 1/1 | Step 990/34883 | Loss 2.8794 | LR 4.73e-04
2026-05-14 16:49:41,962  INFO  Epoch 1/1 | Step 1000/34883 | Loss 2.9743 | LR 4.78e-04
2026-05-14 16:49:46,916  INFO  Epoch 1/1 | Step 1010/34883 | Loss 3.0211 | LR 4.83e-04
2026-05-14 16:49:51,865  INFO  Epoch 1/1 | Step 1020/34883 | Loss 2.8868 | LR 4.88e-04
2026-05-14 16:49:56,816  INFO  Epoch 1/1 | Step 1030/34883 | Loss 2.9975 | LR 4.92e-04
2026-05-14 16:50:01,768  INFO  Epoch 1/1 | Step 1040/34883 | Loss 2.9084 | LR 4.97e-04
2026-05-14 16:50:06,708  INFO  Epoch 1/1 | Step 1050/34883 | Loss 3.0103 | LR 5.02e-04
2026-05-14 16:50:11,656  INFO  Epoch 1/1 | Step 1060/34883 | Loss 2.9284 | LR 5.07e-04
2026-05-14 16:50:16,599  INFO  Epoch 1/1 | Step 1070/34883 | Loss 3.0374 | LR 5.11e-04
2026-05-14 16:50:21,545  INFO  Epoch 1/1 | Step 1080/34883 | Loss 3.0448 | LR 5.16e-04
2026-05-14 16:50:26,486  INFO  Epoch 1/1 | Step 1090/34883 | Loss 2.9279 | LR 5.21e-04
2026-05-14 16:50:31,421  INFO  Epoch 1/1 | Step 1100/34883 | Loss 2.9421 | LR 5.26e-04
2026-05-14 16:50:36,365  INFO  Epoch 1/1 | Step 1110/34883 | Loss 2.9139 | LR 5.31e-04
2026-05-14 16:50:41,296  INFO  Epoch 1/1 | Step 1120/34883 | Loss 2.9216 | LR 5.35e-04
2026-05-14 16:50:46,227  INFO  Epoch 1/1 | Step 1130/34883 | Loss 2.9403 | LR 5.40e-04
2026-05-14 16:50:51,173  INFO  Epoch 1/1 | Step 1140/34883 | Loss 2.9506 | LR 5.45e-04
2026-05-14 16:50:56,104  INFO  Epoch 1/1 | Step 1150/34883 | Loss 2.9868 | LR 5.50e-04
2026-05-14 16:51:01,040  INFO  Epoch 1/1 | Step 1160/34883 | Loss 2.8560 | LR 5.54e-04
2026-05-14 16:51:05,976  INFO  Epoch 1/1 | Step 1170/34883 | Loss 2.8981 | LR 5.59e-04
2026-05-14 16:51:10,917  INFO  Epoch 1/1 | Step 1180/34883 | Loss 3.1144 | LR 5.64e-04
2026-05-14 16:51:15,855  INFO  Epoch 1/1 | Step 1190/34883 | Loss 2.9412 | LR 5.69e-04
2026-05-14 16:51:20,780  INFO  Epoch 1/1 | Step 1200/34883 | Loss 2.9948 | LR 5.74e-04
2026-05-14 16:51:25,721  INFO  Epoch 1/1 | Step 1210/34883 | Loss 3.1053 | LR 5.78e-04
2026-05-14 16:51:30,667  INFO  Epoch 1/1 | Step 1220/34883 | Loss 2.9737 | LR 5.83e-04
2026-05-14 16:51:35,612  INFO  Epoch 1/1 | Step 1230/34883 | Loss 2.8732 | LR 5.88e-04
2026-05-14 16:51:40,554  INFO  Epoch 1/1 | Step 1240/34883 | Loss 3.0233 | LR 5.93e-04
2026-05-14 16:51:45,486  INFO  Epoch 1/1 | Step 1250/34883 | Loss 2.9564 | LR 5.98e-04
2026-05-14 16:51:50,425  INFO  Epoch 1/1 | Step 1260/34883 | Loss 2.8937 | LR 6.02e-04
2026-05-14 16:51:55,360  INFO  Epoch 1/1 | Step 1270/34883 | Loss 3.0622 | LR 6.07e-04
2026-05-14 16:52:00,295  INFO  Epoch 1/1 | Step 1280/34883 | Loss 2.6590 | LR 6.12e-04
2026-05-14 16:52:05,230  INFO  Epoch 1/1 | Step 1290/34883 | Loss 2.9085 | LR 6.17e-04
2026-05-14 16:52:10,162  INFO  Epoch 1/1 | Step 1300/34883 | Loss 3.0179 | LR 6.21e-04
2026-05-14 16:52:15,108  INFO  Epoch 1/1 | Step 1310/34883 | Loss 2.9720 | LR 6.26e-04
2026-05-14 16:52:20,047  INFO  Epoch 1/1 | Step 1320/34883 | Loss 2.8599 | LR 6.31e-04
2026-05-14 16:52:24,984  INFO  Epoch 1/1 | Step 1330/34883 | Loss 2.7457 | LR 6.36e-04
2026-05-14 16:52:29,923  INFO  Epoch 1/1 | Step 1340/34883 | Loss 2.8720 | LR 6.41e-04
2026-05-14 16:52:34,871  INFO  Epoch 1/1 | Step 1350/34883 | Loss 2.8124 | LR 6.45e-04
2026-05-14 16:52:39,823  INFO  Epoch 1/1 | Step 1360/34883 | Loss 2.9517 | LR 6.50e-04
2026-05-14 16:52:44,769  INFO  Epoch 1/1 | Step 1370/34883 | Loss 2.9771 | LR 6.55e-04
2026-05-14 16:52:49,732  INFO  Epoch 1/1 | Step 1380/34883 | Loss 3.0065 | LR 6.60e-04
2026-05-14 16:52:54,683  INFO  Epoch 1/1 | Step 1390/34883 | Loss 2.9100 | LR 6.64e-04
2026-05-14 16:52:59,639  INFO  Epoch 1/1 | Step 1400/34883 | Loss 2.8475 | LR 6.69e-04
2026-05-14 16:53:04,597  INFO  Epoch 1/1 | Step 1410/34883 | Loss 2.8946 | LR 6.74e-04
2026-05-14 16:53:09,553  INFO  Epoch 1/1 | Step 1420/34883 | Loss 2.9544 | LR 6.79e-04
2026-05-14 16:53:14,498  INFO  Epoch 1/1 | Step 1430/34883 | Loss 2.8608 | LR 6.84e-04
2026-05-14 16:53:19,436  INFO  Epoch 1/1 | Step 1440/34883 | Loss 2.9414 | LR 6.88e-04
2026-05-14 16:53:24,379  INFO  Epoch 1/1 | Step 1450/34883 | Loss 2.7560 | LR 6.93e-04
2026-05-14 16:53:29,314  INFO  Epoch 1/1 | Step 1460/34883 | Loss 2.9767 | LR 6.98e-04
2026-05-14 16:53:34,250  INFO  Epoch 1/1 | Step 1470/34883 | Loss 2.9615 | LR 7.03e-04
2026-05-14 16:53:39,206  INFO  Epoch 1/1 | Step 1480/34883 | Loss 2.9095 | LR 7.07e-04
2026-05-14 16:53:44,155  INFO  Epoch 1/1 | Step 1490/34883 | Loss 2.8839 | LR 7.12e-04
2026-05-14 16:53:49,110  INFO  Epoch 1/1 | Step 1500/34883 | Loss 2.7260 | LR 7.17e-04
2026-05-14 16:53:54,050  INFO  Epoch 1/1 | Step 1510/34883 | Loss 2.8689 | LR 7.22e-04
2026-05-14 16:53:59,000  INFO  Epoch 1/1 | Step 1520/34883 | Loss 2.9696 | LR 7.27e-04
2026-05-14 16:54:03,946  INFO  Epoch 1/1 | Step 1530/34883 | Loss 2.8024 | LR 7.31e-04
2026-05-14 16:54:08,881  INFO  Epoch 1/1 | Step 1540/34883 | Loss 2.9675 | LR 7.36e-04
2026-05-14 16:54:13,820  INFO  Epoch 1/1 | Step 1550/34883 | Loss 2.8621 | LR 7.41e-04
2026-05-14 16:54:18,768  INFO  Epoch 1/1 | Step 1560/34883 | Loss 3.0368 | LR 7.46e-04
2026-05-14 16:54:23,701  INFO  Epoch 1/1 | Step 1570/34883 | Loss 2.8526 | LR 7.50e-04
2026-05-14 16:54:28,640  INFO  Epoch 1/1 | Step 1580/34883 | Loss 2.9436 | LR 7.55e-04
2026-05-14 16:54:33,580  INFO  Epoch 1/1 | Step 1590/34883 | Loss 2.6776 | LR 7.60e-04
2026-05-14 16:54:38,530  INFO  Epoch 1/1 | Step 1600/34883 | Loss 2.9268 | LR 7.65e-04
2026-05-14 16:54:43,469  INFO  Epoch 1/1 | Step 1610/34883 | Loss 2.8868 | LR 7.70e-04
2026-05-14 16:54:48,407  INFO  Epoch 1/1 | Step 1620/34883 | Loss 2.9490 | LR 7.74e-04
2026-05-14 16:54:53,341  INFO  Epoch 1/1 | Step 1630/34883 | Loss 2.6270 | LR 7.79e-04
2026-05-14 16:54:58,279  INFO  Epoch 1/1 | Step 1640/34883 | Loss 2.9059 | LR 7.84e-04
2026-05-14 16:55:03,222  INFO  Epoch 1/1 | Step 1650/34883 | Loss 3.0227 | LR 7.89e-04
2026-05-14 16:55:08,161  INFO  Epoch 1/1 | Step 1660/34883 | Loss 2.9855 | LR 7.93e-04
2026-05-14 16:55:13,104  INFO  Epoch 1/1 | Step 1670/34883 | Loss 2.6623 | LR 7.98e-04
2026-05-14 16:55:18,051  INFO  Epoch 1/1 | Step 1680/34883 | Loss 2.9163 | LR 8.03e-04
2026-05-14 16:55:22,994  INFO  Epoch 1/1 | Step 1690/34883 | Loss 2.9677 | LR 8.08e-04
2026-05-14 16:55:27,928  INFO  Epoch 1/1 | Step 1700/34883 | Loss 3.0903 | LR 8.13e-04
2026-05-14 16:55:32,860  INFO  Epoch 1/1 | Step 1710/34883 | Loss 2.7723 | LR 8.17e-04
2026-05-14 16:55:37,793  INFO  Epoch 1/1 | Step 1720/34883 | Loss 2.7317 | LR 8.22e-04
2026-05-14 16:55:42,727  INFO  Epoch 1/1 | Step 1730/34883 | Loss 2.6737 | LR 8.27e-04
2026-05-14 16:55:47,658  INFO  Epoch 1/1 | Step 1740/34883 | Loss 2.6795 | LR 8.32e-04
2026-05-14 16:55:52,590  INFO  Epoch 1/1 | Step 1750/34883 | Loss 2.8796 | LR 8.37e-04
2026-05-14 16:55:57,525  INFO  Epoch 1/1 | Step 1760/34883 | Loss 2.8190 | LR 8.41e-04
2026-05-14 16:56:02,460  INFO  Epoch 1/1 | Step 1770/34883 | Loss 2.9679 | LR 8.46e-04
2026-05-14 16:56:07,386  INFO  Epoch 1/1 | Step 1780/34883 | Loss 2.9159 | LR 8.51e-04
2026-05-14 16:56:12,323  INFO  Epoch 1/1 | Step 1790/34883 | Loss 2.7716 | LR 8.56e-04
2026-05-14 16:56:17,255  INFO  Epoch 1/1 | Step 1800/34883 | Loss 2.7821 | LR 8.60e-04
2026-05-14 16:56:22,188  INFO  Epoch 1/1 | Step 1810/34883 | Loss 2.8228 | LR 8.65e-04
2026-05-14 16:56:27,125  INFO  Epoch 1/1 | Step 1820/34883 | Loss 2.9112 | LR 8.70e-04
2026-05-14 16:56:32,071  INFO  Epoch 1/1 | Step 1830/34883 | Loss 2.7288 | LR 8.75e-04
2026-05-14 16:56:37,010  INFO  Epoch 1/1 | Step 1840/34883 | Loss 2.6434 | LR 8.80e-04
2026-05-14 16:56:41,958  INFO  Epoch 1/1 | Step 1850/34883 | Loss 2.9277 | LR 8.84e-04
2026-05-14 16:56:46,910  INFO  Epoch 1/1 | Step 1860/34883 | Loss 2.8546 | LR 8.89e-04
2026-05-14 16:56:51,867  INFO  Epoch 1/1 | Step 1870/34883 | Loss 3.0723 | LR 8.94e-04
2026-05-14 16:56:56,816  INFO  Epoch 1/1 | Step 1880/34883 | Loss 2.8975 | LR 8.99e-04
2026-05-14 16:57:01,759  INFO  Epoch 1/1 | Step 1890/34883 | Loss 2.6613 | LR 9.03e-04
2026-05-14 16:57:06,692  INFO  Epoch 1/1 | Step 1900/34883 | Loss 2.8265 | LR 9.08e-04
2026-05-14 16:57:11,628  INFO  Epoch 1/1 | Step 1910/34883 | Loss 2.8375 | LR 9.13e-04
2026-05-14 16:57:16,569  INFO  Epoch 1/1 | Step 1920/34883 | Loss 2.7416 | LR 9.18e-04
2026-05-14 16:57:21,512  INFO  Epoch 1/1 | Step 1930/34883 | Loss 2.8506 | LR 9.23e-04
2026-05-14 16:57:26,443  INFO  Epoch 1/1 | Step 1940/34883 | Loss 2.7633 | LR 9.27e-04
2026-05-14 16:57:31,380  INFO  Epoch 1/1 | Step 1950/34883 | Loss 2.8495 | LR 9.32e-04
2026-05-14 16:57:36,320  INFO  Epoch 1/1 | Step 1960/34883 | Loss 2.8258 | LR 9.37e-04
2026-05-14 16:57:41,249  INFO  Epoch 1/1 | Step 1970/34883 | Loss 2.8400 | LR 9.42e-04
2026-05-14 16:57:46,199  INFO  Epoch 1/1 | Step 1980/34883 | Loss 2.8216 | LR 9.46e-04
2026-05-14 16:57:51,146  INFO  Epoch 1/1 | Step 1990/34883 | Loss 2.7136 | LR 9.51e-04
2026-05-14 16:57:56,092  INFO  Epoch 1/1 | Step 2000/34883 | Loss 2.8988 | LR 9.56e-04
2026-05-14 16:58:01,034  INFO  Epoch 1/1 | Step 2010/34883 | Loss 2.7760 | LR 9.61e-04
2026-05-14 16:58:05,994  INFO  Epoch 1/1 | Step 2020/34883 | Loss 2.8895 | LR 9.66e-04
2026-05-14 16:58:10,989  INFO  Epoch 1/1 | Step 2030/34883 | Loss 2.8071 | LR 9.70e-04
2026-05-14 16:58:15,982  INFO  Epoch 1/1 | Step 2040/34883 | Loss 2.8181 | LR 9.75e-04
2026-05-14 16:58:20,985  INFO  Epoch 1/1 | Step 2050/34883 | Loss 2.8266 | LR 9.80e-04
2026-05-14 16:58:25,985  INFO  Epoch 1/1 | Step 2060/34883 | Loss 2.8522 | LR 9.85e-04
2026-05-14 16:58:30,983  INFO  Epoch 1/1 | Step 2070/34883 | Loss 2.8987 | LR 9.89e-04
2026-05-14 16:58:35,981  INFO  Epoch 1/1 | Step 2080/34883 | Loss 2.7717 | LR 9.94e-04
2026-05-14 16:58:40,980  INFO  Epoch 1/1 | Step 2090/34883 | Loss 2.8720 | LR 9.99e-04
2026-05-14 16:58:45,982  INFO  Epoch 1/1 | Step 2100/34883 | Loss 2.8667 | LR 1.00e-03
2026-05-14 16:58:50,976  INFO  Epoch 1/1 | Step 2110/34883 | Loss 2.8394 | LR 1.00e-03
2026-05-14 16:58:55,974  INFO  Epoch 1/1 | Step 2120/34883 | Loss 2.7811 | LR 1.00e-03
2026-05-14 16:59:00,974  INFO  Epoch 1/1 | Step 2130/34883 | Loss 2.9491 | LR 1.00e-03
2026-05-14 16:59:05,969  INFO  Epoch 1/1 | Step 2140/34883 | Loss 2.8576 | LR 1.00e-03
2026-05-14 16:59:10,971  INFO  Epoch 1/1 | Step 2150/34883 | Loss 2.8559 | LR 1.00e-03
2026-05-14 16:59:15,969  INFO  Epoch 1/1 | Step 2160/34883 | Loss 2.6510 | LR 1.00e-03
2026-05-14 16:59:20,962  INFO  Epoch 1/1 | Step 2170/34883 | Loss 2.7417 | LR 1.00e-03
2026-05-14 16:59:25,944  INFO  Epoch 1/1 | Step 2180/34883 | Loss 2.7224 | LR 1.00e-03
2026-05-14 16:59:30,945  INFO  Epoch 1/1 | Step 2190/34883 | Loss 2.7559 | LR 1.00e-03
2026-05-14 16:59:35,922  INFO  Epoch 1/1 | Step 2200/34883 | Loss 2.7726 | LR 1.00e-03
2026-05-14 16:59:40,916  INFO  Epoch 1/1 | Step 2210/34883 | Loss 2.8817 | LR 1.00e-03
2026-05-14 16:59:45,917  INFO  Epoch 1/1 | Step 2220/34883 | Loss 2.7148 | LR 1.00e-03
2026-05-14 16:59:50,908  INFO  Epoch 1/1 | Step 2230/34883 | Loss 2.8325 | LR 1.00e-03
2026-05-14 16:59:55,897  INFO  Epoch 1/1 | Step 2240/34883 | Loss 3.0250 | LR 1.00e-03
2026-05-14 17:00:00,891  INFO  Epoch 1/1 | Step 2250/34883 | Loss 2.8135 | LR 1.00e-03
2026-05-14 17:00:05,894  INFO  Epoch 1/1 | Step 2260/34883 | Loss 2.7972 | LR 1.00e-03
2026-05-14 17:00:10,892  INFO  Epoch 1/1 | Step 2270/34883 | Loss 2.6889 | LR 1.00e-03
2026-05-14 17:00:15,882  INFO  Epoch 1/1 | Step 2280/34883 | Loss 2.7939 | LR 1.00e-03
2026-05-14 17:00:20,865  INFO  Epoch 1/1 | Step 2290/34883 | Loss 2.7516 | LR 1.00e-03
2026-05-14 17:00:25,845  INFO  Epoch 1/1 | Step 2300/34883 | Loss 2.6979 | LR 1.00e-03
2026-05-14 17:00:30,836  INFO  Epoch 1/1 | Step 2310/34883 | Loss 2.9453 | LR 1.00e-03
2026-05-14 17:00:35,820  INFO  Epoch 1/1 | Step 2320/34883 | Loss 2.7560 | LR 1.00e-03
2026-05-14 17:00:40,805  INFO  Epoch 1/1 | Step 2330/34883 | Loss 2.9541 | LR 1.00e-03
2026-05-14 17:00:45,797  INFO  Epoch 1/1 | Step 2340/34883 | Loss 2.8124 | LR 1.00e-03
2026-05-14 17:00:50,793  INFO  Epoch 1/1 | Step 2350/34883 | Loss 2.6755 | LR 1.00e-03
2026-05-14 17:00:55,777  INFO  Epoch 1/1 | Step 2360/34883 | Loss 2.6537 | LR 1.00e-03
2026-05-14 17:01:00,777  INFO  Epoch 1/1 | Step 2370/34883 | Loss 2.6364 | LR 1.00e-03
2026-05-14 17:01:05,776  INFO  Epoch 1/1 | Step 2380/34883 | Loss 2.7673 | LR 1.00e-03
2026-05-14 17:01:10,774  INFO  Epoch 1/1 | Step 2390/34883 | Loss 2.7247 | LR 1.00e-03
2026-05-14 17:01:15,768  INFO  Epoch 1/1 | Step 2400/34883 | Loss 2.7956 | LR 1.00e-03
2026-05-14 17:01:20,765  INFO  Epoch 1/1 | Step 2410/34883 | Loss 2.7971 | LR 1.00e-03
2026-05-14 17:01:25,770  INFO  Epoch 1/1 | Step 2420/34883 | Loss 2.5310 | LR 1.00e-03
2026-05-14 17:01:30,767  INFO  Epoch 1/1 | Step 2430/34883 | Loss 2.8668 | LR 1.00e-03
2026-05-14 17:01:35,767  INFO  Epoch 1/1 | Step 2440/34883 | Loss 2.8208 | LR 1.00e-03
2026-05-14 17:01:40,765  INFO  Epoch 1/1 | Step 2450/34883 | Loss 2.7149 | LR 1.00e-03
2026-05-14 17:01:45,763  INFO  Epoch 1/1 | Step 2460/34883 | Loss 2.6581 | LR 1.00e-03
2026-05-14 17:01:50,759  INFO  Epoch 1/1 | Step 2470/34883 | Loss 2.8027 | LR 1.00e-03
2026-05-14 17:01:55,761  INFO  Epoch 1/1 | Step 2480/34883 | Loss 2.7303 | LR 1.00e-03
2026-05-14 17:02:00,759  INFO  Epoch 1/1 | Step 2490/34883 | Loss 2.6906 | LR 1.00e-03
2026-05-14 17:02:05,757  INFO  Epoch 1/1 | Step 2500/34883 | Loss 2.7882 | LR 1.00e-03
2026-05-14 17:02:10,751  INFO  Epoch 1/1 | Step 2510/34883 | Loss 2.5856 | LR 1.00e-03
2026-05-14 17:02:15,750  INFO  Epoch 1/1 | Step 2520/34883 | Loss 2.8223 | LR 1.00e-03
2026-05-14 17:02:20,749  INFO  Epoch 1/1 | Step 2530/34883 | Loss 2.7780 | LR 1.00e-03
2026-05-14 17:02:25,746  INFO  Epoch 1/1 | Step 2540/34883 | Loss 2.7198 | LR 1.00e-03
2026-05-14 17:02:30,745  INFO  Epoch 1/1 | Step 2550/34883 | Loss 2.7361 | LR 1.00e-03
2026-05-14 17:02:35,746  INFO  Epoch 1/1 | Step 2560/34883 | Loss 2.9345 | LR 1.00e-03
2026-05-14 17:02:40,740  INFO  Epoch 1/1 | Step 2570/34883 | Loss 2.7749 | LR 1.00e-03
2026-05-14 17:02:45,740  INFO  Epoch 1/1 | Step 2580/34883 | Loss 2.6481 | LR 1.00e-03
2026-05-14 17:02:50,738  INFO  Epoch 1/1 | Step 2590/34883 | Loss 2.7885 | LR 1.00e-03
2026-05-14 17:02:55,738  INFO  Epoch 1/1 | Step 2600/34883 | Loss 2.7862 | LR 1.00e-03
2026-05-14 17:03:00,738  INFO  Epoch 1/1 | Step 2610/34883 | Loss 2.7782 | LR 1.00e-03
2026-05-14 17:03:05,735  INFO  Epoch 1/1 | Step 2620/34883 | Loss 2.7653 | LR 1.00e-03
2026-05-14 17:03:10,733  INFO  Epoch 1/1 | Step 2630/34883 | Loss 2.6863 | LR 1.00e-03
2026-05-14 17:03:15,733  INFO  Epoch 1/1 | Step 2640/34883 | Loss 2.7701 | LR 1.00e-03
2026-05-14 17:03:20,732  INFO  Epoch 1/1 | Step 2650/34883 | Loss 2.7529 | LR 1.00e-03
2026-05-14 17:03:25,730  INFO  Epoch 1/1 | Step 2660/34883 | Loss 2.8655 | LR 1.00e-03
2026-05-14 17:03:30,927  INFO  Epoch 1/1 | Step 2670/34883 | Loss 2.6303 | LR 1.00e-03
2026-05-14 17:03:35,868  INFO  Epoch 1/1 | Step 2680/34883 | Loss 2.6541 | LR 1.00e-03
2026-05-14 17:03:40,812  INFO  Epoch 1/1 | Step 2690/34883 | Loss 2.7185 | LR 1.00e-03
2026-05-14 17:03:45,753  INFO  Epoch 1/1 | Step 2700/34883 | Loss 2.8497 | LR 1.00e-03
2026-05-14 17:03:50,696  INFO  Epoch 1/1 | Step 2710/34883 | Loss 2.7140 | LR 1.00e-03
2026-05-14 17:03:55,636  INFO  Epoch 1/1 | Step 2720/34883 | Loss 2.8377 | LR 1.00e-03
2026-05-14 17:04:01,514  INFO  Epoch 1/1 | Step 2730/34883 | Loss 2.7762 | LR 1.00e-03
2026-05-14 17:04:06,443  INFO  Epoch 1/1 | Step 2740/34883 | Loss 2.7362 | LR 1.00e-03
2026-05-14 17:04:11,373  INFO  Epoch 1/1 | Step 2750/34883 | Loss 2.7815 | LR 1.00e-03
2026-05-14 17:04:16,299  INFO  Epoch 1/1 | Step 2760/34883 | Loss 2.7043 | LR 1.00e-03
2026-05-14 17:04:21,228  INFO  Epoch 1/1 | Step 2770/34883 | Loss 2.7359 | LR 1.00e-03
2026-05-14 17:04:26,170  INFO  Epoch 1/1 | Step 2780/34883 | Loss 2.7938 | LR 1.00e-03
2026-05-14 17:04:31,112  INFO  Epoch 1/1 | Step 2790/34883 | Loss 2.7366 | LR 1.00e-03
2026-05-14 17:04:37,646  INFO  Epoch 1/1 | Step 2800/34883 | Loss 2.8677 | LR 1.00e-03
2026-05-14 17:04:42,569  INFO  Epoch 1/1 | Step 2810/34883 | Loss 2.8140 | LR 1.00e-03
2026-05-14 17:04:47,500  INFO  Epoch 1/1 | Step 2820/34883 | Loss 2.6187 | LR 1.00e-03
2026-05-14 17:04:52,438  INFO  Epoch 1/1 | Step 2830/34883 | Loss 2.7391 | LR 1.00e-03
2026-05-14 17:04:57,379  INFO  Epoch 1/1 | Step 2840/34883 | Loss 2.7209 | LR 1.00e-03
2026-05-14 17:05:02,318  INFO  Epoch 1/1 | Step 2850/34883 | Loss 2.6238 | LR 1.00e-03
2026-05-14 17:05:08,400  INFO  Epoch 1/1 | Step 2860/34883 | Loss 2.6088 | LR 1.00e-03
2026-05-14 17:05:13,331  INFO  Epoch 1/1 | Step 2870/34883 | Loss 2.8192 | LR 1.00e-03
2026-05-14 17:05:18,277  INFO  Epoch 1/1 | Step 2880/34883 | Loss 2.7576 | LR 1.00e-03
2026-05-14 17:05:23,232  INFO  Epoch 1/1 | Step 2890/34883 | Loss 2.8411 | LR 1.00e-03
2026-05-14 17:05:28,191  INFO  Epoch 1/1 | Step 2900/34883 | Loss 2.8542 | LR 1.00e-03
2026-05-14 17:05:33,161  INFO  Epoch 1/1 | Step 2910/34883 | Loss 2.7559 | LR 1.00e-03
2026-05-14 17:05:38,126  INFO  Epoch 1/1 | Step 2920/34883 | Loss 2.6247 | LR 1.00e-03
2026-05-14 17:05:43,093  INFO  Epoch 1/1 | Step 2930/34883 | Loss 2.6146 | LR 1.00e-03
2026-05-14 17:05:48,055  INFO  Epoch 1/1 | Step 2940/34883 | Loss 2.8599 | LR 1.00e-03
2026-05-14 17:05:53,021  INFO  Epoch 1/1 | Step 2950/34883 | Loss 2.6691 | LR 1.00e-03
2026-05-14 17:05:57,983  INFO  Epoch 1/1 | Step 2960/34883 | Loss 2.6755 | LR 1.00e-03
2026-05-14 17:06:02,943  INFO  Epoch 1/1 | Step 2970/34883 | Loss 2.7831 | LR 1.00e-03
2026-05-14 17:06:07,907  INFO  Epoch 1/1 | Step 2980/34883 | Loss 2.6656 | LR 1.00e-03
2026-05-14 17:06:12,859  INFO  Epoch 1/1 | Step 2990/34883 | Loss 2.7332 | LR 1.00e-03
2026-05-14 17:06:17,829  INFO  Epoch 1/1 | Step 3000/34883 | Loss 2.7500 | LR 1.00e-03
2026-05-14 17:06:22,792  INFO  Epoch 1/1 | Step 3010/34883 | Loss 2.6148 | LR 1.00e-03
2026-05-14 17:06:27,768  INFO  Epoch 1/1 | Step 3020/34883 | Loss 2.8006 | LR 1.00e-03
2026-05-14 17:06:32,727  INFO  Epoch 1/1 | Step 3030/34883 | Loss 2.6717 | LR 1.00e-03
2026-05-14 17:06:37,691  INFO  Epoch 1/1 | Step 3040/34883 | Loss 2.8259 | LR 1.00e-03
2026-05-14 17:06:42,649  INFO  Epoch 1/1 | Step 3050/34883 | Loss 2.5847 | LR 1.00e-03
2026-05-14 17:06:47,610  INFO  Epoch 1/1 | Step 3060/34883 | Loss 2.6557 | LR 9.99e-04
2026-05-14 17:06:52,564  INFO  Epoch 1/1 | Step 3070/34883 | Loss 2.6321 | LR 9.99e-04
2026-05-14 17:06:57,525  INFO  Epoch 1/1 | Step 3080/34883 | Loss 2.6849 | LR 9.99e-04
2026-05-14 17:07:02,483  INFO  Epoch 1/1 | Step 3090/34883 | Loss 2.7973 | LR 9.99e-04
2026-05-14 17:07:07,434  INFO  Epoch 1/1 | Step 3100/34883 | Loss 2.7235 | LR 9.99e-04
2026-05-14 17:07:12,376  INFO  Epoch 1/1 | Step 3110/34883 | Loss 2.6474 | LR 9.99e-04
2026-05-14 17:07:17,331  INFO  Epoch 1/1 | Step 3120/34883 | Loss 2.7149 | LR 9.99e-04
2026-05-14 17:07:22,285  INFO  Epoch 1/1 | Step 3130/34883 | Loss 2.8262 | LR 9.99e-04
2026-05-14 17:07:27,251  INFO  Epoch 1/1 | Step 3140/34883 | Loss 2.6794 | LR 9.99e-04
2026-05-14 17:07:32,225  INFO  Epoch 1/1 | Step 3150/34883 | Loss 2.7428 | LR 9.99e-04
2026-05-14 17:07:37,180  INFO  Epoch 1/1 | Step 3160/34883 | Loss 2.6730 | LR 9.99e-04
2026-05-14 17:07:42,146  INFO  Epoch 1/1 | Step 3170/34883 | Loss 2.7665 | LR 9.99e-04
2026-05-14 17:07:47,108  INFO  Epoch 1/1 | Step 3180/34883 | Loss 2.6041 | LR 9.99e-04
2026-05-14 17:07:52,062  INFO  Epoch 1/1 | Step 3190/34883 | Loss 2.7169 | LR 9.99e-04
2026-05-14 17:07:57,023  INFO  Epoch 1/1 | Step 3200/34883 | Loss 2.7300 | LR 9.99e-04
2026-05-14 17:08:01,982  INFO  Epoch 1/1 | Step 3210/34883 | Loss 2.7796 | LR 9.99e-04
2026-05-14 17:08:06,928  INFO  Epoch 1/1 | Step 3220/34883 | Loss 2.5830 | LR 9.99e-04
2026-05-14 17:08:11,883  INFO  Epoch 1/1 | Step 3230/34883 | Loss 2.6142 | LR 9.99e-04
2026-05-14 17:08:16,833  INFO  Epoch 1/1 | Step 3240/34883 | Loss 2.8187 | LR 9.99e-04
2026-05-14 17:08:21,792  INFO  Epoch 1/1 | Step 3250/34883 | Loss 2.5863 | LR 9.99e-04
2026-05-14 17:08:26,742  INFO  Epoch 1/1 | Step 3260/34883 | Loss 2.7377 | LR 9.99e-04
2026-05-14 17:08:31,685  INFO  Epoch 1/1 | Step 3270/34883 | Loss 2.5543 | LR 9.99e-04
2026-05-14 17:08:36,633  INFO  Epoch 1/1 | Step 3280/34883 | Loss 2.7855 | LR 9.99e-04
2026-05-14 17:08:41,586  INFO  Epoch 1/1 | Step 3290/34883 | Loss 2.6806 | LR 9.99e-04
2026-05-14 17:08:46,545  INFO  Epoch 1/1 | Step 3300/34883 | Loss 2.7427 | LR 9.99e-04
2026-05-14 17:08:51,493  INFO  Epoch 1/1 | Step 3310/34883 | Loss 2.6320 | LR 9.99e-04
2026-05-14 17:08:56,448  INFO  Epoch 1/1 | Step 3320/34883 | Loss 2.5795 | LR 9.99e-04
2026-05-14 17:09:01,392  INFO  Epoch 1/1 | Step 3330/34883 | Loss 2.6365 | LR 9.99e-04
2026-05-14 17:09:06,339  INFO  Epoch 1/1 | Step 3340/34883 | Loss 2.5896 | LR 9.99e-04
2026-05-14 17:09:11,293  INFO  Epoch 1/1 | Step 3350/34883 | Loss 2.6665 | LR 9.99e-04
2026-05-14 17:09:16,243  INFO  Epoch 1/1 | Step 3360/34883 | Loss 2.7615 | LR 9.99e-04
2026-05-14 17:09:21,198  INFO  Epoch 1/1 | Step 3370/34883 | Loss 2.6872 | LR 9.99e-04
2026-05-14 17:09:26,140  INFO  Epoch 1/1 | Step 3380/34883 | Loss 2.7016 | LR 9.99e-04
2026-05-14 17:09:31,080  INFO  Epoch 1/1 | Step 3390/34883 | Loss 2.6753 | LR 9.99e-04
2026-05-14 17:09:36,033  INFO  Epoch 1/1 | Step 3400/34883 | Loss 2.7138 | LR 9.99e-04
2026-05-14 17:09:40,988  INFO  Epoch 1/1 | Step 3410/34883 | Loss 2.7037 | LR 9.99e-04
2026-05-14 17:09:45,931  INFO  Epoch 1/1 | Step 3420/34883 | Loss 2.7783 | LR 9.99e-04
2026-05-14 17:09:50,874  INFO  Epoch 1/1 | Step 3430/34883 | Loss 2.7125 | LR 9.99e-04
2026-05-14 17:09:55,826  INFO  Epoch 1/1 | Step 3440/34883 | Loss 2.5234 | LR 9.99e-04
2026-05-14 17:10:00,777  INFO  Epoch 1/1 | Step 3450/34883 | Loss 2.7739 | LR 9.99e-04
2026-05-14 17:10:05,720  INFO  Epoch 1/1 | Step 3460/34883 | Loss 2.6432 | LR 9.99e-04
2026-05-14 17:10:10,661  INFO  Epoch 1/1 | Step 3470/34883 | Loss 2.6940 | LR 9.99e-04
2026-05-14 17:10:15,603  INFO  Epoch 1/1 | Step 3480/34883 | Loss 2.6300 | LR 9.99e-04
2026-05-14 17:10:20,543  INFO  Epoch 1/1 | Step 3490/34883 | Loss 2.5853 | LR 9.99e-04
2026-05-14 17:10:25,483  INFO  Epoch 1/1 | Step 3500/34883 | Loss 2.7283 | LR 9.99e-04
2026-05-14 17:10:30,420  INFO  Epoch 1/1 | Step 3510/34883 | Loss 2.7527 | LR 9.99e-04
2026-05-14 17:10:35,357  INFO  Epoch 1/1 | Step 3520/34883 | Loss 2.8120 | LR 9.99e-04
2026-05-14 17:10:40,308  INFO  Epoch 1/1 | Step 3530/34883 | Loss 2.6026 | LR 9.99e-04
2026-05-14 17:10:45,258  INFO  Epoch 1/1 | Step 3540/34883 | Loss 2.5805 | LR 9.99e-04
2026-05-14 17:10:50,207  INFO  Epoch 1/1 | Step 3550/34883 | Loss 2.6220 | LR 9.99e-04
2026-05-14 17:10:55,154  INFO  Epoch 1/1 | Step 3560/34883 | Loss 2.5803 | LR 9.99e-04
2026-05-14 17:11:00,093  INFO  Epoch 1/1 | Step 3570/34883 | Loss 2.6899 | LR 9.99e-04
2026-05-14 17:11:05,031  INFO  Epoch 1/1 | Step 3580/34883 | Loss 2.6601 | LR 9.99e-04
2026-05-14 17:11:09,966  INFO  Epoch 1/1 | Step 3590/34883 | Loss 2.7268 | LR 9.99e-04
2026-05-14 17:11:14,909  INFO  Epoch 1/1 | Step 3600/34883 | Loss 2.7026 | LR 9.99e-04
2026-05-14 17:11:19,858  INFO  Epoch 1/1 | Step 3610/34883 | Loss 2.6152 | LR 9.99e-04
2026-05-14 17:11:24,801  INFO  Epoch 1/1 | Step 3620/34883 | Loss 2.6203 | LR 9.99e-04
2026-05-14 17:11:29,740  INFO  Epoch 1/1 | Step 3630/34883 | Loss 2.5506 | LR 9.99e-04
2026-05-14 17:11:34,740  INFO  Epoch 1/1 | Step 3640/34883 | Loss 2.6460 | LR 9.99e-04
2026-05-14 17:11:39,740  INFO  Epoch 1/1 | Step 3650/34883 | Loss 2.5067 | LR 9.99e-04
2026-05-14 17:11:44,732  INFO  Epoch 1/1 | Step 3660/34883 | Loss 2.6039 | LR 9.99e-04
2026-05-14 17:11:49,737  INFO  Epoch 1/1 | Step 3670/34883 | Loss 2.7432 | LR 9.99e-04
2026-05-14 17:11:54,736  INFO  Epoch 1/1 | Step 3680/34883 | Loss 2.5918 | LR 9.99e-04
2026-05-14 17:11:59,734  INFO  Epoch 1/1 | Step 3690/34883 | Loss 2.5959 | LR 9.99e-04
2026-05-14 17:12:04,734  INFO  Epoch 1/1 | Step 3700/34883 | Loss 2.6406 | LR 9.99e-04
2026-05-14 17:12:09,730  INFO  Epoch 1/1 | Step 3710/34883 | Loss 2.6491 | LR 9.99e-04
2026-05-14 17:12:14,727  INFO  Epoch 1/1 | Step 3720/34883 | Loss 2.6751 | LR 9.99e-04
2026-05-14 17:12:19,723  INFO  Epoch 1/1 | Step 3730/34883 | Loss 2.6490 | LR 9.99e-04
2026-05-14 17:12:24,718  INFO  Epoch 1/1 | Step 3740/34883 | Loss 2.5023 | LR 9.99e-04
2026-05-14 17:12:29,720  INFO  Epoch 1/1 | Step 3750/34883 | Loss 2.6119 | LR 9.99e-04
2026-05-14 17:12:34,715  INFO  Epoch 1/1 | Step 3760/34883 | Loss 2.4092 | LR 9.99e-04
2026-05-14 17:12:39,717  INFO  Epoch 1/1 | Step 3770/34883 | Loss 2.5393 | LR 9.98e-04
2026-05-14 17:12:44,712  INFO  Epoch 1/1 | Step 3780/34883 | Loss 2.9169 | LR 9.98e-04
2026-05-14 17:12:49,716  INFO  Epoch 1/1 | Step 3790/34883 | Loss 2.6302 | LR 9.98e-04
2026-05-14 17:12:54,714  INFO  Epoch 1/1 | Step 3800/34883 | Loss 2.7461 | LR 9.98e-04
2026-05-14 17:12:59,717  INFO  Epoch 1/1 | Step 3810/34883 | Loss 2.5337 | LR 9.98e-04
2026-05-14 17:13:04,710  INFO  Epoch 1/1 | Step 3820/34883 | Loss 2.6924 | LR 9.98e-04
2026-05-14 17:13:09,706  INFO  Epoch 1/1 | Step 3830/34883 | Loss 2.7282 | LR 9.98e-04
2026-05-14 17:13:14,708  INFO  Epoch 1/1 | Step 3840/34883 | Loss 2.7339 | LR 9.98e-04
2026-05-14 17:13:19,709  INFO  Epoch 1/1 | Step 3850/34883 | Loss 2.5518 | LR 9.98e-04
2026-05-14 17:13:24,705  INFO  Epoch 1/1 | Step 3860/34883 | Loss 2.4668 | LR 9.98e-04
2026-05-14 17:13:29,704  INFO  Epoch 1/1 | Step 3870/34883 | Loss 2.6763 | LR 9.98e-04
2026-05-14 17:13:34,699  INFO  Epoch 1/1 | Step 3880/34883 | Loss 2.6974 | LR 9.98e-04
2026-05-14 17:13:39,694  INFO  Epoch 1/1 | Step 3890/34883 | Loss 2.7584 | LR 9.98e-04
2026-05-14 17:13:44,693  INFO  Epoch 1/1 | Step 3900/34883 | Loss 2.5505 | LR 9.98e-04
2026-05-14 17:13:49,693  INFO  Epoch 1/1 | Step 3910/34883 | Loss 2.6439 | LR 9.98e-04
2026-05-14 17:13:54,695  INFO  Epoch 1/1 | Step 3920/34883 | Loss 2.5567 | LR 9.98e-04
2026-05-14 17:13:59,696  INFO  Epoch 1/1 | Step 3930/34883 | Loss 2.6616 | LR 9.98e-04
2026-05-14 17:14:04,695  INFO  Epoch 1/1 | Step 3940/34883 | Loss 2.6269 | LR 9.98e-04
2026-05-14 17:14:09,694  INFO  Epoch 1/1 | Step 3950/34883 | Loss 2.6272 | LR 9.98e-04
2026-05-14 17:14:14,691  INFO  Epoch 1/1 | Step 3960/34883 | Loss 2.6447 | LR 9.98e-04
2026-05-14 17:14:19,691  INFO  Epoch 1/1 | Step 3970/34883 | Loss 2.5757 | LR 9.98e-04
2026-05-14 17:14:24,688  INFO  Epoch 1/1 | Step 3980/34883 | Loss 2.6123 | LR 9.98e-04
2026-05-14 17:14:29,683  INFO  Epoch 1/1 | Step 3990/34883 | Loss 2.6675 | LR 9.98e-04
2026-05-14 17:14:34,686  INFO  Epoch 1/1 | Step 4000/34883 | Loss 2.7267 | LR 9.98e-04
2026-05-14 17:14:39,686  INFO  Epoch 1/1 | Step 4010/34883 | Loss 2.6430 | LR 9.98e-04
2026-05-14 17:14:44,682  INFO  Epoch 1/1 | Step 4020/34883 | Loss 2.4964 | LR 9.98e-04
2026-05-14 17:14:49,681  INFO  Epoch 1/1 | Step 4030/34883 | Loss 2.5049 | LR 9.98e-04
2026-05-14 17:14:54,679  INFO  Epoch 1/1 | Step 4040/34883 | Loss 2.6112 | LR 9.98e-04
2026-05-14 17:14:59,678  INFO  Epoch 1/1 | Step 4050/34883 | Loss 2.5868 | LR 9.98e-04
2026-05-14 17:15:04,677  INFO  Epoch 1/1 | Step 4060/34883 | Loss 2.5222 | LR 9.98e-04
2026-05-14 17:15:09,674  INFO  Epoch 1/1 | Step 4070/34883 | Loss 2.7395 | LR 9.98e-04
2026-05-14 17:15:14,676  INFO  Epoch 1/1 | Step 4080/34883 | Loss 2.7664 | LR 9.98e-04
2026-05-14 17:15:19,672  INFO  Epoch 1/1 | Step 4090/34883 | Loss 2.7500 | LR 9.98e-04
2026-05-14 17:15:24,668  INFO  Epoch 1/1 | Step 4100/34883 | Loss 2.6406 | LR 9.98e-04
2026-05-14 17:15:29,670  INFO  Epoch 1/1 | Step 4110/34883 | Loss 2.4621 | LR 9.98e-04
2026-05-14 17:15:34,669  INFO  Epoch 1/1 | Step 4120/34883 | Loss 2.6740 | LR 9.98e-04
2026-05-14 17:15:39,664  INFO  Epoch 1/1 | Step 4130/34883 | Loss 2.5887 | LR 9.98e-04
2026-05-14 17:15:44,666  INFO  Epoch 1/1 | Step 4140/34883 | Loss 2.6271 | LR 9.98e-04
2026-05-14 17:15:49,663  INFO  Epoch 1/1 | Step 4150/34883 | Loss 2.5896 | LR 9.98e-04
2026-05-14 17:15:54,662  INFO  Epoch 1/1 | Step 4160/34883 | Loss 2.6911 | LR 9.98e-04
2026-05-14 17:15:59,660  INFO  Epoch 1/1 | Step 4170/34883 | Loss 2.7397 | LR 9.98e-04
2026-05-14 17:16:04,657  INFO  Epoch 1/1 | Step 4180/34883 | Loss 2.6064 | LR 9.98e-04
2026-05-14 17:16:09,655  INFO  Epoch 1/1 | Step 4190/34883 | Loss 2.6523 | LR 9.98e-04
2026-05-14 17:16:14,656  INFO  Epoch 1/1 | Step 4200/34883 | Loss 2.6384 | LR 9.98e-04
2026-05-14 17:16:19,654  INFO  Epoch 1/1 | Step 4210/34883 | Loss 2.6918 | LR 9.98e-04
2026-05-14 17:16:24,652  INFO  Epoch 1/1 | Step 4220/34883 | Loss 2.5651 | LR 9.98e-04
2026-05-14 17:16:29,651  INFO  Epoch 1/1 | Step 4230/34883 | Loss 2.4576 | LR 9.98e-04
2026-05-14 17:16:34,651  INFO  Epoch 1/1 | Step 4240/34883 | Loss 2.5301 | LR 9.98e-04
2026-05-14 17:16:39,649  INFO  Epoch 1/1 | Step 4250/34883 | Loss 2.5983 | LR 9.97e-04
2026-05-14 17:16:44,645  INFO  Epoch 1/1 | Step 4260/34883 | Loss 2.6255 | LR 9.97e-04
2026-05-14 17:16:49,646  INFO  Epoch 1/1 | Step 4270/34883 | Loss 2.6475 | LR 9.97e-04
2026-05-14 17:16:54,643  INFO  Epoch 1/1 | Step 4280/34883 | Loss 2.6446 | LR 9.97e-04
2026-05-14 17:16:59,639  INFO  Epoch 1/1 | Step 4290/34883 | Loss 2.5478 | LR 9.97e-04
2026-05-14 17:17:04,639  INFO  Epoch 1/1 | Step 4300/34883 | Loss 2.6576 | LR 9.97e-04
2026-05-14 17:17:09,641  INFO  Epoch 1/1 | Step 4310/34883 | Loss 2.4046 | LR 9.97e-04
2026-05-14 17:17:14,639  INFO  Epoch 1/1 | Step 4320/34883 | Loss 2.5817 | LR 9.97e-04
2026-05-14 17:17:19,636  INFO  Epoch 1/1 | Step 4330/34883 | Loss 2.4608 | LR 9.97e-04
2026-05-14 17:17:24,635  INFO  Epoch 1/1 | Step 4340/34883 | Loss 2.6853 | LR 9.97e-04
2026-05-14 17:17:29,630  INFO  Epoch 1/1 | Step 4350/34883 | Loss 2.6599 | LR 9.97e-04
2026-05-14 17:17:34,630  INFO  Epoch 1/1 | Step 4360/34883 | Loss 2.5642 | LR 9.97e-04
2026-05-14 17:17:39,628  INFO  Epoch 1/1 | Step 4370/34883 | Loss 2.6552 | LR 9.97e-04
2026-05-14 17:17:44,624  INFO  Epoch 1/1 | Step 4380/34883 | Loss 2.7053 | LR 9.97e-04
2026-05-14 17:17:49,626  INFO  Epoch 1/1 | Step 4390/34883 | Loss 2.6966 | LR 9.97e-04
2026-05-14 17:17:54,623  INFO  Epoch 1/1 | Step 4400/34883 | Loss 2.4783 | LR 9.97e-04
2026-05-14 17:17:59,624  INFO  Epoch 1/1 | Step 4410/34883 | Loss 2.6128 | LR 9.97e-04
2026-05-14 17:18:04,621  INFO  Epoch 1/1 | Step 4420/34883 | Loss 2.6104 | LR 9.97e-04
2026-05-14 17:18:09,620  INFO  Epoch 1/1 | Step 4430/34883 | Loss 2.6817 | LR 9.97e-04
2026-05-14 17:18:14,618  INFO  Epoch 1/1 | Step 4440/34883 | Loss 2.6286 | LR 9.97e-04
2026-05-14 17:18:19,617  INFO  Epoch 1/1 | Step 4450/34883 | Loss 2.5957 | LR 9.97e-04
2026-05-14 17:18:24,616  INFO  Epoch 1/1 | Step 4460/34883 | Loss 2.4189 | LR 9.97e-04
2026-05-14 17:18:29,613  INFO  Epoch 1/1 | Step 4470/34883 | Loss 2.6134 | LR 9.97e-04
2026-05-14 17:18:34,612  INFO  Epoch 1/1 | Step 4480/34883 | Loss 2.6788 | LR 9.97e-04
2026-05-14 17:18:39,611  INFO  Epoch 1/1 | Step 4490/34883 | Loss 2.6252 | LR 9.97e-04
2026-05-14 17:18:44,608  INFO  Epoch 1/1 | Step 4500/34883 | Loss 2.4323 | LR 9.97e-04
2026-05-14 17:18:49,607  INFO  Epoch 1/1 | Step 4510/34883 | Loss 2.5777 | LR 9.97e-04
2026-05-14 17:18:54,605  INFO  Epoch 1/1 | Step 4520/34883 | Loss 2.5285 | LR 9.97e-04
2026-05-14 17:18:59,604  INFO  Epoch 1/1 | Step 4530/34883 | Loss 2.6042 | LR 9.97e-04
2026-05-14 17:19:04,603  INFO  Epoch 1/1 | Step 4540/34883 | Loss 2.3590 | LR 9.97e-04
2026-05-14 17:19:09,601  INFO  Epoch 1/1 | Step 4550/34883 | Loss 2.5748 | LR 9.97e-04
2026-05-14 17:19:14,600  INFO  Epoch 1/1 | Step 4560/34883 | Loss 2.6270 | LR 9.97e-04
2026-05-14 17:19:19,597  INFO  Epoch 1/1 | Step 4570/34883 | Loss 2.6110 | LR 9.97e-04
2026-05-14 17:19:24,592  INFO  Epoch 1/1 | Step 4580/34883 | Loss 2.7195 | LR 9.97e-04
2026-05-14 17:19:29,595  INFO  Epoch 1/1 | Step 4590/34883 | Loss 2.5312 | LR 9.97e-04
2026-05-14 17:19:34,592  INFO  Epoch 1/1 | Step 4600/34883 | Loss 2.6005 | LR 9.97e-04
2026-05-14 17:19:39,591  INFO  Epoch 1/1 | Step 4610/34883 | Loss 2.7800 | LR 9.97e-04
2026-05-14 17:19:44,590  INFO  Epoch 1/1 | Step 4620/34883 | Loss 2.6155 | LR 9.97e-04
2026-05-14 17:19:49,590  INFO  Epoch 1/1 | Step 4630/34883 | Loss 2.5518 | LR 9.97e-04
2026-05-14 17:19:54,587  INFO  Epoch 1/1 | Step 4640/34883 | Loss 2.6565 | LR 9.97e-04
2026-05-14 17:19:59,587  INFO  Epoch 1/1 | Step 4650/34883 | Loss 2.4309 | LR 9.96e-04
2026-05-14 17:20:04,583  INFO  Epoch 1/1 | Step 4660/34883 | Loss 2.6146 | LR 9.96e-04
2026-05-14 17:20:09,583  INFO  Epoch 1/1 | Step 4670/34883 | Loss 2.4427 | LR 9.96e-04
2026-05-14 17:20:14,581  INFO  Epoch 1/1 | Step 4680/34883 | Loss 2.5166 | LR 9.96e-04
2026-05-14 17:20:19,579  INFO  Epoch 1/1 | Step 4690/34883 | Loss 2.4607 | LR 9.96e-04
2026-05-14 17:20:24,577  INFO  Epoch 1/1 | Step 4700/34883 | Loss 2.5591 | LR 9.96e-04
2026-05-14 17:20:29,577  INFO  Epoch 1/1 | Step 4710/34883 | Loss 2.6501 | LR 9.96e-04
2026-05-14 17:20:34,575  INFO  Epoch 1/1 | Step 4720/34883 | Loss 2.6061 | LR 9.96e-04
2026-05-14 17:20:39,573  INFO  Epoch 1/1 | Step 4730/34883 | Loss 2.5442 | LR 9.96e-04
2026-05-14 17:20:44,569  INFO  Epoch 1/1 | Step 4740/34883 | Loss 2.5978 | LR 9.96e-04
2026-05-14 17:20:49,569  INFO  Epoch 1/1 | Step 4750/34883 | Loss 2.5288 | LR 9.96e-04
2026-05-14 17:20:54,566  INFO  Epoch 1/1 | Step 4760/34883 | Loss 2.5553 | LR 9.96e-04
2026-05-14 17:20:59,567  INFO  Epoch 1/1 | Step 4770/34883 | Loss 2.6345 | LR 9.96e-04
2026-05-14 17:21:04,564  INFO  Epoch 1/1 | Step 4780/34883 | Loss 2.6481 | LR 9.96e-04
2026-05-14 17:21:09,561  INFO  Epoch 1/1 | Step 4790/34883 | Loss 2.3127 | LR 9.96e-04
2026-05-14 17:21:14,562  INFO  Epoch 1/1 | Step 4800/34883 | Loss 2.5403 | LR 9.96e-04
2026-05-14 17:21:19,561  INFO  Epoch 1/1 | Step 4810/34883 | Loss 2.6853 | LR 9.96e-04
2026-05-14 17:21:24,559  INFO  Epoch 1/1 | Step 4820/34883 | Loss 2.5711 | LR 9.96e-04
2026-05-14 17:21:29,558  INFO  Epoch 1/1 | Step 4830/34883 | Loss 2.5571 | LR 9.96e-04
2026-05-14 17:21:34,557  INFO  Epoch 1/1 | Step 4840/34883 | Loss 2.3597 | LR 9.96e-04
2026-05-14 17:21:39,554  INFO  Epoch 1/1 | Step 4850/34883 | Loss 2.4442 | LR 9.96e-04
2026-05-14 17:21:44,553  INFO  Epoch 1/1 | Step 4860/34883 | Loss 2.5138 | LR 9.96e-04
2026-05-14 17:21:49,553  INFO  Epoch 1/1 | Step 4870/34883 | Loss 2.6327 | LR 9.96e-04
2026-05-14 17:21:54,550  INFO  Epoch 1/1 | Step 4880/34883 | Loss 2.5640 | LR 9.96e-04
2026-05-14 17:21:59,550  INFO  Epoch 1/1 | Step 4890/34883 | Loss 2.5350 | LR 9.96e-04
2026-05-14 17:22:04,544  INFO  Epoch 1/1 | Step 4900/34883 | Loss 2.5738 | LR 9.96e-04
2026-05-14 17:22:09,546  INFO  Epoch 1/1 | Step 4910/34883 | Loss 2.6230 | LR 9.96e-04
2026-05-14 17:22:14,543  INFO  Epoch 1/1 | Step 4920/34883 | Loss 2.4788 | LR 9.96e-04
2026-05-14 17:22:19,544  INFO  Epoch 1/1 | Step 4930/34883 | Loss 2.4291 | LR 9.96e-04
2026-05-14 17:22:24,540  INFO  Epoch 1/1 | Step 4940/34883 | Loss 2.4956 | LR 9.96e-04
2026-05-14 17:22:29,540  INFO  Epoch 1/1 | Step 4950/34883 | Loss 2.7762 | LR 9.96e-04
2026-05-14 17:22:34,538  INFO  Epoch 1/1 | Step 4960/34883 | Loss 2.5350 | LR 9.96e-04
2026-05-14 17:22:39,538  INFO  Epoch 1/1 | Step 4970/34883 | Loss 2.4929 | LR 9.96e-04
2026-05-14 17:22:44,536  INFO  Epoch 1/1 | Step 4980/34883 | Loss 2.5940 | LR 9.96e-04
2026-05-14 17:22:49,535  INFO  Epoch 1/1 | Step 4990/34883 | Loss 2.4119 | LR 9.95e-04
2026-05-14 17:22:54,536  INFO  Epoch 1/1 | Step 5000/34883 | Loss 2.5029 | LR 9.95e-04
2026-05-14 17:22:59,531  INFO  Epoch 1/1 | Step 5010/34883 | Loss 2.4432 | LR 9.95e-04
2026-05-14 17:23:04,530  INFO  Epoch 1/1 | Step 5020/34883 | Loss 2.5432 | LR 9.95e-04
2026-05-14 17:23:09,528  INFO  Epoch 1/1 | Step 5030/34883 | Loss 2.3767 | LR 9.95e-04
2026-05-14 17:23:14,527  INFO  Epoch 1/1 | Step 5040/34883 | Loss 2.6337 | LR 9.95e-04
2026-05-14 17:23:19,524  INFO  Epoch 1/1 | Step 5050/34883 | Loss 2.5507 | LR 9.95e-04
2026-05-14 17:23:24,523  INFO  Epoch 1/1 | Step 5060/34883 | Loss 2.5444 | LR 9.95e-04
2026-05-14 17:23:29,523  INFO  Epoch 1/1 | Step 5070/34883 | Loss 2.3997 | LR 9.95e-04
2026-05-14 17:23:34,518  INFO  Epoch 1/1 | Step 5080/34883 | Loss 2.6547 | LR 9.95e-04
2026-05-14 17:23:39,519  INFO  Epoch 1/1 | Step 5090/34883 | Loss 2.6849 | LR 9.95e-04
2026-05-14 17:23:44,518  INFO  Epoch 1/1 | Step 5100/34883 | Loss 2.5737 | LR 9.95e-04
2026-05-14 17:23:49,513  INFO  Epoch 1/1 | Step 5110/34883 | Loss 2.5937 | LR 9.95e-04
2026-05-14 17:23:54,513  INFO  Epoch 1/1 | Step 5120/34883 | Loss 2.6887 | LR 9.95e-04
2026-05-14 17:23:59,513  INFO  Epoch 1/1 | Step 5130/34883 | Loss 2.6024 | LR 9.95e-04
2026-05-14 17:24:04,508  INFO  Epoch 1/1 | Step 5140/34883 | Loss 2.3565 | LR 9.95e-04
2026-05-14 17:24:09,503  INFO  Epoch 1/1 | Step 5150/34883 | Loss 2.6665 | LR 9.95e-04
2026-05-14 17:24:14,506  INFO  Epoch 1/1 | Step 5160/34883 | Loss 2.5356 | LR 9.95e-04
2026-05-14 17:24:19,507  INFO  Epoch 1/1 | Step 5170/34883 | Loss 2.6607 | LR 9.95e-04
2026-05-14 17:24:24,501  INFO  Epoch 1/1 | Step 5180/34883 | Loss 2.6166 | LR 9.95e-04
2026-05-14 17:24:29,502  INFO  Epoch 1/1 | Step 5190/34883 | Loss 2.6003 | LR 9.95e-04
2026-05-14 17:24:34,499  INFO  Epoch 1/1 | Step 5200/34883 | Loss 2.4447 | LR 9.95e-04
2026-05-14 17:24:39,499  INFO  Epoch 1/1 | Step 5210/34883 | Loss 2.6273 | LR 9.95e-04
2026-05-14 17:24:44,496  INFO  Epoch 1/1 | Step 5220/34883 | Loss 2.5543 | LR 9.95e-04
2026-05-14 17:24:49,494  INFO  Epoch 1/1 | Step 5230/34883 | Loss 2.5507 | LR 9.95e-04
2026-05-14 17:24:54,492  INFO  Epoch 1/1 | Step 5240/34883 | Loss 2.4622 | LR 9.95e-04
2026-05-14 17:24:59,487  INFO  Epoch 1/1 | Step 5250/34883 | Loss 2.3572 | LR 9.95e-04
2026-05-14 17:25:04,488  INFO  Epoch 1/1 | Step 5260/34883 | Loss 2.4548 | LR 9.95e-04
2026-05-14 17:25:09,488  INFO  Epoch 1/1 | Step 5270/34883 | Loss 2.4351 | LR 9.95e-04
2026-05-14 17:25:14,486  INFO  Epoch 1/1 | Step 5280/34883 | Loss 2.4731 | LR 9.95e-04
2026-05-14 17:25:19,487  INFO  Epoch 1/1 | Step 5290/34883 | Loss 2.5648 | LR 9.95e-04
2026-05-14 17:25:24,485  INFO  Epoch 1/1 | Step 5300/34883 | Loss 2.4995 | LR 9.94e-04
2026-05-14 17:25:29,483  INFO  Epoch 1/1 | Step 5310/34883 | Loss 2.5492 | LR 9.94e-04
2026-05-14 17:25:34,474  INFO  Epoch 1/1 | Step 5320/34883 | Loss 2.3972 | LR 9.94e-04
2026-05-14 17:25:39,479  INFO  Epoch 1/1 | Step 5330/34883 | Loss 2.5465 | LR 9.94e-04
2026-05-14 17:25:44,476  INFO  Epoch 1/1 | Step 5340/34883 | Loss 2.5535 | LR 9.94e-04
2026-05-14 17:25:49,477  INFO  Epoch 1/1 | Step 5350/34883 | Loss 2.7347 | LR 9.94e-04
2026-05-14 17:25:54,475  INFO  Epoch 1/1 | Step 5360/34883 | Loss 2.5112 | LR 9.94e-04
2026-05-14 17:25:59,472  INFO  Epoch 1/1 | Step 5370/34883 | Loss 2.6708 | LR 9.94e-04
2026-05-14 17:26:04,472  INFO  Epoch 1/1 | Step 5380/34883 | Loss 2.4639 | LR 9.94e-04
2026-05-14 17:26:09,471  INFO  Epoch 1/1 | Step 5390/34883 | Loss 2.5360 | LR 9.94e-04
2026-05-14 17:26:14,469  INFO  Epoch 1/1 | Step 5400/34883 | Loss 2.4900 | LR 9.94e-04
2026-05-14 17:26:19,468  INFO  Epoch 1/1 | Step 5410/34883 | Loss 2.4473 | LR 9.94e-04
2026-05-14 17:26:24,464  INFO  Epoch 1/1 | Step 5420/34883 | Loss 2.6098 | LR 9.94e-04
2026-05-14 17:26:29,467  INFO  Epoch 1/1 | Step 5430/34883 | Loss 2.5671 | LR 9.94e-04
2026-05-14 17:26:34,465  INFO  Epoch 1/1 | Step 5440/34883 | Loss 2.4772 | LR 9.94e-04
2026-05-14 17:26:39,462  INFO  Epoch 1/1 | Step 5450/34883 | Loss 2.5750 | LR 9.94e-04
2026-05-14 17:26:44,463  INFO  Epoch 1/1 | Step 5460/34883 | Loss 2.3791 | LR 9.94e-04
2026-05-14 17:26:49,459  INFO  Epoch 1/1 | Step 5470/34883 | Loss 2.3765 | LR 9.94e-04
2026-05-14 17:26:54,460  INFO  Epoch 1/1 | Step 5480/34883 | Loss 2.4690 | LR 9.94e-04
2026-05-14 17:26:59,456  INFO  Epoch 1/1 | Step 5490/34883 | Loss 2.5329 | LR 9.94e-04
2026-05-14 17:27:04,453  INFO  Epoch 1/1 | Step 5500/34883 | Loss 2.6128 | LR 9.94e-04
2026-05-14 17:27:09,454  INFO  Epoch 1/1 | Step 5510/34883 | Loss 2.4956 | LR 9.94e-04
2026-05-14 17:27:14,452  INFO  Epoch 1/1 | Step 5520/34883 | Loss 2.5894 | LR 9.94e-04
2026-05-14 17:27:19,447  INFO  Epoch 1/1 | Step 5530/34883 | Loss 2.5178 | LR 9.94e-04
2026-05-14 17:27:24,446  INFO  Epoch 1/1 | Step 5540/34883 | Loss 2.4457 | LR 9.94e-04
2026-05-14 17:27:29,446  INFO  Epoch 1/1 | Step 5550/34883 | Loss 2.4155 | LR 9.94e-04
2026-05-14 17:27:34,444  INFO  Epoch 1/1 | Step 5560/34883 | Loss 2.5966 | LR 9.94e-04
2026-05-14 17:27:39,444  INFO  Epoch 1/1 | Step 5570/34883 | Loss 2.4721 | LR 9.93e-04
2026-05-14 17:27:44,441  INFO  Epoch 1/1 | Step 5580/34883 | Loss 2.3479 | LR 9.93e-04
2026-05-14 17:27:49,441  INFO  Epoch 1/1 | Step 5590/34883 | Loss 2.4172 | LR 9.93e-04
2026-05-14 17:27:54,440  INFO  Epoch 1/1 | Step 5600/34883 | Loss 2.5564 | LR 9.93e-04
2026-05-14 17:27:59,436  INFO  Epoch 1/1 | Step 5610/34883 | Loss 2.6360 | LR 9.93e-04
2026-05-14 17:28:04,435  INFO  Epoch 1/1 | Step 5620/34883 | Loss 2.5978 | LR 9.93e-04
2026-05-14 17:28:09,433  INFO  Epoch 1/1 | Step 5630/34883 | Loss 2.4019 | LR 9.93e-04
2026-05-14 17:28:14,430  INFO  Epoch 1/1 | Step 5640/34883 | Loss 2.6123 | LR 9.93e-04
2026-05-14 17:28:19,431  INFO  Epoch 1/1 | Step 5650/34883 | Loss 2.4314 | LR 9.93e-04
2026-05-14 17:28:24,431  INFO  Epoch 1/1 | Step 5660/34883 | Loss 2.5942 | LR 9.93e-04
2026-05-14 17:28:29,427  INFO  Epoch 1/1 | Step 5670/34883 | Loss 2.5594 | LR 9.93e-04
2026-05-14 17:28:34,426  INFO  Epoch 1/1 | Step 5680/34883 | Loss 2.6525 | LR 9.93e-04
2026-05-14 17:28:39,426  INFO  Epoch 1/1 | Step 5690/34883 | Loss 2.5107 | LR 9.93e-04
2026-05-14 17:28:44,423  INFO  Epoch 1/1 | Step 5700/34883 | Loss 2.6140 | LR 9.93e-04
2026-05-14 17:28:49,421  INFO  Epoch 1/1 | Step 5710/34883 | Loss 2.6387 | LR 9.93e-04
2026-05-14 17:28:54,420  INFO  Epoch 1/1 | Step 5720/34883 | Loss 2.4630 | LR 9.93e-04
2026-05-14 17:28:59,419  INFO  Epoch 1/1 | Step 5730/34883 | Loss 2.5583 | LR 9.93e-04
2026-05-14 17:29:04,417  INFO  Epoch 1/1 | Step 5740/34883 | Loss 2.4134 | LR 9.93e-04
2026-05-14 17:29:09,418  INFO  Epoch 1/1 | Step 5750/34883 | Loss 2.5617 | LR 9.93e-04
2026-05-14 17:29:14,413  INFO  Epoch 1/1 | Step 5760/34883 | Loss 2.4672 | LR 9.93e-04
2026-05-14 17:29:19,412  INFO  Epoch 1/1 | Step 5770/34883 | Loss 2.4196 | LR 9.93e-04
2026-05-14 17:29:24,413  INFO  Epoch 1/1 | Step 5780/34883 | Loss 2.4847 | LR 9.93e-04
2026-05-14 17:29:29,409  INFO  Epoch 1/1 | Step 5790/34883 | Loss 2.3655 | LR 9.93e-04
2026-05-14 17:29:34,407  INFO  Epoch 1/1 | Step 5800/34883 | Loss 2.4783 | LR 9.93e-04
2026-05-14 17:29:39,406  INFO  Epoch 1/1 | Step 5810/34883 | Loss 2.5440 | LR 9.93e-04
2026-05-14 17:29:44,404  INFO  Epoch 1/1 | Step 5820/34883 | Loss 2.6940 | LR 9.93e-04
2026-05-14 17:29:49,402  INFO  Epoch 1/1 | Step 5830/34883 | Loss 2.5016 | LR 9.92e-04
2026-05-14 17:29:54,398  INFO  Epoch 1/1 | Step 5840/34883 | Loss 2.2607 | LR 9.92e-04
2026-05-14 17:29:59,400  INFO  Epoch 1/1 | Step 5850/34883 | Loss 2.5325 | LR 9.92e-04
2026-05-14 17:30:04,397  INFO  Epoch 1/1 | Step 5860/34883 | Loss 2.5438 | LR 9.92e-04
2026-05-14 17:30:09,401  INFO  Epoch 1/1 | Step 5870/34883 | Loss 2.5230 | LR 9.92e-04
2026-05-14 17:30:14,393  INFO  Epoch 1/1 | Step 5880/34883 | Loss 2.5018 | LR 9.92e-04
2026-05-14 17:30:19,392  INFO  Epoch 1/1 | Step 5890/34883 | Loss 2.6944 | LR 9.92e-04
2026-05-14 17:30:24,390  INFO  Epoch 1/1 | Step 5900/34883 | Loss 2.5470 | LR 9.92e-04
2026-05-14 17:30:29,388  INFO  Epoch 1/1 | Step 5910/34883 | Loss 2.3217 | LR 9.92e-04
2026-05-14 17:30:34,389  INFO  Epoch 1/1 | Step 5920/34883 | Loss 2.4236 | LR 9.92e-04
2026-05-14 17:30:39,386  INFO  Epoch 1/1 | Step 5930/34883 | Loss 2.4655 | LR 9.92e-04
2026-05-14 17:30:44,384  INFO  Epoch 1/1 | Step 5940/34883 | Loss 2.5248 | LR 9.92e-04
2026-05-14 17:30:49,385  INFO  Epoch 1/1 | Step 5950/34883 | Loss 2.5505 | LR 9.92e-04
2026-05-14 17:30:54,381  INFO  Epoch 1/1 | Step 5960/34883 | Loss 2.4588 | LR 9.92e-04
2026-05-14 17:30:59,380  INFO  Epoch 1/1 | Step 5970/34883 | Loss 2.3277 | LR 9.92e-04
2026-05-14 17:31:04,380  INFO  Epoch 1/1 | Step 5980/34883 | Loss 2.3302 | LR 9.92e-04
2026-05-14 17:31:09,376  INFO  Epoch 1/1 | Step 5990/34883 | Loss 2.5890 | LR 9.92e-04
2026-05-14 17:31:14,376  INFO  Epoch 1/1 | Step 6000/34883 | Loss 2.5359 | LR 9.92e-04
2026-05-14 17:31:19,375  INFO  Epoch 1/1 | Step 6010/34883 | Loss 2.6308 | LR 9.92e-04
2026-05-14 17:31:24,374  INFO  Epoch 1/1 | Step 6020/34883 | Loss 2.5959 | LR 9.92e-04
2026-05-14 17:31:29,372  INFO  Epoch 1/1 | Step 6030/34883 | Loss 2.4369 | LR 9.92e-04
2026-05-14 17:31:34,370  INFO  Epoch 1/1 | Step 6040/34883 | Loss 2.4860 | LR 9.92e-04
2026-05-14 17:31:39,370  INFO  Epoch 1/1 | Step 6050/34883 | Loss 2.4542 | LR 9.92e-04
2026-05-14 17:31:44,367  INFO  Epoch 1/1 | Step 6060/34883 | Loss 2.5839 | LR 9.92e-04
2026-05-14 17:31:49,368  INFO  Epoch 1/1 | Step 6070/34883 | Loss 2.5760 | LR 9.91e-04
2026-05-14 17:31:54,363  INFO  Epoch 1/1 | Step 6080/34883 | Loss 2.4697 | LR 9.91e-04
2026-05-14 17:31:59,364  INFO  Epoch 1/1 | Step 6090/34883 | Loss 2.5291 | LR 9.91e-04
2026-05-14 17:32:04,360  INFO  Epoch 1/1 | Step 6100/34883 | Loss 2.3850 | LR 9.91e-04
2026-05-14 17:32:09,360  INFO  Epoch 1/1 | Step 6110/34883 | Loss 2.4667 | LR 9.91e-04
2026-05-14 17:32:14,361  INFO  Epoch 1/1 | Step 6120/34883 | Loss 2.5697 | LR 9.91e-04
2026-05-14 17:32:19,358  INFO  Epoch 1/1 | Step 6130/34883 | Loss 2.4756 | LR 9.91e-04
2026-05-14 17:32:24,355  INFO  Epoch 1/1 | Step 6140/34883 | Loss 2.3730 | LR 9.91e-04
2026-05-14 17:32:29,360  INFO  Epoch 1/1 | Step 6150/34883 | Loss 2.5346 | LR 9.91e-04
2026-05-14 17:32:34,359  INFO  Epoch 1/1 | Step 6160/34883 | Loss 2.3997 | LR 9.91e-04
2026-05-14 17:32:39,352  INFO  Epoch 1/1 | Step 6170/34883 | Loss 2.4075 | LR 9.91e-04
2026-05-14 17:32:44,349  INFO  Epoch 1/1 | Step 6180/34883 | Loss 2.4091 | LR 9.91e-04
2026-05-14 17:32:49,348  INFO  Epoch 1/1 | Step 6190/34883 | Loss 2.4013 | LR 9.91e-04
2026-05-14 17:32:54,347  INFO  Epoch 1/1 | Step 6200/34883 | Loss 2.4655 | LR 9.91e-04
2026-05-14 17:32:59,347  INFO  Epoch 1/1 | Step 6210/34883 | Loss 2.4789 | LR 9.91e-04
2026-05-14 17:33:04,346  INFO  Epoch 1/1 | Step 6220/34883 | Loss 2.3528 | LR 9.91e-04
2026-05-14 17:33:09,341  INFO  Epoch 1/1 | Step 6230/34883 | Loss 2.3764 | LR 9.91e-04
2026-05-14 17:33:14,340  INFO  Epoch 1/1 | Step 6240/34883 | Loss 2.5222 | LR 9.91e-04
2026-05-14 17:33:19,339  INFO  Epoch 1/1 | Step 6250/34883 | Loss 2.4528 | LR 9.91e-04
2026-05-14 17:33:24,338  INFO  Epoch 1/1 | Step 6260/34883 | Loss 2.5536 | LR 9.91e-04
2026-05-14 17:33:29,335  INFO  Epoch 1/1 | Step 6270/34883 | Loss 2.2819 | LR 9.91e-04
2026-05-14 17:33:34,332  INFO  Epoch 1/1 | Step 6280/34883 | Loss 2.4706 | LR 9.91e-04
2026-05-14 17:33:39,331  INFO  Epoch 1/1 | Step 6290/34883 | Loss 2.4426 | LR 9.91e-04
2026-05-14 17:33:44,330  INFO  Epoch 1/1 | Step 6300/34883 | Loss 2.5711 | LR 9.90e-04
2026-05-14 17:33:49,325  INFO  Epoch 1/1 | Step 6310/34883 | Loss 2.5470 | LR 9.90e-04
2026-05-14 17:33:54,328  INFO  Epoch 1/1 | Step 6320/34883 | Loss 2.4767 | LR 9.90e-04
2026-05-14 17:33:59,324  INFO  Epoch 1/1 | Step 6330/34883 | Loss 2.3754 | LR 9.90e-04
2026-05-14 17:34:04,324  INFO  Epoch 1/1 | Step 6340/34883 | Loss 2.3954 | LR 9.90e-04
2026-05-14 17:34:09,324  INFO  Epoch 1/1 | Step 6350/34883 | Loss 2.4672 | LR 9.90e-04
2026-05-14 17:34:14,320  INFO  Epoch 1/1 | Step 6360/34883 | Loss 2.4455 | LR 9.90e-04
2026-05-14 17:34:19,320  INFO  Epoch 1/1 | Step 6370/34883 | Loss 2.4584 | LR 9.90e-04
2026-05-14 17:34:24,314  INFO  Epoch 1/1 | Step 6380/34883 | Loss 2.3136 | LR 9.90e-04
2026-05-14 17:34:29,318  INFO  Epoch 1/1 | Step 6390/34883 | Loss 2.5578 | LR 9.90e-04
2026-05-14 17:34:34,313  INFO  Epoch 1/1 | Step 6400/34883 | Loss 2.4431 | LR 9.90e-04
2026-05-14 17:34:39,312  INFO  Epoch 1/1 | Step 6410/34883 | Loss 2.4537 | LR 9.90e-04
2026-05-14 17:34:44,312  INFO  Epoch 1/1 | Step 6420/34883 | Loss 2.2657 | LR 9.90e-04
2026-05-14 17:34:49,310  INFO  Epoch 1/1 | Step 6430/34883 | Loss 2.4914 | LR 9.90e-04
2026-05-14 17:34:54,307  INFO  Epoch 1/1 | Step 6440/34883 | Loss 2.3266 | LR 9.90e-04
2026-05-14 17:34:59,307  INFO  Epoch 1/1 | Step 6450/34883 | Loss 2.3889 | LR 9.90e-04
2026-05-14 17:35:04,304  INFO  Epoch 1/1 | Step 6460/34883 | Loss 2.5063 | LR 9.90e-04
2026-05-14 17:35:09,301  INFO  Epoch 1/1 | Step 6470/34883 | Loss 2.7138 | LR 9.90e-04
2026-05-14 17:35:14,302  INFO  Epoch 1/1 | Step 6480/34883 | Loss 2.4869 | LR 9.90e-04
2026-05-14 17:35:19,301  INFO  Epoch 1/1 | Step 6490/34883 | Loss 2.5677 | LR 9.90e-04
2026-05-14 17:35:24,300  INFO  Epoch 1/1 | Step 6500/34883 | Loss 2.3976 | LR 9.90e-04
2026-05-14 17:35:29,298  INFO  Epoch 1/1 | Step 6510/34883 | Loss 2.3410 | LR 9.90e-04
2026-05-14 17:35:34,297  INFO  Epoch 1/1 | Step 6520/34883 | Loss 2.4857 | LR 9.89e-04
2026-05-14 17:35:39,294  INFO  Epoch 1/1 | Step 6530/34883 | Loss 2.4347 | LR 9.89e-04
2026-05-14 17:35:44,294  INFO  Epoch 1/1 | Step 6540/34883 | Loss 2.3600 | LR 9.89e-04
2026-05-14 17:35:49,292  INFO  Epoch 1/1 | Step 6550/34883 | Loss 2.4806 | LR 9.89e-04
2026-05-14 17:35:54,289  INFO  Epoch 1/1 | Step 6560/34883 | Loss 2.4499 | LR 9.89e-04
2026-05-14 17:35:59,286  INFO  Epoch 1/1 | Step 6570/34883 | Loss 2.4537 | LR 9.89e-04
2026-05-14 17:36:04,286  INFO  Epoch 1/1 | Step 6580/34883 | Loss 2.3883 | LR 9.89e-04
2026-05-14 17:36:09,283  INFO  Epoch 1/1 | Step 6590/34883 | Loss 2.3649 | LR 9.89e-04
2026-05-14 17:36:14,283  INFO  Epoch 1/1 | Step 6600/34883 | Loss 2.4809 | LR 9.89e-04
2026-05-14 17:36:19,283  INFO  Epoch 1/1 | Step 6610/34883 | Loss 2.4540 | LR 9.89e-04
2026-05-14 17:36:24,280  INFO  Epoch 1/1 | Step 6620/34883 | Loss 2.4177 | LR 9.89e-04
2026-05-14 17:36:29,279  INFO  Epoch 1/1 | Step 6630/34883 | Loss 2.2633 | LR 9.89e-04
2026-05-14 17:36:34,275  INFO  Epoch 1/1 | Step 6640/34883 | Loss 2.6018 | LR 9.89e-04
2026-05-14 17:36:39,278  INFO  Epoch 1/1 | Step 6650/34883 | Loss 2.4654 | LR 9.89e-04
2026-05-14 17:36:44,275  INFO  Epoch 1/1 | Step 6660/34883 | Loss 2.3960 | LR 9.89e-04
2026-05-14 17:36:49,271  INFO  Epoch 1/1 | Step 6670/34883 | Loss 2.4825 | LR 9.89e-04
2026-05-14 17:36:54,271  INFO  Epoch 1/1 | Step 6680/34883 | Loss 2.4194 | LR 9.89e-04
2026-05-14 17:36:59,269  INFO  Epoch 1/1 | Step 6690/34883 | Loss 2.6281 | LR 9.89e-04
2026-05-14 17:37:04,268  INFO  Epoch 1/1 | Step 6700/34883 | Loss 2.6025 | LR 9.89e-04
2026-05-14 17:37:09,268  INFO  Epoch 1/1 | Step 6710/34883 | Loss 2.5470 | LR 9.89e-04
2026-05-14 17:37:14,266  INFO  Epoch 1/1 | Step 6720/34883 | Loss 2.4498 | LR 9.89e-04
2026-05-14 17:37:19,263  INFO  Epoch 1/1 | Step 6730/34883 | Loss 2.4190 | LR 9.88e-04
2026-05-14 17:37:24,261  INFO  Epoch 1/1 | Step 6740/34883 | Loss 2.6015 | LR 9.88e-04
2026-05-14 17:37:29,261  INFO  Epoch 1/1 | Step 6750/34883 | Loss 2.5321 | LR 9.88e-04
2026-05-14 17:37:34,258  INFO  Epoch 1/1 | Step 6760/34883 | Loss 2.4877 | LR 9.88e-04
2026-05-14 17:37:39,253  INFO  Epoch 1/1 | Step 6770/34883 | Loss 2.2411 | LR 9.88e-04
2026-05-14 17:37:44,258  INFO  Epoch 1/1 | Step 6780/34883 | Loss 2.5279 | LR 9.88e-04
2026-05-14 17:37:49,254  INFO  Epoch 1/1 | Step 6790/34883 | Loss 2.2966 | LR 9.88e-04
2026-05-14 17:37:54,252  INFO  Epoch 1/1 | Step 6800/34883 | Loss 2.3996 | LR 9.88e-04
2026-05-14 17:37:59,251  INFO  Epoch 1/1 | Step 6810/34883 | Loss 2.3985 | LR 9.88e-04
2026-05-14 17:38:04,247  INFO  Epoch 1/1 | Step 6820/34883 | Loss 2.4289 | LR 9.88e-04
2026-05-14 17:38:09,248  INFO  Epoch 1/1 | Step 6830/34883 | Loss 2.5647 | LR 9.88e-04
2026-05-14 17:38:14,246  INFO  Epoch 1/1 | Step 6840/34883 | Loss 2.4605 | LR 9.88e-04
2026-05-14 17:38:19,243  INFO  Epoch 1/1 | Step 6850/34883 | Loss 2.2676 | LR 9.88e-04
2026-05-14 17:38:24,245  INFO  Epoch 1/1 | Step 6860/34883 | Loss 2.4039 | LR 9.88e-04
2026-05-14 17:38:29,241  INFO  Epoch 1/1 | Step 6870/34883 | Loss 2.4283 | LR 9.88e-04
2026-05-14 17:38:34,242  INFO  Epoch 1/1 | Step 6880/34883 | Loss 2.5719 | LR 9.88e-04
2026-05-14 17:38:39,238  INFO  Epoch 1/1 | Step 6890/34883 | Loss 2.3061 | LR 9.88e-04
2026-05-14 17:38:44,237  INFO  Epoch 1/1 | Step 6900/34883 | Loss 2.4386 | LR 9.88e-04
2026-05-14 17:38:49,233  INFO  Epoch 1/1 | Step 6910/34883 | Loss 2.3850 | LR 9.88e-04
2026-05-14 17:38:54,233  INFO  Epoch 1/1 | Step 6920/34883 | Loss 2.4969 | LR 9.87e-04
2026-05-14 17:38:59,233  INFO  Epoch 1/1 | Step 6930/34883 | Loss 2.4639 | LR 9.87e-04
2026-05-14 17:39:04,228  INFO  Epoch 1/1 | Step 6940/34883 | Loss 2.4490 | LR 9.87e-04
2026-05-14 17:39:09,229  INFO  Epoch 1/1 | Step 6950/34883 | Loss 2.3777 | LR 9.87e-04
2026-05-14 17:39:14,229  INFO  Epoch 1/1 | Step 6960/34883 | Loss 2.4431 | LR 9.87e-04
2026-05-14 17:39:19,227  INFO  Epoch 1/1 | Step 6970/34883 | Loss 2.3955 | LR 9.87e-04
2026-05-14 17:39:24,224  INFO  Epoch 1/1 | Step 6980/34883 | Loss 2.4555 | LR 9.87e-04
2026-05-14 17:39:29,223  INFO  Epoch 1/1 | Step 6990/34883 | Loss 2.3476 | LR 9.87e-04
2026-05-14 17:39:34,223  INFO  Epoch 1/1 | Step 7000/34883 | Loss 2.4436 | LR 9.87e-04
2026-05-14 17:39:39,220  INFO  Epoch 1/1 | Step 7010/34883 | Loss 2.6177 | LR 9.87e-04
2026-05-14 17:39:44,217  INFO  Epoch 1/1 | Step 7020/34883 | Loss 2.4415 | LR 9.87e-04
2026-05-14 17:39:49,215  INFO  Epoch 1/1 | Step 7030/34883 | Loss 2.5019 | LR 9.87e-04
2026-05-14 17:39:54,216  INFO  Epoch 1/1 | Step 7040/34883 | Loss 2.5367 | LR 9.87e-04
2026-05-14 17:39:59,214  INFO  Epoch 1/1 | Step 7050/34883 | Loss 2.5715 | LR 9.87e-04
2026-05-14 17:40:04,213  INFO  Epoch 1/1 | Step 7060/34883 | Loss 2.4889 | LR 9.87e-04
2026-05-14 17:40:09,211  INFO  Epoch 1/1 | Step 7070/34883 | Loss 2.3782 | LR 9.87e-04
2026-05-14 17:40:14,209  INFO  Epoch 1/1 | Step 7080/34883 | Loss 2.3351 | LR 9.87e-04
2026-05-14 17:40:19,206  INFO  Epoch 1/1 | Step 7090/34883 | Loss 2.4494 | LR 9.87e-04
2026-05-14 17:40:24,206  INFO  Epoch 1/1 | Step 7100/34883 | Loss 2.4245 | LR 9.87e-04
2026-05-14 17:40:29,204  INFO  Epoch 1/1 | Step 7110/34883 | Loss 2.4473 | LR 9.86e-04
2026-05-14 17:40:34,205  INFO  Epoch 1/1 | Step 7120/34883 | Loss 2.2656 | LR 9.86e-04
2026-05-14 17:40:39,201  INFO  Epoch 1/1 | Step 7130/34883 | Loss 2.3493 | LR 9.86e-04
2026-05-14 17:40:44,200  INFO  Epoch 1/1 | Step 7140/34883 | Loss 2.5016 | LR 9.86e-04
2026-05-14 17:40:49,197  INFO  Epoch 1/1 | Step 7150/34883 | Loss 2.5965 | LR 9.86e-04
2026-05-14 17:40:54,198  INFO  Epoch 1/1 | Step 7160/34883 | Loss 2.3288 | LR 9.86e-04
2026-05-14 17:40:59,196  INFO  Epoch 1/1 | Step 7170/34883 | Loss 2.5501 | LR 9.86e-04
2026-05-14 17:41:04,193  INFO  Epoch 1/1 | Step 7180/34883 | Loss 2.4393 | LR 9.86e-04
2026-05-14 17:41:09,191  INFO  Epoch 1/1 | Step 7190/34883 | Loss 2.5748 | LR 9.86e-04
2026-05-14 17:41:14,190  INFO  Epoch 1/1 | Step 7200/34883 | Loss 2.3770 | LR 9.86e-04
2026-05-14 17:41:19,188  INFO  Epoch 1/1 | Step 7210/34883 | Loss 2.5026 | LR 9.86e-04
2026-05-14 17:41:24,188  INFO  Epoch 1/1 | Step 7220/34883 | Loss 2.5258 | LR 9.86e-04
2026-05-14 17:41:29,186  INFO  Epoch 1/1 | Step 7230/34883 | Loss 2.5093 | LR 9.86e-04
2026-05-14 17:41:34,186  INFO  Epoch 1/1 | Step 7240/34883 | Loss 2.2511 | LR 9.86e-04
2026-05-14 17:41:39,183  INFO  Epoch 1/1 | Step 7250/34883 | Loss 2.4197 | LR 9.86e-04
2026-05-14 17:41:44,182  INFO  Epoch 1/1 | Step 7260/34883 | Loss 2.4599 | LR 9.86e-04
2026-05-14 17:41:49,177  INFO  Epoch 1/1 | Step 7270/34883 | Loss 2.3229 | LR 9.86e-04
2026-05-14 17:41:54,179  INFO  Epoch 1/1 | Step 7280/34883 | Loss 2.4096 | LR 9.86e-04
2026-05-14 17:41:59,176  INFO  Epoch 1/1 | Step 7290/34883 | Loss 2.3433 | LR 9.86e-04
2026-05-14 17:42:04,175  INFO  Epoch 1/1 | Step 7300/34883 | Loss 2.4174 | LR 9.85e-04
2026-05-14 17:42:09,174  INFO  Epoch 1/1 | Step 7310/34883 | Loss 2.4442 | LR 9.85e-04
2026-05-14 17:42:14,173  INFO  Epoch 1/1 | Step 7320/34883 | Loss 2.3865 | LR 9.85e-04
2026-05-14 17:42:19,170  INFO  Epoch 1/1 | Step 7330/34883 | Loss 2.4799 | LR 9.85e-04
2026-05-14 17:42:24,169  INFO  Epoch 1/1 | Step 7340/34883 | Loss 2.4053 | LR 9.85e-04
2026-05-14 17:42:29,165  INFO  Epoch 1/1 | Step 7350/34883 | Loss 2.4576 | LR 9.85e-04
2026-05-14 17:42:34,165  INFO  Epoch 1/1 | Step 7360/34883 | Loss 2.3764 | LR 9.85e-04
2026-05-14 17:42:39,166  INFO  Epoch 1/1 | Step 7370/34883 | Loss 2.4392 | LR 9.85e-04
2026-05-14 17:42:44,164  INFO  Epoch 1/1 | Step 7380/34883 | Loss 2.4712 | LR 9.85e-04
2026-05-14 17:42:49,160  INFO  Epoch 1/1 | Step 7390/34883 | Loss 2.5258 | LR 9.85e-04
2026-05-14 17:42:54,161  INFO  Epoch 1/1 | Step 7400/34883 | Loss 2.2315 | LR 9.85e-04
2026-05-14 17:42:59,156  INFO  Epoch 1/1 | Step 7410/34883 | Loss 2.4429 | LR 9.85e-04
2026-05-14 17:43:04,158  INFO  Epoch 1/1 | Step 7420/34883 | Loss 2.3539 | LR 9.85e-04
2026-05-14 17:43:09,154  INFO  Epoch 1/1 | Step 7430/34883 | Loss 2.4172 | LR 9.85e-04
2026-05-14 17:43:14,155  INFO  Epoch 1/1 | Step 7440/34883 | Loss 2.3696 | LR 9.85e-04
2026-05-14 17:43:19,153  INFO  Epoch 1/1 | Step 7450/34883 | Loss 2.4799 | LR 9.85e-04
2026-05-14 17:43:24,148  INFO  Epoch 1/1 | Step 7460/34883 | Loss 2.3946 | LR 9.85e-04
2026-05-14 17:43:29,149  INFO  Epoch 1/1 | Step 7470/34883 | Loss 2.3970 | LR 9.84e-04
2026-05-14 17:43:34,147  INFO  Epoch 1/1 | Step 7480/34883 | Loss 2.4965 | LR 9.84e-04
2026-05-14 17:43:39,146  INFO  Epoch 1/1 | Step 7490/34883 | Loss 2.3219 | LR 9.84e-04
2026-05-14 17:43:44,144  INFO  Epoch 1/1 | Step 7500/34883 | Loss 2.3857 | LR 9.84e-04
2026-05-14 17:43:49,143  INFO  Epoch 1/1 | Step 7510/34883 | Loss 2.4506 | LR 9.84e-04
2026-05-14 17:43:54,141  INFO  Epoch 1/1 | Step 7520/34883 | Loss 2.4723 | LR 9.84e-04
2026-05-14 17:43:59,140  INFO  Epoch 1/1 | Step 7530/34883 | Loss 2.4109 | LR 9.84e-04
2026-05-14 17:44:04,138  INFO  Epoch 1/1 | Step 7540/34883 | Loss 2.5344 | LR 9.84e-04
2026-05-14 17:44:09,136  INFO  Epoch 1/1 | Step 7550/34883 | Loss 2.3306 | LR 9.84e-04
2026-05-14 17:44:14,136  INFO  Epoch 1/1 | Step 7560/34883 | Loss 2.4146 | LR 9.84e-04
2026-05-14 17:44:19,133  INFO  Epoch 1/1 | Step 7570/34883 | Loss 2.3071 | LR 9.84e-04
2026-05-14 17:44:24,132  INFO  Epoch 1/1 | Step 7580/34883 | Loss 2.3848 | LR 9.84e-04
2026-05-14 17:44:29,128  INFO  Epoch 1/1 | Step 7590/34883 | Loss 2.3597 | LR 9.84e-04
2026-05-14 17:44:34,128  INFO  Epoch 1/1 | Step 7600/34883 | Loss 2.6027 | LR 9.84e-04
2026-05-14 17:44:39,129  INFO  Epoch 1/1 | Step 7610/34883 | Loss 2.3544 | LR 9.84e-04
2026-05-14 17:44:44,125  INFO  Epoch 1/1 | Step 7620/34883 | Loss 2.4585 | LR 9.84e-04
2026-05-14 17:44:49,125  INFO  Epoch 1/1 | Step 7630/34883 | Loss 2.3889 | LR 9.84e-04
2026-05-14 17:44:54,122  INFO  Epoch 1/1 | Step 7640/34883 | Loss 2.2285 | LR 9.84e-04
2026-05-14 17:44:59,123  INFO  Epoch 1/1 | Step 7650/34883 | Loss 2.3348 | LR 9.83e-04
2026-05-14 17:45:04,120  INFO  Epoch 1/1 | Step 7660/34883 | Loss 2.3072 | LR 9.83e-04
2026-05-14 17:45:09,118  INFO  Epoch 1/1 | Step 7670/34883 | Loss 2.3249 | LR 9.83e-04
2026-05-14 17:45:14,118  INFO  Epoch 1/1 | Step 7680/34883 | Loss 2.4942 | LR 9.83e-04
2026-05-14 17:45:19,115  INFO  Epoch 1/1 | Step 7690/34883 | Loss 2.3573 | LR 9.83e-04
2026-05-14 17:45:24,115  INFO  Epoch 1/1 | Step 7700/34883 | Loss 2.4770 | LR 9.83e-04
2026-05-14 17:45:29,113  INFO  Epoch 1/1 | Step 7710/34883 | Loss 2.5584 | LR 9.83e-04
2026-05-14 17:45:34,117  INFO  Epoch 1/1 | Step 7720/34883 | Loss 2.4201 | LR 9.83e-04
2026-05-14 17:45:39,109  INFO  Epoch 1/1 | Step 7730/34883 | Loss 2.4366 | LR 9.83e-04
2026-05-14 17:45:44,109  INFO  Epoch 1/1 | Step 7740/34883 | Loss 2.5190 | LR 9.83e-04
2026-05-14 17:45:49,107  INFO  Epoch 1/1 | Step 7750/34883 | Loss 2.4353 | LR 9.83e-04
2026-05-14 17:45:54,105  INFO  Epoch 1/1 | Step 7760/34883 | Loss 2.4116 | LR 9.83e-04
2026-05-14 17:45:59,103  INFO  Epoch 1/1 | Step 7770/34883 | Loss 2.3659 | LR 9.83e-04
2026-05-14 17:46:04,103  INFO  Epoch 1/1 | Step 7780/34883 | Loss 2.3366 | LR 9.83e-04
2026-05-14 17:46:09,100  INFO  Epoch 1/1 | Step 7790/34883 | Loss 2.4620 | LR 9.83e-04
2026-05-14 17:46:14,097  INFO  Epoch 1/1 | Step 7800/34883 | Loss 2.3091 | LR 9.83e-04
2026-05-14 17:46:19,096  INFO  Epoch 1/1 | Step 7810/34883 | Loss 2.3018 | LR 9.82e-04
2026-05-14 17:46:24,096  INFO  Epoch 1/1 | Step 7820/34883 | Loss 2.3863 | LR 9.82e-04
2026-05-14 17:46:29,093  INFO  Epoch 1/1 | Step 7830/34883 | Loss 2.3510 | LR 9.82e-04
2026-05-14 17:46:34,090  INFO  Epoch 1/1 | Step 7840/34883 | Loss 2.2116 | LR 9.82e-04
2026-05-14 17:46:39,092  INFO  Epoch 1/1 | Step 7850/34883 | Loss 2.4288 | LR 9.82e-04
2026-05-14 17:46:44,090  INFO  Epoch 1/1 | Step 7860/34883 | Loss 2.4455 | LR 9.82e-04
2026-05-14 17:46:49,089  INFO  Epoch 1/1 | Step 7870/34883 | Loss 2.4703 | LR 9.82e-04
2026-05-14 17:46:54,086  INFO  Epoch 1/1 | Step 7880/34883 | Loss 2.3391 | LR 9.82e-04
2026-05-14 17:46:59,082  INFO  Epoch 1/1 | Step 7890/34883 | Loss 2.3942 | LR 9.82e-04
2026-05-14 17:47:04,082  INFO  Epoch 1/1 | Step 7900/34883 | Loss 2.1540 | LR 9.82e-04
2026-05-14 17:47:09,079  INFO  Epoch 1/1 | Step 7910/34883 | Loss 2.4452 | LR 9.82e-04
2026-05-14 17:47:14,079  INFO  Epoch 1/1 | Step 7920/34883 | Loss 2.4351 | LR 9.82e-04
2026-05-14 17:47:19,078  INFO  Epoch 1/1 | Step 7930/34883 | Loss 2.4880 | LR 9.82e-04
2026-05-14 17:47:24,077  INFO  Epoch 1/1 | Step 7940/34883 | Loss 2.3434 | LR 9.82e-04
2026-05-14 17:47:29,074  INFO  Epoch 1/1 | Step 7950/34883 | Loss 2.3838 | LR 9.82e-04
2026-05-14 17:47:34,073  INFO  Epoch 1/1 | Step 7960/34883 | Loss 2.2180 | LR 9.82e-04
2026-05-14 17:47:39,071  INFO  Epoch 1/1 | Step 7970/34883 | Loss 2.2644 | LR 9.82e-04
2026-05-14 17:47:44,069  INFO  Epoch 1/1 | Step 7980/34883 | Loss 2.3214 | LR 9.81e-04
2026-05-14 17:47:49,068  INFO  Epoch 1/1 | Step 7990/34883 | Loss 2.2028 | LR 9.81e-04
2026-05-14 17:47:54,066  INFO  Epoch 1/1 | Step 8000/34883 | Loss 2.3486 | LR 9.81e-04
2026-05-14 17:47:59,065  INFO  Epoch 1/1 | Step 8010/34883 | Loss 2.3959 | LR 9.81e-04
2026-05-14 17:48:04,065  INFO  Epoch 1/1 | Step 8020/34883 | Loss 2.3150 | LR 9.81e-04
2026-05-14 17:48:09,063  INFO  Epoch 1/1 | Step 8030/34883 | Loss 2.4319 | LR 9.81e-04
2026-05-14 17:48:14,061  INFO  Epoch 1/1 | Step 8040/34883 | Loss 2.4617 | LR 9.81e-04
2026-05-14 17:48:19,060  INFO  Epoch 1/1 | Step 8050/34883 | Loss 2.4725 | LR 9.81e-04
2026-05-14 17:48:24,056  INFO  Epoch 1/1 | Step 8060/34883 | Loss 2.4094 | LR 9.81e-04
2026-05-14 17:48:29,055  INFO  Epoch 1/1 | Step 8070/34883 | Loss 2.4211 | LR 9.81e-04
2026-05-14 17:48:34,055  INFO  Epoch 1/1 | Step 8080/34883 | Loss 2.3001 | LR 9.81e-04
2026-05-14 17:48:39,052  INFO  Epoch 1/1 | Step 8090/34883 | Loss 2.4118 | LR 9.81e-04
2026-05-14 17:48:44,053  INFO  Epoch 1/1 | Step 8100/34883 | Loss 2.3038 | LR 9.81e-04
2026-05-14 17:48:49,052  INFO  Epoch 1/1 | Step 8110/34883 | Loss 2.5249 | LR 9.81e-04
2026-05-14 17:48:54,046  INFO  Epoch 1/1 | Step 8120/34883 | Loss 2.7939 | LR 9.81e-04
2026-05-14 17:48:59,046  INFO  Epoch 1/1 | Step 8130/34883 | Loss 2.5685 | LR 9.80e-04
2026-05-14 17:49:04,046  INFO  Epoch 1/1 | Step 8140/34883 | Loss 2.5256 | LR 9.80e-04
2026-05-14 17:49:09,042  INFO  Epoch 1/1 | Step 8150/34883 | Loss 2.3744 | LR 9.80e-04
2026-05-14 17:49:14,042  INFO  Epoch 1/1 | Step 8160/34883 | Loss 2.4450 | LR 9.80e-04
2026-05-14 17:49:19,040  INFO  Epoch 1/1 | Step 8170/34883 | Loss 2.4053 | LR 9.80e-04
2026-05-14 17:49:24,040  INFO  Epoch 1/1 | Step 8180/34883 | Loss 2.3971 | LR 9.80e-04
2026-05-14 17:49:29,037  INFO  Epoch 1/1 | Step 8190/34883 | Loss 2.4201 | LR 9.80e-04
2026-05-14 17:49:34,037  INFO  Epoch 1/1 | Step 8200/34883 | Loss 2.4676 | LR 9.80e-04
2026-05-14 17:49:39,035  INFO  Epoch 1/1 | Step 8210/34883 | Loss 2.3363 | LR 9.80e-04
2026-05-14 17:49:44,033  INFO  Epoch 1/1 | Step 8220/34883 | Loss 2.3824 | LR 9.80e-04
2026-05-14 17:49:49,032  INFO  Epoch 1/1 | Step 8230/34883 | Loss 2.3808 | LR 9.80e-04
2026-05-14 17:49:54,028  INFO  Epoch 1/1 | Step 8240/34883 | Loss 2.4898 | LR 9.80e-04
2026-05-14 17:49:59,027  INFO  Epoch 1/1 | Step 8250/34883 | Loss 2.3519 | LR 9.80e-04
2026-05-14 17:50:04,026  INFO  Epoch 1/1 | Step 8260/34883 | Loss 2.3965 | LR 9.80e-04
2026-05-14 17:50:09,027  INFO  Epoch 1/1 | Step 8270/34883 | Loss 2.3972 | LR 9.80e-04
2026-05-14 17:50:14,023  INFO  Epoch 1/1 | Step 8280/34883 | Loss 2.3572 | LR 9.80e-04
2026-05-14 17:50:19,020  INFO  Epoch 1/1 | Step 8290/34883 | Loss 2.4666 | LR 9.79e-04
2026-05-14 17:50:24,019  INFO  Epoch 1/1 | Step 8300/34883 | Loss 2.3535 | LR 9.79e-04
2026-05-14 17:50:29,019  INFO  Epoch 1/1 | Step 8310/34883 | Loss 2.3427 | LR 9.79e-04
2026-05-14 17:50:34,540  INFO  Epoch 1/1 | Step 8320/34883 | Loss 2.3829 | LR 9.79e-04
2026-05-14 17:50:39,536  INFO  Epoch 1/1 | Step 8330/34883 | Loss 2.3700 | LR 9.79e-04
2026-05-14 17:50:44,535  INFO  Epoch 1/1 | Step 8340/34883 | Loss 2.5137 | LR 9.79e-04
2026-05-14 17:50:49,531  INFO  Epoch 1/1 | Step 8350/34883 | Loss 2.4400 | LR 9.79e-04
2026-05-14 17:50:54,531  INFO  Epoch 1/1 | Step 8360/34883 | Loss 2.4369 | LR 9.79e-04
2026-05-14 17:50:59,529  INFO  Epoch 1/1 | Step 8370/34883 | Loss 2.4670 | LR 9.79e-04
2026-05-14 17:51:04,845  INFO  Epoch 1/1 | Step 8380/34883 | Loss 2.2538 | LR 9.79e-04
2026-05-14 17:51:09,784  INFO  Epoch 1/1 | Step 8390/34883 | Loss 2.2479 | LR 9.79e-04
2026-05-14 17:51:14,726  INFO  Epoch 1/1 | Step 8400/34883 | Loss 2.4462 | LR 9.79e-04
2026-05-14 17:51:19,673  INFO  Epoch 1/1 | Step 8410/34883 | Loss 2.3147 | LR 9.79e-04
2026-05-14 17:51:24,622  INFO  Epoch 1/1 | Step 8420/34883 | Loss 2.4928 | LR 9.79e-04
2026-05-14 17:51:29,568  INFO  Epoch 1/1 | Step 8430/34883 | Loss 2.3811 | LR 9.79e-04
2026-05-14 17:51:34,514  INFO  Epoch 1/1 | Step 8440/34883 | Loss 2.4180 | LR 9.78e-04
2026-05-14 17:51:39,795  INFO  Epoch 1/1 | Step 8450/34883 | Loss 2.2701 | LR 9.78e-04
2026-05-14 17:51:44,792  INFO  Epoch 1/1 | Step 8460/34883 | Loss 2.4464 | LR 9.78e-04
2026-05-14 17:51:49,792  INFO  Epoch 1/1 | Step 8470/34883 | Loss 2.5097 | LR 9.78e-04
2026-05-14 17:51:54,792  INFO  Epoch 1/1 | Step 8480/34883 | Loss 2.4137 | LR 9.78e-04
2026-05-14 17:51:59,789  INFO  Epoch 1/1 | Step 8490/34883 | Loss 2.2048 | LR 9.78e-04
2026-05-14 17:52:04,786  INFO  Epoch 1/1 | Step 8500/34883 | Loss 2.4427 | LR 9.78e-04
2026-05-14 17:52:10,375  INFO  Epoch 1/1 | Step 8510/34883 | Loss 2.4662 | LR 9.78e-04
2026-05-14 17:52:15,366  INFO  Epoch 1/1 | Step 8520/34883 | Loss 2.4449 | LR 9.78e-04
2026-05-14 17:52:20,364  INFO  Epoch 1/1 | Step 8530/34883 | Loss 2.1926 | LR 9.78e-04
2026-05-14 17:52:25,364  INFO  Epoch 1/1 | Step 8540/34883 | Loss 2.2356 | LR 9.78e-04
2026-05-14 17:52:30,361  INFO  Epoch 1/1 | Step 8550/34883 | Loss 2.5410 | LR 9.78e-04
2026-05-14 17:52:35,361  INFO  Epoch 1/1 | Step 8560/34883 | Loss 2.3332 | LR 9.78e-04
2026-05-14 17:52:40,366  INFO  Epoch 1/1 | Step 8570/34883 | Loss 2.4473 | LR 9.78e-04
2026-05-14 17:52:45,360  INFO  Epoch 1/1 | Step 8580/34883 | Loss 2.3139 | LR 9.77e-04
2026-05-14 17:52:50,357  INFO  Epoch 1/1 | Step 8590/34883 | Loss 2.3909 | LR 9.77e-04
2026-05-14 17:52:55,354  INFO  Epoch 1/1 | Step 8600/34883 | Loss 2.3759 | LR 9.77e-04
2026-05-14 17:53:00,356  INFO  Epoch 1/1 | Step 8610/34883 | Loss 2.3855 | LR 9.77e-04
2026-05-14 17:53:05,356  INFO  Epoch 1/1 | Step 8620/34883 | Loss 2.2629 | LR 9.77e-04
2026-05-14 17:53:10,350  INFO  Epoch 1/1 | Step 8630/34883 | Loss 2.4424 | LR 9.77e-04
2026-05-14 17:53:15,348  INFO  Epoch 1/1 | Step 8640/34883 | Loss 2.4562 | LR 9.77e-04
2026-05-14 17:53:20,347  INFO  Epoch 1/1 | Step 8650/34883 | Loss 2.4582 | LR 9.77e-04
2026-05-14 17:53:25,343  INFO  Epoch 1/1 | Step 8660/34883 | Loss 2.2661 | LR 9.77e-04
2026-05-14 17:53:30,345  INFO  Epoch 1/1 | Step 8670/34883 | Loss 2.2275 | LR 9.77e-04
2026-05-14 17:53:35,341  INFO  Epoch 1/1 | Step 8680/34883 | Loss 2.3186 | LR 9.77e-04
2026-05-14 17:53:40,339  INFO  Epoch 1/1 | Step 8690/34883 | Loss 2.2300 | LR 9.77e-04
2026-05-14 17:53:45,337  INFO  Epoch 1/1 | Step 8700/34883 | Loss 2.2619 | LR 9.77e-04
2026-05-14 17:53:50,336  INFO  Epoch 1/1 | Step 8710/34883 | Loss 2.3388 | LR 9.77e-04
2026-05-14 17:53:55,336  INFO  Epoch 1/1 | Step 8720/34883 | Loss 2.6052 | LR 9.77e-04
2026-05-14 17:54:00,333  INFO  Epoch 1/1 | Step 8730/34883 | Loss 2.4085 | LR 9.76e-04
2026-05-14 17:54:05,332  INFO  Epoch 1/1 | Step 8740/34883 | Loss 2.4710 | LR 9.76e-04
2026-05-14 17:54:10,331  INFO  Epoch 1/1 | Step 8750/34883 | Loss 2.1649 | LR 9.76e-04
2026-05-14 17:54:15,329  INFO  Epoch 1/1 | Step 8760/34883 | Loss 2.3483 | LR 9.76e-04
2026-05-14 17:54:20,326  INFO  Epoch 1/1 | Step 8770/34883 | Loss 2.3281 | LR 9.76e-04
2026-05-14 17:54:25,325  INFO  Epoch 1/1 | Step 8780/34883 | Loss 2.3819 | LR 9.76e-04
2026-05-14 17:54:30,326  INFO  Epoch 1/1 | Step 8790/34883 | Loss 2.1941 | LR 9.76e-04
2026-05-14 17:54:35,322  INFO  Epoch 1/1 | Step 8800/34883 | Loss 2.4422 | LR 9.76e-04
2026-05-14 17:54:40,318  INFO  Epoch 1/1 | Step 8810/34883 | Loss 2.3359 | LR 9.76e-04
2026-05-14 17:54:45,320  INFO  Epoch 1/1 | Step 8820/34883 | Loss 2.3758 | LR 9.76e-04
2026-05-14 17:54:50,315  INFO  Epoch 1/1 | Step 8830/34883 | Loss 2.2873 | LR 9.76e-04
2026-05-14 17:54:55,316  INFO  Epoch 1/1 | Step 8840/34883 | Loss 2.1772 | LR 9.76e-04
2026-05-14 17:55:00,313  INFO  Epoch 1/1 | Step 8850/34883 | Loss 2.3917 | LR 9.76e-04
2026-05-14 17:55:05,312  INFO  Epoch 1/1 | Step 8860/34883 | Loss 2.5307 | LR 9.76e-04
2026-05-14 17:55:10,309  INFO  Epoch 1/1 | Step 8870/34883 | Loss 2.3587 | LR 9.75e-04
2026-05-14 17:55:15,311  INFO  Epoch 1/1 | Step 8880/34883 | Loss 2.3800 | LR 9.75e-04
2026-05-14 17:55:20,309  INFO  Epoch 1/1 | Step 8890/34883 | Loss 2.3620 | LR 9.75e-04
2026-05-14 17:55:25,304  INFO  Epoch 1/1 | Step 8900/34883 | Loss 2.3268 | LR 9.75e-04
2026-05-14 17:55:30,299  INFO  Epoch 1/1 | Step 8910/34883 | Loss 2.5022 | LR 9.75e-04
2026-05-14 17:55:35,304  INFO  Epoch 1/1 | Step 8920/34883 | Loss 2.3211 | LR 9.75e-04
2026-05-14 17:55:40,302  INFO  Epoch 1/1 | Step 8930/34883 | Loss 2.3742 | LR 9.75e-04
2026-05-14 17:55:45,298  INFO  Epoch 1/1 | Step 8940/34883 | Loss 2.2804 | LR 9.75e-04
2026-05-14 17:55:50,298  INFO  Epoch 1/1 | Step 8950/34883 | Loss 2.4382 | LR 9.75e-04
2026-05-14 17:55:55,296  INFO  Epoch 1/1 | Step 8960/34883 | Loss 2.3181 | LR 9.75e-04
2026-05-14 17:56:00,295  INFO  Epoch 1/1 | Step 8970/34883 | Loss 2.3372 | LR 9.75e-04
2026-05-14 17:56:05,294  INFO  Epoch 1/1 | Step 8980/34883 | Loss 2.4450 | LR 9.75e-04
2026-05-14 17:56:10,293  INFO  Epoch 1/1 | Step 8990/34883 | Loss 2.2874 | LR 9.75e-04
2026-05-14 17:56:15,291  INFO  Epoch 1/1 | Step 9000/34883 | Loss 2.3987 | LR 9.75e-04
2026-05-14 17:56:20,290  INFO  Epoch 1/1 | Step 9010/34883 | Loss 2.3310 | LR 9.74e-04
2026-05-14 17:56:25,288  INFO  Epoch 1/1 | Step 9020/34883 | Loss 2.3628 | LR 9.74e-04
2026-05-14 17:56:30,287  INFO  Epoch 1/1 | Step 9030/34883 | Loss 2.4326 | LR 9.74e-04
2026-05-14 17:56:35,283  INFO  Epoch 1/1 | Step 9040/34883 | Loss 2.3587 | LR 9.74e-04
2026-05-14 17:56:40,284  INFO  Epoch 1/1 | Step 9050/34883 | Loss 2.3208 | LR 9.74e-04
2026-05-14 17:56:45,280  INFO  Epoch 1/1 | Step 9060/34883 | Loss 2.3968 | LR 9.74e-04
2026-05-14 17:56:50,280  INFO  Epoch 1/1 | Step 9070/34883 | Loss 2.2504 | LR 9.74e-04
2026-05-14 17:56:55,278  INFO  Epoch 1/1 | Step 9080/34883 | Loss 2.2057 | LR 9.74e-04
2026-05-14 17:57:00,273  INFO  Epoch 1/1 | Step 9090/34883 | Loss 2.3252 | LR 9.74e-04
2026-05-14 17:57:05,274  INFO  Epoch 1/1 | Step 9100/34883 | Loss 2.4611 | LR 9.74e-04
2026-05-14 17:57:10,272  INFO  Epoch 1/1 | Step 9110/34883 | Loss 2.3041 | LR 9.74e-04
2026-05-14 17:57:15,274  INFO  Epoch 1/1 | Step 9120/34883 | Loss 2.3812 | LR 9.74e-04
2026-05-14 17:57:20,271  INFO  Epoch 1/1 | Step 9130/34883 | Loss 2.3081 | LR 9.74e-04
2026-05-14 17:57:25,268  INFO  Epoch 1/1 | Step 9140/34883 | Loss 2.3401 | LR 9.73e-04
2026-05-14 17:57:30,268  INFO  Epoch 1/1 | Step 9150/34883 | Loss 2.3680 | LR 9.73e-04
2026-05-14 17:57:35,266  INFO  Epoch 1/1 | Step 9160/34883 | Loss 2.2999 | LR 9.73e-04
2026-05-14 17:57:40,266  INFO  Epoch 1/1 | Step 9170/34883 | Loss 2.1868 | LR 9.73e-04
2026-05-14 17:57:45,261  INFO  Epoch 1/1 | Step 9180/34883 | Loss 2.3258 | LR 9.73e-04
2026-05-14 17:57:50,258  INFO  Epoch 1/1 | Step 9190/34883 | Loss 2.3059 | LR 9.73e-04
2026-05-14 17:57:55,259  INFO  Epoch 1/1 | Step 9200/34883 | Loss 2.3868 | LR 9.73e-04
2026-05-14 17:58:00,258  INFO  Epoch 1/1 | Step 9210/34883 | Loss 2.2380 | LR 9.73e-04
2026-05-14 17:58:05,257  INFO  Epoch 1/1 | Step 9220/34883 | Loss 2.3810 | LR 9.73e-04
2026-05-14 17:58:10,254  INFO  Epoch 1/1 | Step 9230/34883 | Loss 2.2206 | LR 9.73e-04
2026-05-14 17:58:15,252  INFO  Epoch 1/1 | Step 9240/34883 | Loss 2.2504 | LR 9.73e-04
2026-05-14 17:58:20,252  INFO  Epoch 1/1 | Step 9250/34883 | Loss 2.5026 | LR 9.73e-04
2026-05-14 17:58:25,251  INFO  Epoch 1/1 | Step 9260/34883 | Loss 2.3842 | LR 9.73e-04
2026-05-14 17:58:30,249  INFO  Epoch 1/1 | Step 9270/34883 | Loss 2.0975 | LR 9.72e-04
2026-05-14 17:58:35,244  INFO  Epoch 1/1 | Step 9280/34883 | Loss 2.3695 | LR 9.72e-04
2026-05-14 17:58:40,247  INFO  Epoch 1/1 | Step 9290/34883 | Loss 2.3824 | LR 9.72e-04
2026-05-14 17:58:45,244  INFO  Epoch 1/1 | Step 9300/34883 | Loss 2.3000 | LR 9.72e-04
2026-05-14 17:58:50,242  INFO  Epoch 1/1 | Step 9310/34883 | Loss 2.3962 | LR 9.72e-04
2026-05-14 17:58:55,240  INFO  Epoch 1/1 | Step 9320/34883 | Loss 2.5449 | LR 9.72e-04
2026-05-14 17:59:00,240  INFO  Epoch 1/1 | Step 9330/34883 | Loss 2.3269 | LR 9.72e-04
2026-05-14 17:59:05,240  INFO  Epoch 1/1 | Step 9340/34883 | Loss 2.5422 | LR 9.72e-04
2026-05-14 17:59:10,234  INFO  Epoch 1/1 | Step 9350/34883 | Loss 2.3777 | LR 9.72e-04
2026-05-14 17:59:15,233  INFO  Epoch 1/1 | Step 9360/34883 | Loss 2.3807 | LR 9.72e-04
2026-05-14 17:59:20,234  INFO  Epoch 1/1 | Step 9370/34883 | Loss 2.3621 | LR 9.72e-04
2026-05-14 17:59:25,230  INFO  Epoch 1/1 | Step 9380/34883 | Loss 2.4552 | LR 9.72e-04
2026-05-14 17:59:30,231  INFO  Epoch 1/1 | Step 9390/34883 | Loss 2.3025 | LR 9.72e-04
2026-05-14 17:59:35,229  INFO  Epoch 1/1 | Step 9400/34883 | Loss 2.4438 | LR 9.72e-04
2026-05-14 17:59:40,226  INFO  Epoch 1/1 | Step 9410/34883 | Loss 2.4078 | LR 9.71e-04
2026-05-14 17:59:45,220  INFO  Epoch 1/1 | Step 9420/34883 | Loss 2.3097 | LR 9.71e-04
2026-05-14 17:59:50,218  INFO  Epoch 1/1 | Step 9430/34883 | Loss 2.2088 | LR 9.71e-04
2026-05-14 17:59:55,222  INFO  Epoch 1/1 | Step 9440/34883 | Loss 2.6018 | LR 9.71e-04
2026-05-14 18:00:00,221  INFO  Epoch 1/1 | Step 9450/34883 | Loss 2.4135 | LR 9.71e-04
2026-05-14 18:00:05,217  INFO  Epoch 1/1 | Step 9460/34883 | Loss 2.3365 | LR 9.71e-04
2026-05-14 18:00:10,218  INFO  Epoch 1/1 | Step 9470/34883 | Loss 2.4308 | LR 9.71e-04
2026-05-14 18:00:15,215  INFO  Epoch 1/1 | Step 9480/34883 | Loss 2.2115 | LR 9.71e-04
2026-05-14 18:00:20,216  INFO  Epoch 1/1 | Step 9490/34883 | Loss 2.2596 | LR 9.71e-04
2026-05-14 18:00:25,214  INFO  Epoch 1/1 | Step 9500/34883 | Loss 2.3532 | LR 9.71e-04
2026-05-14 18:00:30,211  INFO  Epoch 1/1 | Step 9510/34883 | Loss 2.1242 | LR 9.71e-04
2026-05-14 18:00:35,210  INFO  Epoch 1/1 | Step 9520/34883 | Loss 2.3754 | LR 9.71e-04
2026-05-14 18:00:40,210  INFO  Epoch 1/1 | Step 9530/34883 | Loss 2.3157 | LR 9.70e-04
2026-05-14 18:00:45,208  INFO  Epoch 1/1 | Step 9540/34883 | Loss 2.3884 | LR 9.70e-04
2026-05-14 18:00:50,207  INFO  Epoch 1/1 | Step 9550/34883 | Loss 2.3532 | LR 9.70e-04
2026-05-14 18:00:55,204  INFO  Epoch 1/1 | Step 9560/34883 | Loss 2.0670 | LR 9.70e-04
2026-05-14 18:01:00,206  INFO  Epoch 1/1 | Step 9570/34883 | Loss 2.2900 | LR 9.70e-04
2026-05-14 18:01:05,205  INFO  Epoch 1/1 | Step 9580/34883 | Loss 2.3797 | LR 9.70e-04
2026-05-14 18:01:10,201  INFO  Epoch 1/1 | Step 9590/34883 | Loss 2.1755 | LR 9.70e-04
2026-05-14 18:01:15,200  INFO  Epoch 1/1 | Step 9600/34883 | Loss 2.2412 | LR 9.70e-04
2026-05-14 18:01:20,198  INFO  Epoch 1/1 | Step 9610/34883 | Loss 2.2966 | LR 9.70e-04
2026-05-14 18:01:25,195  INFO  Epoch 1/1 | Step 9620/34883 | Loss 2.3095 | LR 9.70e-04
2026-05-14 18:01:30,194  INFO  Epoch 1/1 | Step 9630/34883 | Loss 2.3457 | LR 9.70e-04
2026-05-14 18:01:35,194  INFO  Epoch 1/1 | Step 9640/34883 | Loss 2.3607 | LR 9.70e-04
2026-05-14 18:01:40,192  INFO  Epoch 1/1 | Step 9650/34883 | Loss 2.2850 | LR 9.70e-04
2026-05-14 18:01:45,190  INFO  Epoch 1/1 | Step 9660/34883 | Loss 2.3816 | LR 9.69e-04
2026-05-14 18:01:50,186  INFO  Epoch 1/1 | Step 9670/34883 | Loss 2.2947 | LR 9.69e-04
2026-05-14 18:01:55,186  INFO  Epoch 1/1 | Step 9680/34883 | Loss 2.3387 | LR 9.69e-04
2026-05-14 18:02:00,184  INFO  Epoch 1/1 | Step 9690/34883 | Loss 2.3609 | LR 9.69e-04
2026-05-14 18:02:05,185  INFO  Epoch 1/1 | Step 9700/34883 | Loss 2.2740 | LR 9.69e-04
2026-05-14 18:02:10,181  INFO  Epoch 1/1 | Step 9710/34883 | Loss 2.3239 | LR 9.69e-04
2026-05-14 18:02:15,181  INFO  Epoch 1/1 | Step 9720/34883 | Loss 2.3705 | LR 9.69e-04
2026-05-14 18:02:20,178  INFO  Epoch 1/1 | Step 9730/34883 | Loss 2.3330 | LR 9.69e-04
2026-05-14 18:02:25,181  INFO  Epoch 1/1 | Step 9740/34883 | Loss 2.4098 | LR 9.69e-04
2026-05-14 18:02:30,173  INFO  Epoch 1/1 | Step 9750/34883 | Loss 2.4424 | LR 9.69e-04
2026-05-14 18:02:35,177  INFO  Epoch 1/1 | Step 9760/34883 | Loss 2.2113 | LR 9.69e-04
2026-05-14 18:02:40,173  INFO  Epoch 1/1 | Step 9770/34883 | Loss 2.3322 | LR 9.69e-04
2026-05-14 18:02:45,171  INFO  Epoch 1/1 | Step 9780/34883 | Loss 2.4423 | LR 9.68e-04
2026-05-14 18:02:50,173  INFO  Epoch 1/1 | Step 9790/34883 | Loss 2.4369 | LR 9.68e-04
2026-05-14 18:02:55,167  INFO  Epoch 1/1 | Step 9800/34883 | Loss 2.2018 | LR 9.68e-04
2026-05-14 18:03:00,166  INFO  Epoch 1/1 | Step 9810/34883 | Loss 2.2772 | LR 9.68e-04
2026-05-14 18:03:05,170  INFO  Epoch 1/1 | Step 9820/34883 | Loss 2.4011 | LR 9.68e-04
2026-05-14 18:03:10,161  INFO  Epoch 1/1 | Step 9830/34883 | Loss 2.4184 | LR 9.68e-04
2026-05-14 18:03:15,159  INFO  Epoch 1/1 | Step 9840/34883 | Loss 2.2480 | LR 9.68e-04
2026-05-14 18:03:20,162  INFO  Epoch 1/1 | Step 9850/34883 | Loss 2.3358 | LR 9.68e-04
2026-05-14 18:03:25,160  INFO  Epoch 1/1 | Step 9860/34883 | Loss 2.3283 | LR 9.68e-04
2026-05-14 18:03:30,156  INFO  Epoch 1/1 | Step 9870/34883 | Loss 2.3566 | LR 9.68e-04
2026-05-14 18:03:35,155  INFO  Epoch 1/1 | Step 9880/34883 | Loss 2.4025 | LR 9.68e-04
2026-05-14 18:03:40,154  INFO  Epoch 1/1 | Step 9890/34883 | Loss 2.4164 | LR 9.68e-04
2026-05-14 18:03:45,152  INFO  Epoch 1/1 | Step 9900/34883 | Loss 2.1842 | LR 9.68e-04
2026-05-14 18:03:50,146  INFO  Epoch 1/1 | Step 9910/34883 | Loss 2.2848 | LR 9.67e-04
2026-05-14 18:03:55,148  INFO  Epoch 1/1 | Step 9920/34883 | Loss 2.3537 | LR 9.67e-04
2026-05-14 18:04:00,146  INFO  Epoch 1/1 | Step 9930/34883 | Loss 2.3635 | LR 9.67e-04
2026-05-14 18:04:05,145  INFO  Epoch 1/1 | Step 9940/34883 | Loss 2.3157 | LR 9.67e-04
2026-05-14 18:04:10,142  INFO  Epoch 1/1 | Step 9950/34883 | Loss 2.4415 | LR 9.67e-04
2026-05-14 18:04:15,143  INFO  Epoch 1/1 | Step 9960/34883 | Loss 2.2047 | LR 9.67e-04
2026-05-14 18:04:20,139  INFO  Epoch 1/1 | Step 9970/34883 | Loss 2.3160 | LR 9.67e-04
2026-05-14 18:04:25,138  INFO  Epoch 1/1 | Step 9980/34883 | Loss 2.3901 | LR 9.67e-04
2026-05-14 18:04:30,138  INFO  Epoch 1/1 | Step 9990/34883 | Loss 2.4155 | LR 9.67e-04
2026-05-14 18:04:35,136  INFO  Epoch 1/1 | Step 10000/34883 | Loss 2.2395 | LR 9.67e-04
2026-05-14 18:04:40,134  INFO  Epoch 1/1 | Step 10010/34883 | Loss 2.4795 | LR 9.67e-04
2026-05-14 18:04:45,134  INFO  Epoch 1/1 | Step 10020/34883 | Loss 2.3632 | LR 9.67e-04
2026-05-14 18:04:50,134  INFO  Epoch 1/1 | Step 10030/34883 | Loss 2.3232 | LR 9.66e-04
2026-05-14 18:04:55,128  INFO  Epoch 1/1 | Step 10040/34883 | Loss 2.4245 | LR 9.66e-04
2026-05-14 18:05:00,126  INFO  Epoch 1/1 | Step 10050/34883 | Loss 2.1381 | LR 9.66e-04
2026-05-14 18:05:05,127  INFO  Epoch 1/1 | Step 10060/34883 | Loss 2.3368 | LR 9.66e-04
2026-05-14 18:05:10,126  INFO  Epoch 1/1 | Step 10070/34883 | Loss 2.1958 | LR 9.66e-04
2026-05-14 18:05:15,123  INFO  Epoch 1/1 | Step 10080/34883 | Loss 2.2701 | LR 9.66e-04
2026-05-14 18:05:20,122  INFO  Epoch 1/1 | Step 10090/34883 | Loss 2.2645 | LR 9.66e-04
2026-05-14 18:05:25,121  INFO  Epoch 1/1 | Step 10100/34883 | Loss 2.4710 | LR 9.66e-04
2026-05-14 18:05:30,119  INFO  Epoch 1/1 | Step 10110/34883 | Loss 2.4966 | LR 9.66e-04
2026-05-14 18:05:35,117  INFO  Epoch 1/1 | Step 10120/34883 | Loss 2.2342 | LR 9.66e-04
2026-05-14 18:05:40,115  INFO  Epoch 1/1 | Step 10130/34883 | Loss 2.3064 | LR 9.66e-04
2026-05-14 18:05:45,114  INFO  Epoch 1/1 | Step 10140/34883 | Loss 2.2620 | LR 9.66e-04
2026-05-14 18:05:50,113  INFO  Epoch 1/1 | Step 10150/34883 | Loss 2.2515 | LR 9.65e-04
2026-05-14 18:05:55,110  INFO  Epoch 1/1 | Step 10160/34883 | Loss 2.2160 | LR 9.65e-04
2026-05-14 18:06:00,109  INFO  Epoch 1/1 | Step 10170/34883 | Loss 2.3228 | LR 9.65e-04
2026-05-14 18:06:05,109  INFO  Epoch 1/1 | Step 10180/34883 | Loss 2.5227 | LR 9.65e-04
2026-05-14 18:06:10,109  INFO  Epoch 1/1 | Step 10190/34883 | Loss 2.3756 | LR 9.65e-04
2026-05-14 18:06:15,105  INFO  Epoch 1/1 | Step 10200/34883 | Loss 2.2761 | LR 9.65e-04
2026-05-14 18:06:20,103  INFO  Epoch 1/1 | Step 10210/34883 | Loss 2.3390 | LR 9.65e-04
2026-05-14 18:06:25,101  INFO  Epoch 1/1 | Step 10220/34883 | Loss 2.2325 | LR 9.65e-04
2026-05-14 18:06:30,097  INFO  Epoch 1/1 | Step 10230/34883 | Loss 2.2086 | LR 9.65e-04
2026-05-14 18:06:35,098  INFO  Epoch 1/1 | Step 10240/34883 | Loss 2.1787 | LR 9.65e-04
2026-05-14 18:06:40,097  INFO  Epoch 1/1 | Step 10250/34883 | Loss 2.2453 | LR 9.65e-04
2026-05-14 18:06:45,096  INFO  Epoch 1/1 | Step 10260/34883 | Loss 2.2047 | LR 9.64e-04
2026-05-14 18:06:50,094  INFO  Epoch 1/1 | Step 10270/34883 | Loss 2.3401 | LR 9.64e-04
2026-05-14 18:06:55,094  INFO  Epoch 1/1 | Step 10280/34883 | Loss 2.3784 | LR 9.64e-04
2026-05-14 18:07:00,092  INFO  Epoch 1/1 | Step 10290/34883 | Loss 2.3194 | LR 9.64e-04
2026-05-14 18:07:05,091  INFO  Epoch 1/1 | Step 10300/34883 | Loss 2.2165 | LR 9.64e-04
2026-05-14 18:07:10,088  INFO  Epoch 1/1 | Step 10310/34883 | Loss 2.4453 | LR 9.64e-04
2026-05-14 18:07:15,086  INFO  Epoch 1/1 | Step 10320/34883 | Loss 2.4011 | LR 9.64e-04
2026-05-14 18:07:20,086  INFO  Epoch 1/1 | Step 10330/34883 | Loss 2.3494 | LR 9.64e-04
2026-05-14 18:07:25,083  INFO  Epoch 1/1 | Step 10340/34883 | Loss 2.3845 | LR 9.64e-04
2026-05-14 18:07:30,084  INFO  Epoch 1/1 | Step 10350/34883 | Loss 2.3264 | LR 9.64e-04
2026-05-14 18:07:35,082  INFO  Epoch 1/1 | Step 10360/34883 | Loss 2.2972 | LR 9.64e-04
2026-05-14 18:07:40,081  INFO  Epoch 1/1 | Step 10370/34883 | Loss 2.1658 | LR 9.64e-04
2026-05-14 18:07:45,077  INFO  Epoch 1/1 | Step 10380/34883 | Loss 2.3292 | LR 9.63e-04
2026-05-14 18:07:50,075  INFO  Epoch 1/1 | Step 10390/34883 | Loss 2.3565 | LR 9.63e-04
2026-05-14 18:07:55,072  INFO  Epoch 1/1 | Step 10400/34883 | Loss 2.2386 | LR 9.63e-04
2026-05-14 18:08:00,072  INFO  Epoch 1/1 | Step 10410/34883 | Loss 2.3501 | LR 9.63e-04
2026-05-14 18:08:05,071  INFO  Epoch 1/1 | Step 10420/34883 | Loss 2.3536 | LR 9.63e-04
2026-05-14 18:08:10,070  INFO  Epoch 1/1 | Step 10430/34883 | Loss 2.3388 | LR 9.63e-04
2026-05-14 18:08:15,068  INFO  Epoch 1/1 | Step 10440/34883 | Loss 2.5488 | LR 9.63e-04
2026-05-14 18:08:20,067  INFO  Epoch 1/1 | Step 10450/34883 | Loss 2.4725 | LR 9.63e-04
2026-05-14 18:08:25,062  INFO  Epoch 1/1 | Step 10460/34883 | Loss 2.2966 | LR 9.63e-04
2026-05-14 18:08:30,063  INFO  Epoch 1/1 | Step 10470/34883 | Loss 2.2288 | LR 9.63e-04
2026-05-14 18:08:35,063  INFO  Epoch 1/1 | Step 10480/34883 | Loss 2.1060 | LR 9.63e-04
2026-05-14 18:08:40,060  INFO  Epoch 1/1 | Step 10490/34883 | Loss 2.0908 | LR 9.62e-04
2026-05-14 18:08:45,058  INFO  Epoch 1/1 | Step 10500/34883 | Loss 2.3679 | LR 9.62e-04
2026-05-14 18:08:50,053  INFO  Epoch 1/1 | Step 10510/34883 | Loss 2.2975 | LR 9.62e-04
2026-05-14 18:08:55,055  INFO  Epoch 1/1 | Step 10520/34883 | Loss 2.2945 | LR 9.62e-04
2026-05-14 18:09:00,054  INFO  Epoch 1/1 | Step 10530/34883 | Loss 2.3468 | LR 9.62e-04
2026-05-14 18:09:05,047  INFO  Epoch 1/1 | Step 10540/34883 | Loss 2.3617 | LR 9.62e-04
2026-05-14 18:09:10,050  INFO  Epoch 1/1 | Step 10550/34883 | Loss 2.2969 | LR 9.62e-04
2026-05-14 18:09:15,051  INFO  Epoch 1/1 | Step 10560/34883 | Loss 2.3082 | LR 9.62e-04
2026-05-14 18:09:20,048  INFO  Epoch 1/1 | Step 10570/34883 | Loss 2.3130 | LR 9.62e-04
2026-05-14 18:09:25,046  INFO  Epoch 1/1 | Step 10580/34883 | Loss 2.2798 | LR 9.62e-04
2026-05-14 18:09:30,044  INFO  Epoch 1/1 | Step 10590/34883 | Loss 2.2150 | LR 9.62e-04
2026-05-14 18:09:35,039  INFO  Epoch 1/1 | Step 10600/34883 | Loss 2.4191 | LR 9.62e-04
2026-05-14 18:09:40,038  INFO  Epoch 1/1 | Step 10610/34883 | Loss 2.3589 | LR 9.61e-04
2026-05-14 18:09:45,037  INFO  Epoch 1/1 | Step 10620/34883 | Loss 2.1003 | LR 9.61e-04
2026-05-14 18:09:50,036  INFO  Epoch 1/1 | Step 10630/34883 | Loss 2.4252 | LR 9.61e-04
2026-05-14 18:09:55,037  INFO  Epoch 1/1 | Step 10640/34883 | Loss 2.4595 | LR 9.61e-04
2026-05-14 18:10:00,034  INFO  Epoch 1/1 | Step 10650/34883 | Loss 2.2846 | LR 9.61e-04
2026-05-14 18:10:05,034  INFO  Epoch 1/1 | Step 10660/34883 | Loss 2.2940 | LR 9.61e-04
2026-05-14 18:10:10,031  INFO  Epoch 1/1 | Step 10670/34883 | Loss 2.5790 | LR 9.61e-04
2026-05-14 18:10:15,030  INFO  Epoch 1/1 | Step 10680/34883 | Loss 2.2290 | LR 9.61e-04
2026-05-14 18:10:20,029  INFO  Epoch 1/1 | Step 10690/34883 | Loss 2.2232 | LR 9.61e-04
2026-05-14 18:10:25,029  INFO  Epoch 1/1 | Step 10700/34883 | Loss 2.2399 | LR 9.61e-04
2026-05-14 18:10:30,027  INFO  Epoch 1/1 | Step 10710/34883 | Loss 2.2123 | LR 9.61e-04
2026-05-14 18:10:35,026  INFO  Epoch 1/1 | Step 10720/34883 | Loss 2.4101 | LR 9.60e-04
2026-05-14 18:10:40,025  INFO  Epoch 1/1 | Step 10730/34883 | Loss 2.3122 | LR 9.60e-04
2026-05-14 18:10:45,023  INFO  Epoch 1/1 | Step 10740/34883 | Loss 2.2001 | LR 9.60e-04
2026-05-14 18:10:50,021  INFO  Epoch 1/1 | Step 10750/34883 | Loss 2.3091 | LR 9.60e-04
2026-05-14 18:10:55,020  INFO  Epoch 1/1 | Step 10760/34883 | Loss 2.2875 | LR 9.60e-04
2026-05-14 18:11:00,021  INFO  Epoch 1/1 | Step 10770/34883 | Loss 2.3697 | LR 9.60e-04
2026-05-14 18:11:05,017  INFO  Epoch 1/1 | Step 10780/34883 | Loss 2.3454 | LR 9.60e-04
2026-05-14 18:11:10,014  INFO  Epoch 1/1 | Step 10790/34883 | Loss 2.3635 | LR 9.60e-04
2026-05-14 18:11:15,011  INFO  Epoch 1/1 | Step 10800/34883 | Loss 2.3522 | LR 9.60e-04
2026-05-14 18:11:20,013  INFO  Epoch 1/1 | Step 10810/34883 | Loss 2.1992 | LR 9.60e-04
2026-05-14 18:11:25,011  INFO  Epoch 1/1 | Step 10820/34883 | Loss 2.1184 | LR 9.60e-04
2026-05-14 18:11:30,009  INFO  Epoch 1/1 | Step 10830/34883 | Loss 2.3171 | LR 9.59e-04
2026-05-14 18:11:35,004  INFO  Epoch 1/1 | Step 10840/34883 | Loss 2.2753 | LR 9.59e-04
2026-05-14 18:11:40,006  INFO  Epoch 1/1 | Step 10850/34883 | Loss 2.2980 | LR 9.59e-04
2026-05-14 18:11:45,002  INFO  Epoch 1/1 | Step 10860/34883 | Loss 2.3860 | LR 9.59e-04
2026-05-14 18:11:50,003  INFO  Epoch 1/1 | Step 10870/34883 | Loss 2.3991 | LR 9.59e-04
2026-05-14 18:11:55,000  INFO  Epoch 1/1 | Step 10880/34883 | Loss 2.4281 | LR 9.59e-04
2026-05-14 18:11:59,998  INFO  Epoch 1/1 | Step 10890/34883 | Loss 2.1829 | LR 9.59e-04
2026-05-14 18:12:04,998  INFO  Epoch 1/1 | Step 10900/34883 | Loss 2.2519 | LR 9.59e-04
2026-05-14 18:12:09,996  INFO  Epoch 1/1 | Step 10910/34883 | Loss 2.4183 | LR 9.59e-04
2026-05-14 18:12:14,995  INFO  Epoch 1/1 | Step 10920/34883 | Loss 2.2820 | LR 9.59e-04
2026-05-14 18:12:19,992  INFO  Epoch 1/1 | Step 10930/34883 | Loss 2.3725 | LR 9.59e-04
2026-05-14 18:12:24,990  INFO  Epoch 1/1 | Step 10940/34883 | Loss 2.3161 | LR 9.58e-04
2026-05-14 18:12:29,989  INFO  Epoch 1/1 | Step 10950/34883 | Loss 2.3997 | LR 9.58e-04
2026-05-14 18:12:34,987  INFO  Epoch 1/1 | Step 10960/34883 | Loss 2.1991 | LR 9.58e-04
2026-05-14 18:12:39,987  INFO  Epoch 1/1 | Step 10970/34883 | Loss 2.2922 | LR 9.58e-04
2026-05-14 18:12:44,986  INFO  Epoch 1/1 | Step 10980/34883 | Loss 2.3985 | LR 9.58e-04
2026-05-14 18:12:49,982  INFO  Epoch 1/1 | Step 10990/34883 | Loss 2.3899 | LR 9.58e-04
2026-05-14 18:12:54,981  INFO  Epoch 1/1 | Step 11000/34883 | Loss 2.4251 | LR 9.58e-04
2026-05-14 18:12:59,980  INFO  Epoch 1/1 | Step 11010/34883 | Loss 2.5006 | LR 9.58e-04
2026-05-14 18:13:04,978  INFO  Epoch 1/1 | Step 11020/34883 | Loss 2.1999 | LR 9.58e-04
2026-05-14 18:13:09,977  INFO  Epoch 1/1 | Step 11030/34883 | Loss 2.1844 | LR 9.58e-04
2026-05-14 18:13:14,974  INFO  Epoch 1/1 | Step 11040/34883 | Loss 2.2638 | LR 9.57e-04
2026-05-14 18:13:19,974  INFO  Epoch 1/1 | Step 11050/34883 | Loss 2.3309 | LR 9.57e-04
2026-05-14 18:13:24,974  INFO  Epoch 1/1 | Step 11060/34883 | Loss 2.1404 | LR 9.57e-04
2026-05-14 18:13:29,972  INFO  Epoch 1/1 | Step 11070/34883 | Loss 2.5106 | LR 9.57e-04
2026-05-14 18:13:34,972  INFO  Epoch 1/1 | Step 11080/34883 | Loss 2.3213 | LR 9.57e-04
2026-05-14 18:13:39,969  INFO  Epoch 1/1 | Step 11090/34883 | Loss 2.2696 | LR 9.57e-04
2026-05-14 18:13:44,966  INFO  Epoch 1/1 | Step 11100/34883 | Loss 2.3173 | LR 9.57e-04
2026-05-14 18:13:49,966  INFO  Epoch 1/1 | Step 11110/34883 | Loss 2.3127 | LR 9.57e-04
2026-05-14 18:13:54,964  INFO  Epoch 1/1 | Step 11120/34883 | Loss 2.2955 | LR 9.57e-04
2026-05-14 18:13:59,962  INFO  Epoch 1/1 | Step 11130/34883 | Loss 2.4291 | LR 9.57e-04
2026-05-14 18:14:04,960  INFO  Epoch 1/1 | Step 11140/34883 | Loss 2.4751 | LR 9.57e-04
2026-05-14 18:14:09,958  INFO  Epoch 1/1 | Step 11150/34883 | Loss 2.3977 | LR 9.56e-04
2026-05-14 18:14:14,959  INFO  Epoch 1/1 | Step 11160/34883 | Loss 2.4619 | LR 9.56e-04
2026-05-14 18:14:19,957  INFO  Epoch 1/1 | Step 11170/34883 | Loss 2.2921 | LR 9.56e-04
2026-05-14 18:14:24,955  INFO  Epoch 1/1 | Step 11180/34883 | Loss 2.2704 | LR 9.56e-04
2026-05-14 18:14:29,952  INFO  Epoch 1/1 | Step 11190/34883 | Loss 2.2055 | LR 9.56e-04
2026-05-14 18:14:34,950  INFO  Epoch 1/1 | Step 11200/34883 | Loss 2.3944 | LR 9.56e-04
2026-05-14 18:14:39,951  INFO  Epoch 1/1 | Step 11210/34883 | Loss 2.1284 | LR 9.56e-04
2026-05-14 18:14:44,945  INFO  Epoch 1/1 | Step 11220/34883 | Loss 2.3713 | LR 9.56e-04
2026-05-14 18:14:49,947  INFO  Epoch 1/1 | Step 11230/34883 | Loss 2.2772 | LR 9.56e-04
2026-05-14 18:14:54,948  INFO  Epoch 1/1 | Step 11240/34883 | Loss 2.3028 | LR 9.56e-04
2026-05-14 18:14:59,943  INFO  Epoch 1/1 | Step 11250/34883 | Loss 2.4104 | LR 9.55e-04
2026-05-14 18:15:04,943  INFO  Epoch 1/1 | Step 11260/34883 | Loss 2.2317 | LR 9.55e-04
2026-05-14 18:15:09,939  INFO  Epoch 1/1 | Step 11270/34883 | Loss 2.4789 | LR 9.55e-04
2026-05-14 18:15:14,937  INFO  Epoch 1/1 | Step 11280/34883 | Loss 2.1489 | LR 9.55e-04
2026-05-14 18:15:19,936  INFO  Epoch 1/1 | Step 11290/34883 | Loss 2.4298 | LR 9.55e-04
2026-05-14 18:15:24,934  INFO  Epoch 1/1 | Step 11300/34883 | Loss 2.3871 | LR 9.55e-04
2026-05-14 18:15:29,935  INFO  Epoch 1/1 | Step 11310/34883 | Loss 2.3162 | LR 9.55e-04
2026-05-14 18:15:34,932  INFO  Epoch 1/1 | Step 11320/34883 | Loss 2.3264 | LR 9.55e-04
2026-05-14 18:15:39,931  INFO  Epoch 1/1 | Step 11330/34883 | Loss 2.3449 | LR 9.55e-04
2026-05-14 18:15:44,928  INFO  Epoch 1/1 | Step 11340/34883 | Loss 2.2932 | LR 9.55e-04
2026-05-14 18:15:49,929  INFO  Epoch 1/1 | Step 11350/34883 | Loss 2.4435 | LR 9.55e-04
2026-05-14 18:15:54,924  INFO  Epoch 1/1 | Step 11360/34883 | Loss 2.1817 | LR 9.54e-04
2026-05-14 18:15:59,924  INFO  Epoch 1/1 | Step 11370/34883 | Loss 2.2960 | LR 9.54e-04
2026-05-14 18:16:04,924  INFO  Epoch 1/1 | Step 11380/34883 | Loss 2.3180 | LR 9.54e-04
2026-05-14 18:16:09,921  INFO  Epoch 1/1 | Step 11390/34883 | Loss 2.2981 | LR 9.54e-04
2026-05-14 18:16:14,920  INFO  Epoch 1/1 | Step 11400/34883 | Loss 2.3047 | LR 9.54e-04
2026-05-14 18:16:19,920  INFO  Epoch 1/1 | Step 11410/34883 | Loss 2.2817 | LR 9.54e-04
2026-05-14 18:16:24,920  INFO  Epoch 1/1 | Step 11420/34883 | Loss 2.3183 | LR 9.54e-04
2026-05-14 18:16:29,915  INFO  Epoch 1/1 | Step 11430/34883 | Loss 2.3004 | LR 9.54e-04
2026-05-14 18:16:34,915  INFO  Epoch 1/1 | Step 11440/34883 | Loss 2.2371 | LR 9.54e-04
2026-05-14 18:16:39,910  INFO  Epoch 1/1 | Step 11450/34883 | Loss 2.3847 | LR 9.54e-04
2026-05-14 18:16:44,910  INFO  Epoch 1/1 | Step 11460/34883 | Loss 2.3340 | LR 9.53e-04
2026-05-14 18:16:49,909  INFO  Epoch 1/1 | Step 11470/34883 | Loss 2.3315 | LR 9.53e-04
2026-05-14 18:16:54,908  INFO  Epoch 1/1 | Step 11480/34883 | Loss 2.2860 | LR 9.53e-04
2026-05-14 18:16:59,905  INFO  Epoch 1/1 | Step 11490/34883 | Loss 2.4048 | LR 9.53e-04
2026-05-14 18:17:04,903  INFO  Epoch 1/1 | Step 11500/34883 | Loss 2.2680 | LR 9.53e-04
2026-05-14 18:17:09,903  INFO  Epoch 1/1 | Step 11510/34883 | Loss 2.2808 | LR 9.53e-04
2026-05-14 18:17:14,900  INFO  Epoch 1/1 | Step 11520/34883 | Loss 2.2892 | LR 9.53e-04
2026-05-14 18:17:19,901  INFO  Epoch 1/1 | Step 11530/34883 | Loss 2.1399 | LR 9.53e-04
2026-05-14 18:17:24,898  INFO  Epoch 1/1 | Step 11540/34883 | Loss 2.2898 | LR 9.53e-04
2026-05-14 18:17:29,894  INFO  Epoch 1/1 | Step 11550/34883 | Loss 2.1957 | LR 9.53e-04
2026-05-14 18:17:34,895  INFO  Epoch 1/1 | Step 11560/34883 | Loss 2.2028 | LR 9.52e-04
2026-05-14 18:17:39,891  INFO  Epoch 1/1 | Step 11570/34883 | Loss 2.1968 | LR 9.52e-04
2026-05-14 18:17:44,891  INFO  Epoch 1/1 | Step 11580/34883 | Loss 2.1278 | LR 9.52e-04
2026-05-14 18:17:49,889  INFO  Epoch 1/1 | Step 11590/34883 | Loss 2.3812 | LR 9.52e-04
2026-05-14 18:17:54,890  INFO  Epoch 1/1 | Step 11600/34883 | Loss 2.1857 | LR 9.52e-04
2026-05-14 18:17:59,888  INFO  Epoch 1/1 | Step 11610/34883 | Loss 2.1866 | LR 9.52e-04
2026-05-14 18:18:04,886  INFO  Epoch 1/1 | Step 11620/34883 | Loss 2.2858 | LR 9.52e-04
2026-05-14 18:18:09,883  INFO  Epoch 1/1 | Step 11630/34883 | Loss 2.2212 | LR 9.52e-04
2026-05-14 18:18:14,883  INFO  Epoch 1/1 | Step 11640/34883 | Loss 2.2176 | LR 9.52e-04
2026-05-14 18:18:19,880  INFO  Epoch 1/1 | Step 11650/34883 | Loss 2.4482 | LR 9.52e-04
2026-05-14 18:18:24,879  INFO  Epoch 1/1 | Step 11660/34883 | Loss 2.4266 | LR 9.51e-04
2026-05-14 18:18:29,877  INFO  Epoch 1/1 | Step 11670/34883 | Loss 2.3068 | LR 9.51e-04
2026-05-14 18:18:34,875  INFO  Epoch 1/1 | Step 11680/34883 | Loss 2.3343 | LR 9.51e-04
2026-05-14 18:18:39,873  INFO  Epoch 1/1 | Step 11690/34883 | Loss 2.4823 | LR 9.51e-04
2026-05-14 18:18:44,871  INFO  Epoch 1/1 | Step 11700/34883 | Loss 2.3758 | LR 9.51e-04
2026-05-14 18:18:49,871  INFO  Epoch 1/1 | Step 11710/34883 | Loss 2.2683 | LR 9.51e-04
2026-05-14 18:18:54,868  INFO  Epoch 1/1 | Step 11720/34883 | Loss 2.5458 | LR 9.51e-04
2026-05-14 18:18:59,868  INFO  Epoch 1/1 | Step 11730/34883 | Loss 2.3396 | LR 9.51e-04
2026-05-14 18:19:04,867  INFO  Epoch 1/1 | Step 11740/34883 | Loss 2.4078 | LR 9.51e-04
2026-05-14 18:19:09,863  INFO  Epoch 1/1 | Step 11750/34883 | Loss 2.3992 | LR 9.51e-04
2026-05-14 18:19:14,865  INFO  Epoch 1/1 | Step 11760/34883 | Loss 2.3988 | LR 9.50e-04
2026-05-14 18:19:19,863  INFO  Epoch 1/1 | Step 11770/34883 | Loss 2.3412 | LR 9.50e-04
2026-05-14 18:19:24,862  INFO  Epoch 1/1 | Step 11780/34883 | Loss 2.2627 | LR 9.50e-04
2026-05-14 18:19:29,861  INFO  Epoch 1/1 | Step 11790/34883 | Loss 2.2994 | LR 9.50e-04
2026-05-14 18:19:34,862  INFO  Epoch 1/1 | Step 11800/34883 | Loss 2.2086 | LR 9.50e-04
2026-05-14 18:19:39,855  INFO  Epoch 1/1 | Step 11810/34883 | Loss 2.3379 | LR 9.50e-04
2026-05-14 18:19:44,855  INFO  Epoch 1/1 | Step 11820/34883 | Loss 2.2645 | LR 9.50e-04
2026-05-14 18:19:49,853  INFO  Epoch 1/1 | Step 11830/34883 | Loss 2.3650 | LR 9.50e-04
2026-05-14 18:19:54,851  INFO  Epoch 1/1 | Step 11840/34883 | Loss 2.3287 | LR 9.50e-04
2026-05-14 18:19:59,851  INFO  Epoch 1/1 | Step 11850/34883 | Loss 2.2184 | LR 9.50e-04
2026-05-14 18:20:04,850  INFO  Epoch 1/1 | Step 11860/34883 | Loss 2.3556 | LR 9.49e-04
2026-05-14 18:20:09,846  INFO  Epoch 1/1 | Step 11870/34883 | Loss 2.1499 | LR 9.49e-04
2026-05-14 18:20:14,844  INFO  Epoch 1/1 | Step 11880/34883 | Loss 2.2280 | LR 9.49e-04
2026-05-14 18:20:19,845  INFO  Epoch 1/1 | Step 11890/34883 | Loss 2.3555 | LR 9.49e-04
2026-05-14 18:20:24,842  INFO  Epoch 1/1 | Step 11900/34883 | Loss 2.4303 | LR 9.49e-04
2026-05-14 18:20:29,840  INFO  Epoch 1/1 | Step 11910/34883 | Loss 2.3724 | LR 9.49e-04
2026-05-14 18:20:34,840  INFO  Epoch 1/1 | Step 11920/34883 | Loss 2.2544 | LR 9.49e-04
2026-05-14 18:20:39,834  INFO  Epoch 1/1 | Step 11930/34883 | Loss 2.2112 | LR 9.49e-04
2026-05-14 18:20:44,835  INFO  Epoch 1/1 | Step 11940/34883 | Loss 2.3762 | LR 9.49e-04
2026-05-14 18:20:49,835  INFO  Epoch 1/1 | Step 11950/34883 | Loss 2.3627 | LR 9.49e-04
2026-05-14 18:20:54,831  INFO  Epoch 1/1 | Step 11960/34883 | Loss 2.2658 | LR 9.48e-04
2026-05-14 18:20:59,829  INFO  Epoch 1/1 | Step 11970/34883 | Loss 2.3360 | LR 9.48e-04
2026-05-14 18:21:04,827  INFO  Epoch 1/1 | Step 11980/34883 | Loss 2.2511 | LR 9.48e-04
2026-05-14 18:21:09,828  INFO  Epoch 1/1 | Step 11990/34883 | Loss 2.2202 | LR 9.48e-04
2026-05-14 18:21:14,827  INFO  Epoch 1/1 | Step 12000/34883 | Loss 2.3363 | LR 9.48e-04
2026-05-14 18:21:19,826  INFO  Epoch 1/1 | Step 12010/34883 | Loss 2.2486 | LR 9.48e-04
2026-05-14 18:21:24,822  INFO  Epoch 1/1 | Step 12020/34883 | Loss 2.3556 | LR 9.48e-04
2026-05-14 18:21:29,821  INFO  Epoch 1/1 | Step 12030/34883 | Loss 2.2942 | LR 9.48e-04
2026-05-14 18:21:34,818  INFO  Epoch 1/1 | Step 12040/34883 | Loss 2.4844 | LR 9.48e-04
2026-05-14 18:21:39,818  INFO  Epoch 1/1 | Step 12050/34883 | Loss 2.1484 | LR 9.48e-04
2026-05-14 18:21:44,815  INFO  Epoch 1/1 | Step 12060/34883 | Loss 2.0770 | LR 9.47e-04
2026-05-14 18:21:49,812  INFO  Epoch 1/1 | Step 12070/34883 | Loss 2.0576 | LR 9.47e-04
2026-05-14 18:21:54,814  INFO  Epoch 1/1 | Step 12080/34883 | Loss 2.2974 | LR 9.47e-04
2026-05-14 18:21:59,812  INFO  Epoch 1/1 | Step 12090/34883 | Loss 2.2834 | LR 9.47e-04
2026-05-14 18:22:04,815  INFO  Epoch 1/1 | Step 12100/34883 | Loss 2.4354 | LR 9.47e-04
2026-05-14 18:22:09,809  INFO  Epoch 1/1 | Step 12110/34883 | Loss 2.2263 | LR 9.47e-04
2026-05-14 18:22:14,808  INFO  Epoch 1/1 | Step 12120/34883 | Loss 2.1908 | LR 9.47e-04
2026-05-14 18:22:19,807  INFO  Epoch 1/1 | Step 12130/34883 | Loss 2.2496 | LR 9.47e-04
2026-05-14 18:22:24,805  INFO  Epoch 1/1 | Step 12140/34883 | Loss 2.3018 | LR 9.47e-04
2026-05-14 18:22:29,802  INFO  Epoch 1/1 | Step 12150/34883 | Loss 2.2748 | LR 9.46e-04
2026-05-14 18:22:34,801  INFO  Epoch 1/1 | Step 12160/34883 | Loss 2.3153 | LR 9.46e-04
2026-05-14 18:22:39,800  INFO  Epoch 1/1 | Step 12170/34883 | Loss 2.4774 | LR 9.46e-04
2026-05-14 18:22:44,796  INFO  Epoch 1/1 | Step 12180/34883 | Loss 2.3047 | LR 9.46e-04
2026-05-14 18:22:49,798  INFO  Epoch 1/1 | Step 12190/34883 | Loss 2.3130 | LR 9.46e-04
2026-05-14 18:22:54,795  INFO  Epoch 1/1 | Step 12200/34883 | Loss 2.2814 | LR 9.46e-04
2026-05-14 18:22:59,794  INFO  Epoch 1/1 | Step 12210/34883 | Loss 2.1603 | LR 9.46e-04
2026-05-14 18:23:04,792  INFO  Epoch 1/1 | Step 12220/34883 | Loss 2.2307 | LR 9.46e-04
2026-05-14 18:23:09,788  INFO  Epoch 1/1 | Step 12230/34883 | Loss 2.2517 | LR 9.46e-04
2026-05-14 18:23:14,789  INFO  Epoch 1/1 | Step 12240/34883 | Loss 2.1450 | LR 9.46e-04
2026-05-14 18:23:19,788  INFO  Epoch 1/1 | Step 12250/34883 | Loss 2.4272 | LR 9.45e-04
2026-05-14 18:23:24,786  INFO  Epoch 1/1 | Step 12260/34883 | Loss 2.4110 | LR 9.45e-04
2026-05-14 18:23:29,786  INFO  Epoch 1/1 | Step 12270/34883 | Loss 2.2638 | LR 9.45e-04
2026-05-14 18:23:34,782  INFO  Epoch 1/1 | Step 12280/34883 | Loss 2.2335 | LR 9.45e-04
2026-05-14 18:23:39,782  INFO  Epoch 1/1 | Step 12290/34883 | Loss 2.1557 | LR 9.45e-04
2026-05-14 18:23:44,781  INFO  Epoch 1/1 | Step 12300/34883 | Loss 2.2926 | LR 9.45e-04
2026-05-14 18:23:49,779  INFO  Epoch 1/1 | Step 12310/34883 | Loss 2.2961 | LR 9.45e-04
2026-05-14 18:23:54,777  INFO  Epoch 1/1 | Step 12320/34883 | Loss 2.2205 | LR 9.45e-04
2026-05-14 18:23:59,773  INFO  Epoch 1/1 | Step 12330/34883 | Loss 2.3660 | LR 9.45e-04
2026-05-14 18:24:04,774  INFO  Epoch 1/1 | Step 12340/34883 | Loss 2.2687 | LR 9.44e-04
2026-05-14 18:24:09,773  INFO  Epoch 1/1 | Step 12350/34883 | Loss 2.2257 | LR 9.44e-04
2026-05-14 18:24:14,768  INFO  Epoch 1/1 | Step 12360/34883 | Loss 2.3903 | LR 9.44e-04
2026-05-14 18:24:19,767  INFO  Epoch 1/1 | Step 12370/34883 | Loss 2.2868 | LR 9.44e-04
2026-05-14 18:24:24,767  INFO  Epoch 1/1 | Step 12380/34883 | Loss 2.3071 | LR 9.44e-04
2026-05-14 18:24:29,765  INFO  Epoch 1/1 | Step 12390/34883 | Loss 2.2415 | LR 9.44e-04
2026-05-14 18:24:34,763  INFO  Epoch 1/1 | Step 12400/34883 | Loss 2.1359 | LR 9.44e-04
2026-05-14 18:24:39,763  INFO  Epoch 1/1 | Step 12410/34883 | Loss 2.3351 | LR 9.44e-04
2026-05-14 18:24:44,760  INFO  Epoch 1/1 | Step 12420/34883 | Loss 2.3206 | LR 9.44e-04
2026-05-14 18:24:49,761  INFO  Epoch 1/1 | Step 12430/34883 | Loss 2.2444 | LR 9.44e-04
2026-05-14 18:24:54,760  INFO  Epoch 1/1 | Step 12440/34883 | Loss 2.2342 | LR 9.43e-04
2026-05-14 18:24:59,756  INFO  Epoch 1/1 | Step 12450/34883 | Loss 2.3239 | LR 9.43e-04
2026-05-14 18:25:04,755  INFO  Epoch 1/1 | Step 12460/34883 | Loss 2.1954 | LR 9.43e-04
2026-05-14 18:25:09,753  INFO  Epoch 1/1 | Step 12470/34883 | Loss 2.3514 | LR 9.43e-04
2026-05-14 18:25:14,750  INFO  Epoch 1/1 | Step 12480/34883 | Loss 2.2530 | LR 9.43e-04
2026-05-14 18:25:19,750  INFO  Epoch 1/1 | Step 12490/34883 | Loss 2.1964 | LR 9.43e-04
2026-05-14 18:25:24,750  INFO  Epoch 1/1 | Step 12500/34883 | Loss 2.3553 | LR 9.43e-04
2026-05-14 18:25:29,747  INFO  Epoch 1/1 | Step 12510/34883 | Loss 2.3937 | LR 9.43e-04
2026-05-14 18:25:34,743  INFO  Epoch 1/1 | Step 12520/34883 | Loss 2.2979 | LR 9.43e-04
2026-05-14 18:25:39,742  INFO  Epoch 1/1 | Step 12530/34883 | Loss 2.1231 | LR 9.42e-04
2026-05-14 18:25:44,742  INFO  Epoch 1/1 | Step 12540/34883 | Loss 2.3004 | LR 9.42e-04
2026-05-14 18:25:49,740  INFO  Epoch 1/1 | Step 12550/34883 | Loss 2.4060 | LR 9.42e-04
2026-05-14 18:25:54,737  INFO  Epoch 1/1 | Step 12560/34883 | Loss 2.2904 | LR 9.42e-04
2026-05-14 18:25:59,735  INFO  Epoch 1/1 | Step 12570/34883 | Loss 2.3802 | LR 9.42e-04
2026-05-14 18:26:04,734  INFO  Epoch 1/1 | Step 12580/34883 | Loss 2.1855 | LR 9.42e-04
2026-05-14 18:26:09,736  INFO  Epoch 1/1 | Step 12590/34883 | Loss 2.3768 | LR 9.42e-04
2026-05-14 18:26:14,730  INFO  Epoch 1/1 | Step 12600/34883 | Loss 2.4186 | LR 9.42e-04
2026-05-14 18:26:19,728  INFO  Epoch 1/1 | Step 12610/34883 | Loss 2.1164 | LR 9.42e-04
2026-05-14 18:26:24,728  INFO  Epoch 1/1 | Step 12620/34883 | Loss 2.2915 | LR 9.41e-04
2026-05-14 18:26:29,726  INFO  Epoch 1/1 | Step 12630/34883 | Loss 2.2354 | LR 9.41e-04
2026-05-14 18:26:34,725  INFO  Epoch 1/1 | Step 12640/34883 | Loss 2.2278 | LR 9.41e-04
2026-05-14 18:26:39,726  INFO  Epoch 1/1 | Step 12650/34883 | Loss 2.1835 | LR 9.41e-04
2026-05-14 18:26:44,722  INFO  Epoch 1/1 | Step 12660/34883 | Loss 2.3988 | LR 9.41e-04
2026-05-14 18:26:49,721  INFO  Epoch 1/1 | Step 12670/34883 | Loss 2.2574 | LR 9.41e-04
2026-05-14 18:26:54,721  INFO  Epoch 1/1 | Step 12680/34883 | Loss 2.2272 | LR 9.41e-04
2026-05-14 18:26:59,717  INFO  Epoch 1/1 | Step 12690/34883 | Loss 2.3357 | LR 9.41e-04
2026-05-14 18:27:04,719  INFO  Epoch 1/1 | Step 12700/34883 | Loss 2.1554 | LR 9.41e-04
2026-05-14 18:27:09,717  INFO  Epoch 1/1 | Step 12710/34883 | Loss 2.2817 | LR 9.40e-04
2026-05-14 18:27:14,715  INFO  Epoch 1/1 | Step 12720/34883 | Loss 2.4520 | LR 9.40e-04
2026-05-14 18:27:19,713  INFO  Epoch 1/1 | Step 12730/34883 | Loss 2.1705 | LR 9.40e-04
2026-05-14 18:27:24,716  INFO  Epoch 1/1 | Step 12740/34883 | Loss 2.3367 | LR 9.40e-04
2026-05-14 18:27:29,709  INFO  Epoch 1/1 | Step 12750/34883 | Loss 2.1173 | LR 9.40e-04
2026-05-14 18:27:34,708  INFO  Epoch 1/1 | Step 12760/34883 | Loss 2.1977 | LR 9.40e-04
2026-05-14 18:27:39,709  INFO  Epoch 1/1 | Step 12770/34883 | Loss 2.3322 | LR 9.40e-04
2026-05-14 18:27:44,703  INFO  Epoch 1/1 | Step 12780/34883 | Loss 2.2008 | LR 9.40e-04
2026-05-14 18:27:49,702  INFO  Epoch 1/1 | Step 12790/34883 | Loss 2.1604 | LR 9.40e-04
2026-05-14 18:27:54,702  INFO  Epoch 1/1 | Step 12800/34883 | Loss 2.4087 | LR 9.39e-04
2026-05-14 18:27:59,703  INFO  Epoch 1/1 | Step 12810/34883 | Loss 2.3424 | LR 9.39e-04
2026-05-14 18:28:04,698  INFO  Epoch 1/1 | Step 12820/34883 | Loss 2.3293 | LR 9.39e-04
2026-05-14 18:28:09,697  INFO  Epoch 1/1 | Step 12830/34883 | Loss 2.4059 | LR 9.39e-04
2026-05-14 18:28:14,695  INFO  Epoch 1/1 | Step 12840/34883 | Loss 2.3677 | LR 9.39e-04
2026-05-14 18:28:19,695  INFO  Epoch 1/1 | Step 12850/34883 | Loss 2.2423 | LR 9.39e-04
2026-05-14 18:28:24,694  INFO  Epoch 1/1 | Step 12860/34883 | Loss 2.4229 | LR 9.39e-04
2026-05-14 18:28:29,692  INFO  Epoch 1/1 | Step 12870/34883 | Loss 2.4047 | LR 9.39e-04
2026-05-14 18:28:34,691  INFO  Epoch 1/1 | Step 12880/34883 | Loss 2.3218 | LR 9.39e-04
2026-05-14 18:28:39,688  INFO  Epoch 1/1 | Step 12890/34883 | Loss 2.3140 | LR 9.38e-04
2026-05-14 18:28:44,688  INFO  Epoch 1/1 | Step 12900/34883 | Loss 2.3663 | LR 9.38e-04
2026-05-14 18:28:49,684  INFO  Epoch 1/1 | Step 12910/34883 | Loss 2.2581 | LR 9.38e-04
2026-05-14 18:28:54,683  INFO  Epoch 1/1 | Step 12920/34883 | Loss 2.4206 | LR 9.38e-04
2026-05-14 18:28:59,681  INFO  Epoch 1/1 | Step 12930/34883 | Loss 2.2813 | LR 9.38e-04
2026-05-14 18:29:04,680  INFO  Epoch 1/1 | Step 12940/34883 | Loss 2.2508 | LR 9.38e-04
2026-05-14 18:29:09,677  INFO  Epoch 1/1 | Step 12950/34883 | Loss 2.2795 | LR 9.38e-04
2026-05-14 18:29:14,677  INFO  Epoch 1/1 | Step 12960/34883 | Loss 2.2904 | LR 9.38e-04
2026-05-14 18:29:19,677  INFO  Epoch 1/1 | Step 12970/34883 | Loss 2.1811 | LR 9.38e-04
2026-05-14 18:29:24,670  INFO  Epoch 1/1 | Step 12980/34883 | Loss 2.3908 | LR 9.37e-04
2026-05-14 18:29:29,657  INFO  Epoch 1/1 | Step 12990/34883 | Loss 2.1711 | LR 9.37e-04
2026-05-14 18:29:34,647  INFO  Epoch 1/1 | Step 13000/34883 | Loss 2.2825 | LR 9.37e-04
2026-05-14 18:29:39,645  INFO  Epoch 1/1 | Step 13010/34883 | Loss 2.3427 | LR 9.37e-04
2026-05-14 18:29:44,647  INFO  Epoch 1/1 | Step 13020/34883 | Loss 2.3661 | LR 9.37e-04
2026-05-14 18:29:49,642  INFO  Epoch 1/1 | Step 13030/34883 | Loss 2.0820 | LR 9.37e-04
2026-05-14 18:29:54,643  INFO  Epoch 1/1 | Step 13040/34883 | Loss 2.3080 | LR 9.37e-04
2026-05-14 18:29:59,640  INFO  Epoch 1/1 | Step 13050/34883 | Loss 2.3034 | LR 9.37e-04
2026-05-14 18:30:04,643  INFO  Epoch 1/1 | Step 13060/34883 | Loss 2.2006 | LR 9.37e-04
2026-05-14 18:30:09,641  INFO  Epoch 1/1 | Step 13070/34883 | Loss 2.3653 | LR 9.36e-04
2026-05-14 18:30:14,638  INFO  Epoch 1/1 | Step 13080/34883 | Loss 2.2210 | LR 9.36e-04
2026-05-14 18:30:19,639  INFO  Epoch 1/1 | Step 13090/34883 | Loss 2.2910 | LR 9.36e-04
2026-05-14 18:30:24,636  INFO  Epoch 1/1 | Step 13100/34883 | Loss 2.2002 | LR 9.36e-04
2026-05-14 18:30:29,636  INFO  Epoch 1/1 | Step 13110/34883 | Loss 2.3250 | LR 9.36e-04
2026-05-14 18:30:34,634  INFO  Epoch 1/1 | Step 13120/34883 | Loss 2.3208 | LR 9.36e-04
2026-05-14 18:30:39,634  INFO  Epoch 1/1 | Step 13130/34883 | Loss 2.2765 | LR 9.36e-04
2026-05-14 18:30:44,629  INFO  Epoch 1/1 | Step 13140/34883 | Loss 2.2822 | LR 9.36e-04
2026-05-14 18:30:49,629  INFO  Epoch 1/1 | Step 13150/34883 | Loss 2.3530 | LR 9.36e-04
2026-05-14 18:30:54,627  INFO  Epoch 1/1 | Step 13160/34883 | Loss 2.3520 | LR 9.35e-04
2026-05-14 18:30:59,626  INFO  Epoch 1/1 | Step 13170/34883 | Loss 2.3931 | LR 9.35e-04
2026-05-14 18:31:04,624  INFO  Epoch 1/1 | Step 13180/34883 | Loss 2.2436 | LR 9.35e-04
2026-05-14 18:31:09,621  INFO  Epoch 1/1 | Step 13190/34883 | Loss 2.1931 | LR 9.35e-04
2026-05-14 18:31:14,621  INFO  Epoch 1/1 | Step 13200/34883 | Loss 2.2645 | LR 9.35e-04
2026-05-14 18:31:19,619  INFO  Epoch 1/1 | Step 13210/34883 | Loss 2.1991 | LR 9.35e-04
2026-05-14 18:31:24,617  INFO  Epoch 1/1 | Step 13220/34883 | Loss 2.2382 | LR 9.35e-04
2026-05-14 18:31:29,615  INFO  Epoch 1/1 | Step 13230/34883 | Loss 2.3026 | LR 9.35e-04
2026-05-14 18:31:34,613  INFO  Epoch 1/1 | Step 13240/34883 | Loss 2.3863 | LR 9.35e-04
2026-05-14 18:31:39,613  INFO  Epoch 1/1 | Step 13250/34883 | Loss 2.2488 | LR 9.34e-04
2026-05-14 18:31:44,611  INFO  Epoch 1/1 | Step 13260/34883 | Loss 2.2054 | LR 9.34e-04
2026-05-14 18:31:49,611  INFO  Epoch 1/1 | Step 13270/34883 | Loss 2.1854 | LR 9.34e-04
2026-05-14 18:31:54,608  INFO  Epoch 1/1 | Step 13280/34883 | Loss 2.5204 | LR 9.34e-04
2026-05-14 18:31:59,607  INFO  Epoch 1/1 | Step 13290/34883 | Loss 2.2935 | LR 9.34e-04
2026-05-14 18:32:04,606  INFO  Epoch 1/1 | Step 13300/34883 | Loss 2.4397 | LR 9.34e-04
2026-05-14 18:32:09,602  INFO  Epoch 1/1 | Step 13310/34883 | Loss 2.2954 | LR 9.34e-04
2026-05-14 18:32:14,604  INFO  Epoch 1/1 | Step 13320/34883 | Loss 2.2364 | LR 9.34e-04
2026-05-14 18:32:19,600  INFO  Epoch 1/1 | Step 13330/34883 | Loss 2.3202 | LR 9.33e-04
2026-05-14 18:32:24,598  INFO  Epoch 1/1 | Step 13340/34883 | Loss 2.2864 | LR 9.33e-04
2026-05-14 18:32:29,599  INFO  Epoch 1/1 | Step 13350/34883 | Loss 2.3354 | LR 9.33e-04
2026-05-14 18:32:34,596  INFO  Epoch 1/1 | Step 13360/34883 | Loss 2.2257 | LR 9.33e-04
2026-05-14 18:32:39,591  INFO  Epoch 1/1 | Step 13370/34883 | Loss 2.1666 | LR 9.33e-04
2026-05-14 18:32:44,592  INFO  Epoch 1/1 | Step 13380/34883 | Loss 2.1084 | LR 9.33e-04
2026-05-14 18:32:49,591  INFO  Epoch 1/1 | Step 13390/34883 | Loss 2.1902 | LR 9.33e-04
2026-05-14 18:32:54,591  INFO  Epoch 1/1 | Step 13400/34883 | Loss 2.2244 | LR 9.33e-04
2026-05-14 18:32:59,588  INFO  Epoch 1/1 | Step 13410/34883 | Loss 2.1462 | LR 9.33e-04
2026-05-14 18:33:04,585  INFO  Epoch 1/1 | Step 13420/34883 | Loss 2.4138 | LR 9.32e-04
2026-05-14 18:33:09,585  INFO  Epoch 1/1 | Step 13430/34883 | Loss 2.1530 | LR 9.32e-04
2026-05-14 18:33:14,585  INFO  Epoch 1/1 | Step 13440/34883 | Loss 2.3569 | LR 9.32e-04
2026-05-14 18:33:19,580  INFO  Epoch 1/1 | Step 13450/34883 | Loss 2.1873 | LR 9.32e-04
2026-05-14 18:33:24,580  INFO  Epoch 1/1 | Step 13460/34883 | Loss 2.2994 | LR 9.32e-04
2026-05-14 18:33:29,578  INFO  Epoch 1/1 | Step 13470/34883 | Loss 2.3593 | LR 9.32e-04
2026-05-14 18:33:34,576  INFO  Epoch 1/1 | Step 13480/34883 | Loss 2.3395 | LR 9.32e-04
2026-05-14 18:33:39,575  INFO  Epoch 1/1 | Step 13490/34883 | Loss 2.2440 | LR 9.32e-04
2026-05-14 18:33:44,572  INFO  Epoch 1/1 | Step 13500/34883 | Loss 2.2638 | LR 9.32e-04
2026-05-14 18:33:49,573  INFO  Epoch 1/1 | Step 13510/34883 | Loss 2.3487 | LR 9.31e-04
2026-05-14 18:33:54,571  INFO  Epoch 1/1 | Step 13520/34883 | Loss 2.2734 | LR 9.31e-04
2026-05-14 18:33:59,569  INFO  Epoch 1/1 | Step 13530/34883 | Loss 2.2264 | LR 9.31e-04
2026-05-14 18:34:04,569  INFO  Epoch 1/1 | Step 13540/34883 | Loss 2.3805 | LR 9.31e-04
2026-05-14 18:34:09,567  INFO  Epoch 1/1 | Step 13550/34883 | Loss 2.0849 | LR 9.31e-04
2026-05-14 18:34:14,562  INFO  Epoch 1/1 | Step 13560/34883 | Loss 2.1982 | LR 9.31e-04
2026-05-14 18:34:19,560  INFO  Epoch 1/1 | Step 13570/34883 | Loss 2.2000 | LR 9.31e-04
2026-05-14 18:34:24,561  INFO  Epoch 1/1 | Step 13580/34883 | Loss 2.1569 | LR 9.31e-04
2026-05-14 18:34:29,560  INFO  Epoch 1/1 | Step 13590/34883 | Loss 2.2757 | LR 9.30e-04
2026-05-14 18:34:34,558  INFO  Epoch 1/1 | Step 13600/34883 | Loss 2.2170 | LR 9.30e-04
2026-05-14 18:34:39,558  INFO  Epoch 1/1 | Step 13610/34883 | Loss 2.4724 | LR 9.30e-04
2026-05-14 18:34:44,554  INFO  Epoch 1/1 | Step 13620/34883 | Loss 2.3107 | LR 9.30e-04
2026-05-14 18:34:49,553  INFO  Epoch 1/1 | Step 13630/34883 | Loss 2.2039 | LR 9.30e-04
2026-05-14 18:34:54,551  INFO  Epoch 1/1 | Step 13640/34883 | Loss 2.2920 | LR 9.30e-04
2026-05-14 18:34:59,551  INFO  Epoch 1/1 | Step 13650/34883 | Loss 2.1171 | LR 9.30e-04
2026-05-14 18:35:04,549  INFO  Epoch 1/1 | Step 13660/34883 | Loss 2.1752 | LR 9.30e-04
2026-05-14 18:35:09,547  INFO  Epoch 1/1 | Step 13670/34883 | Loss 2.2077 | LR 9.30e-04
2026-05-14 18:35:14,546  INFO  Epoch 1/1 | Step 13680/34883 | Loss 2.2726 | LR 9.29e-04
2026-05-14 18:35:19,545  INFO  Epoch 1/1 | Step 13690/34883 | Loss 2.2224 | LR 9.29e-04
2026-05-14 18:35:24,542  INFO  Epoch 1/1 | Step 13700/34883 | Loss 2.1155 | LR 9.29e-04
2026-05-14 18:35:29,542  INFO  Epoch 1/1 | Step 13710/34883 | Loss 2.2282 | LR 9.29e-04
2026-05-14 18:35:34,542  INFO  Epoch 1/1 | Step 13720/34883 | Loss 2.1374 | LR 9.29e-04
2026-05-14 18:35:39,537  INFO  Epoch 1/1 | Step 13730/34883 | Loss 2.3277 | LR 9.29e-04
2026-05-14 18:35:44,536  INFO  Epoch 1/1 | Step 13740/34883 | Loss 2.1796 | LR 9.29e-04
2026-05-14 18:35:49,532  INFO  Epoch 1/1 | Step 13750/34883 | Loss 2.2276 | LR 9.29e-04
2026-05-14 18:35:54,534  INFO  Epoch 1/1 | Step 13760/34883 | Loss 2.3055 | LR 9.28e-04
2026-05-14 18:35:59,531  INFO  Epoch 1/1 | Step 13770/34883 | Loss 2.1266 | LR 9.28e-04
2026-05-14 18:36:04,532  INFO  Epoch 1/1 | Step 13780/34883 | Loss 2.2754 | LR 9.28e-04
2026-05-14 18:36:09,529  INFO  Epoch 1/1 | Step 13790/34883 | Loss 2.2869 | LR 9.28e-04
2026-05-14 18:36:14,527  INFO  Epoch 1/1 | Step 13800/34883 | Loss 2.3149 | LR 9.28e-04
2026-05-14 18:36:19,527  INFO  Epoch 1/1 | Step 13810/34883 | Loss 2.0855 | LR 9.28e-04
2026-05-14 18:36:24,524  INFO  Epoch 1/1 | Step 13820/34883 | Loss 2.0615 | LR 9.28e-04
2026-05-14 18:36:29,519  INFO  Epoch 1/1 | Step 13830/34883 | Loss 2.2936 | LR 9.28e-04
2026-05-14 18:36:34,521  INFO  Epoch 1/1 | Step 13840/34883 | Loss 2.3393 | LR 9.27e-04
2026-05-14 18:36:39,521  INFO  Epoch 1/1 | Step 13850/34883 | Loss 2.2719 | LR 9.27e-04
2026-05-14 18:36:44,515  INFO  Epoch 1/1 | Step 13860/34883 | Loss 2.3196 | LR 9.27e-04
2026-05-14 18:36:49,516  INFO  Epoch 1/1 | Step 13870/34883 | Loss 2.2186 | LR 9.27e-04
2026-05-14 18:36:54,515  INFO  Epoch 1/1 | Step 13880/34883 | Loss 2.2938 | LR 9.27e-04
2026-05-14 18:36:59,513  INFO  Epoch 1/1 | Step 13890/34883 | Loss 2.1030 | LR 9.27e-04
2026-05-14 18:37:04,511  INFO  Epoch 1/1 | Step 13900/34883 | Loss 2.2481 | LR 9.27e-04
2026-05-14 18:37:09,510  INFO  Epoch 1/1 | Step 13910/34883 | Loss 2.2414 | LR 9.27e-04
2026-05-14 18:37:14,509  INFO  Epoch 1/1 | Step 13920/34883 | Loss 2.0865 | LR 9.27e-04
2026-05-14 18:37:19,506  INFO  Epoch 1/1 | Step 13930/34883 | Loss 2.2229 | LR 9.26e-04
2026-05-14 18:37:24,504  INFO  Epoch 1/1 | Step 13940/34883 | Loss 2.1496 | LR 9.26e-04
2026-05-14 18:37:29,496  INFO  Epoch 1/1 | Step 13950/34883 | Loss 2.2449 | LR 9.26e-04
2026-05-14 18:37:34,500  INFO  Epoch 1/1 | Step 13960/34883 | Loss 2.3263 | LR 9.26e-04
2026-05-14 18:37:39,500  INFO  Epoch 1/1 | Step 13970/34883 | Loss 2.3540 | LR 9.26e-04
2026-05-14 18:37:44,499  INFO  Epoch 1/1 | Step 13980/34883 | Loss 2.4217 | LR 9.26e-04
2026-05-14 18:37:49,498  INFO  Epoch 1/1 | Step 13990/34883 | Loss 2.3668 | LR 9.26e-04
2026-05-14 18:37:54,497  INFO  Epoch 1/1 | Step 14000/34883 | Loss 2.1041 | LR 9.26e-04
2026-05-14 18:37:59,492  INFO  Epoch 1/1 | Step 14010/34883 | Loss 2.3928 | LR 9.25e-04
2026-05-14 18:38:04,492  INFO  Epoch 1/1 | Step 14020/34883 | Loss 2.2308 | LR 9.25e-04
2026-05-14 18:38:09,489  INFO  Epoch 1/1 | Step 14030/34883 | Loss 2.1475 | LR 9.25e-04
2026-05-14 18:38:14,492  INFO  Epoch 1/1 | Step 14040/34883 | Loss 2.1676 | LR 9.25e-04
2026-05-14 18:38:19,488  INFO  Epoch 1/1 | Step 14050/34883 | Loss 2.2494 | LR 9.25e-04
2026-05-14 18:38:24,487  INFO  Epoch 1/1 | Step 14060/34883 | Loss 2.2447 | LR 9.25e-04
2026-05-14 18:38:29,484  INFO  Epoch 1/1 | Step 14070/34883 | Loss 2.2183 | LR 9.25e-04
2026-05-14 18:38:34,485  INFO  Epoch 1/1 | Step 14080/34883 | Loss 2.2836 | LR 9.25e-04
2026-05-14 18:38:39,484  INFO  Epoch 1/1 | Step 14090/34883 | Loss 2.0843 | LR 9.24e-04
2026-05-14 18:38:44,481  INFO  Epoch 1/1 | Step 14100/34883 | Loss 2.0809 | LR 9.24e-04
2026-05-14 18:38:49,479  INFO  Epoch 1/1 | Step 14110/34883 | Loss 2.3728 | LR 9.24e-04
2026-05-14 18:38:54,479  INFO  Epoch 1/1 | Step 14120/34883 | Loss 2.2933 | LR 9.24e-04
2026-05-14 18:38:59,478  INFO  Epoch 1/1 | Step 14130/34883 | Loss 2.4320 | LR 9.24e-04
2026-05-14 18:39:04,474  INFO  Epoch 1/1 | Step 14140/34883 | Loss 2.1950 | LR 9.24e-04
2026-05-14 18:39:09,473  INFO  Epoch 1/1 | Step 14150/34883 | Loss 2.2326 | LR 9.24e-04
2026-05-14 18:39:14,473  INFO  Epoch 1/1 | Step 14160/34883 | Loss 2.3975 | LR 9.24e-04
2026-05-14 18:39:19,470  INFO  Epoch 1/1 | Step 14170/34883 | Loss 2.1813 | LR 9.23e-04
2026-05-14 18:39:24,468  INFO  Epoch 1/1 | Step 14180/34883 | Loss 2.3870 | LR 9.23e-04
2026-05-14 18:39:29,467  INFO  Epoch 1/1 | Step 14190/34883 | Loss 2.2443 | LR 9.23e-04
2026-05-14 18:39:34,466  INFO  Epoch 1/1 | Step 14200/34883 | Loss 2.2952 | LR 9.23e-04
2026-05-14 18:39:39,465  INFO  Epoch 1/1 | Step 14210/34883 | Loss 2.4355 | LR 9.23e-04
2026-05-14 18:39:44,463  INFO  Epoch 1/1 | Step 14220/34883 | Loss 2.2349 | LR 9.23e-04
2026-05-14 18:39:49,460  INFO  Epoch 1/1 | Step 14230/34883 | Loss 2.1476 | LR 9.23e-04
2026-05-14 18:39:54,458  INFO  Epoch 1/1 | Step 14240/34883 | Loss 2.1931 | LR 9.23e-04
2026-05-14 18:39:59,456  INFO  Epoch 1/1 | Step 14250/34883 | Loss 2.3705 | LR 9.22e-04
2026-05-14 18:40:04,457  INFO  Epoch 1/1 | Step 14260/34883 | Loss 2.4359 | LR 9.22e-04
2026-05-14 18:40:09,457  INFO  Epoch 1/1 | Step 14270/34883 | Loss 2.2016 | LR 9.22e-04
2026-05-14 18:40:14,453  INFO  Epoch 1/1 | Step 14280/34883 | Loss 2.3159 | LR 9.22e-04
2026-05-14 18:40:19,452  INFO  Epoch 1/1 | Step 14290/34883 | Loss 2.1316 | LR 9.22e-04
2026-05-14 18:40:24,743  INFO  Epoch 1/1 | Step 14300/34883 | Loss 2.1396 | LR 9.22e-04
2026-05-14 18:40:29,686  INFO  Epoch 1/1 | Step 14310/34883 | Loss 2.2531 | LR 9.22e-04
2026-05-14 18:40:34,641  INFO  Epoch 1/1 | Step 14320/34883 | Loss 2.2853 | LR 9.22e-04
2026-05-14 18:40:39,590  INFO  Epoch 1/1 | Step 14330/34883 | Loss 2.2812 | LR 9.21e-04
2026-05-14 18:40:44,550  INFO  Epoch 1/1 | Step 14340/34883 | Loss 2.2495 | LR 9.21e-04
2026-05-14 18:40:49,502  INFO  Epoch 1/1 | Step 14350/34883 | Loss 2.2224 | LR 9.21e-04
2026-05-14 18:40:54,454  INFO  Epoch 1/1 | Step 14360/34883 | Loss 2.2865 | LR 9.21e-04
2026-05-14 18:40:59,394  INFO  Epoch 1/1 | Step 14370/34883 | Loss 2.2111 | LR 9.21e-04
2026-05-14 18:41:04,348  INFO  Epoch 1/1 | Step 14380/34883 | Loss 2.3530 | LR 9.21e-04
2026-05-14 18:41:09,299  INFO  Epoch 1/1 | Step 14390/34883 | Loss 2.3989 | LR 9.21e-04
2026-05-14 18:41:14,257  INFO  Epoch 1/1 | Step 14400/34883 | Loss 2.2739 | LR 9.21e-04
2026-05-14 18:41:19,204  INFO  Epoch 1/1 | Step 14410/34883 | Loss 2.1637 | LR 9.20e-04
2026-05-14 18:41:24,151  INFO  Epoch 1/1 | Step 14420/34883 | Loss 2.3739 | LR 9.20e-04
2026-05-14 18:41:29,102  INFO  Epoch 1/1 | Step 14430/34883 | Loss 2.2526 | LR 9.20e-04
2026-05-14 18:41:34,050  INFO  Epoch 1/1 | Step 14440/34883 | Loss 2.1805 | LR 9.20e-04
2026-05-14 18:41:39,004  INFO  Epoch 1/1 | Step 14450/34883 | Loss 2.1994 | LR 9.20e-04
2026-05-14 18:41:43,956  INFO  Epoch 1/1 | Step 14460/34883 | Loss 2.3026 | LR 9.20e-04
2026-05-14 18:41:48,911  INFO  Epoch 1/1 | Step 14470/34883 | Loss 2.2873 | LR 9.20e-04
2026-05-14 18:41:53,866  INFO  Epoch 1/1 | Step 14480/34883 | Loss 2.3045 | LR 9.20e-04
2026-05-14 18:41:58,816  INFO  Epoch 1/1 | Step 14490/34883 | Loss 2.0586 | LR 9.19e-04
2026-05-14 18:42:03,773  INFO  Epoch 1/1 | Step 14500/34883 | Loss 2.2132 | LR 9.19e-04
2026-05-14 18:42:08,728  INFO  Epoch 1/1 | Step 14510/34883 | Loss 2.2570 | LR 9.19e-04
2026-05-14 18:42:13,673  INFO  Epoch 1/1 | Step 14520/34883 | Loss 2.2983 | LR 9.19e-04
2026-05-14 18:42:18,621  INFO  Epoch 1/1 | Step 14530/34883 | Loss 2.1199 | LR 9.19e-04
2026-05-14 18:42:23,568  INFO  Epoch 1/1 | Step 14540/34883 | Loss 2.1466 | LR 9.19e-04
2026-05-14 18:42:28,519  INFO  Epoch 1/1 | Step 14550/34883 | Loss 2.2083 | LR 9.19e-04
2026-05-14 18:42:33,468  INFO  Epoch 1/1 | Step 14560/34883 | Loss 2.3407 | LR 9.19e-04
2026-05-14 18:42:38,420  INFO  Epoch 1/1 | Step 14570/34883 | Loss 2.0590 | LR 9.18e-04
2026-05-14 18:42:43,365  INFO  Epoch 1/1 | Step 14580/34883 | Loss 2.1166 | LR 9.18e-04
2026-05-14 18:42:48,319  INFO  Epoch 1/1 | Step 14590/34883 | Loss 2.2763 | LR 9.18e-04
2026-05-14 18:42:53,268  INFO  Epoch 1/1 | Step 14600/34883 | Loss 2.1765 | LR 9.18e-04
2026-05-14 18:42:58,214  INFO  Epoch 1/1 | Step 14610/34883 | Loss 2.1733 | LR 9.18e-04
2026-05-14 18:43:03,171  INFO  Epoch 1/1 | Step 14620/34883 | Loss 2.1441 | LR 9.18e-04
2026-05-14 18:43:08,126  INFO  Epoch 1/1 | Step 14630/34883 | Loss 2.3764 | LR 9.18e-04
2026-05-14 18:43:13,080  INFO  Epoch 1/1 | Step 14640/34883 | Loss 2.4102 | LR 9.18e-04
2026-05-14 18:43:18,036  INFO  Epoch 1/1 | Step 14650/34883 | Loss 2.3665 | LR 9.17e-04
2026-05-14 18:43:23,000  INFO  Epoch 1/1 | Step 14660/34883 | Loss 2.1933 | LR 9.17e-04
2026-05-14 18:43:27,954  INFO  Epoch 1/1 | Step 14670/34883 | Loss 2.3370 | LR 9.17e-04
2026-05-14 18:43:32,902  INFO  Epoch 1/1 | Step 14680/34883 | Loss 2.2968 | LR 9.17e-04
2026-05-14 18:43:37,865  INFO  Epoch 1/1 | Step 14690/34883 | Loss 2.2334 | LR 9.17e-04
2026-05-14 18:43:42,832  INFO  Epoch 1/1 | Step 14700/34883 | Loss 2.1504 | LR 9.17e-04
2026-05-14 18:43:47,783  INFO  Epoch 1/1 | Step 14710/34883 | Loss 2.2547 | LR 9.17e-04
2026-05-14 18:43:52,747  INFO  Epoch 1/1 | Step 14720/34883 | Loss 2.1195 | LR 9.17e-04
2026-05-14 18:43:57,712  INFO  Epoch 1/1 | Step 14730/34883 | Loss 2.2496 | LR 9.16e-04
2026-05-14 18:44:02,680  INFO  Epoch 1/1 | Step 14740/34883 | Loss 2.3056 | LR 9.16e-04
2026-05-14 18:44:07,637  INFO  Epoch 1/1 | Step 14750/34883 | Loss 2.1582 | LR 9.16e-04
2026-05-14 18:44:12,605  INFO  Epoch 1/1 | Step 14760/34883 | Loss 2.1823 | LR 9.16e-04
2026-05-14 18:44:17,570  INFO  Epoch 1/1 | Step 14770/34883 | Loss 2.0900 | LR 9.16e-04
2026-05-14 18:44:22,538  INFO  Epoch 1/1 | Step 14780/34883 | Loss 2.2832 | LR 9.16e-04
2026-05-14 18:44:27,512  INFO  Epoch 1/1 | Step 14790/34883 | Loss 2.2710 | LR 9.16e-04
2026-05-14 18:44:32,475  INFO  Epoch 1/1 | Step 14800/34883 | Loss 2.1876 | LR 9.15e-04
2026-05-14 18:44:37,443  INFO  Epoch 1/1 | Step 14810/34883 | Loss 2.2629 | LR 9.15e-04
2026-05-14 18:44:42,400  INFO  Epoch 1/1 | Step 14820/34883 | Loss 2.1906 | LR 9.15e-04
2026-05-14 18:44:47,358  INFO  Epoch 1/1 | Step 14830/34883 | Loss 2.2176 | LR 9.15e-04
2026-05-14 18:44:52,326  INFO  Epoch 1/1 | Step 14840/34883 | Loss 2.2190 | LR 9.15e-04
2026-05-14 18:44:57,285  INFO  Epoch 1/1 | Step 14850/34883 | Loss 2.2681 | LR 9.15e-04
2026-05-14 18:45:02,255  INFO  Epoch 1/1 | Step 14860/34883 | Loss 2.2961 | LR 9.15e-04
2026-05-14 18:45:07,222  INFO  Epoch 1/1 | Step 14870/34883 | Loss 2.2403 | LR 9.15e-04
2026-05-14 18:45:12,187  INFO  Epoch 1/1 | Step 14880/34883 | Loss 2.1673 | LR 9.14e-04
2026-05-14 18:45:17,154  INFO  Epoch 1/1 | Step 14890/34883 | Loss 2.2582 | LR 9.14e-04
2026-05-14 18:45:22,119  INFO  Epoch 1/1 | Step 14900/34883 | Loss 2.1123 | LR 9.14e-04
2026-05-14 18:45:27,080  INFO  Epoch 1/1 | Step 14910/34883 | Loss 2.1839 | LR 9.14e-04
2026-05-14 18:45:32,037  INFO  Epoch 1/1 | Step 14920/34883 | Loss 2.2949 | LR 9.14e-04
2026-05-14 18:45:37,004  INFO  Epoch 1/1 | Step 14930/34883 | Loss 2.0820 | LR 9.14e-04
2026-05-14 18:45:41,969  INFO  Epoch 1/1 | Step 14940/34883 | Loss 2.0543 | LR 9.14e-04
2026-05-14 18:45:46,928  INFO  Epoch 1/1 | Step 14950/34883 | Loss 2.0467 | LR 9.14e-04
2026-05-14 18:45:51,905  INFO  Epoch 1/1 | Step 14960/34883 | Loss 2.1917 | LR 9.13e-04
2026-05-14 18:45:56,881  INFO  Epoch 1/1 | Step 14970/34883 | Loss 2.1636 | LR 9.13e-04
2026-05-14 18:46:01,843  INFO  Epoch 1/1 | Step 14980/34883 | Loss 2.4236 | LR 9.13e-04
2026-05-14 18:46:06,814  INFO  Epoch 1/1 | Step 14990/34883 | Loss 2.0088 | LR 9.13e-04
2026-05-14 18:46:11,777  INFO  Epoch 1/1 | Step 15000/34883 | Loss 2.2111 | LR 9.13e-04
2026-05-14 18:46:16,738  INFO  Epoch 1/1 | Step 15010/34883 | Loss 2.2613 | LR 9.13e-04
2026-05-14 18:46:21,710  INFO  Epoch 1/1 | Step 15020/34883 | Loss 2.2935 | LR 9.13e-04
2026-05-14 18:46:26,674  INFO  Epoch 1/1 | Step 15030/34883 | Loss 2.3970 | LR 9.12e-04
2026-05-14 18:46:31,647  INFO  Epoch 1/1 | Step 15040/34883 | Loss 2.2916 | LR 9.12e-04
2026-05-14 18:46:36,611  INFO  Epoch 1/1 | Step 15050/34883 | Loss 2.1657 | LR 9.12e-04
2026-05-14 18:46:41,577  INFO  Epoch 1/1 | Step 15060/34883 | Loss 2.2907 | LR 9.12e-04
2026-05-14 18:46:46,544  INFO  Epoch 1/1 | Step 15070/34883 | Loss 2.1722 | LR 9.12e-04
2026-05-14 18:46:51,520  INFO  Epoch 1/1 | Step 15080/34883 | Loss 2.2655 | LR 9.12e-04
2026-05-14 18:46:56,502  INFO  Epoch 1/1 | Step 15090/34883 | Loss 2.1710 | LR 9.12e-04
2026-05-14 18:47:01,482  INFO  Epoch 1/1 | Step 15100/34883 | Loss 2.3695 | LR 9.12e-04
2026-05-14 18:47:06,473  INFO  Epoch 1/1 | Step 15110/34883 | Loss 2.3230 | LR 9.11e-04
2026-05-14 18:47:11,447  INFO  Epoch 1/1 | Step 15120/34883 | Loss 2.1946 | LR 9.11e-04
2026-05-14 18:47:16,420  INFO  Epoch 1/1 | Step 15130/34883 | Loss 2.3349 | LR 9.11e-04
2026-05-14 18:47:21,396  INFO  Epoch 1/1 | Step 15140/34883 | Loss 2.2513 | LR 9.11e-04
2026-05-14 18:47:26,373  INFO  Epoch 1/1 | Step 15150/34883 | Loss 2.2500 | LR 9.11e-04
2026-05-14 18:47:31,343  INFO  Epoch 1/1 | Step 15160/34883 | Loss 2.3985 | LR 9.11e-04
2026-05-14 18:47:36,314  INFO  Epoch 1/1 | Step 15170/34883 | Loss 2.1313 | LR 9.11e-04
2026-05-14 18:47:41,289  INFO  Epoch 1/1 | Step 15180/34883 | Loss 2.1190 | LR 9.11e-04
2026-05-14 18:47:46,247  INFO  Epoch 1/1 | Step 15190/34883 | Loss 2.3068 | LR 9.10e-04
2026-05-14 18:47:51,206  INFO  Epoch 1/1 | Step 15200/34883 | Loss 2.2094 | LR 9.10e-04
2026-05-14 18:47:56,166  INFO  Epoch 1/1 | Step 15210/34883 | Loss 2.2063 | LR 9.10e-04
2026-05-14 18:48:01,130  INFO  Epoch 1/1 | Step 15220/34883 | Loss 2.2471 | LR 9.10e-04
2026-05-14 18:48:06,092  INFO  Epoch 1/1 | Step 15230/34883 | Loss 2.3084 | LR 9.10e-04
2026-05-14 18:48:11,042  INFO  Epoch 1/1 | Step 15240/34883 | Loss 2.2645 | LR 9.10e-04
2026-05-14 18:48:16,010  INFO  Epoch 1/1 | Step 15250/34883 | Loss 2.1960 | LR 9.10e-04
2026-05-14 18:48:20,958  INFO  Epoch 1/1 | Step 15260/34883 | Loss 2.1655 | LR 9.09e-04
2026-05-14 18:48:25,916  INFO  Epoch 1/1 | Step 15270/34883 | Loss 2.1180 | LR 9.09e-04
2026-05-14 18:48:30,875  INFO  Epoch 1/1 | Step 15280/34883 | Loss 2.1482 | LR 9.09e-04
2026-05-14 18:48:35,834  INFO  Epoch 1/1 | Step 15290/34883 | Loss 2.2040 | LR 9.09e-04
2026-05-14 18:48:40,792  INFO  Epoch 1/1 | Step 15300/34883 | Loss 2.1925 | LR 9.09e-04
2026-05-14 18:48:45,750  INFO  Epoch 1/1 | Step 15310/34883 | Loss 2.2474 | LR 9.09e-04
2026-05-14 18:48:50,697  INFO  Epoch 1/1 | Step 15320/34883 | Loss 2.3209 | LR 9.09e-04
2026-05-14 18:48:55,646  INFO  Epoch 1/1 | Step 15330/34883 | Loss 2.2957 | LR 9.09e-04
2026-05-14 18:49:00,596  INFO  Epoch 1/1 | Step 15340/34883 | Loss 2.1477 | LR 9.08e-04
2026-05-14 18:49:05,546  INFO  Epoch 1/1 | Step 15350/34883 | Loss 2.2940 | LR 9.08e-04
2026-05-14 18:49:10,501  INFO  Epoch 1/1 | Step 15360/34883 | Loss 2.3744 | LR 9.08e-04
2026-05-14 18:49:15,452  INFO  Epoch 1/1 | Step 15370/34883 | Loss 2.3355 | LR 9.08e-04
2026-05-14 18:49:20,408  INFO  Epoch 1/1 | Step 15380/34883 | Loss 2.1766 | LR 9.08e-04
2026-05-14 18:49:25,364  INFO  Epoch 1/1 | Step 15390/34883 | Loss 2.3981 | LR 9.08e-04
2026-05-14 18:49:30,316  INFO  Epoch 1/1 | Step 15400/34883 | Loss 2.2365 | LR 9.08e-04
2026-05-14 18:49:35,276  INFO  Epoch 1/1 | Step 15410/34883 | Loss 2.2860 | LR 9.07e-04
2026-05-14 18:49:40,233  INFO  Epoch 1/1 | Step 15420/34883 | Loss 2.2560 | LR 9.07e-04
2026-05-14 18:49:45,177  INFO  Epoch 1/1 | Step 15430/34883 | Loss 2.2477 | LR 9.07e-04
2026-05-14 18:49:50,128  INFO  Epoch 1/1 | Step 15440/34883 | Loss 2.2338 | LR 9.07e-04
2026-05-14 18:49:55,091  INFO  Epoch 1/1 | Step 15450/34883 | Loss 2.2932 | LR 9.07e-04
2026-05-14 18:50:00,054  INFO  Epoch 1/1 | Step 15460/34883 | Loss 2.1455 | LR 9.07e-04
2026-05-14 18:50:05,021  INFO  Epoch 1/1 | Step 15470/34883 | Loss 2.2492 | LR 9.07e-04
2026-05-14 18:50:09,998  INFO  Epoch 1/1 | Step 15480/34883 | Loss 2.2588 | LR 9.07e-04
2026-05-14 18:50:14,971  INFO  Epoch 1/1 | Step 15490/34883 | Loss 2.1798 | LR 9.06e-04
2026-05-14 18:50:19,944  INFO  Epoch 1/1 | Step 15500/34883 | Loss 2.4150 | LR 9.06e-04
2026-05-14 18:50:24,917  INFO  Epoch 1/1 | Step 15510/34883 | Loss 2.2128 | LR 9.06e-04
2026-05-14 18:50:29,892  INFO  Epoch 1/1 | Step 15520/34883 | Loss 2.2422 | LR 9.06e-04
2026-05-14 18:50:34,856  INFO  Epoch 1/1 | Step 15530/34883 | Loss 2.3236 | LR 9.06e-04
2026-05-14 18:50:39,830  INFO  Epoch 1/1 | Step 15540/34883 | Loss 2.2610 | LR 9.06e-04
2026-05-14 18:50:44,798  INFO  Epoch 1/1 | Step 15550/34883 | Loss 2.2032 | LR 9.06e-04
2026-05-14 18:50:49,766  INFO  Epoch 1/1 | Step 15560/34883 | Loss 2.3714 | LR 9.05e-04
2026-05-14 18:50:54,747  INFO  Epoch 1/1 | Step 15570/34883 | Loss 2.2375 | LR 9.05e-04
2026-05-14 18:50:59,727  INFO  Epoch 1/1 | Step 15580/34883 | Loss 2.1502 | LR 9.05e-04
2026-05-14 18:51:04,709  INFO  Epoch 1/1 | Step 15590/34883 | Loss 2.1791 | LR 9.05e-04
2026-05-14 18:51:09,701  INFO  Epoch 1/1 | Step 15600/34883 | Loss 2.2313 | LR 9.05e-04
2026-05-14 18:51:14,682  INFO  Epoch 1/1 | Step 15610/34883 | Loss 2.2149 | LR 9.05e-04
2026-05-14 18:51:19,656  INFO  Epoch 1/1 | Step 15620/34883 | Loss 2.2699 | LR 9.05e-04
2026-05-14 18:51:24,636  INFO  Epoch 1/1 | Step 15630/34883 | Loss 2.1564 | LR 9.04e-04
2026-05-14 18:51:29,622  INFO  Epoch 1/1 | Step 15640/34883 | Loss 2.1531 | LR 9.04e-04
2026-05-14 18:51:34,607  INFO  Epoch 1/1 | Step 15650/34883 | Loss 2.1931 | LR 9.04e-04
2026-05-14 18:51:39,592  INFO  Epoch 1/1 | Step 15660/34883 | Loss 2.3689 | LR 9.04e-04
2026-05-14 18:51:44,565  INFO  Epoch 1/1 | Step 15670/34883 | Loss 2.2244 | LR 9.04e-04
2026-05-14 18:51:49,535  INFO  Epoch 1/1 | Step 15680/34883 | Loss 2.1322 | LR 9.04e-04
2026-05-14 18:51:54,512  INFO  Epoch 1/1 | Step 15690/34883 | Loss 2.3323 | LR 9.04e-04
2026-05-14 18:51:59,483  INFO  Epoch 1/1 | Step 15700/34883 | Loss 2.1487 | LR 9.04e-04
2026-05-14 18:52:04,447  INFO  Epoch 1/1 | Step 15710/34883 | Loss 2.2529 | LR 9.03e-04
2026-05-14 18:52:09,407  INFO  Epoch 1/1 | Step 15720/34883 | Loss 2.2033 | LR 9.03e-04
2026-05-14 18:52:14,369  INFO  Epoch 1/1 | Step 15730/34883 | Loss 2.2264 | LR 9.03e-04
2026-05-14 18:52:19,334  INFO  Epoch 1/1 | Step 15740/34883 | Loss 2.0289 | LR 9.03e-04
2026-05-14 18:52:24,288  INFO  Epoch 1/1 | Step 15750/34883 | Loss 2.1863 | LR 9.03e-04
2026-05-14 18:52:29,247  INFO  Epoch 1/1 | Step 15760/34883 | Loss 2.1729 | LR 9.03e-04
2026-05-14 18:52:34,211  INFO  Epoch 1/1 | Step 15770/34883 | Loss 2.2556 | LR 9.03e-04
2026-05-14 18:52:39,187  INFO  Epoch 1/1 | Step 15780/34883 | Loss 2.2692 | LR 9.02e-04
2026-05-14 18:52:44,171  INFO  Epoch 1/1 | Step 15790/34883 | Loss 2.2256 | LR 9.02e-04
2026-05-14 18:52:49,144  INFO  Epoch 1/1 | Step 15800/34883 | Loss 2.2060 | LR 9.02e-04
2026-05-14 18:52:54,108  INFO  Epoch 1/1 | Step 15810/34883 | Loss 2.3666 | LR 9.02e-04
2026-05-14 18:52:59,083  INFO  Epoch 1/1 | Step 15820/34883 | Loss 2.2181 | LR 9.02e-04
2026-05-14 18:53:04,059  INFO  Epoch 1/1 | Step 15830/34883 | Loss 2.3595 | LR 9.02e-04
2026-05-14 18:53:09,024  INFO  Epoch 1/1 | Step 15840/34883 | Loss 2.2698 | LR 9.02e-04
2026-05-14 18:53:13,990  INFO  Epoch 1/1 | Step 15850/34883 | Loss 2.2852 | LR 9.01e-04
2026-05-14 18:53:18,944  INFO  Epoch 1/1 | Step 15860/34883 | Loss 2.2110 | LR 9.01e-04
2026-05-14 18:53:23,906  INFO  Epoch 1/1 | Step 15870/34883 | Loss 2.2786 | LR 9.01e-04
2026-05-14 18:53:28,860  INFO  Epoch 1/1 | Step 15880/34883 | Loss 2.1411 | LR 9.01e-04
2026-05-14 18:53:33,819  INFO  Epoch 1/1 | Step 15890/34883 | Loss 2.2020 | LR 9.01e-04
2026-05-14 18:53:38,780  INFO  Epoch 1/1 | Step 15900/34883 | Loss 2.1515 | LR 9.01e-04
2026-05-14 18:53:43,740  INFO  Epoch 1/1 | Step 15910/34883 | Loss 2.1654 | LR 9.01e-04
2026-05-14 18:53:48,706  INFO  Epoch 1/1 | Step 15920/34883 | Loss 2.3878 | LR 9.00e-04
2026-05-14 18:53:53,670  INFO  Epoch 1/1 | Step 15930/34883 | Loss 2.3428 | LR 9.00e-04
2026-05-14 18:53:58,618  INFO  Epoch 1/1 | Step 15940/34883 | Loss 2.2135 | LR 9.00e-04
2026-05-14 18:54:03,572  INFO  Epoch 1/1 | Step 15950/34883 | Loss 2.2265 | LR 9.00e-04
2026-05-14 18:54:08,529  INFO  Epoch 1/1 | Step 15960/34883 | Loss 2.0530 | LR 9.00e-04
2026-05-14 18:54:13,487  INFO  Epoch 1/1 | Step 15970/34883 | Loss 2.1954 | LR 9.00e-04
2026-05-14 18:54:18,443  INFO  Epoch 1/1 | Step 15980/34883 | Loss 2.1376 | LR 9.00e-04
2026-05-14 18:54:23,390  INFO  Epoch 1/1 | Step 15990/34883 | Loss 2.2315 | LR 8.99e-04
2026-05-14 18:54:28,353  INFO  Epoch 1/1 | Step 16000/34883 | Loss 2.3170 | LR 8.99e-04
2026-05-14 18:54:33,308  INFO  Epoch 1/1 | Step 16010/34883 | Loss 2.1749 | LR 8.99e-04
2026-05-14 18:54:38,267  INFO  Epoch 1/1 | Step 16020/34883 | Loss 2.2264 | LR 8.99e-04
2026-05-14 18:54:43,225  INFO  Epoch 1/1 | Step 16030/34883 | Loss 2.2128 | LR 8.99e-04
2026-05-14 18:54:48,188  INFO  Epoch 1/1 | Step 16040/34883 | Loss 2.2801 | LR 8.99e-04
2026-05-14 18:54:53,141  INFO  Epoch 1/1 | Step 16050/34883 | Loss 2.1789 | LR 8.99e-04
2026-05-14 18:54:58,113  INFO  Epoch 1/1 | Step 16060/34883 | Loss 2.2136 | LR 8.99e-04
2026-05-14 18:55:03,079  INFO  Epoch 1/1 | Step 16070/34883 | Loss 2.3211 | LR 8.98e-04
2026-05-14 18:55:08,039  INFO  Epoch 1/1 | Step 16080/34883 | Loss 2.3449 | LR 8.98e-04
2026-05-14 18:55:13,004  INFO  Epoch 1/1 | Step 16090/34883 | Loss 2.1559 | LR 8.98e-04
2026-05-14 18:55:17,957  INFO  Epoch 1/1 | Step 16100/34883 | Loss 2.1753 | LR 8.98e-04
2026-05-14 18:55:22,918  INFO  Epoch 1/1 | Step 16110/34883 | Loss 2.2692 | LR 8.98e-04
2026-05-14 18:55:27,880  INFO  Epoch 1/1 | Step 16120/34883 | Loss 2.1509 | LR 8.98e-04
2026-05-14 18:55:32,839  INFO  Epoch 1/1 | Step 16130/34883 | Loss 2.2348 | LR 8.98e-04
2026-05-14 18:55:37,798  INFO  Epoch 1/1 | Step 16140/34883 | Loss 2.2047 | LR 8.97e-04
2026-05-14 18:55:42,756  INFO  Epoch 1/1 | Step 16150/34883 | Loss 2.3429 | LR 8.97e-04
2026-05-14 18:55:47,716  INFO  Epoch 1/1 | Step 16160/34883 | Loss 2.0716 | LR 8.97e-04
2026-05-14 18:55:52,675  INFO  Epoch 1/1 | Step 16170/34883 | Loss 2.2284 | LR 8.97e-04
2026-05-14 18:55:57,631  INFO  Epoch 1/1 | Step 16180/34883 | Loss 2.3336 | LR 8.97e-04
2026-05-14 18:56:02,577  INFO  Epoch 1/1 | Step 16190/34883 | Loss 2.2169 | LR 8.97e-04
2026-05-14 18:56:07,532  INFO  Epoch 1/1 | Step 16200/34883 | Loss 2.4126 | LR 8.97e-04
2026-05-14 18:56:12,486  INFO  Epoch 1/1 | Step 16210/34883 | Loss 2.2137 | LR 8.96e-04
2026-05-14 18:56:17,444  INFO  Epoch 1/1 | Step 16220/34883 | Loss 2.2250 | LR 8.96e-04
2026-05-14 18:56:22,390  INFO  Epoch 1/1 | Step 16230/34883 | Loss 2.2300 | LR 8.96e-04
2026-05-14 18:56:27,338  INFO  Epoch 1/1 | Step 16240/34883 | Loss 2.1386 | LR 8.96e-04
2026-05-14 18:56:32,290  INFO  Epoch 1/1 | Step 16250/34883 | Loss 2.0275 | LR 8.96e-04
2026-05-14 18:56:37,251  INFO  Epoch 1/1 | Step 16260/34883 | Loss 2.1137 | LR 8.96e-04
2026-05-14 18:56:42,219  INFO  Epoch 1/1 | Step 16270/34883 | Loss 2.1468 | LR 8.96e-04
2026-05-14 18:56:47,176  INFO  Epoch 1/1 | Step 16280/34883 | Loss 2.2018 | LR 8.95e-04
2026-05-14 18:56:52,156  INFO  Epoch 1/1 | Step 16290/34883 | Loss 2.2418 | LR 8.95e-04
2026-05-14 18:56:57,120  INFO  Epoch 1/1 | Step 16300/34883 | Loss 2.1252 | LR 8.95e-04
2026-05-14 18:57:02,085  INFO  Epoch 1/1 | Step 16310/34883 | Loss 2.1523 | LR 8.95e-04
2026-05-14 18:57:07,056  INFO  Epoch 1/1 | Step 16320/34883 | Loss 2.1744 | LR 8.95e-04
2026-05-14 18:57:12,029  INFO  Epoch 1/1 | Step 16330/34883 | Loss 2.2570 | LR 8.95e-04
2026-05-14 18:57:16,991  INFO  Epoch 1/1 | Step 16340/34883 | Loss 2.2098 | LR 8.95e-04
2026-05-14 18:57:21,956  INFO  Epoch 1/1 | Step 16350/34883 | Loss 2.1065 | LR 8.94e-04
2026-05-14 18:57:26,917  INFO  Epoch 1/1 | Step 16360/34883 | Loss 2.1132 | LR 8.94e-04
2026-05-14 18:57:31,880  INFO  Epoch 1/1 | Step 16370/34883 | Loss 2.3692 | LR 8.94e-04
2026-05-14 18:57:36,842  INFO  Epoch 1/1 | Step 16380/34883 | Loss 2.0935 | LR 8.94e-04
2026-05-14 18:57:41,804  INFO  Epoch 1/1 | Step 16390/34883 | Loss 2.0481 | LR 8.94e-04
2026-05-14 18:57:46,761  INFO  Epoch 1/1 | Step 16400/34883 | Loss 2.1661 | LR 8.94e-04
2026-05-14 18:57:51,721  INFO  Epoch 1/1 | Step 16410/34883 | Loss 2.2265 | LR 8.94e-04
2026-05-14 18:57:56,684  INFO  Epoch 1/1 | Step 16420/34883 | Loss 2.3074 | LR 8.93e-04
2026-05-14 18:58:01,646  INFO  Epoch 1/1 | Step 16430/34883 | Loss 2.2401 | LR 8.93e-04
2026-05-14 18:58:06,597  INFO  Epoch 1/1 | Step 16440/34883 | Loss 2.2503 | LR 8.93e-04
2026-05-14 18:58:11,564  INFO  Epoch 1/1 | Step 16450/34883 | Loss 2.2626 | LR 8.93e-04
2026-05-14 18:58:16,519  INFO  Epoch 1/1 | Step 16460/34883 | Loss 2.3248 | LR 8.93e-04
2026-05-14 18:58:21,490  INFO  Epoch 1/1 | Step 16470/34883 | Loss 2.3751 | LR 8.93e-04
2026-05-14 18:58:26,447  INFO  Epoch 1/1 | Step 16480/34883 | Loss 2.0858 | LR 8.93e-04
2026-05-14 18:58:31,404  INFO  Epoch 1/1 | Step 16490/34883 | Loss 2.1982 | LR 8.92e-04
2026-05-14 18:58:36,362  INFO  Epoch 1/1 | Step 16500/34883 | Loss 2.1312 | LR 8.92e-04
2026-05-14 18:58:41,323  INFO  Epoch 1/1 | Step 16510/34883 | Loss 2.3219 | LR 8.92e-04
2026-05-14 18:58:46,283  INFO  Epoch 1/1 | Step 16520/34883 | Loss 2.2242 | LR 8.92e-04
2026-05-14 18:58:51,251  INFO  Epoch 1/1 | Step 16530/34883 | Loss 2.1422 | LR 8.92e-04
2026-05-14 18:58:56,208  INFO  Epoch 1/1 | Step 16540/34883 | Loss 2.1796 | LR 8.92e-04
2026-05-14 18:59:01,178  INFO  Epoch 1/1 | Step 16550/34883 | Loss 2.2882 | LR 8.92e-04
2026-05-14 18:59:06,155  INFO  Epoch 1/1 | Step 16560/34883 | Loss 2.2214 | LR 8.91e-04
2026-05-14 18:59:11,113  INFO  Epoch 1/1 | Step 16570/34883 | Loss 2.2598 | LR 8.91e-04
2026-05-14 18:59:16,088  INFO  Epoch 1/1 | Step 16580/34883 | Loss 2.2778 | LR 8.91e-04
2026-05-14 18:59:21,055  INFO  Epoch 1/1 | Step 16590/34883 | Loss 2.1163 | LR 8.91e-04
2026-05-14 18:59:26,026  INFO  Epoch 1/1 | Step 16600/34883 | Loss 2.1918 | LR 8.91e-04
2026-05-14 18:59:30,984  INFO  Epoch 1/1 | Step 16610/34883 | Loss 2.1412 | LR 8.91e-04
2026-05-14 18:59:35,947  INFO  Epoch 1/1 | Step 16620/34883 | Loss 2.2214 | LR 8.91e-04
2026-05-14 18:59:40,908  INFO  Epoch 1/1 | Step 16630/34883 | Loss 2.2586 | LR 8.90e-04
2026-05-14 18:59:45,869  INFO  Epoch 1/1 | Step 16640/34883 | Loss 2.1880 | LR 8.90e-04
2026-05-14 18:59:50,845  INFO  Epoch 1/1 | Step 16650/34883 | Loss 2.3461 | LR 8.90e-04
2026-05-14 18:59:55,805  INFO  Epoch 1/1 | Step 16660/34883 | Loss 2.1747 | LR 8.90e-04
2026-05-14 19:00:00,761  INFO  Epoch 1/1 | Step 16670/34883 | Loss 2.1279 | LR 8.90e-04
2026-05-14 19:00:05,721  INFO  Epoch 1/1 | Step 16680/34883 | Loss 2.1766 | LR 8.90e-04
2026-05-14 19:00:10,678  INFO  Epoch 1/1 | Step 16690/34883 | Loss 2.2594 | LR 8.90e-04
2026-05-14 19:00:15,635  INFO  Epoch 1/1 | Step 16700/34883 | Loss 2.2250 | LR 8.89e-04
2026-05-14 19:00:20,595  INFO  Epoch 1/1 | Step 16710/34883 | Loss 2.1684 | LR 8.89e-04
2026-05-14 19:00:25,551  INFO  Epoch 1/1 | Step 16720/34883 | Loss 2.3277 | LR 8.89e-04
2026-05-14 19:00:30,513  INFO  Epoch 1/1 | Step 16730/34883 | Loss 2.1886 | LR 8.89e-04
2026-05-14 19:00:35,468  INFO  Epoch 1/1 | Step 16740/34883 | Loss 2.1570 | LR 8.89e-04
2026-05-14 19:00:40,421  INFO  Epoch 1/1 | Step 16750/34883 | Loss 2.1505 | LR 8.89e-04
2026-05-14 19:00:45,381  INFO  Epoch 1/1 | Step 16760/34883 | Loss 2.1183 | LR 8.88e-04
2026-05-14 19:00:50,347  INFO  Epoch 1/1 | Step 16770/34883 | Loss 2.2486 | LR 8.88e-04
2026-05-14 19:00:55,316  INFO  Epoch 1/1 | Step 16780/34883 | Loss 2.1601 | LR 8.88e-04
2026-05-14 19:01:00,278  INFO  Epoch 1/1 | Step 16790/34883 | Loss 2.4197 | LR 8.88e-04
2026-05-14 19:01:05,227  INFO  Epoch 1/1 | Step 16800/34883 | Loss 2.1349 | LR 8.88e-04
2026-05-14 19:01:10,183  INFO  Epoch 1/1 | Step 16810/34883 | Loss 2.2280 | LR 8.88e-04
2026-05-14 19:01:15,139  INFO  Epoch 1/1 | Step 16820/34883 | Loss 2.1644 | LR 8.88e-04
2026-05-14 19:01:20,100  INFO  Epoch 1/1 | Step 16830/34883 | Loss 2.1683 | LR 8.87e-04
2026-05-14 19:01:25,072  INFO  Epoch 1/1 | Step 16840/34883 | Loss 2.3848 | LR 8.87e-04
2026-05-14 19:01:30,034  INFO  Epoch 1/1 | Step 16850/34883 | Loss 2.1487 | LR 8.87e-04
2026-05-14 19:01:35,007  INFO  Epoch 1/1 | Step 16860/34883 | Loss 2.4791 | LR 8.87e-04
2026-05-14 19:01:39,970  INFO  Epoch 1/1 | Step 16870/34883 | Loss 2.1941 | LR 8.87e-04
2026-05-14 19:01:44,942  INFO  Epoch 1/1 | Step 16880/34883 | Loss 2.2413 | LR 8.87e-04
2026-05-14 19:01:49,905  INFO  Epoch 1/1 | Step 16890/34883 | Loss 2.2130 | LR 8.87e-04
2026-05-14 19:01:54,862  INFO  Epoch 1/1 | Step 16900/34883 | Loss 2.0157 | LR 8.86e-04
2026-05-14 19:01:59,822  INFO  Epoch 1/1 | Step 16910/34883 | Loss 2.2987 | LR 8.86e-04
2026-05-14 19:02:04,785  INFO  Epoch 1/1 | Step 16920/34883 | Loss 2.1895 | LR 8.86e-04
2026-05-14 19:02:09,740  INFO  Epoch 1/1 | Step 16930/34883 | Loss 2.2244 | LR 8.86e-04
2026-05-14 19:02:14,693  INFO  Epoch 1/1 | Step 16940/34883 | Loss 2.2692 | LR 8.86e-04
2026-05-14 19:02:19,650  INFO  Epoch 1/1 | Step 16950/34883 | Loss 2.2303 | LR 8.86e-04
2026-05-14 19:02:24,611  INFO  Epoch 1/1 | Step 16960/34883 | Loss 2.2506 | LR 8.86e-04
2026-05-14 19:02:29,560  INFO  Epoch 1/1 | Step 16970/34883 | Loss 1.9977 | LR 8.85e-04
2026-05-14 19:02:34,528  INFO  Epoch 1/1 | Step 16980/34883 | Loss 2.2107 | LR 8.85e-04
2026-05-14 19:02:39,502  INFO  Epoch 1/1 | Step 16990/34883 | Loss 2.2068 | LR 8.85e-04
2026-05-14 19:02:44,460  INFO  Epoch 1/1 | Step 17000/34883 | Loss 2.0506 | LR 8.85e-04
2026-05-14 19:02:49,412  INFO  Epoch 1/1 | Step 17010/34883 | Loss 2.2139 | LR 8.85e-04
2026-05-14 19:02:54,363  INFO  Epoch 1/1 | Step 17020/34883 | Loss 2.4925 | LR 8.85e-04
2026-05-14 19:02:59,316  INFO  Epoch 1/1 | Step 17030/34883 | Loss 2.2329 | LR 8.85e-04
2026-05-14 19:03:04,267  INFO  Epoch 1/1 | Step 17040/34883 | Loss 2.3387 | LR 8.84e-04
2026-05-14 19:03:09,218  INFO  Epoch 1/1 | Step 17050/34883 | Loss 2.4574 | LR 8.84e-04
2026-05-14 19:03:14,177  INFO  Epoch 1/1 | Step 17060/34883 | Loss 2.3221 | LR 8.84e-04
2026-05-14 19:03:19,123  INFO  Epoch 1/1 | Step 17070/34883 | Loss 2.2882 | LR 8.84e-04
2026-05-14 19:03:24,082  INFO  Epoch 1/1 | Step 17080/34883 | Loss 2.3102 | LR 8.84e-04
2026-05-14 19:03:29,040  INFO  Epoch 1/1 | Step 17090/34883 | Loss 2.2052 | LR 8.84e-04
2026-05-14 19:03:33,995  INFO  Epoch 1/1 | Step 17100/34883 | Loss 2.2574 | LR 8.83e-04
2026-05-14 19:03:38,947  INFO  Epoch 1/1 | Step 17110/34883 | Loss 2.3101 | LR 8.83e-04
2026-05-14 19:03:43,895  INFO  Epoch 1/1 | Step 17120/34883 | Loss 2.2762 | LR 8.83e-04
2026-05-14 19:03:48,845  INFO  Epoch 1/1 | Step 17130/34883 | Loss 2.3261 | LR 8.83e-04
2026-05-14 19:03:53,805  INFO  Epoch 1/1 | Step 17140/34883 | Loss 2.2052 | LR 8.83e-04
2026-05-14 19:03:58,759  INFO  Epoch 1/1 | Step 17150/34883 | Loss 2.2720 | LR 8.83e-04
2026-05-14 19:04:03,718  INFO  Epoch 1/1 | Step 17160/34883 | Loss 2.2298 | LR 8.83e-04
2026-05-14 19:04:08,668  INFO  Epoch 1/1 | Step 17170/34883 | Loss 2.1753 | LR 8.82e-04
2026-05-14 19:04:13,628  INFO  Epoch 1/1 | Step 17180/34883 | Loss 2.2445 | LR 8.82e-04
2026-05-14 19:04:18,579  INFO  Epoch 1/1 | Step 17190/34883 | Loss 2.2476 | LR 8.82e-04
2026-05-14 19:04:23,541  INFO  Epoch 1/1 | Step 17200/34883 | Loss 2.2241 | LR 8.82e-04
2026-05-14 19:04:28,506  INFO  Epoch 1/1 | Step 17210/34883 | Loss 2.0287 | LR 8.82e-04
2026-05-14 19:04:33,468  INFO  Epoch 1/1 | Step 17220/34883 | Loss 2.1571 | LR 8.82e-04
2026-05-14 19:04:38,430  INFO  Epoch 1/1 | Step 17230/34883 | Loss 2.1918 | LR 8.82e-04
2026-05-14 19:04:43,377  INFO  Epoch 1/1 | Step 17240/34883 | Loss 2.2575 | LR 8.81e-04
2026-05-14 19:04:48,332  INFO  Epoch 1/1 | Step 17250/34883 | Loss 2.3799 | LR 8.81e-04
2026-05-14 19:04:53,289  INFO  Epoch 1/1 | Step 17260/34883 | Loss 2.2020 | LR 8.81e-04
2026-05-14 19:04:58,238  INFO  Epoch 1/1 | Step 17270/34883 | Loss 2.3469 | LR 8.81e-04
2026-05-14 19:05:03,196  INFO  Epoch 1/1 | Step 17280/34883 | Loss 2.1918 | LR 8.81e-04
2026-05-14 19:05:08,145  INFO  Epoch 1/1 | Step 17290/34883 | Loss 2.2601 | LR 8.81e-04
2026-05-14 19:05:13,100  INFO  Epoch 1/1 | Step 17300/34883 | Loss 2.1596 | LR 8.80e-04
2026-05-14 19:05:18,057  INFO  Epoch 1/1 | Step 17310/34883 | Loss 2.3126 | LR 8.80e-04
2026-05-14 19:05:23,016  INFO  Epoch 1/1 | Step 17320/34883 | Loss 2.1755 | LR 8.80e-04
2026-05-14 19:05:27,973  INFO  Epoch 1/1 | Step 17330/34883 | Loss 2.2686 | LR 8.80e-04
2026-05-14 19:05:32,919  INFO  Epoch 1/1 | Step 17340/34883 | Loss 2.2757 | LR 8.80e-04
2026-05-14 19:05:37,877  INFO  Epoch 1/1 | Step 17350/34883 | Loss 2.1424 | LR 8.80e-04
2026-05-14 19:05:42,832  INFO  Epoch 1/1 | Step 17360/34883 | Loss 2.1565 | LR 8.80e-04
2026-05-14 19:05:47,767  INFO  Epoch 1/1 | Step 17370/34883 | Loss 2.2204 | LR 8.79e-04
2026-05-14 19:05:52,714  INFO  Epoch 1/1 | Step 17380/34883 | Loss 2.2250 | LR 8.79e-04
2026-05-14 19:05:57,661  INFO  Epoch 1/1 | Step 17390/34883 | Loss 1.9655 | LR 8.79e-04
2026-05-14 19:06:02,604  INFO  Epoch 1/1 | Step 17400/34883 | Loss 2.1665 | LR 8.79e-04
2026-05-14 19:06:07,547  INFO  Epoch 1/1 | Step 17410/34883 | Loss 2.2610 | LR 8.79e-04
2026-05-14 19:06:12,492  INFO  Epoch 1/1 | Step 17420/34883 | Loss 2.0672 | LR 8.79e-04
2026-05-14 19:06:17,443  INFO  Epoch 1/1 | Step 17430/34883 | Loss 2.0983 | LR 8.79e-04
2026-05-14 19:06:22,397  INFO  Epoch 1/1 | Step 17440/34883 | Loss 2.3343 | LR 8.78e-04
2026-05-14 19:06:27,344  INFO  Epoch 1/1 | Step 17450/34883 | Loss 2.2016 | LR 8.78e-04
2026-05-14 19:06:32,300  INFO  Epoch 1/1 | Step 17460/34883 | Loss 2.3251 | LR 8.78e-04
2026-05-14 19:06:37,266  INFO  Epoch 1/1 | Step 17470/34883 | Loss 2.4062 | LR 8.78e-04
2026-05-14 19:06:42,237  INFO  Epoch 1/1 | Step 17480/34883 | Loss 2.1864 | LR 8.78e-04
2026-05-14 19:06:47,214  INFO  Epoch 1/1 | Step 17490/34883 | Loss 2.1871 | LR 8.78e-04
2026-05-14 19:06:52,192  INFO  Epoch 1/1 | Step 17500/34883 | Loss 2.0685 | LR 8.77e-04
2026-05-14 19:06:57,149  INFO  Epoch 1/1 | Step 17510/34883 | Loss 2.1504 | LR 8.77e-04
2026-05-14 19:07:02,126  INFO  Epoch 1/1 | Step 17520/34883 | Loss 2.3950 | LR 8.77e-04
2026-05-14 19:07:07,100  INFO  Epoch 1/1 | Step 17530/34883 | Loss 2.2653 | LR 8.77e-04
2026-05-14 19:07:12,065  INFO  Epoch 1/1 | Step 17540/34883 | Loss 2.2195 | LR 8.77e-04
2026-05-14 19:07:17,025  INFO  Epoch 1/1 | Step 17550/34883 | Loss 2.1115 | LR 8.77e-04
2026-05-14 19:07:21,983  INFO  Epoch 1/1 | Step 17560/34883 | Loss 2.1211 | LR 8.77e-04
2026-05-14 19:07:26,941  INFO  Epoch 1/1 | Step 17570/34883 | Loss 2.4851 | LR 8.76e-04
2026-05-14 19:07:31,899  INFO  Epoch 1/1 | Step 17580/34883 | Loss 2.1545 | LR 8.76e-04
2026-05-14 19:07:36,855  INFO  Epoch 1/1 | Step 17590/34883 | Loss 2.1926 | LR 8.76e-04
2026-05-14 19:07:41,816  INFO  Epoch 1/1 | Step 17600/34883 | Loss 1.9691 | LR 8.76e-04
2026-05-14 19:07:46,776  INFO  Epoch 1/1 | Step 17610/34883 | Loss 2.0725 | LR 8.76e-04
2026-05-14 19:07:51,738  INFO  Epoch 1/1 | Step 17620/34883 | Loss 2.1206 | LR 8.76e-04
2026-05-14 19:07:56,711  INFO  Epoch 1/1 | Step 17630/34883 | Loss 2.0868 | LR 8.75e-04
2026-05-14 19:08:01,671  INFO  Epoch 1/1 | Step 17640/34883 | Loss 2.2181 | LR 8.75e-04
2026-05-14 19:08:06,630  INFO  Epoch 1/1 | Step 17650/34883 | Loss 2.3509 | LR 8.75e-04
2026-05-14 19:08:11,596  INFO  Epoch 1/1 | Step 17660/34883 | Loss 2.2494 | LR 8.75e-04
2026-05-14 19:08:16,563  INFO  Epoch 1/1 | Step 17670/34883 | Loss 2.2111 | LR 8.75e-04
2026-05-14 19:08:21,523  INFO  Epoch 1/1 | Step 17680/34883 | Loss 2.3372 | LR 8.75e-04
2026-05-14 19:08:26,488  INFO  Epoch 1/1 | Step 17690/34883 | Loss 2.2457 | LR 8.75e-04
2026-05-14 19:08:31,457  INFO  Epoch 1/1 | Step 17700/34883 | Loss 2.1875 | LR 8.74e-04
2026-05-14 19:08:36,428  INFO  Epoch 1/1 | Step 17710/34883 | Loss 2.0648 | LR 8.74e-04
2026-05-14 19:08:41,381  INFO  Epoch 1/1 | Step 17720/34883 | Loss 2.1699 | LR 8.74e-04
2026-05-14 19:08:46,351  INFO  Epoch 1/1 | Step 17730/34883 | Loss 2.2519 | LR 8.74e-04
2026-05-14 19:08:51,314  INFO  Epoch 1/1 | Step 17740/34883 | Loss 2.2042 | LR 8.74e-04
2026-05-14 19:08:56,279  INFO  Epoch 1/1 | Step 17750/34883 | Loss 2.2045 | LR 8.74e-04
2026-05-14 19:09:01,232  INFO  Epoch 1/1 | Step 17760/34883 | Loss 2.1635 | LR 8.73e-04
2026-05-14 19:09:06,186  INFO  Epoch 1/1 | Step 17770/34883 | Loss 2.1321 | LR 8.73e-04
2026-05-14 19:09:11,144  INFO  Epoch 1/1 | Step 17780/34883 | Loss 2.2573 | LR 8.73e-04
2026-05-14 19:09:16,104  INFO  Epoch 1/1 | Step 17790/34883 | Loss 2.3961 | LR 8.73e-04
2026-05-14 19:09:21,071  INFO  Epoch 1/1 | Step 17800/34883 | Loss 2.2439 | LR 8.73e-04
2026-05-14 19:09:26,036  INFO  Epoch 1/1 | Step 17810/34883 | Loss 2.1492 | LR 8.73e-04
2026-05-14 19:09:30,984  INFO  Epoch 1/1 | Step 17820/34883 | Loss 2.2263 | LR 8.73e-04
2026-05-14 19:09:35,943  INFO  Epoch 1/1 | Step 17830/34883 | Loss 2.1941 | LR 8.72e-04
2026-05-14 19:09:40,901  INFO  Epoch 1/1 | Step 17840/34883 | Loss 2.2090 | LR 8.72e-04
2026-05-14 19:09:45,860  INFO  Epoch 1/1 | Step 17850/34883 | Loss 2.2191 | LR 8.72e-04
2026-05-14 19:09:50,824  INFO  Epoch 1/1 | Step 17860/34883 | Loss 2.2658 | LR 8.72e-04
2026-05-14 19:09:55,788  INFO  Epoch 1/1 | Step 17870/34883 | Loss 2.1819 | LR 8.72e-04
2026-05-14 19:10:00,751  INFO  Epoch 1/1 | Step 17880/34883 | Loss 2.1409 | LR 8.72e-04
2026-05-14 19:10:05,712  INFO  Epoch 1/1 | Step 17890/34883 | Loss 2.1762 | LR 8.71e-04
2026-05-14 19:10:10,671  INFO  Epoch 1/1 | Step 17900/34883 | Loss 2.2056 | LR 8.71e-04
2026-05-14 19:10:15,631  INFO  Epoch 1/1 | Step 17910/34883 | Loss 2.2287 | LR 8.71e-04
2026-05-14 19:10:20,591  INFO  Epoch 1/1 | Step 17920/34883 | Loss 2.1315 | LR 8.71e-04
2026-05-14 19:10:25,554  INFO  Epoch 1/1 | Step 17930/34883 | Loss 2.2231 | LR 8.71e-04
2026-05-14 19:10:30,524  INFO  Epoch 1/1 | Step 17940/34883 | Loss 2.2005 | LR 8.71e-04
2026-05-14 19:10:35,491  INFO  Epoch 1/1 | Step 17950/34883 | Loss 2.3300 | LR 8.71e-04
2026-05-14 19:10:40,451  INFO  Epoch 1/1 | Step 17960/34883 | Loss 2.1371 | LR 8.70e-04
2026-05-14 19:10:45,405  INFO  Epoch 1/1 | Step 17970/34883 | Loss 2.2425 | LR 8.70e-04
2026-05-14 19:10:50,360  INFO  Epoch 1/1 | Step 17980/34883 | Loss 2.2101 | LR 8.70e-04
2026-05-14 19:10:55,318  INFO  Epoch 1/1 | Step 17990/34883 | Loss 2.1204 | LR 8.70e-04
2026-05-14 19:11:00,273  INFO  Epoch 1/1 | Step 18000/34883 | Loss 2.3440 | LR 8.70e-04
2026-05-14 19:11:05,228  INFO  Epoch 1/1 | Step 18010/34883 | Loss 2.0774 | LR 8.70e-04
2026-05-14 19:11:10,186  INFO  Epoch 1/1 | Step 18020/34883 | Loss 2.0719 | LR 8.69e-04
2026-05-14 19:11:15,130  INFO  Epoch 1/1 | Step 18030/34883 | Loss 2.1117 | LR 8.69e-04
2026-05-14 19:11:20,084  INFO  Epoch 1/1 | Step 18040/34883 | Loss 2.1581 | LR 8.69e-04
2026-05-14 19:11:25,041  INFO  Epoch 1/1 | Step 18050/34883 | Loss 2.2074 | LR 8.69e-04
2026-05-14 19:11:29,993  INFO  Epoch 1/1 | Step 18060/34883 | Loss 2.2804 | LR 8.69e-04
2026-05-14 19:11:34,955  INFO  Epoch 1/1 | Step 18070/34883 | Loss 2.3886 | LR 8.69e-04
2026-05-14 19:11:39,923  INFO  Epoch 1/1 | Step 18080/34883 | Loss 2.1499 | LR 8.68e-04
2026-05-14 19:11:44,892  INFO  Epoch 1/1 | Step 18090/34883 | Loss 2.2170 | LR 8.68e-04
2026-05-14 19:11:49,859  INFO  Epoch 1/1 | Step 18100/34883 | Loss 2.3808 | LR 8.68e-04
2026-05-14 19:11:54,820  INFO  Epoch 1/1 | Step 18110/34883 | Loss 2.1251 | LR 8.68e-04
2026-05-14 19:11:59,776  INFO  Epoch 1/1 | Step 18120/34883 | Loss 2.4526 | LR 8.68e-04
2026-05-14 19:12:04,739  INFO  Epoch 1/1 | Step 18130/34883 | Loss 2.1677 | LR 8.68e-04
2026-05-14 19:12:09,702  INFO  Epoch 1/1 | Step 18140/34883 | Loss 2.2140 | LR 8.68e-04
2026-05-14 19:12:14,659  INFO  Epoch 1/1 | Step 18150/34883 | Loss 2.2632 | LR 8.67e-04
2026-05-14 19:12:19,617  INFO  Epoch 1/1 | Step 18160/34883 | Loss 2.0531 | LR 8.67e-04
2026-05-14 19:12:24,565  INFO  Epoch 1/1 | Step 18170/34883 | Loss 2.1472 | LR 8.67e-04
2026-05-14 19:12:29,512  INFO  Epoch 1/1 | Step 18180/34883 | Loss 2.3002 | LR 8.67e-04
2026-05-14 19:12:34,468  INFO  Epoch 1/1 | Step 18190/34883 | Loss 2.2803 | LR 8.67e-04
2026-05-14 19:12:39,438  INFO  Epoch 1/1 | Step 18200/34883 | Loss 2.2778 | LR 8.67e-04
2026-05-14 19:12:44,394  INFO  Epoch 1/1 | Step 18210/34883 | Loss 2.1014 | LR 8.66e-04
2026-05-14 19:12:49,343  INFO  Epoch 1/1 | Step 18220/34883 | Loss 2.1985 | LR 8.66e-04
2026-05-14 19:12:54,303  INFO  Epoch 1/1 | Step 18230/34883 | Loss 2.2450 | LR 8.66e-04
2026-05-14 19:12:59,256  INFO  Epoch 1/1 | Step 18240/34883 | Loss 2.1729 | LR 8.66e-04
2026-05-14 19:13:04,213  INFO  Epoch 1/1 | Step 18250/34883 | Loss 2.2157 | LR 8.66e-04
2026-05-14 19:13:09,157  INFO  Epoch 1/1 | Step 18260/34883 | Loss 2.2722 | LR 8.66e-04
2026-05-14 19:13:14,104  INFO  Epoch 1/1 | Step 18270/34883 | Loss 2.2563 | LR 8.65e-04
2026-05-14 19:13:19,052  INFO  Epoch 1/1 | Step 18280/34883 | Loss 2.1569 | LR 8.65e-04
2026-05-14 19:13:24,007  INFO  Epoch 1/1 | Step 18290/34883 | Loss 2.1484 | LR 8.65e-04
2026-05-14 19:13:28,972  INFO  Epoch 1/1 | Step 18300/34883 | Loss 2.1225 | LR 8.65e-04
2026-05-14 19:13:33,943  INFO  Epoch 1/1 | Step 18310/34883 | Loss 2.2515 | LR 8.65e-04
2026-05-14 19:13:38,898  INFO  Epoch 1/1 | Step 18320/34883 | Loss 2.1715 | LR 8.65e-04
2026-05-14 19:13:43,853  INFO  Epoch 1/1 | Step 18330/34883 | Loss 2.2440 | LR 8.65e-04
2026-05-14 19:13:48,811  INFO  Epoch 1/1 | Step 18340/34883 | Loss 2.1699 | LR 8.64e-04
2026-05-14 19:13:53,768  INFO  Epoch 1/1 | Step 18350/34883 | Loss 2.0372 | LR 8.64e-04
2026-05-14 19:13:58,733  INFO  Epoch 1/1 | Step 18360/34883 | Loss 2.3249 | LR 8.64e-04
2026-05-14 19:14:03,693  INFO  Epoch 1/1 | Step 18370/34883 | Loss 2.0897 | LR 8.64e-04
2026-05-14 19:14:08,642  INFO  Epoch 1/1 | Step 18380/34883 | Loss 2.1029 | LR 8.64e-04
2026-05-14 19:14:13,612  INFO  Epoch 1/1 | Step 18390/34883 | Loss 2.2410 | LR 8.64e-04
2026-05-14 19:14:18,576  INFO  Epoch 1/1 | Step 18400/34883 | Loss 2.1354 | LR 8.63e-04
2026-05-14 19:14:23,545  INFO  Epoch 1/1 | Step 18410/34883 | Loss 2.1862 | LR 8.63e-04
2026-05-14 19:14:28,513  INFO  Epoch 1/1 | Step 18420/34883 | Loss 2.3343 | LR 8.63e-04
2026-05-14 19:14:33,468  INFO  Epoch 1/1 | Step 18430/34883 | Loss 2.2499 | LR 8.63e-04
2026-05-14 19:14:38,435  INFO  Epoch 1/1 | Step 18440/34883 | Loss 2.3812 | LR 8.63e-04
2026-05-14 19:14:43,397  INFO  Epoch 1/1 | Step 18450/34883 | Loss 2.0875 | LR 8.63e-04
2026-05-14 19:14:48,361  INFO  Epoch 1/1 | Step 18460/34883 | Loss 2.2683 | LR 8.62e-04
2026-05-14 19:14:53,332  INFO  Epoch 1/1 | Step 18470/34883 | Loss 2.1677 | LR 8.62e-04
2026-05-14 19:14:58,288  INFO  Epoch 1/1 | Step 18480/34883 | Loss 2.3072 | LR 8.62e-04
2026-05-14 19:15:03,259  INFO  Epoch 1/1 | Step 18490/34883 | Loss 2.2864 | LR 8.62e-04
2026-05-14 19:15:08,220  INFO  Epoch 1/1 | Step 18500/34883 | Loss 2.2404 | LR 8.62e-04
2026-05-14 19:15:13,178  INFO  Epoch 1/1 | Step 18510/34883 | Loss 2.2417 | LR 8.62e-04
2026-05-14 19:15:18,145  INFO  Epoch 1/1 | Step 18520/34883 | Loss 2.1955 | LR 8.62e-04
2026-05-14 19:15:23,115  INFO  Epoch 1/1 | Step 18530/34883 | Loss 2.1980 | LR 8.61e-04
2026-05-14 19:15:28,070  INFO  Epoch 1/1 | Step 18540/34883 | Loss 2.1612 | LR 8.61e-04
2026-05-14 19:15:33,034  INFO  Epoch 1/1 | Step 18550/34883 | Loss 2.1659 | LR 8.61e-04
2026-05-14 19:15:37,991  INFO  Epoch 1/1 | Step 18560/34883 | Loss 2.1349 | LR 8.61e-04
2026-05-14 19:15:42,961  INFO  Epoch 1/1 | Step 18570/34883 | Loss 2.1171 | LR 8.61e-04
2026-05-14 19:15:47,924  INFO  Epoch 1/1 | Step 18580/34883 | Loss 2.2976 | LR 8.61e-04
2026-05-14 19:15:52,893  INFO  Epoch 1/1 | Step 18590/34883 | Loss 2.0978 | LR 8.60e-04
2026-05-14 19:15:57,860  INFO  Epoch 1/1 | Step 18600/34883 | Loss 2.1301 | LR 8.60e-04
2026-05-14 19:16:02,825  INFO  Epoch 1/1 | Step 18610/34883 | Loss 2.3044 | LR 8.60e-04
2026-05-14 19:16:07,786  INFO  Epoch 1/1 | Step 18620/34883 | Loss 2.0280 | LR 8.60e-04
2026-05-14 19:16:12,755  INFO  Epoch 1/1 | Step 18630/34883 | Loss 2.2054 | LR 8.60e-04
2026-05-14 19:16:17,725  INFO  Epoch 1/1 | Step 18640/34883 | Loss 2.1608 | LR 8.60e-04
2026-05-14 19:16:22,689  INFO  Epoch 1/1 | Step 18650/34883 | Loss 2.2172 | LR 8.59e-04
2026-05-14 19:16:27,641  INFO  Epoch 1/1 | Step 18660/34883 | Loss 2.2568 | LR 8.59e-04
2026-05-14 19:16:32,601  INFO  Epoch 1/1 | Step 18670/34883 | Loss 2.1714 | LR 8.59e-04
2026-05-14 19:16:37,567  INFO  Epoch 1/1 | Step 18680/34883 | Loss 2.2076 | LR 8.59e-04
2026-05-14 19:16:42,534  INFO  Epoch 1/1 | Step 18690/34883 | Loss 2.0751 | LR 8.59e-04
2026-05-14 19:16:47,500  INFO  Epoch 1/1 | Step 18700/34883 | Loss 2.1410 | LR 8.59e-04
2026-05-14 19:16:52,455  INFO  Epoch 1/1 | Step 18710/34883 | Loss 2.4412 | LR 8.58e-04
2026-05-14 19:16:57,422  INFO  Epoch 1/1 | Step 18720/34883 | Loss 2.2137 | LR 8.58e-04
2026-05-14 19:17:02,376  INFO  Epoch 1/1 | Step 18730/34883 | Loss 2.2100 | LR 8.58e-04
2026-05-14 19:17:07,337  INFO  Epoch 1/1 | Step 18740/34883 | Loss 2.2021 | LR 8.58e-04
2026-05-14 19:17:12,294  INFO  Epoch 1/1 | Step 18750/34883 | Loss 2.0820 | LR 8.58e-04
2026-05-14 19:17:17,238  INFO  Epoch 1/1 | Step 18760/34883 | Loss 2.2290 | LR 8.58e-04
2026-05-14 19:17:22,188  INFO  Epoch 1/1 | Step 18770/34883 | Loss 2.0525 | LR 8.57e-04
2026-05-14 19:17:27,141  INFO  Epoch 1/1 | Step 18780/34883 | Loss 2.1155 | LR 8.57e-04
2026-05-14 19:17:32,091  INFO  Epoch 1/1 | Step 18790/34883 | Loss 2.1915 | LR 8.57e-04
2026-05-14 19:17:37,048  INFO  Epoch 1/1 | Step 18800/34883 | Loss 2.1942 | LR 8.57e-04
2026-05-14 19:17:42,007  INFO  Epoch 1/1 | Step 18810/34883 | Loss 2.2487 | LR 8.57e-04
2026-05-14 19:17:46,962  INFO  Epoch 1/1 | Step 18820/34883 | Loss 2.1726 | LR 8.57e-04
2026-05-14 19:17:51,909  INFO  Epoch 1/1 | Step 18830/34883 | Loss 1.9866 | LR 8.57e-04
2026-05-14 19:17:56,855  INFO  Epoch 1/1 | Step 18840/34883 | Loss 2.1179 | LR 8.56e-04
2026-05-14 19:18:01,802  INFO  Epoch 1/1 | Step 18850/34883 | Loss 2.2186 | LR 8.56e-04
2026-05-14 19:18:06,753  INFO  Epoch 1/1 | Step 18860/34883 | Loss 2.1837 | LR 8.56e-04
2026-05-14 19:18:11,709  INFO  Epoch 1/1 | Step 18870/34883 | Loss 2.1424 | LR 8.56e-04
2026-05-14 19:18:16,656  INFO  Epoch 1/1 | Step 18880/34883 | Loss 2.1154 | LR 8.56e-04
2026-05-14 19:18:21,614  INFO  Epoch 1/1 | Step 18890/34883 | Loss 2.2285 | LR 8.56e-04
2026-05-14 19:18:26,572  INFO  Epoch 1/1 | Step 18900/34883 | Loss 2.1920 | LR 8.55e-04
2026-05-14 19:18:31,532  INFO  Epoch 1/1 | Step 18910/34883 | Loss 2.0093 | LR 8.55e-04
2026-05-14 19:18:36,490  INFO  Epoch 1/1 | Step 18920/34883 | Loss 2.1620 | LR 8.55e-04
2026-05-14 19:18:41,459  INFO  Epoch 1/1 | Step 18930/34883 | Loss 2.2376 | LR 8.55e-04
2026-05-14 19:18:46,420  INFO  Epoch 1/1 | Step 18940/34883 | Loss 2.1421 | LR 8.55e-04
2026-05-14 19:18:51,384  INFO  Epoch 1/1 | Step 18950/34883 | Loss 2.2325 | LR 8.55e-04
2026-05-14 19:18:56,338  INFO  Epoch 1/1 | Step 18960/34883 | Loss 2.1934 | LR 8.54e-04
2026-05-14 19:19:01,280  INFO  Epoch 1/1 | Step 18970/34883 | Loss 2.0501 | LR 8.54e-04
2026-05-14 19:19:06,244  INFO  Epoch 1/1 | Step 18980/34883 | Loss 2.3403 | LR 8.54e-04
2026-05-14 19:19:11,213  INFO  Epoch 1/1 | Step 18990/34883 | Loss 2.1497 | LR 8.54e-04
2026-05-14 19:19:16,181  INFO  Epoch 1/1 | Step 19000/34883 | Loss 2.1485 | LR 8.54e-04
2026-05-14 19:19:21,143  INFO  Epoch 1/1 | Step 19010/34883 | Loss 2.1288 | LR 8.54e-04
2026-05-14 19:19:26,103  INFO  Epoch 1/1 | Step 19020/34883 | Loss 2.1626 | LR 8.53e-04
2026-05-14 19:19:31,064  INFO  Epoch 1/1 | Step 19030/34883 | Loss 2.0268 | LR 8.53e-04
2026-05-14 19:19:36,027  INFO  Epoch 1/1 | Step 19040/34883 | Loss 2.2208 | LR 8.53e-04
2026-05-14 19:19:40,989  INFO  Epoch 1/1 | Step 19050/34883 | Loss 2.1153 | LR 8.53e-04
2026-05-14 19:19:45,946  INFO  Epoch 1/1 | Step 19060/34883 | Loss 2.1303 | LR 8.53e-04
2026-05-14 19:19:50,892  INFO  Epoch 1/1 | Step 19070/34883 | Loss 2.1747 | LR 8.53e-04
2026-05-14 19:19:55,844  INFO  Epoch 1/1 | Step 19080/34883 | Loss 2.2175 | LR 8.52e-04
2026-05-14 19:20:00,803  INFO  Epoch 1/1 | Step 19090/34883 | Loss 2.1275 | LR 8.52e-04
2026-05-14 19:20:05,762  INFO  Epoch 1/1 | Step 19100/34883 | Loss 2.0975 | LR 8.52e-04
2026-05-14 19:20:10,712  INFO  Epoch 1/1 | Step 19110/34883 | Loss 2.1460 | LR 8.52e-04
2026-05-14 19:20:15,663  INFO  Epoch 1/1 | Step 19120/34883 | Loss 2.1796 | LR 8.52e-04
2026-05-14 19:20:20,608  INFO  Epoch 1/1 | Step 19130/34883 | Loss 2.2129 | LR 8.52e-04
2026-05-14 19:20:25,561  INFO  Epoch 1/1 | Step 19140/34883 | Loss 2.1440 | LR 8.51e-04
2026-05-14 19:20:30,535  INFO  Epoch 1/1 | Step 19150/34883 | Loss 2.1436 | LR 8.51e-04
2026-05-14 19:20:35,504  INFO  Epoch 1/1 | Step 19160/34883 | Loss 2.2897 | LR 8.51e-04
2026-05-14 19:20:40,478  INFO  Epoch 1/1 | Step 19170/34883 | Loss 2.3572 | LR 8.51e-04
2026-05-14 19:20:45,446  INFO  Epoch 1/1 | Step 19180/34883 | Loss 2.2753 | LR 8.51e-04
2026-05-14 19:20:50,412  INFO  Epoch 1/1 | Step 19190/34883 | Loss 2.2005 | LR 8.51e-04
2026-05-14 19:20:55,368  INFO  Epoch 1/1 | Step 19200/34883 | Loss 2.0921 | LR 8.50e-04
2026-05-14 19:21:00,325  INFO  Epoch 1/1 | Step 19210/34883 | Loss 2.4524 | LR 8.50e-04
2026-05-14 19:21:05,283  INFO  Epoch 1/1 | Step 19220/34883 | Loss 2.1791 | LR 8.50e-04
2026-05-14 19:21:10,236  INFO  Epoch 1/1 | Step 19230/34883 | Loss 2.2200 | LR 8.50e-04
2026-05-14 19:21:15,191  INFO  Epoch 1/1 | Step 19240/34883 | Loss 2.2009 | LR 8.50e-04
2026-05-14 19:21:20,147  INFO  Epoch 1/1 | Step 19250/34883 | Loss 2.2687 | LR 8.50e-04
2026-05-14 19:21:25,112  INFO  Epoch 1/1 | Step 19260/34883 | Loss 2.1488 | LR 8.49e-04
2026-05-14 19:21:30,073  INFO  Epoch 1/1 | Step 19270/34883 | Loss 2.2053 | LR 8.49e-04
2026-05-14 19:21:35,032  INFO  Epoch 1/1 | Step 19280/34883 | Loss 2.0861 | LR 8.49e-04
2026-05-14 19:21:39,991  INFO  Epoch 1/1 | Step 19290/34883 | Loss 2.2547 | LR 8.49e-04
2026-05-14 19:21:44,936  INFO  Epoch 1/1 | Step 19300/34883 | Loss 2.2441 | LR 8.49e-04
2026-05-14 19:21:49,897  INFO  Epoch 1/1 | Step 19310/34883 | Loss 2.2090 | LR 8.49e-04
2026-05-14 19:21:54,852  INFO  Epoch 1/1 | Step 19320/34883 | Loss 2.1471 | LR 8.48e-04
2026-05-14 19:21:59,792  INFO  Epoch 1/1 | Step 19330/34883 | Loss 2.3103 | LR 8.48e-04
2026-05-14 19:22:04,744  INFO  Epoch 1/1 | Step 19340/34883 | Loss 2.2306 | LR 8.48e-04
2026-05-14 19:22:09,692  INFO  Epoch 1/1 | Step 19350/34883 | Loss 2.0612 | LR 8.48e-04
2026-05-14 19:22:14,646  INFO  Epoch 1/1 | Step 19360/34883 | Loss 2.1370 | LR 8.48e-04
2026-05-14 19:22:19,607  INFO  Epoch 1/1 | Step 19370/34883 | Loss 2.1922 | LR 8.48e-04
2026-05-14 19:22:24,582  INFO  Epoch 1/1 | Step 19380/34883 | Loss 2.1899 | LR 8.47e-04
2026-05-14 19:22:29,558  INFO  Epoch 1/1 | Step 19390/34883 | Loss 2.1340 | LR 8.47e-04
2026-05-14 19:22:34,531  INFO  Epoch 1/1 | Step 19400/34883 | Loss 2.0499 | LR 8.47e-04
2026-05-14 19:22:39,500  INFO  Epoch 1/1 | Step 19410/34883 | Loss 2.0461 | LR 8.47e-04
2026-05-14 19:22:44,474  INFO  Epoch 1/1 | Step 19420/34883 | Loss 2.3008 | LR 8.47e-04
2026-05-14 19:22:49,453  INFO  Epoch 1/1 | Step 19430/34883 | Loss 2.1129 | LR 8.47e-04
2026-05-14 19:22:54,422  INFO  Epoch 1/1 | Step 19440/34883 | Loss 2.1839 | LR 8.46e-04
2026-05-14 19:22:59,384  INFO  Epoch 1/1 | Step 19450/34883 | Loss 2.2057 | LR 8.46e-04
2026-05-14 19:23:04,346  INFO  Epoch 1/1 | Step 19460/34883 | Loss 2.1919 | LR 8.46e-04
2026-05-14 19:23:09,309  INFO  Epoch 1/1 | Step 19470/34883 | Loss 2.3078 | LR 8.46e-04
2026-05-14 19:23:14,267  INFO  Epoch 1/1 | Step 19480/34883 | Loss 2.1193 | LR 8.46e-04
2026-05-14 19:23:19,240  INFO  Epoch 1/1 | Step 19490/34883 | Loss 2.1617 | LR 8.46e-04
2026-05-14 19:23:24,206  INFO  Epoch 1/1 | Step 19500/34883 | Loss 2.1095 | LR 8.45e-04
2026-05-14 19:23:29,179  INFO  Epoch 1/1 | Step 19510/34883 | Loss 2.0489 | LR 8.45e-04
2026-05-14 19:23:34,161  INFO  Epoch 1/1 | Step 19520/34883 | Loss 2.1053 | LR 8.45e-04
2026-05-14 19:23:39,127  INFO  Epoch 1/1 | Step 19530/34883 | Loss 2.1405 | LR 8.45e-04
2026-05-14 19:23:44,100  INFO  Epoch 1/1 | Step 19540/34883 | Loss 2.1576 | LR 8.45e-04
2026-05-14 19:23:49,079  INFO  Epoch 1/1 | Step 19550/34883 | Loss 2.3135 | LR 8.45e-04
2026-05-14 19:23:54,057  INFO  Epoch 1/1 | Step 19560/34883 | Loss 2.3292 | LR 8.44e-04
2026-05-14 19:23:59,030  INFO  Epoch 1/1 | Step 19570/34883 | Loss 2.2195 | LR 8.44e-04
2026-05-14 19:24:04,008  INFO  Epoch 1/1 | Step 19580/34883 | Loss 2.2012 | LR 8.44e-04
2026-05-14 19:24:08,986  INFO  Epoch 1/1 | Step 19590/34883 | Loss 2.2752 | LR 8.44e-04
2026-05-14 19:24:13,959  INFO  Epoch 1/1 | Step 19600/34883 | Loss 2.2077 | LR 8.44e-04
2026-05-14 19:24:18,930  INFO  Epoch 1/1 | Step 19610/34883 | Loss 2.0678 | LR 8.44e-04
2026-05-14 19:24:23,906  INFO  Epoch 1/1 | Step 19620/34883 | Loss 2.2008 | LR 8.43e-04
2026-05-14 19:24:28,879  INFO  Epoch 1/1 | Step 19630/34883 | Loss 2.4137 | LR 8.43e-04
2026-05-14 19:24:33,842  INFO  Epoch 1/1 | Step 19640/34883 | Loss 2.2084 | LR 8.43e-04
2026-05-14 19:24:38,803  INFO  Epoch 1/1 | Step 19650/34883 | Loss 2.1446 | LR 8.43e-04
2026-05-14 19:24:43,765  INFO  Epoch 1/1 | Step 19660/34883 | Loss 2.0686 | LR 8.43e-04
2026-05-14 19:24:48,730  INFO  Epoch 1/1 | Step 19670/34883 | Loss 2.2369 | LR 8.43e-04
2026-05-14 19:24:53,683  INFO  Epoch 1/1 | Step 19680/34883 | Loss 2.1430 | LR 8.42e-04
2026-05-14 19:24:58,638  INFO  Epoch 1/1 | Step 19690/34883 | Loss 2.1285 | LR 8.42e-04
2026-05-14 19:25:03,604  INFO  Epoch 1/1 | Step 19700/34883 | Loss 2.1997 | LR 8.42e-04
2026-05-14 19:25:08,568  INFO  Epoch 1/1 | Step 19710/34883 | Loss 2.3810 | LR 8.42e-04
2026-05-14 19:25:13,525  INFO  Epoch 1/1 | Step 19720/34883 | Loss 2.2780 | LR 8.42e-04
2026-05-14 19:25:18,484  INFO  Epoch 1/1 | Step 19730/34883 | Loss 2.2705 | LR 8.42e-04
2026-05-14 19:25:23,437  INFO  Epoch 1/1 | Step 19740/34883 | Loss 2.3059 | LR 8.41e-04
2026-05-14 19:25:28,403  INFO  Epoch 1/1 | Step 19750/34883 | Loss 2.4459 | LR 8.41e-04
2026-05-14 19:25:33,364  INFO  Epoch 1/1 | Step 19760/34883 | Loss 2.3746 | LR 8.41e-04
2026-05-14 19:25:38,324  INFO  Epoch 1/1 | Step 19770/34883 | Loss 2.1968 | LR 8.41e-04
2026-05-14 19:25:43,295  INFO  Epoch 1/1 | Step 19780/34883 | Loss 2.1828 | LR 8.41e-04
2026-05-14 19:25:48,250  INFO  Epoch 1/1 | Step 19790/34883 | Loss 2.2381 | LR 8.41e-04
2026-05-14 19:25:53,202  INFO  Epoch 1/1 | Step 19800/34883 | Loss 2.2220 | LR 8.40e-04
2026-05-14 19:25:58,170  INFO  Epoch 1/1 | Step 19810/34883 | Loss 2.3633 | LR 8.40e-04
2026-05-14 19:26:03,131  INFO  Epoch 1/1 | Step 19820/34883 | Loss 2.2033 | LR 8.40e-04
2026-05-14 19:26:08,096  INFO  Epoch 1/1 | Step 19830/34883 | Loss 2.2906 | LR 8.40e-04
2026-05-14 19:26:13,052  INFO  Epoch 1/1 | Step 19840/34883 | Loss 2.2123 | LR 8.40e-04
2026-05-14 19:26:18,020  INFO  Epoch 1/1 | Step 19850/34883 | Loss 2.1725 | LR 8.40e-04
2026-05-14 19:26:22,980  INFO  Epoch 1/1 | Step 19860/34883 | Loss 2.2798 | LR 8.39e-04
2026-05-14 19:26:27,949  INFO  Epoch 1/1 | Step 19870/34883 | Loss 2.3002 | LR 8.39e-04
2026-05-14 19:26:32,917  INFO  Epoch 1/1 | Step 19880/34883 | Loss 2.2155 | LR 8.39e-04
2026-05-14 19:26:37,882  INFO  Epoch 1/1 | Step 19890/34883 | Loss 2.1966 | LR 8.39e-04
2026-05-14 19:26:42,845  INFO  Epoch 1/1 | Step 19900/34883 | Loss 2.1170 | LR 8.39e-04
2026-05-14 19:26:47,800  INFO  Epoch 1/1 | Step 19910/34883 | Loss 2.1021 | LR 8.38e-04
2026-05-14 19:26:52,776  INFO  Epoch 1/1 | Step 19920/34883 | Loss 2.1856 | LR 8.38e-04
2026-05-14 19:26:57,755  INFO  Epoch 1/1 | Step 19930/34883 | Loss 2.1546 | LR 8.38e-04
2026-05-14 19:27:02,733  INFO  Epoch 1/1 | Step 19940/34883 | Loss 2.1895 | LR 8.38e-04
2026-05-14 19:27:07,718  INFO  Epoch 1/1 | Step 19950/34883 | Loss 2.1941 | LR 8.38e-04
2026-05-14 19:27:12,716  INFO  Epoch 1/1 | Step 19960/34883 | Loss 2.2271 | LR 8.38e-04
2026-05-14 19:27:17,717  INFO  Epoch 1/1 | Step 19970/34883 | Loss 2.1223 | LR 8.37e-04
2026-05-14 19:27:22,709  INFO  Epoch 1/1 | Step 19980/34883 | Loss 2.1107 | LR 8.37e-04
2026-05-14 19:27:27,705  INFO  Epoch 1/1 | Step 19990/34883 | Loss 2.2549 | LR 8.37e-04
2026-05-14 19:27:32,683  INFO  Epoch 1/1 | Step 20000/34883 | Loss 2.1750 | LR 8.37e-04
2026-05-14 19:27:37,658  INFO  Epoch 1/1 | Step 20010/34883 | Loss 2.1274 | LR 8.37e-04
2026-05-14 19:27:42,642  INFO  Epoch 1/1 | Step 20020/34883 | Loss 1.9490 | LR 8.37e-04
2026-05-14 19:27:47,622  INFO  Epoch 1/1 | Step 20030/34883 | Loss 2.1147 | LR 8.36e-04
2026-05-14 19:27:52,594  INFO  Epoch 1/1 | Step 20040/34883 | Loss 2.1127 | LR 8.36e-04
2026-05-14 19:27:57,573  INFO  Epoch 1/1 | Step 20050/34883 | Loss 2.0810 | LR 8.36e-04
2026-05-14 19:28:02,551  INFO  Epoch 1/1 | Step 20060/34883 | Loss 2.1758 | LR 8.36e-04
2026-05-14 19:28:07,534  INFO  Epoch 1/1 | Step 20070/34883 | Loss 2.2593 | LR 8.36e-04
2026-05-14 19:28:12,513  INFO  Epoch 1/1 | Step 20080/34883 | Loss 1.9416 | LR 8.36e-04
2026-05-14 19:28:17,477  INFO  Epoch 1/1 | Step 20090/34883 | Loss 2.1421 | LR 8.35e-04
2026-05-14 19:28:22,451  INFO  Epoch 1/1 | Step 20100/34883 | Loss 2.2879 | LR 8.35e-04
2026-05-14 19:28:27,423  INFO  Epoch 1/1 | Step 20110/34883 | Loss 2.2549 | LR 8.35e-04
2026-05-14 19:28:32,384  INFO  Epoch 1/1 | Step 20120/34883 | Loss 2.1905 | LR 8.35e-04
2026-05-14 19:28:37,350  INFO  Epoch 1/1 | Step 20130/34883 | Loss 2.1164 | LR 8.35e-04
2026-05-14 19:28:42,310  INFO  Epoch 1/1 | Step 20140/34883 | Loss 2.3165 | LR 8.35e-04
2026-05-14 19:28:47,264  INFO  Epoch 1/1 | Step 20150/34883 | Loss 2.2134 | LR 8.34e-04
2026-05-14 19:28:52,223  INFO  Epoch 1/1 | Step 20160/34883 | Loss 2.2444 | LR 8.34e-04
2026-05-14 19:28:57,183  INFO  Epoch 1/1 | Step 20170/34883 | Loss 2.0601 | LR 8.34e-04
2026-05-14 19:29:02,158  INFO  Epoch 1/1 | Step 20180/34883 | Loss 2.2839 | LR 8.34e-04
2026-05-14 19:29:07,137  INFO  Epoch 1/1 | Step 20190/34883 | Loss 2.2936 | LR 8.34e-04
2026-05-14 19:29:12,114  INFO  Epoch 1/1 | Step 20200/34883 | Loss 2.3483 | LR 8.34e-04
2026-05-14 19:29:17,097  INFO  Epoch 1/1 | Step 20210/34883 | Loss 2.2453 | LR 8.33e-04
2026-05-14 19:29:22,072  INFO  Epoch 1/1 | Step 20220/34883 | Loss 2.1061 | LR 8.33e-04
2026-05-14 19:29:27,049  INFO  Epoch 1/1 | Step 20230/34883 | Loss 2.0837 | LR 8.33e-04
2026-05-14 19:29:32,034  INFO  Epoch 1/1 | Step 20240/34883 | Loss 2.0952 | LR 8.33e-04
2026-05-14 19:29:37,013  INFO  Epoch 1/1 | Step 20250/34883 | Loss 2.1167 | LR 8.33e-04
2026-05-14 19:29:42,009  INFO  Epoch 1/1 | Step 20260/34883 | Loss 2.2821 | LR 8.32e-04
2026-05-14 19:29:46,989  INFO  Epoch 1/1 | Step 20270/34883 | Loss 2.2535 | LR 8.32e-04
2026-05-14 19:29:51,959  INFO  Epoch 1/1 | Step 20280/34883 | Loss 2.2397 | LR 8.32e-04
2026-05-14 19:29:56,934  INFO  Epoch 1/1 | Step 20290/34883 | Loss 2.1097 | LR 8.32e-04
2026-05-14 19:30:01,904  INFO  Epoch 1/1 | Step 20300/34883 | Loss 2.2516 | LR 8.32e-04
2026-05-14 19:30:06,865  INFO  Epoch 1/1 | Step 20310/34883 | Loss 2.1298 | LR 8.32e-04
2026-05-14 19:30:11,833  INFO  Epoch 1/1 | Step 20320/34883 | Loss 2.1502 | LR 8.31e-04
2026-05-14 19:30:16,815  INFO  Epoch 1/1 | Step 20330/34883 | Loss 2.1355 | LR 8.31e-04
2026-05-14 19:30:21,795  INFO  Epoch 1/1 | Step 20340/34883 | Loss 2.1616 | LR 8.31e-04
2026-05-14 19:30:26,763  INFO  Epoch 1/1 | Step 20350/34883 | Loss 2.0612 | LR 8.31e-04
2026-05-14 19:30:31,729  INFO  Epoch 1/1 | Step 20360/34883 | Loss 2.1820 | LR 8.31e-04
2026-05-14 19:30:36,696  INFO  Epoch 1/1 | Step 20370/34883 | Loss 2.1650 | LR 8.31e-04
2026-05-14 19:30:41,657  INFO  Epoch 1/1 | Step 20380/34883 | Loss 2.2519 | LR 8.30e-04
2026-05-14 19:30:46,621  INFO  Epoch 1/1 | Step 20390/34883 | Loss 2.1785 | LR 8.30e-04
2026-05-14 19:30:51,573  INFO  Epoch 1/1 | Step 20400/34883 | Loss 2.2137 | LR 8.30e-04
2026-05-14 19:30:56,531  INFO  Epoch 1/1 | Step 20410/34883 | Loss 2.2775 | LR 8.30e-04
2026-05-14 19:31:01,490  INFO  Epoch 1/1 | Step 20420/34883 | Loss 2.1315 | LR 8.30e-04
2026-05-14 19:31:06,448  INFO  Epoch 1/1 | Step 20430/34883 | Loss 2.1917 | LR 8.30e-04
2026-05-14 19:31:11,407  INFO  Epoch 1/1 | Step 20440/34883 | Loss 2.1422 | LR 8.29e-04
2026-05-14 19:31:16,374  INFO  Epoch 1/1 | Step 20450/34883 | Loss 2.1568 | LR 8.29e-04
2026-05-14 19:31:21,341  INFO  Epoch 1/1 | Step 20460/34883 | Loss 2.1139 | LR 8.29e-04
2026-05-14 19:31:26,304  INFO  Epoch 1/1 | Step 20470/34883 | Loss 2.1727 | LR 8.29e-04
2026-05-14 19:31:31,269  INFO  Epoch 1/1 | Step 20480/34883 | Loss 2.3260 | LR 8.29e-04
2026-05-14 19:31:36,229  INFO  Epoch 1/1 | Step 20490/34883 | Loss 2.2563 | LR 8.28e-04
2026-05-14 19:31:41,188  INFO  Epoch 1/1 | Step 20500/34883 | Loss 2.2234 | LR 8.28e-04
2026-05-14 19:31:46,149  INFO  Epoch 1/1 | Step 20510/34883 | Loss 2.2858 | LR 8.28e-04
2026-05-14 19:31:51,106  INFO  Epoch 1/1 | Step 20520/34883 | Loss 2.2560 | LR 8.28e-04
2026-05-14 19:31:56,065  INFO  Epoch 1/1 | Step 20530/34883 | Loss 2.1666 | LR 8.28e-04
2026-05-14 19:32:01,022  INFO  Epoch 1/1 | Step 20540/34883 | Loss 2.2183 | LR 8.28e-04
2026-05-14 19:32:05,982  INFO  Epoch 1/1 | Step 20550/34883 | Loss 2.1045 | LR 8.27e-04
2026-05-14 19:32:10,939  INFO  Epoch 1/1 | Step 20560/34883 | Loss 2.2231 | LR 8.27e-04
2026-05-14 19:32:15,899  INFO  Epoch 1/1 | Step 20570/34883 | Loss 2.3529 | LR 8.27e-04
2026-05-14 19:32:20,858  INFO  Epoch 1/1 | Step 20580/34883 | Loss 2.1758 | LR 8.27e-04
2026-05-14 19:32:25,815  INFO  Epoch 1/1 | Step 20590/34883 | Loss 2.2009 | LR 8.27e-04
2026-05-14 19:32:30,772  INFO  Epoch 1/1 | Step 20600/34883 | Loss 2.0525 | LR 8.27e-04
2026-05-14 19:32:35,733  INFO  Epoch 1/1 | Step 20610/34883 | Loss 2.3676 | LR 8.26e-04
2026-05-14 19:32:40,695  INFO  Epoch 1/1 | Step 20620/34883 | Loss 2.0031 | LR 8.26e-04
2026-05-14 19:32:45,653  INFO  Epoch 1/1 | Step 20630/34883 | Loss 2.2488 | LR 8.26e-04
2026-05-14 19:32:50,611  INFO  Epoch 1/1 | Step 20640/34883 | Loss 2.0455 | LR 8.26e-04
2026-05-14 19:32:55,569  INFO  Epoch 1/1 | Step 20650/34883 | Loss 2.3561 | LR 8.26e-04
2026-05-14 19:33:00,525  INFO  Epoch 1/1 | Step 20660/34883 | Loss 2.1969 | LR 8.25e-04
2026-05-14 19:33:05,479  INFO  Epoch 1/1 | Step 20670/34883 | Loss 2.4683 | LR 8.25e-04
2026-05-14 19:33:10,440  INFO  Epoch 1/1 | Step 20680/34883 | Loss 2.0385 | LR 8.25e-04
2026-05-14 19:33:15,392  INFO  Epoch 1/1 | Step 20690/34883 | Loss 2.3184 | LR 8.25e-04
2026-05-14 19:33:20,349  INFO  Epoch 1/1 | Step 20700/34883 | Loss 2.2219 | LR 8.25e-04
2026-05-14 19:33:25,312  INFO  Epoch 1/1 | Step 20710/34883 | Loss 2.1642 | LR 8.25e-04
2026-05-14 19:33:30,259  INFO  Epoch 1/1 | Step 20720/34883 | Loss 2.2196 | LR 8.24e-04
2026-05-14 19:33:35,231  INFO  Epoch 1/1 | Step 20730/34883 | Loss 1.9491 | LR 8.24e-04
2026-05-14 19:33:40,188  INFO  Epoch 1/1 | Step 20740/34883 | Loss 2.2990 | LR 8.24e-04
2026-05-14 19:33:45,140  INFO  Epoch 1/1 | Step 20750/34883 | Loss 2.2100 | LR 8.24e-04
2026-05-14 19:33:50,104  INFO  Epoch 1/1 | Step 20760/34883 | Loss 2.2619 | LR 8.24e-04
2026-05-14 19:33:55,066  INFO  Epoch 1/1 | Step 20770/34883 | Loss 2.2425 | LR 8.24e-04
2026-05-14 19:34:00,033  INFO  Epoch 1/1 | Step 20780/34883 | Loss 2.1080 | LR 8.23e-04
2026-05-14 19:34:05,004  INFO  Epoch 1/1 | Step 20790/34883 | Loss 2.1159 | LR 8.23e-04
2026-05-14 19:34:09,975  INFO  Epoch 1/1 | Step 20800/34883 | Loss 2.2293 | LR 8.23e-04
2026-05-14 19:34:14,945  INFO  Epoch 1/1 | Step 20810/34883 | Loss 2.2178 | LR 8.23e-04
2026-05-14 19:34:19,908  INFO  Epoch 1/1 | Step 20820/34883 | Loss 2.1673 | LR 8.23e-04
2026-05-14 19:34:24,875  INFO  Epoch 1/1 | Step 20830/34883 | Loss 2.0461 | LR 8.22e-04
2026-05-14 19:34:29,840  INFO  Epoch 1/1 | Step 20840/34883 | Loss 2.3256 | LR 8.22e-04
2026-05-14 19:34:34,815  INFO  Epoch 1/1 | Step 20850/34883 | Loss 2.1339 | LR 8.22e-04
2026-05-14 19:34:39,781  INFO  Epoch 1/1 | Step 20860/34883 | Loss 2.0672 | LR 8.22e-04
2026-05-14 19:34:44,752  INFO  Epoch 1/1 | Step 20870/34883 | Loss 2.1663 | LR 8.22e-04
2026-05-14 19:34:49,720  INFO  Epoch 1/1 | Step 20880/34883 | Loss 2.1330 | LR 8.22e-04
2026-05-14 19:34:54,684  INFO  Epoch 1/1 | Step 20890/34883 | Loss 2.2085 | LR 8.21e-04
2026-05-14 19:34:59,646  INFO  Epoch 1/1 | Step 20900/34883 | Loss 2.0938 | LR 8.21e-04
2026-05-14 19:35:04,610  INFO  Epoch 1/1 | Step 20910/34883 | Loss 2.1424 | LR 8.21e-04
2026-05-14 19:35:09,579  INFO  Epoch 1/1 | Step 20920/34883 | Loss 2.2442 | LR 8.21e-04
2026-05-14 19:35:14,530  INFO  Epoch 1/1 | Step 20930/34883 | Loss 2.0385 | LR 8.21e-04
2026-05-14 19:35:19,486  INFO  Epoch 1/1 | Step 20940/34883 | Loss 2.2650 | LR 8.21e-04
2026-05-14 19:35:24,449  INFO  Epoch 1/1 | Step 20950/34883 | Loss 2.3152 | LR 8.20e-04
2026-05-14 19:35:29,417  INFO  Epoch 1/1 | Step 20960/34883 | Loss 2.1706 | LR 8.20e-04
2026-05-14 19:35:34,396  INFO  Epoch 1/1 | Step 20970/34883 | Loss 2.3097 | LR 8.20e-04
2026-05-14 19:35:39,370  INFO  Epoch 1/1 | Step 20980/34883 | Loss 2.2301 | LR 8.20e-04
2026-05-14 19:35:44,344  INFO  Epoch 1/1 | Step 20990/34883 | Loss 2.1717 | LR 8.20e-04
2026-05-14 19:35:49,327  INFO  Epoch 1/1 | Step 21000/34883 | Loss 2.0448 | LR 8.19e-04
2026-05-14 19:35:54,298  INFO  Epoch 1/1 | Step 21010/34883 | Loss 2.2120 | LR 8.19e-04
2026-05-14 19:35:59,273  INFO  Epoch 1/1 | Step 21020/34883 | Loss 2.0922 | LR 8.19e-04
2026-05-14 19:36:04,244  INFO  Epoch 1/1 | Step 21030/34883 | Loss 2.2167 | LR 8.19e-04
2026-05-14 19:36:09,210  INFO  Epoch 1/1 | Step 21040/34883 | Loss 2.0627 | LR 8.19e-04
2026-05-14 19:36:14,187  INFO  Epoch 1/1 | Step 21050/34883 | Loss 2.2873 | LR 8.19e-04
2026-05-14 19:36:19,147  INFO  Epoch 1/1 | Step 21060/34883 | Loss 2.0271 | LR 8.18e-04
2026-05-14 19:36:24,105  INFO  Epoch 1/1 | Step 21070/34883 | Loss 2.1825 | LR 8.18e-04
2026-05-14 19:36:29,063  INFO  Epoch 1/1 | Step 21080/34883 | Loss 2.1974 | LR 8.18e-04
2026-05-14 19:36:34,023  INFO  Epoch 1/1 | Step 21090/34883 | Loss 2.0392 | LR 8.18e-04
2026-05-14 19:36:38,984  INFO  Epoch 1/1 | Step 21100/34883 | Loss 2.1401 | LR 8.18e-04
2026-05-14 19:36:43,937  INFO  Epoch 1/1 | Step 21110/34883 | Loss 2.2901 | LR 8.17e-04
2026-05-14 19:36:48,902  INFO  Epoch 1/1 | Step 21120/34883 | Loss 2.2508 | LR 8.17e-04
2026-05-14 19:36:53,870  INFO  Epoch 1/1 | Step 21130/34883 | Loss 1.9802 | LR 8.17e-04
2026-05-14 19:36:58,833  INFO  Epoch 1/1 | Step 21140/34883 | Loss 2.1637 | LR 8.17e-04
2026-05-14 19:37:03,790  INFO  Epoch 1/1 | Step 21150/34883 | Loss 2.1431 | LR 8.17e-04
2026-05-14 19:37:08,759  INFO  Epoch 1/1 | Step 21160/34883 | Loss 2.1641 | LR 8.17e-04
2026-05-14 19:37:13,714  INFO  Epoch 1/1 | Step 21170/34883 | Loss 2.1284 | LR 8.16e-04
2026-05-14 19:37:18,674  INFO  Epoch 1/1 | Step 21180/34883 | Loss 2.2995 | LR 8.16e-04
2026-05-14 19:37:23,628  INFO  Epoch 1/1 | Step 21190/34883 | Loss 2.2646 | LR 8.16e-04
2026-05-14 19:37:28,586  INFO  Epoch 1/1 | Step 21200/34883 | Loss 2.0697 | LR 8.16e-04
2026-05-14 19:37:33,548  INFO  Epoch 1/1 | Step 21210/34883 | Loss 2.1569 | LR 8.16e-04
2026-05-14 19:37:38,505  INFO  Epoch 1/1 | Step 21220/34883 | Loss 2.4237 | LR 8.15e-04
2026-05-14 19:37:43,461  INFO  Epoch 1/1 | Step 21230/34883 | Loss 2.2459 | LR 8.15e-04
2026-05-14 19:37:48,411  INFO  Epoch 1/1 | Step 21240/34883 | Loss 2.1418 | LR 8.15e-04
2026-05-14 19:37:53,361  INFO  Epoch 1/1 | Step 21250/34883 | Loss 2.4405 | LR 8.15e-04
2026-05-14 19:37:58,333  INFO  Epoch 1/1 | Step 21260/34883 | Loss 2.3495 | LR 8.15e-04
2026-05-14 19:38:03,280  INFO  Epoch 1/1 | Step 21270/34883 | Loss 2.0907 | LR 8.15e-04
2026-05-14 19:38:08,231  INFO  Epoch 1/1 | Step 21280/34883 | Loss 2.1198 | LR 8.14e-04
2026-05-14 19:38:13,184  INFO  Epoch 1/1 | Step 21290/34883 | Loss 2.1008 | LR 8.14e-04
2026-05-14 19:38:18,132  INFO  Epoch 1/1 | Step 21300/34883 | Loss 2.2586 | LR 8.14e-04
2026-05-14 19:38:23,084  INFO  Epoch 1/1 | Step 21310/34883 | Loss 2.2376 | LR 8.14e-04
2026-05-14 19:38:28,037  INFO  Epoch 1/1 | Step 21320/34883 | Loss 2.0179 | LR 8.14e-04
2026-05-14 19:38:32,987  INFO  Epoch 1/1 | Step 21330/34883 | Loss 2.1521 | LR 8.14e-04
2026-05-14 19:38:37,946  INFO  Epoch 1/1 | Step 21340/34883 | Loss 2.2640 | LR 8.13e-04
2026-05-14 19:38:42,904  INFO  Epoch 1/1 | Step 21350/34883 | Loss 2.3749 | LR 8.13e-04
2026-05-14 19:38:47,853  INFO  Epoch 1/1 | Step 21360/34883 | Loss 2.2030 | LR 8.13e-04
2026-05-14 19:38:52,805  INFO  Epoch 1/1 | Step 21370/34883 | Loss 2.2466 | LR 8.13e-04
2026-05-14 19:38:57,771  INFO  Epoch 1/1 | Step 21380/34883 | Loss 2.4020 | LR 8.13e-04
2026-05-14 19:39:02,729  INFO  Epoch 1/1 | Step 21390/34883 | Loss 2.0820 | LR 8.12e-04
2026-05-14 19:39:07,683  INFO  Epoch 1/1 | Step 21400/34883 | Loss 2.1692 | LR 8.12e-04
2026-05-14 19:39:12,635  INFO  Epoch 1/1 | Step 21410/34883 | Loss 2.0536 | LR 8.12e-04
2026-05-14 19:39:17,585  INFO  Epoch 1/1 | Step 21420/34883 | Loss 2.2174 | LR 8.12e-04
2026-05-14 19:39:22,544  INFO  Epoch 1/1 | Step 21430/34883 | Loss 2.1478 | LR 8.12e-04
2026-05-14 19:39:27,486  INFO  Epoch 1/1 | Step 21440/34883 | Loss 2.1558 | LR 8.12e-04
2026-05-14 19:39:32,444  INFO  Epoch 1/1 | Step 21450/34883 | Loss 2.1807 | LR 8.11e-04
2026-05-14 19:39:37,403  INFO  Epoch 1/1 | Step 21460/34883 | Loss 2.0569 | LR 8.11e-04
2026-05-14 19:39:42,361  INFO  Epoch 1/1 | Step 21470/34883 | Loss 2.2873 | LR 8.11e-04
2026-05-14 19:39:47,310  INFO  Epoch 1/1 | Step 21480/34883 | Loss 2.1376 | LR 8.11e-04
2026-05-14 19:39:52,268  INFO  Epoch 1/1 | Step 21490/34883 | Loss 2.1535 | LR 8.11e-04
2026-05-14 19:39:57,233  INFO  Epoch 1/1 | Step 21500/34883 | Loss 2.0785 | LR 8.10e-04
2026-05-14 19:40:02,194  INFO  Epoch 1/1 | Step 21510/34883 | Loss 2.2156 | LR 8.10e-04
2026-05-14 19:40:07,147  INFO  Epoch 1/1 | Step 21520/34883 | Loss 2.0966 | LR 8.10e-04
2026-05-14 19:40:12,098  INFO  Epoch 1/1 | Step 21530/34883 | Loss 2.1188 | LR 8.10e-04
2026-05-14 19:40:17,054  INFO  Epoch 1/1 | Step 21540/34883 | Loss 2.2131 | LR 8.10e-04
2026-05-14 19:40:22,009  INFO  Epoch 1/1 | Step 21550/34883 | Loss 2.1527 | LR 8.10e-04
2026-05-14 19:40:26,963  INFO  Epoch 1/1 | Step 21560/34883 | Loss 2.0821 | LR 8.09e-04
2026-05-14 19:40:31,922  INFO  Epoch 1/1 | Step 21570/34883 | Loss 2.1421 | LR 8.09e-04
2026-05-14 19:40:36,878  INFO  Epoch 1/1 | Step 21580/34883 | Loss 2.2688 | LR 8.09e-04
2026-05-14 19:40:41,842  INFO  Epoch 1/1 | Step 21590/34883 | Loss 2.0208 | LR 8.09e-04
2026-05-14 19:40:46,804  INFO  Epoch 1/1 | Step 21600/34883 | Loss 2.2657 | LR 8.09e-04
2026-05-14 19:40:51,778  INFO  Epoch 1/1 | Step 21610/34883 | Loss 2.1236 | LR 8.08e-04
2026-05-14 19:40:56,761  INFO  Epoch 1/1 | Step 21620/34883 | Loss 2.1768 | LR 8.08e-04
2026-05-14 19:41:01,753  INFO  Epoch 1/1 | Step 21630/34883 | Loss 2.2653 | LR 8.08e-04
2026-05-14 19:41:06,732  INFO  Epoch 1/1 | Step 21640/34883 | Loss 2.2482 | LR 8.08e-04
2026-05-14 19:41:11,716  INFO  Epoch 1/1 | Step 21650/34883 | Loss 2.1569 | LR 8.08e-04
2026-05-14 19:41:16,694  INFO  Epoch 1/1 | Step 21660/34883 | Loss 2.2936 | LR 8.08e-04
2026-05-14 19:41:21,686  INFO  Epoch 1/1 | Step 21670/34883 | Loss 2.0848 | LR 8.07e-04
2026-05-14 19:41:26,654  INFO  Epoch 1/1 | Step 21680/34883 | Loss 2.3060 | LR 8.07e-04
2026-05-14 19:41:31,632  INFO  Epoch 1/1 | Step 21690/34883 | Loss 2.0359 | LR 8.07e-04
2026-05-14 19:41:36,609  INFO  Epoch 1/1 | Step 21700/34883 | Loss 2.1152 | LR 8.07e-04
2026-05-14 19:41:41,581  INFO  Epoch 1/1 | Step 21710/34883 | Loss 2.0873 | LR 8.07e-04
2026-05-14 19:41:46,541  INFO  Epoch 1/1 | Step 21720/34883 | Loss 2.0604 | LR 8.06e-04
2026-05-14 19:41:51,503  INFO  Epoch 1/1 | Step 21730/34883 | Loss 2.2322 | LR 8.06e-04
2026-05-14 19:41:56,463  INFO  Epoch 1/1 | Step 21740/34883 | Loss 2.2178 | LR 8.06e-04
2026-05-14 19:42:01,431  INFO  Epoch 1/1 | Step 21750/34883 | Loss 2.2858 | LR 8.06e-04
2026-05-14 19:42:06,397  INFO  Epoch 1/1 | Step 21760/34883 | Loss 2.0677 | LR 8.06e-04
2026-05-14 19:42:11,359  INFO  Epoch 1/1 | Step 21770/34883 | Loss 2.2167 | LR 8.05e-04
2026-05-14 19:42:16,326  INFO  Epoch 1/1 | Step 21780/34883 | Loss 2.0923 | LR 8.05e-04
2026-05-14 19:42:21,284  INFO  Epoch 1/1 | Step 21790/34883 | Loss 2.0525 | LR 8.05e-04
2026-05-14 19:42:26,251  INFO  Epoch 1/1 | Step 21800/34883 | Loss 2.3189 | LR 8.05e-04
2026-05-14 19:42:31,216  INFO  Epoch 1/1 | Step 21810/34883 | Loss 2.1699 | LR 8.05e-04
2026-05-14 19:42:36,186  INFO  Epoch 1/1 | Step 21820/34883 | Loss 2.1313 | LR 8.05e-04
2026-05-14 19:42:41,150  INFO  Epoch 1/1 | Step 21830/34883 | Loss 2.1586 | LR 8.04e-04
2026-05-14 19:42:46,111  INFO  Epoch 1/1 | Step 21840/34883 | Loss 2.2710 | LR 8.04e-04
2026-05-14 19:42:51,069  INFO  Epoch 1/1 | Step 21850/34883 | Loss 2.1713 | LR 8.04e-04
2026-05-14 19:42:56,023  INFO  Epoch 1/1 | Step 21860/34883 | Loss 2.1346 | LR 8.04e-04
2026-05-14 19:43:00,999  INFO  Epoch 1/1 | Step 21870/34883 | Loss 2.1617 | LR 8.04e-04
2026-05-14 19:43:05,972  INFO  Epoch 1/1 | Step 21880/34883 | Loss 2.2466 | LR 8.03e-04
2026-05-14 19:43:10,941  INFO  Epoch 1/1 | Step 21890/34883 | Loss 2.0223 | LR 8.03e-04
2026-05-14 19:43:15,933  INFO  Epoch 1/1 | Step 21900/34883 | Loss 2.1498 | LR 8.03e-04
2026-05-14 19:43:20,932  INFO  Epoch 1/1 | Step 21910/34883 | Loss 2.2534 | LR 8.03e-04
2026-05-14 19:43:25,915  INFO  Epoch 1/1 | Step 21920/34883 | Loss 2.2283 | LR 8.03e-04
2026-05-14 19:43:30,908  INFO  Epoch 1/1 | Step 21930/34883 | Loss 2.0131 | LR 8.03e-04
2026-05-14 19:43:35,906  INFO  Epoch 1/1 | Step 21940/34883 | Loss 2.2018 | LR 8.02e-04
2026-05-14 19:43:40,889  INFO  Epoch 1/1 | Step 21950/34883 | Loss 2.1711 | LR 8.02e-04
2026-05-14 19:43:45,872  INFO  Epoch 1/1 | Step 21960/34883 | Loss 2.1955 | LR 8.02e-04
2026-05-14 19:43:50,859  INFO  Epoch 1/1 | Step 21970/34883 | Loss 1.8935 | LR 8.02e-04
2026-05-14 19:43:55,838  INFO  Epoch 1/1 | Step 21980/34883 | Loss 2.0670 | LR 8.02e-04
2026-05-14 19:44:00,818  INFO  Epoch 1/1 | Step 21990/34883 | Loss 2.1807 | LR 8.01e-04
2026-05-14 19:44:05,784  INFO  Epoch 1/1 | Step 22000/34883 | Loss 1.9991 | LR 8.01e-04
2026-05-14 19:44:10,758  INFO  Epoch 1/1 | Step 22010/34883 | Loss 2.1498 | LR 8.01e-04
2026-05-14 19:44:15,732  INFO  Epoch 1/1 | Step 22020/34883 | Loss 2.1114 | LR 8.01e-04
2026-05-14 19:44:20,703  INFO  Epoch 1/1 | Step 22030/34883 | Loss 2.0332 | LR 8.01e-04
2026-05-14 19:44:25,674  INFO  Epoch 1/1 | Step 22040/34883 | Loss 2.2465 | LR 8.01e-04
2026-05-14 19:44:30,633  INFO  Epoch 1/1 | Step 22050/34883 | Loss 2.1257 | LR 8.00e-04
2026-05-14 19:44:35,593  INFO  Epoch 1/1 | Step 22060/34883 | Loss 2.2301 | LR 8.00e-04
2026-05-14 19:44:40,553  INFO  Epoch 1/1 | Step 22070/34883 | Loss 2.1580 | LR 8.00e-04
2026-05-14 19:44:45,532  INFO  Epoch 1/1 | Step 22080/34883 | Loss 2.1811 | LR 8.00e-04
2026-05-14 19:44:50,509  INFO  Epoch 1/1 | Step 22090/34883 | Loss 2.1458 | LR 8.00e-04
2026-05-14 19:44:55,480  INFO  Epoch 1/1 | Step 22100/34883 | Loss 2.1637 | LR 7.99e-04
2026-05-14 19:45:00,444  INFO  Epoch 1/1 | Step 22110/34883 | Loss 2.3252 | LR 7.99e-04
2026-05-14 19:45:05,404  INFO  Epoch 1/1 | Step 22120/34883 | Loss 2.2541 | LR 7.99e-04
2026-05-14 19:45:10,362  INFO  Epoch 1/1 | Step 22130/34883 | Loss 2.2046 | LR 7.99e-04
2026-05-14 19:45:15,331  INFO  Epoch 1/1 | Step 22140/34883 | Loss 2.1099 | LR 7.99e-04
2026-05-14 19:45:20,300  INFO  Epoch 1/1 | Step 22150/34883 | Loss 2.1559 | LR 7.98e-04
2026-05-14 19:45:25,260  INFO  Epoch 1/1 | Step 22160/34883 | Loss 2.0850 | LR 7.98e-04
2026-05-14 19:45:30,216  INFO  Epoch 1/1 | Step 22170/34883 | Loss 2.2184 | LR 7.98e-04
2026-05-14 19:45:35,176  INFO  Epoch 1/1 | Step 22180/34883 | Loss 2.1798 | LR 7.98e-04
2026-05-14 19:45:40,148  INFO  Epoch 1/1 | Step 22190/34883 | Loss 2.1522 | LR 7.98e-04
2026-05-14 19:45:45,115  INFO  Epoch 1/1 | Step 22200/34883 | Loss 2.2556 | LR 7.98e-04
2026-05-14 19:45:50,084  INFO  Epoch 1/1 | Step 22210/34883 | Loss 2.1796 | LR 7.97e-04
2026-05-14 19:45:55,042  INFO  Epoch 1/1 | Step 22220/34883 | Loss 2.2333 | LR 7.97e-04
2026-05-14 19:46:00,005  INFO  Epoch 1/1 | Step 22230/34883 | Loss 1.9765 | LR 7.97e-04
2026-05-14 19:46:04,962  INFO  Epoch 1/1 | Step 22240/34883 | Loss 2.2546 | LR 7.97e-04
2026-05-14 19:46:09,923  INFO  Epoch 1/1 | Step 22250/34883 | Loss 2.0885 | LR 7.97e-04
2026-05-14 19:46:14,899  INFO  Epoch 1/1 | Step 22260/34883 | Loss 2.1197 | LR 7.96e-04
2026-05-14 19:46:19,859  INFO  Epoch 1/1 | Step 22270/34883 | Loss 2.1809 | LR 7.96e-04
2026-05-14 19:46:24,823  INFO  Epoch 1/1 | Step 22280/34883 | Loss 2.3016 | LR 7.96e-04
2026-05-14 19:46:29,784  INFO  Epoch 1/1 | Step 22290/34883 | Loss 2.1106 | LR 7.96e-04
2026-05-14 19:46:34,755  INFO  Epoch 1/1 | Step 22300/34883 | Loss 2.0951 | LR 7.96e-04
2026-05-14 19:46:39,729  INFO  Epoch 1/1 | Step 22310/34883 | Loss 2.1628 | LR 7.95e-04
2026-05-14 19:46:44,694  INFO  Epoch 1/1 | Step 22320/34883 | Loss 1.9979 | LR 7.95e-04
2026-05-14 19:46:49,668  INFO  Epoch 1/1 | Step 22330/34883 | Loss 2.2424 | LR 7.95e-04
2026-05-14 19:46:54,629  INFO  Epoch 1/1 | Step 22340/34883 | Loss 2.1556 | LR 7.95e-04
2026-05-14 19:46:59,589  INFO  Epoch 1/1 | Step 22350/34883 | Loss 2.2682 | LR 7.95e-04
2026-05-14 19:47:04,562  INFO  Epoch 1/1 | Step 22360/34883 | Loss 2.0928 | LR 7.95e-04
2026-05-14 19:47:09,535  INFO  Epoch 1/1 | Step 22370/34883 | Loss 1.9347 | LR 7.94e-04
2026-05-14 19:47:14,503  INFO  Epoch 1/1 | Step 22380/34883 | Loss 2.1710 | LR 7.94e-04
2026-05-14 19:47:19,479  INFO  Epoch 1/1 | Step 22390/34883 | Loss 2.1137 | LR 7.94e-04
2026-05-14 19:47:24,437  INFO  Epoch 1/1 | Step 22400/34883 | Loss 2.2170 | LR 7.94e-04
2026-05-14 19:47:29,403  INFO  Epoch 1/1 | Step 22410/34883 | Loss 2.2619 | LR 7.94e-04
2026-05-14 19:47:34,370  INFO  Epoch 1/1 | Step 22420/34883 | Loss 2.2750 | LR 7.93e-04
2026-05-14 19:47:39,326  INFO  Epoch 1/1 | Step 22430/34883 | Loss 2.2658 | LR 7.93e-04
2026-05-14 19:47:44,287  INFO  Epoch 1/1 | Step 22440/34883 | Loss 2.1573 | LR 7.93e-04
2026-05-14 19:47:49,248  INFO  Epoch 1/1 | Step 22450/34883 | Loss 2.0959 | LR 7.93e-04
2026-05-14 19:47:54,205  INFO  Epoch 1/1 | Step 22460/34883 | Loss 2.1488 | LR 7.93e-04
2026-05-14 19:47:59,162  INFO  Epoch 1/1 | Step 22470/34883 | Loss 2.2795 | LR 7.92e-04
2026-05-14 19:48:04,123  INFO  Epoch 1/1 | Step 22480/34883 | Loss 2.2569 | LR 7.92e-04
2026-05-14 19:48:09,084  INFO  Epoch 1/1 | Step 22490/34883 | Loss 2.2165 | LR 7.92e-04
2026-05-14 19:48:14,037  INFO  Epoch 1/1 | Step 22500/34883 | Loss 2.1322 | LR 7.92e-04
2026-05-14 19:48:18,992  INFO  Epoch 1/1 | Step 22510/34883 | Loss 2.0141 | LR 7.92e-04
2026-05-14 19:48:23,933  INFO  Epoch 1/1 | Step 22520/34883 | Loss 2.1408 | LR 7.92e-04
2026-05-14 19:48:28,876  INFO  Epoch 1/1 | Step 22530/34883 | Loss 2.1423 | LR 7.91e-04
2026-05-14 19:48:33,825  INFO  Epoch 1/1 | Step 22540/34883 | Loss 2.2207 | LR 7.91e-04
2026-05-14 19:48:38,774  INFO  Epoch 1/1 | Step 22550/34883 | Loss 2.0786 | LR 7.91e-04
2026-05-14 19:48:43,731  INFO  Epoch 1/1 | Step 22560/34883 | Loss 2.3242 | LR 7.91e-04
2026-05-14 19:48:48,683  INFO  Epoch 1/1 | Step 22570/34883 | Loss 1.9970 | LR 7.91e-04
2026-05-14 19:48:53,629  INFO  Epoch 1/1 | Step 22580/34883 | Loss 2.0553 | LR 7.90e-04
2026-05-14 19:48:58,574  INFO  Epoch 1/1 | Step 22590/34883 | Loss 1.9996 | LR 7.90e-04
2026-05-14 19:49:03,529  INFO  Epoch 1/1 | Step 22600/34883 | Loss 2.0318 | LR 7.90e-04
2026-05-14 19:49:08,484  INFO  Epoch 1/1 | Step 22610/34883 | Loss 2.1714 | LR 7.90e-04
2026-05-14 19:49:13,438  INFO  Epoch 1/1 | Step 22620/34883 | Loss 2.2701 | LR 7.90e-04
2026-05-14 19:49:18,399  INFO  Epoch 1/1 | Step 22630/34883 | Loss 2.1580 | LR 7.89e-04
2026-05-14 19:49:23,361  INFO  Epoch 1/1 | Step 22640/34883 | Loss 2.1977 | LR 7.89e-04
2026-05-14 19:49:28,318  INFO  Epoch 1/1 | Step 22650/34883 | Loss 1.9922 | LR 7.89e-04
2026-05-14 19:49:33,290  INFO  Epoch 1/1 | Step 22660/34883 | Loss 2.3405 | LR 7.89e-04
2026-05-14 19:49:38,271  INFO  Epoch 1/1 | Step 22670/34883 | Loss 2.2547 | LR 7.89e-04
2026-05-14 19:49:43,232  INFO  Epoch 1/1 | Step 22680/34883 | Loss 2.2377 | LR 7.89e-04
2026-05-14 19:49:48,196  INFO  Epoch 1/1 | Step 22690/34883 | Loss 2.0626 | LR 7.88e-04
2026-05-14 19:49:53,167  INFO  Epoch 1/1 | Step 22700/34883 | Loss 2.1854 | LR 7.88e-04
2026-05-14 19:49:58,130  INFO  Epoch 1/1 | Step 22710/34883 | Loss 2.2939 | LR 7.88e-04
2026-05-14 19:50:03,093  INFO  Epoch 1/1 | Step 22720/34883 | Loss 2.1660 | LR 7.88e-04
2026-05-14 19:50:08,054  INFO  Epoch 1/1 | Step 22730/34883 | Loss 2.1003 | LR 7.88e-04
2026-05-14 19:50:13,007  INFO  Epoch 1/1 | Step 22740/34883 | Loss 2.0575 | LR 7.87e-04
2026-05-14 19:50:17,966  INFO  Epoch 1/1 | Step 22750/34883 | Loss 2.2272 | LR 7.87e-04
2026-05-14 19:50:22,917  INFO  Epoch 1/1 | Step 22760/34883 | Loss 2.2347 | LR 7.87e-04
2026-05-14 19:50:27,878  INFO  Epoch 1/1 | Step 22770/34883 | Loss 2.2390 | LR 7.87e-04
2026-05-14 19:50:32,842  INFO  Epoch 1/1 | Step 22780/34883 | Loss 2.1907 | LR 7.87e-04
2026-05-14 19:50:37,806  INFO  Epoch 1/1 | Step 22790/34883 | Loss 2.2097 | LR 7.86e-04
2026-05-14 19:50:42,770  INFO  Epoch 1/1 | Step 22800/34883 | Loss 2.1759 | LR 7.86e-04
2026-05-14 19:50:47,731  INFO  Epoch 1/1 | Step 22810/34883 | Loss 2.2048 | LR 7.86e-04
2026-05-14 19:50:52,680  INFO  Epoch 1/1 | Step 22820/34883 | Loss 2.2290 | LR 7.86e-04
2026-05-14 19:50:57,641  INFO  Epoch 1/1 | Step 22830/34883 | Loss 1.9640 | LR 7.86e-04
2026-05-14 19:51:02,597  INFO  Epoch 1/1 | Step 22840/34883 | Loss 2.2996 | LR 7.85e-04
2026-05-14 19:51:07,564  INFO  Epoch 1/1 | Step 22850/34883 | Loss 2.1550 | LR 7.85e-04
2026-05-14 19:51:12,524  INFO  Epoch 1/1 | Step 22860/34883 | Loss 2.1419 | LR 7.85e-04
2026-05-14 19:51:17,490  INFO  Epoch 1/1 | Step 22870/34883 | Loss 2.2626 | LR 7.85e-04
2026-05-14 19:51:22,448  INFO  Epoch 1/1 | Step 22880/34883 | Loss 2.0679 | LR 7.85e-04
2026-05-14 19:51:27,411  INFO  Epoch 1/1 | Step 22890/34883 | Loss 2.1630 | LR 7.85e-04
2026-05-14 19:51:32,365  INFO  Epoch 1/1 | Step 22900/34883 | Loss 1.9476 | LR 7.84e-04
2026-05-14 19:51:37,322  INFO  Epoch 1/1 | Step 22910/34883 | Loss 2.1238 | LR 7.84e-04
2026-05-14 19:51:42,277  INFO  Epoch 1/1 | Step 22920/34883 | Loss 2.1596 | LR 7.84e-04
2026-05-14 19:51:47,244  INFO  Epoch 1/1 | Step 22930/34883 | Loss 2.2072 | LR 7.84e-04
2026-05-14 19:51:52,213  INFO  Epoch 1/1 | Step 22940/34883 | Loss 2.2989 | LR 7.84e-04
2026-05-14 19:51:57,168  INFO  Epoch 1/1 | Step 22950/34883 | Loss 2.1233 | LR 7.83e-04
2026-05-14 19:52:02,131  INFO  Epoch 1/1 | Step 22960/34883 | Loss 2.1862 | LR 7.83e-04
2026-05-14 19:52:07,090  INFO  Epoch 1/1 | Step 22970/34883 | Loss 2.2091 | LR 7.83e-04
2026-05-14 19:52:12,050  INFO  Epoch 1/1 | Step 22980/34883 | Loss 2.1369 | LR 7.83e-04
2026-05-14 19:52:17,014  INFO  Epoch 1/1 | Step 22990/34883 | Loss 2.1606 | LR 7.83e-04
2026-05-14 19:52:21,967  INFO  Epoch 1/1 | Step 23000/34883 | Loss 2.2690 | LR 7.82e-04
2026-05-14 19:52:26,940  INFO  Epoch 1/1 | Step 23010/34883 | Loss 2.0447 | LR 7.82e-04
2026-05-14 19:52:31,902  INFO  Epoch 1/1 | Step 23020/34883 | Loss 2.2502 | LR 7.82e-04
2026-05-14 19:52:36,878  INFO  Epoch 1/1 | Step 23030/34883 | Loss 2.1851 | LR 7.82e-04
2026-05-14 19:52:41,838  INFO  Epoch 1/1 | Step 23040/34883 | Loss 2.1322 | LR 7.82e-04
2026-05-14 19:52:46,797  INFO  Epoch 1/1 | Step 23050/34883 | Loss 2.0723 | LR 7.81e-04
2026-05-14 19:52:51,754  INFO  Epoch 1/1 | Step 23060/34883 | Loss 2.1732 | LR 7.81e-04
2026-05-14 19:52:56,707  INFO  Epoch 1/1 | Step 23070/34883 | Loss 2.0521 | LR 7.81e-04
2026-05-14 19:53:01,657  INFO  Epoch 1/1 | Step 23080/34883 | Loss 2.1895 | LR 7.81e-04
2026-05-14 19:53:06,615  INFO  Epoch 1/1 | Step 23090/34883 | Loss 2.2403 | LR 7.81e-04
2026-05-14 19:53:11,576  INFO  Epoch 1/1 | Step 23100/34883 | Loss 2.1996 | LR 7.80e-04
2026-05-14 19:53:16,533  INFO  Epoch 1/1 | Step 23110/34883 | Loss 2.2497 | LR 7.80e-04
2026-05-14 19:53:21,493  INFO  Epoch 1/1 | Step 23120/34883 | Loss 2.0969 | LR 7.80e-04
2026-05-14 19:53:26,446  INFO  Epoch 1/1 | Step 23130/34883 | Loss 2.1378 | LR 7.80e-04
2026-05-14 19:53:31,403  INFO  Epoch 1/1 | Step 23140/34883 | Loss 2.1375 | LR 7.80e-04
2026-05-14 19:53:36,358  INFO  Epoch 1/1 | Step 23150/34883 | Loss 2.2068 | LR 7.80e-04
2026-05-14 19:53:41,311  INFO  Epoch 1/1 | Step 23160/34883 | Loss 2.0946 | LR 7.79e-04
2026-05-14 19:53:46,259  INFO  Epoch 1/1 | Step 23170/34883 | Loss 2.2620 | LR 7.79e-04
2026-05-14 19:53:51,229  INFO  Epoch 1/1 | Step 23180/34883 | Loss 2.2796 | LR 7.79e-04
2026-05-14 19:53:56,185  INFO  Epoch 1/1 | Step 23190/34883 | Loss 2.1449 | LR 7.79e-04
2026-05-14 19:54:01,135  INFO  Epoch 1/1 | Step 23200/34883 | Loss 2.2049 | LR 7.79e-04
2026-05-14 19:54:06,092  INFO  Epoch 1/1 | Step 23210/34883 | Loss 2.1888 | LR 7.78e-04
2026-05-14 19:54:11,048  INFO  Epoch 1/1 | Step 23220/34883 | Loss 2.0730 | LR 7.78e-04
2026-05-14 19:54:15,996  INFO  Epoch 1/1 | Step 23230/34883 | Loss 2.1912 | LR 7.78e-04
2026-05-14 19:54:20,947  INFO  Epoch 1/1 | Step 23240/34883 | Loss 1.9442 | LR 7.78e-04
2026-05-14 19:54:25,901  INFO  Epoch 1/1 | Step 23250/34883 | Loss 2.1836 | LR 7.78e-04
2026-05-14 19:54:30,857  INFO  Epoch 1/1 | Step 23260/34883 | Loss 2.1298 | LR 7.77e-04
2026-05-14 19:54:35,809  INFO  Epoch 1/1 | Step 23270/34883 | Loss 2.2361 | LR 7.77e-04
2026-05-14 19:54:40,765  INFO  Epoch 1/1 | Step 23280/34883 | Loss 2.1625 | LR 7.77e-04
2026-05-14 19:54:45,719  INFO  Epoch 1/1 | Step 23290/34883 | Loss 2.1218 | LR 7.77e-04
2026-05-14 19:54:50,668  INFO  Epoch 1/1 | Step 23300/34883 | Loss 2.0289 | LR 7.77e-04
2026-05-14 19:54:55,619  INFO  Epoch 1/1 | Step 23310/34883 | Loss 2.1723 | LR 7.76e-04
2026-05-14 19:55:00,587  INFO  Epoch 1/1 | Step 23320/34883 | Loss 2.2459 | LR 7.76e-04
2026-05-14 19:55:05,545  INFO  Epoch 1/1 | Step 23330/34883 | Loss 2.0266 | LR 7.76e-04
2026-05-14 19:55:10,516  INFO  Epoch 1/1 | Step 23340/34883 | Loss 2.1393 | LR 7.76e-04
2026-05-14 19:55:15,490  INFO  Epoch 1/1 | Step 23350/34883 | Loss 2.1118 | LR 7.76e-04
2026-05-14 19:55:20,467  INFO  Epoch 1/1 | Step 23360/34883 | Loss 2.1165 | LR 7.75e-04
2026-05-14 19:55:25,439  INFO  Epoch 1/1 | Step 23370/34883 | Loss 2.1036 | LR 7.75e-04
2026-05-14 19:55:30,405  INFO  Epoch 1/1 | Step 23380/34883 | Loss 2.2525 | LR 7.75e-04
2026-05-14 19:55:35,367  INFO  Epoch 1/1 | Step 23390/34883 | Loss 2.2007 | LR 7.75e-04
2026-05-14 19:55:40,343  INFO  Epoch 1/1 | Step 23400/34883 | Loss 2.0783 | LR 7.75e-04
2026-05-14 19:55:45,318  INFO  Epoch 1/1 | Step 23410/34883 | Loss 2.1890 | LR 7.74e-04
2026-05-14 19:55:50,278  INFO  Epoch 1/1 | Step 23420/34883 | Loss 1.9683 | LR 7.74e-04
2026-05-14 19:55:55,241  INFO  Epoch 1/1 | Step 23430/34883 | Loss 2.2693 | LR 7.74e-04
2026-05-14 19:56:00,201  INFO  Epoch 1/1 | Step 23440/34883 | Loss 2.0695 | LR 7.74e-04
2026-05-14 19:56:05,153  INFO  Epoch 1/1 | Step 23450/34883 | Loss 2.2914 | LR 7.74e-04
2026-05-14 19:56:10,108  INFO  Epoch 1/1 | Step 23460/34883 | Loss 2.1955 | LR 7.74e-04
2026-05-14 19:56:15,070  INFO  Epoch 1/1 | Step 23470/34883 | Loss 2.1044 | LR 7.73e-04
2026-05-14 19:56:20,028  INFO  Epoch 1/1 | Step 23480/34883 | Loss 2.0310 | LR 7.73e-04
2026-05-14 19:56:24,994  INFO  Epoch 1/1 | Step 23490/34883 | Loss 2.1122 | LR 7.73e-04
2026-05-14 19:56:29,950  INFO  Epoch 1/1 | Step 23500/34883 | Loss 2.1753 | LR 7.73e-04
2026-05-14 19:56:34,912  INFO  Epoch 1/1 | Step 23510/34883 | Loss 2.1300 | LR 7.73e-04
2026-05-14 19:56:39,878  INFO  Epoch 1/1 | Step 23520/34883 | Loss 2.0454 | LR 7.72e-04
2026-05-14 19:56:44,836  INFO  Epoch 1/1 | Step 23530/34883 | Loss 2.1202 | LR 7.72e-04
2026-05-14 19:56:49,805  INFO  Epoch 1/1 | Step 23540/34883 | Loss 2.1952 | LR 7.72e-04
2026-05-14 19:56:54,765  INFO  Epoch 1/1 | Step 23550/34883 | Loss 2.1546 | LR 7.72e-04
2026-05-14 19:56:59,730  INFO  Epoch 1/1 | Step 23560/34883 | Loss 2.1452 | LR 7.72e-04
2026-05-14 19:57:04,683  INFO  Epoch 1/1 | Step 23570/34883 | Loss 2.1237 | LR 7.71e-04
2026-05-14 19:57:09,658  INFO  Epoch 1/1 | Step 23580/34883 | Loss 2.2370 | LR 7.71e-04
2026-05-14 19:57:14,613  INFO  Epoch 1/1 | Step 23590/34883 | Loss 2.1237 | LR 7.71e-04
2026-05-14 19:57:19,576  INFO  Epoch 1/1 | Step 23600/34883 | Loss 2.1392 | LR 7.71e-04
2026-05-14 19:57:24,545  INFO  Epoch 1/1 | Step 23610/34883 | Loss 1.9701 | LR 7.71e-04
2026-05-14 19:57:29,510  INFO  Epoch 1/1 | Step 23620/34883 | Loss 2.2268 | LR 7.70e-04
2026-05-14 19:57:34,472  INFO  Epoch 1/1 | Step 23630/34883 | Loss 2.0613 | LR 7.70e-04
2026-05-14 19:57:39,447  INFO  Epoch 1/1 | Step 23640/34883 | Loss 2.1482 | LR 7.70e-04
2026-05-14 19:57:44,405  INFO  Epoch 1/1 | Step 23650/34883 | Loss 2.0594 | LR 7.70e-04
2026-05-14 19:57:49,369  INFO  Epoch 1/1 | Step 23660/34883 | Loss 2.3888 | LR 7.70e-04
2026-05-14 19:57:54,337  INFO  Epoch 1/1 | Step 23670/34883 | Loss 2.3587 | LR 7.69e-04
2026-05-14 19:57:59,291  INFO  Epoch 1/1 | Step 23680/34883 | Loss 1.9749 | LR 7.69e-04
2026-05-14 19:58:04,256  INFO  Epoch 1/1 | Step 23690/34883 | Loss 2.3477 | LR 7.69e-04
2026-05-14 19:58:09,219  INFO  Epoch 1/1 | Step 23700/34883 | Loss 2.0625 | LR 7.69e-04
2026-05-14 19:58:14,175  INFO  Epoch 1/1 | Step 23710/34883 | Loss 2.2184 | LR 7.69e-04
2026-05-14 19:58:19,151  INFO  Epoch 1/1 | Step 23720/34883 | Loss 2.0444 | LR 7.68e-04
2026-05-14 19:58:24,116  INFO  Epoch 1/1 | Step 23730/34883 | Loss 2.0887 | LR 7.68e-04
2026-05-14 19:58:29,082  INFO  Epoch 1/1 | Step 23740/34883 | Loss 2.1993 | LR 7.68e-04
2026-05-14 19:58:34,050  INFO  Epoch 1/1 | Step 23750/34883 | Loss 2.2462 | LR 7.68e-04
2026-05-14 19:58:39,016  INFO  Epoch 1/1 | Step 23760/34883 | Loss 2.1064 | LR 7.68e-04
2026-05-14 19:58:43,985  INFO  Epoch 1/1 | Step 23770/34883 | Loss 2.0090 | LR 7.67e-04
2026-05-14 19:58:48,963  INFO  Epoch 1/1 | Step 23780/34883 | Loss 2.1167 | LR 7.67e-04
2026-05-14 19:58:53,919  INFO  Epoch 1/1 | Step 23790/34883 | Loss 1.9472 | LR 7.67e-04
2026-05-14 19:58:58,885  INFO  Epoch 1/1 | Step 23800/34883 | Loss 2.2902 | LR 7.67e-04
2026-05-14 19:59:03,857  INFO  Epoch 1/1 | Step 23810/34883 | Loss 2.2368 | LR 7.67e-04
2026-05-14 19:59:08,822  INFO  Epoch 1/1 | Step 23820/34883 | Loss 2.1095 | LR 7.66e-04
2026-05-14 19:59:13,785  INFO  Epoch 1/1 | Step 23830/34883 | Loss 2.2269 | LR 7.66e-04
2026-05-14 19:59:18,749  INFO  Epoch 1/1 | Step 23840/34883 | Loss 2.1943 | LR 7.66e-04
2026-05-14 19:59:23,712  INFO  Epoch 1/1 | Step 23850/34883 | Loss 2.1498 | LR 7.66e-04
2026-05-14 19:59:28,681  INFO  Epoch 1/1 | Step 23860/34883 | Loss 2.1369 | LR 7.66e-04
2026-05-14 19:59:33,644  INFO  Epoch 1/1 | Step 23870/34883 | Loss 2.1209 | LR 7.66e-04
2026-05-14 19:59:38,617  INFO  Epoch 1/1 | Step 23880/34883 | Loss 2.2746 | LR 7.65e-04
2026-05-14 19:59:43,588  INFO  Epoch 1/1 | Step 23890/34883 | Loss 2.2000 | LR 7.65e-04
2026-05-14 19:59:48,550  INFO  Epoch 1/1 | Step 23900/34883 | Loss 2.0563 | LR 7.65e-04
2026-05-14 19:59:53,508  INFO  Epoch 1/1 | Step 23910/34883 | Loss 2.0405 | LR 7.65e-04
2026-05-14 19:59:58,460  INFO  Epoch 1/1 | Step 23920/34883 | Loss 2.1452 | LR 7.65e-04
2026-05-14 20:00:03,411  INFO  Epoch 1/1 | Step 23930/34883 | Loss 2.1400 | LR 7.64e-04
2026-05-14 20:00:08,365  INFO  Epoch 1/1 | Step 23940/34883 | Loss 2.0533 | LR 7.64e-04
2026-05-14 20:00:13,327  INFO  Epoch 1/1 | Step 23950/34883 | Loss 2.1536 | LR 7.64e-04
2026-05-14 20:00:18,280  INFO  Epoch 1/1 | Step 23960/34883 | Loss 2.2582 | LR 7.64e-04
2026-05-14 20:00:23,244  INFO  Epoch 1/1 | Step 23970/34883 | Loss 2.1403 | LR 7.64e-04
2026-05-14 20:00:28,215  INFO  Epoch 1/1 | Step 23980/34883 | Loss 2.2393 | LR 7.63e-04
2026-05-14 20:00:33,180  INFO  Epoch 1/1 | Step 23990/34883 | Loss 2.1948 | LR 7.63e-04
2026-05-14 20:00:38,139  INFO  Epoch 1/1 | Step 24000/34883 | Loss 2.1411 | LR 7.63e-04
2026-05-14 20:00:43,106  INFO  Epoch 1/1 | Step 24010/34883 | Loss 2.0996 | LR 7.63e-04
2026-05-14 20:00:48,067  INFO  Epoch 1/1 | Step 24020/34883 | Loss 2.2603 | LR 7.63e-04
2026-05-14 20:00:53,028  INFO  Epoch 1/1 | Step 24030/34883 | Loss 2.1297 | LR 7.62e-04
2026-05-14 20:00:57,993  INFO  Epoch 1/1 | Step 24040/34883 | Loss 2.2338 | LR 7.62e-04
2026-05-14 20:01:02,948  INFO  Epoch 1/1 | Step 24050/34883 | Loss 2.0415 | LR 7.62e-04
2026-05-14 20:01:07,904  INFO  Epoch 1/1 | Step 24060/34883 | Loss 2.2409 | LR 7.62e-04
2026-05-14 20:01:12,865  INFO  Epoch 1/1 | Step 24070/34883 | Loss 2.2131 | LR 7.62e-04
2026-05-14 20:01:17,814  INFO  Epoch 1/1 | Step 24080/34883 | Loss 2.1680 | LR 7.61e-04
2026-05-14 20:01:22,765  INFO  Epoch 1/1 | Step 24090/34883 | Loss 2.2315 | LR 7.61e-04
2026-05-14 20:01:27,725  INFO  Epoch 1/1 | Step 24100/34883 | Loss 2.0473 | LR 7.61e-04
2026-05-14 20:01:32,676  INFO  Epoch 1/1 | Step 24110/34883 | Loss 2.1398 | LR 7.61e-04
2026-05-14 20:01:37,623  INFO  Epoch 1/1 | Step 24120/34883 | Loss 2.0175 | LR 7.61e-04
2026-05-14 20:01:42,573  INFO  Epoch 1/1 | Step 24130/34883 | Loss 2.1152 | LR 7.60e-04
2026-05-14 20:01:47,533  INFO  Epoch 1/1 | Step 24140/34883 | Loss 2.0609 | LR 7.60e-04
2026-05-14 20:01:52,489  INFO  Epoch 1/1 | Step 24150/34883 | Loss 2.1533 | LR 7.60e-04
2026-05-14 20:01:57,447  INFO  Epoch 1/1 | Step 24160/34883 | Loss 2.2720 | LR 7.60e-04
2026-05-14 20:02:02,407  INFO  Epoch 1/1 | Step 24170/34883 | Loss 2.1991 | LR 7.60e-04
2026-05-14 20:02:07,350  INFO  Epoch 1/1 | Step 24180/34883 | Loss 2.1962 | LR 7.59e-04
2026-05-14 20:02:12,312  INFO  Epoch 1/1 | Step 24190/34883 | Loss 2.0733 | LR 7.59e-04
2026-05-14 20:02:17,255  INFO  Epoch 1/1 | Step 24200/34883 | Loss 2.2123 | LR 7.59e-04
2026-05-14 20:02:22,206  INFO  Epoch 1/1 | Step 24210/34883 | Loss 2.1413 | LR 7.59e-04
2026-05-14 20:02:27,148  INFO  Epoch 1/1 | Step 24220/34883 | Loss 2.0987 | LR 7.59e-04
2026-05-14 20:02:32,103  INFO  Epoch 1/1 | Step 24230/34883 | Loss 2.0855 | LR 7.58e-04
2026-05-14 20:02:37,059  INFO  Epoch 1/1 | Step 24240/34883 | Loss 2.0876 | LR 7.58e-04
2026-05-14 20:02:42,016  INFO  Epoch 1/1 | Step 24250/34883 | Loss 2.2206 | LR 7.58e-04
2026-05-14 20:02:46,968  INFO  Epoch 1/1 | Step 24260/34883 | Loss 2.1523 | LR 7.58e-04
2026-05-14 20:02:51,916  INFO  Epoch 1/1 | Step 24270/34883 | Loss 2.2280 | LR 7.58e-04
2026-05-14 20:02:56,871  INFO  Epoch 1/1 | Step 24280/34883 | Loss 2.1364 | LR 7.57e-04
2026-05-14 20:03:01,829  INFO  Epoch 1/1 | Step 24290/34883 | Loss 2.1760 | LR 7.57e-04
2026-05-14 20:03:06,787  INFO  Epoch 1/1 | Step 24300/34883 | Loss 2.2082 | LR 7.57e-04
2026-05-14 20:03:11,745  INFO  Epoch 1/1 | Step 24310/34883 | Loss 2.0032 | LR 7.57e-04
2026-05-14 20:03:16,704  INFO  Epoch 1/1 | Step 24320/34883 | Loss 2.0072 | LR 7.57e-04
2026-05-14 20:03:21,661  INFO  Epoch 1/1 | Step 24330/34883 | Loss 2.3098 | LR 7.56e-04
2026-05-14 20:03:26,603  INFO  Epoch 1/1 | Step 24340/34883 | Loss 2.0981 | LR 7.56e-04
2026-05-14 20:03:31,559  INFO  Epoch 1/1 | Step 24350/34883 | Loss 1.9552 | LR 7.56e-04
2026-05-14 20:03:36,520  INFO  Epoch 1/1 | Step 24360/34883 | Loss 2.2652 | LR 7.56e-04
2026-05-14 20:03:41,471  INFO  Epoch 1/1 | Step 24370/34883 | Loss 2.0562 | LR 7.56e-04
2026-05-14 20:03:46,428  INFO  Epoch 1/1 | Step 24380/34883 | Loss 2.2681 | LR 7.55e-04
2026-05-14 20:03:51,382  INFO  Epoch 1/1 | Step 24390/34883 | Loss 2.1895 | LR 7.55e-04
2026-05-14 20:03:56,329  INFO  Epoch 1/1 | Step 24400/34883 | Loss 2.1029 | LR 7.55e-04
2026-05-14 20:04:01,282  INFO  Epoch 1/1 | Step 24410/34883 | Loss 2.1847 | LR 7.55e-04
2026-05-14 20:04:06,236  INFO  Epoch 1/1 | Step 24420/34883 | Loss 2.1739 | LR 7.55e-04
2026-05-14 20:04:11,190  INFO  Epoch 1/1 | Step 24430/34883 | Loss 2.2253 | LR 7.54e-04
2026-05-14 20:04:16,145  INFO  Epoch 1/1 | Step 24440/34883 | Loss 2.3590 | LR 7.54e-04
2026-05-14 20:04:21,107  INFO  Epoch 1/1 | Step 24450/34883 | Loss 2.0922 | LR 7.54e-04
2026-05-14 20:04:26,061  INFO  Epoch 1/1 | Step 24460/34883 | Loss 2.1098 | LR 7.54e-04
2026-05-14 20:04:31,018  INFO  Epoch 1/1 | Step 24470/34883 | Loss 2.2456 | LR 7.54e-04
2026-05-14 20:04:35,973  INFO  Epoch 1/1 | Step 24480/34883 | Loss 2.1525 | LR 7.53e-04
2026-05-14 20:04:40,929  INFO  Epoch 1/1 | Step 24490/34883 | Loss 1.9320 | LR 7.53e-04
2026-05-14 20:04:45,880  INFO  Epoch 1/1 | Step 24500/34883 | Loss 2.2777 | LR 7.53e-04
2026-05-14 20:04:50,831  INFO  Epoch 1/1 | Step 24510/34883 | Loss 2.1215 | LR 7.53e-04
2026-05-14 20:04:55,789  INFO  Epoch 1/1 | Step 24520/34883 | Loss 2.1601 | LR 7.53e-04
2026-05-14 20:05:00,744  INFO  Epoch 1/1 | Step 24530/34883 | Loss 2.1259 | LR 7.52e-04
2026-05-14 20:05:05,694  INFO  Epoch 1/1 | Step 24540/34883 | Loss 2.2275 | LR 7.52e-04
2026-05-14 20:05:10,640  INFO  Epoch 1/1 | Step 24550/34883 | Loss 2.1320 | LR 7.52e-04
2026-05-14 20:05:15,589  INFO  Epoch 1/1 | Step 24560/34883 | Loss 2.1076 | LR 7.52e-04
2026-05-14 20:05:20,561  INFO  Epoch 1/1 | Step 24570/34883 | Loss 2.1536 | LR 7.52e-04
2026-05-14 20:05:25,516  INFO  Epoch 1/1 | Step 24580/34883 | Loss 2.2186 | LR 7.51e-04
2026-05-14 20:05:30,457  INFO  Epoch 1/1 | Step 24590/34883 | Loss 2.2484 | LR 7.51e-04
2026-05-14 20:05:35,401  INFO  Epoch 1/1 | Step 24600/34883 | Loss 2.1815 | LR 7.51e-04
2026-05-14 20:05:40,351  INFO  Epoch 1/1 | Step 24610/34883 | Loss 2.2615 | LR 7.51e-04
2026-05-14 20:05:45,304  INFO  Epoch 1/1 | Step 24620/34883 | Loss 2.3688 | LR 7.51e-04
2026-05-14 20:05:50,257  INFO  Epoch 1/1 | Step 24630/34883 | Loss 2.2307 | LR 7.50e-04
2026-05-14 20:05:55,213  INFO  Epoch 1/1 | Step 24640/34883 | Loss 2.3170 | LR 7.50e-04
2026-05-14 20:06:00,167  INFO  Epoch 1/1 | Step 24650/34883 | Loss 2.2875 | LR 7.50e-04
2026-05-14 20:06:05,105  INFO  Epoch 1/1 | Step 24660/34883 | Loss 2.2195 | LR 7.50e-04
2026-05-14 20:06:10,051  INFO  Epoch 1/1 | Step 24670/34883 | Loss 2.2132 | LR 7.50e-04
2026-05-14 20:06:15,002  INFO  Epoch 1/1 | Step 24680/34883 | Loss 2.1263 | LR 7.49e-04
2026-05-14 20:06:19,944  INFO  Epoch 1/1 | Step 24690/34883 | Loss 2.2144 | LR 7.49e-04
2026-05-14 20:06:24,891  INFO  Epoch 1/1 | Step 24700/34883 | Loss 1.9776 | LR 7.49e-04
2026-05-14 20:06:29,836  INFO  Epoch 1/1 | Step 24710/34883 | Loss 2.1423 | LR 7.49e-04
2026-05-14 20:06:34,778  INFO  Epoch 1/1 | Step 24720/34883 | Loss 2.3261 | LR 7.49e-04
2026-05-14 20:06:39,729  INFO  Epoch 1/1 | Step 24730/34883 | Loss 2.0797 | LR 7.48e-04
2026-05-14 20:06:44,664  INFO  Epoch 1/1 | Step 24740/34883 | Loss 2.2072 | LR 7.48e-04
2026-05-14 20:06:49,616  INFO  Epoch 1/1 | Step 24750/34883 | Loss 2.2549 | LR 7.48e-04
2026-05-14 20:06:54,565  INFO  Epoch 1/1 | Step 24760/34883 | Loss 2.3745 | LR 7.48e-04
2026-05-14 20:06:59,525  INFO  Epoch 1/1 | Step 24770/34883 | Loss 2.2743 | LR 7.48e-04
2026-05-14 20:07:04,468  INFO  Epoch 1/1 | Step 24780/34883 | Loss 2.2062 | LR 7.47e-04
2026-05-14 20:07:09,423  INFO  Epoch 1/1 | Step 24790/34883 | Loss 2.1913 | LR 7.47e-04
2026-05-14 20:07:14,389  INFO  Epoch 1/1 | Step 24800/34883 | Loss 2.2080 | LR 7.47e-04
2026-05-14 20:07:19,341  INFO  Epoch 1/1 | Step 24810/34883 | Loss 2.0566 | LR 7.47e-04
2026-05-14 20:07:24,294  INFO  Epoch 1/1 | Step 24820/34883 | Loss 2.0633 | LR 7.47e-04
2026-05-14 20:07:29,243  INFO  Epoch 1/1 | Step 24830/34883 | Loss 2.1099 | LR 7.46e-04
2026-05-14 20:07:34,196  INFO  Epoch 1/1 | Step 24840/34883 | Loss 2.1084 | LR 7.46e-04
2026-05-14 20:07:39,152  INFO  Epoch 1/1 | Step 24850/34883 | Loss 2.0757 | LR 7.46e-04
2026-05-14 20:07:44,101  INFO  Epoch 1/1 | Step 24860/34883 | Loss 2.1485 | LR 7.46e-04
2026-05-14 20:07:49,053  INFO  Epoch 1/1 | Step 24870/34883 | Loss 2.0802 | LR 7.46e-04
2026-05-14 20:07:54,010  INFO  Epoch 1/1 | Step 24880/34883 | Loss 2.0474 | LR 7.45e-04
2026-05-14 20:07:58,973  INFO  Epoch 1/1 | Step 24890/34883 | Loss 2.1636 | LR 7.45e-04
2026-05-14 20:08:03,937  INFO  Epoch 1/1 | Step 24900/34883 | Loss 2.1621 | LR 7.45e-04
2026-05-14 20:08:08,894  INFO  Epoch 1/1 | Step 24910/34883 | Loss 2.1989 | LR 7.45e-04
2026-05-14 20:08:13,866  INFO  Epoch 1/1 | Step 24920/34883 | Loss 2.0258 | LR 7.45e-04
2026-05-14 20:08:18,833  INFO  Epoch 1/1 | Step 24930/34883 | Loss 1.9696 | LR 7.44e-04
2026-05-14 20:08:23,796  INFO  Epoch 1/1 | Step 24940/34883 | Loss 2.1827 | LR 7.44e-04
2026-05-14 20:08:28,763  INFO  Epoch 1/1 | Step 24950/34883 | Loss 2.0906 | LR 7.44e-04
2026-05-14 20:08:33,729  INFO  Epoch 1/1 | Step 24960/34883 | Loss 2.0465 | LR 7.44e-04
2026-05-14 20:08:38,688  INFO  Epoch 1/1 | Step 24970/34883 | Loss 2.0712 | LR 7.44e-04
2026-05-14 20:08:43,654  INFO  Epoch 1/1 | Step 24980/34883 | Loss 2.1381 | LR 7.43e-04
2026-05-14 20:08:48,615  INFO  Epoch 1/1 | Step 24990/34883 | Loss 2.0297 | LR 7.43e-04
2026-05-14 20:08:53,577  INFO  Epoch 1/1 | Step 25000/34883 | Loss 2.2075 | LR 7.43e-04
2026-05-14 20:08:58,539  INFO  Epoch 1/1 | Step 25010/34883 | Loss 2.1271 | LR 7.43e-04
2026-05-14 20:09:03,495  INFO  Epoch 1/1 | Step 25020/34883 | Loss 2.2025 | LR 7.43e-04
2026-05-14 20:09:08,456  INFO  Epoch 1/1 | Step 25030/34883 | Loss 2.1930 | LR 7.42e-04
2026-05-14 20:09:13,423  INFO  Epoch 1/1 | Step 25040/34883 | Loss 2.1769 | LR 7.42e-04
2026-05-14 20:09:18,369  INFO  Epoch 1/1 | Step 25050/34883 | Loss 2.1574 | LR 7.42e-04
2026-05-14 20:09:23,330  INFO  Epoch 1/1 | Step 25060/34883 | Loss 2.0141 | LR 7.42e-04
2026-05-14 20:09:28,290  INFO  Epoch 1/1 | Step 25070/34883 | Loss 2.1136 | LR 7.42e-04
2026-05-14 20:09:33,252  INFO  Epoch 1/1 | Step 25080/34883 | Loss 2.1743 | LR 7.41e-04
2026-05-14 20:09:38,214  INFO  Epoch 1/1 | Step 25090/34883 | Loss 2.2739 | LR 7.41e-04
2026-05-14 20:09:43,164  INFO  Epoch 1/1 | Step 25100/34883 | Loss 2.1579 | LR 7.41e-04
2026-05-14 20:09:48,122  INFO  Epoch 1/1 | Step 25110/34883 | Loss 1.9910 | LR 7.41e-04
2026-05-14 20:09:53,081  INFO  Epoch 1/1 | Step 25120/34883 | Loss 2.1784 | LR 7.40e-04
2026-05-14 20:09:58,044  INFO  Epoch 1/1 | Step 25130/34883 | Loss 2.1855 | LR 7.40e-04
2026-05-14 20:10:03,016  INFO  Epoch 1/1 | Step 25140/34883 | Loss 2.2016 | LR 7.40e-04
2026-05-14 20:10:07,966  INFO  Epoch 1/1 | Step 25150/34883 | Loss 2.0471 | LR 7.40e-04
2026-05-14 20:10:12,923  INFO  Epoch 1/1 | Step 25160/34883 | Loss 2.2200 | LR 7.40e-04
2026-05-14 20:10:17,877  INFO  Epoch 1/1 | Step 25170/34883 | Loss 2.1529 | LR 7.39e-04
2026-05-14 20:10:22,833  INFO  Epoch 1/1 | Step 25180/34883 | Loss 2.1627 | LR 7.39e-04
2026-05-14 20:10:27,789  INFO  Epoch 1/1 | Step 25190/34883 | Loss 2.1538 | LR 7.39e-04
2026-05-14 20:10:32,751  INFO  Epoch 1/1 | Step 25200/34883 | Loss 2.1210 | LR 7.39e-04
2026-05-14 20:10:37,720  INFO  Epoch 1/1 | Step 25210/34883 | Loss 2.2726 | LR 7.39e-04
2026-05-14 20:10:42,682  INFO  Epoch 1/1 | Step 25220/34883 | Loss 2.2146 | LR 7.38e-04
2026-05-14 20:10:47,646  INFO  Epoch 1/1 | Step 25230/34883 | Loss 2.1154 | LR 7.38e-04
2026-05-14 20:10:52,620  INFO  Epoch 1/1 | Step 25240/34883 | Loss 2.0838 | LR 7.38e-04
2026-05-14 20:10:57,596  INFO  Epoch 1/1 | Step 25250/34883 | Loss 2.2539 | LR 7.38e-04
2026-05-14 20:11:02,569  INFO  Epoch 1/1 | Step 25260/34883 | Loss 2.1289 | LR 7.38e-04
2026-05-14 20:11:07,532  INFO  Epoch 1/1 | Step 25270/34883 | Loss 2.2282 | LR 7.37e-04
2026-05-14 20:11:12,496  INFO  Epoch 1/1 | Step 25280/34883 | Loss 2.0311 | LR 7.37e-04
2026-05-14 20:11:17,469  INFO  Epoch 1/1 | Step 25290/34883 | Loss 2.1320 | LR 7.37e-04
2026-05-14 20:11:22,435  INFO  Epoch 1/1 | Step 25300/34883 | Loss 2.2303 | LR 7.37e-04
2026-05-14 20:11:27,393  INFO  Epoch 1/1 | Step 25310/34883 | Loss 1.9175 | LR 7.37e-04
2026-05-14 20:11:32,354  INFO  Epoch 1/1 | Step 25320/34883 | Loss 2.2672 | LR 7.36e-04
2026-05-14 20:11:37,308  INFO  Epoch 1/1 | Step 25330/34883 | Loss 2.0691 | LR 7.36e-04
2026-05-14 20:11:42,267  INFO  Epoch 1/1 | Step 25340/34883 | Loss 2.0354 | LR 7.36e-04
2026-05-14 20:11:47,228  INFO  Epoch 1/1 | Step 25350/34883 | Loss 1.9907 | LR 7.36e-04
2026-05-14 20:11:52,198  INFO  Epoch 1/1 | Step 25360/34883 | Loss 2.0152 | LR 7.36e-04
2026-05-14 20:11:57,158  INFO  Epoch 1/1 | Step 25370/34883 | Loss 2.1000 | LR 7.35e-04
2026-05-14 20:12:02,120  INFO  Epoch 1/1 | Step 25380/34883 | Loss 2.0731 | LR 7.35e-04
2026-05-14 20:12:07,071  INFO  Epoch 1/1 | Step 25390/34883 | Loss 2.1476 | LR 7.35e-04
2026-05-14 20:12:12,038  INFO  Epoch 1/1 | Step 25400/34883 | Loss 2.1109 | LR 7.35e-04
2026-05-14 20:12:17,012  INFO  Epoch 1/1 | Step 25410/34883 | Loss 1.9785 | LR 7.35e-04
2026-05-14 20:12:21,975  INFO  Epoch 1/1 | Step 25420/34883 | Loss 1.7699 | LR 7.34e-04
2026-05-14 20:12:26,939  INFO  Epoch 1/1 | Step 25430/34883 | Loss 2.2247 | LR 7.34e-04
2026-05-14 20:12:31,900  INFO  Epoch 1/1 | Step 25440/34883 | Loss 2.2160 | LR 7.34e-04
2026-05-14 20:12:36,871  INFO  Epoch 1/1 | Step 25450/34883 | Loss 2.0977 | LR 7.34e-04
2026-05-14 20:12:41,832  INFO  Epoch 1/1 | Step 25460/34883 | Loss 2.3005 | LR 7.34e-04
2026-05-14 20:12:46,793  INFO  Epoch 1/1 | Step 25470/34883 | Loss 2.0866 | LR 7.33e-04
2026-05-14 20:12:51,746  INFO  Epoch 1/1 | Step 25480/34883 | Loss 2.3268 | LR 7.33e-04
2026-05-14 20:12:56,710  INFO  Epoch 1/1 | Step 25490/34883 | Loss 2.1860 | LR 7.33e-04
2026-05-14 20:13:01,670  INFO  Epoch 1/1 | Step 25500/34883 | Loss 2.1108 | LR 7.33e-04
2026-05-14 20:13:06,625  INFO  Epoch 1/1 | Step 25510/34883 | Loss 2.0860 | LR 7.33e-04
2026-05-14 20:13:11,596  INFO  Epoch 1/1 | Step 25520/34883 | Loss 2.1550 | LR 7.32e-04
2026-05-14 20:13:16,553  INFO  Epoch 1/1 | Step 25530/34883 | Loss 2.2972 | LR 7.32e-04
2026-05-14 20:13:21,512  INFO  Epoch 1/1 | Step 25540/34883 | Loss 2.1676 | LR 7.32e-04
2026-05-14 20:13:26,475  INFO  Epoch 1/1 | Step 25550/34883 | Loss 2.1025 | LR 7.32e-04
2026-05-14 20:13:31,431  INFO  Epoch 1/1 | Step 25560/34883 | Loss 2.1539 | LR 7.31e-04
2026-05-14 20:13:36,390  INFO  Epoch 1/1 | Step 25570/34883 | Loss 2.2162 | LR 7.31e-04
2026-05-14 20:13:41,348  INFO  Epoch 1/1 | Step 25580/34883 | Loss 2.0245 | LR 7.31e-04
2026-05-14 20:13:46,306  INFO  Epoch 1/1 | Step 25590/34883 | Loss 2.0466 | LR 7.31e-04
2026-05-14 20:13:51,266  INFO  Epoch 1/1 | Step 25600/34883 | Loss 2.2023 | LR 7.31e-04
2026-05-14 20:13:56,221  INFO  Epoch 1/1 | Step 25610/34883 | Loss 2.1677 | LR 7.30e-04
2026-05-14 20:14:01,173  INFO  Epoch 1/1 | Step 25620/34883 | Loss 2.0358 | LR 7.30e-04
2026-05-14 20:14:06,134  INFO  Epoch 1/1 | Step 25630/34883 | Loss 2.1156 | LR 7.30e-04
2026-05-14 20:14:11,095  INFO  Epoch 1/1 | Step 25640/34883 | Loss 2.1324 | LR 7.30e-04
2026-05-14 20:14:16,053  INFO  Epoch 1/1 | Step 25650/34883 | Loss 2.2328 | LR 7.30e-04
2026-05-14 20:14:21,020  INFO  Epoch 1/1 | Step 25660/34883 | Loss 2.1450 | LR 7.29e-04
2026-05-14 20:14:25,992  INFO  Epoch 1/1 | Step 25670/34883 | Loss 2.1706 | LR 7.29e-04
2026-05-14 20:14:30,947  INFO  Epoch 1/1 | Step 25680/34883 | Loss 2.0987 | LR 7.29e-04
2026-05-14 20:14:35,899  INFO  Epoch 1/1 | Step 25690/34883 | Loss 2.2866 | LR 7.29e-04
2026-05-14 20:14:40,861  INFO  Epoch 1/1 | Step 25700/34883 | Loss 2.1985 | LR 7.29e-04
2026-05-14 20:14:45,825  INFO  Epoch 1/1 | Step 25710/34883 | Loss 2.1287 | LR 7.28e-04
2026-05-14 20:14:50,786  INFO  Epoch 1/1 | Step 25720/34883 | Loss 2.1860 | LR 7.28e-04
2026-05-14 20:14:55,758  INFO  Epoch 1/1 | Step 25730/34883 | Loss 2.0298 | LR 7.28e-04
2026-05-14 20:15:00,721  INFO  Epoch 1/1 | Step 25740/34883 | Loss 2.1976 | LR 7.28e-04
2026-05-14 20:15:05,677  INFO  Epoch 1/1 | Step 25750/34883 | Loss 2.1635 | LR 7.28e-04
2026-05-14 20:15:10,643  INFO  Epoch 1/1 | Step 25760/34883 | Loss 2.4031 | LR 7.27e-04
2026-05-14 20:15:15,608  INFO  Epoch 1/1 | Step 25770/34883 | Loss 2.1386 | LR 7.27e-04
2026-05-14 20:15:20,599  INFO  Epoch 1/1 | Step 25780/34883 | Loss 2.0630 | LR 7.27e-04
2026-05-14 20:15:25,593  INFO  Epoch 1/1 | Step 25790/34883 | Loss 2.1107 | LR 7.27e-04
2026-05-14 20:15:30,567  INFO  Epoch 1/1 | Step 25800/34883 | Loss 2.3231 | LR 7.27e-04
2026-05-14 20:15:35,535  INFO  Epoch 1/1 | Step 25810/34883 | Loss 2.0273 | LR 7.26e-04
2026-05-14 20:15:40,499  INFO  Epoch 1/1 | Step 25820/34883 | Loss 2.1639 | LR 7.26e-04
2026-05-14 20:15:45,467  INFO  Epoch 1/1 | Step 25830/34883 | Loss 2.1688 | LR 7.26e-04
2026-05-14 20:15:50,427  INFO  Epoch 1/1 | Step 25840/34883 | Loss 2.0634 | LR 7.26e-04
2026-05-14 20:15:55,401  INFO  Epoch 1/1 | Step 25850/34883 | Loss 1.9610 | LR 7.26e-04
2026-05-14 20:16:00,357  INFO  Epoch 1/1 | Step 25860/34883 | Loss 2.0398 | LR 7.25e-04
2026-05-14 20:16:05,328  INFO  Epoch 1/1 | Step 25870/34883 | Loss 2.1679 | LR 7.25e-04
2026-05-14 20:16:10,287  INFO  Epoch 1/1 | Step 25880/34883 | Loss 2.2690 | LR 7.25e-04
2026-05-14 20:16:15,251  INFO  Epoch 1/1 | Step 25890/34883 | Loss 2.0532 | LR 7.25e-04
2026-05-14 20:16:20,216  INFO  Epoch 1/1 | Step 25900/34883 | Loss 2.0962 | LR 7.24e-04
2026-05-14 20:16:25,177  INFO  Epoch 1/1 | Step 25910/34883 | Loss 2.2631 | LR 7.24e-04
2026-05-14 20:16:30,137  INFO  Epoch 1/1 | Step 25920/34883 | Loss 2.0741 | LR 7.24e-04
2026-05-14 20:16:35,091  INFO  Epoch 1/1 | Step 25930/34883 | Loss 2.1948 | LR 7.24e-04
2026-05-14 20:16:40,041  INFO  Epoch 1/1 | Step 25940/34883 | Loss 2.1744 | LR 7.24e-04
2026-05-14 20:16:44,997  INFO  Epoch 1/1 | Step 25950/34883 | Loss 2.0629 | LR 7.23e-04
2026-05-14 20:16:49,952  INFO  Epoch 1/1 | Step 25960/34883 | Loss 2.0351 | LR 7.23e-04
2026-05-14 20:16:54,915  INFO  Epoch 1/1 | Step 25970/34883 | Loss 1.9825 | LR 7.23e-04
2026-05-14 20:16:59,884  INFO  Epoch 1/1 | Step 25980/34883 | Loss 2.3076 | LR 7.23e-04
2026-05-14 20:17:04,842  INFO  Epoch 1/1 | Step 25990/34883 | Loss 2.1503 | LR 7.23e-04
2026-05-14 20:17:09,803  INFO  Epoch 1/1 | Step 26000/34883 | Loss 2.1343 | LR 7.22e-04
2026-05-14 20:17:14,758  INFO  Epoch 1/1 | Step 26010/34883 | Loss 2.3813 | LR 7.22e-04
2026-05-14 20:17:19,720  INFO  Epoch 1/1 | Step 26020/34883 | Loss 2.1779 | LR 7.22e-04
2026-05-14 20:17:24,680  INFO  Epoch 1/1 | Step 26030/34883 | Loss 2.0106 | LR 7.22e-04
2026-05-14 20:17:29,639  INFO  Epoch 1/1 | Step 26040/34883 | Loss 2.0641 | LR 7.22e-04
2026-05-14 20:17:34,596  INFO  Epoch 1/1 | Step 26050/34883 | Loss 2.2698 | LR 7.21e-04
2026-05-14 20:17:39,550  INFO  Epoch 1/1 | Step 26060/34883 | Loss 2.1237 | LR 7.21e-04
2026-05-14 20:17:44,509  INFO  Epoch 1/1 | Step 26070/34883 | Loss 2.2554 | LR 7.21e-04
2026-05-14 20:17:49,462  INFO  Epoch 1/1 | Step 26080/34883 | Loss 2.1750 | LR 7.21e-04
2026-05-14 20:17:54,424  INFO  Epoch 1/1 | Step 26090/34883 | Loss 2.1587 | LR 7.21e-04
2026-05-14 20:17:59,386  INFO  Epoch 1/1 | Step 26100/34883 | Loss 2.0678 | LR 7.20e-04
2026-05-14 20:18:04,339  INFO  Epoch 1/1 | Step 26110/34883 | Loss 2.3274 | LR 7.20e-04
2026-05-14 20:18:09,296  INFO  Epoch 1/1 | Step 26120/34883 | Loss 2.3090 | LR 7.20e-04
2026-05-14 20:18:14,254  INFO  Epoch 1/1 | Step 26130/34883 | Loss 2.0639 | LR 7.20e-04
2026-05-14 20:18:19,206  INFO  Epoch 1/1 | Step 26140/34883 | Loss 2.2110 | LR 7.19e-04
2026-05-14 20:18:24,160  INFO  Epoch 1/1 | Step 26150/34883 | Loss 2.2528 | LR 7.19e-04
2026-05-14 20:18:29,117  INFO  Epoch 1/1 | Step 26160/34883 | Loss 2.0846 | LR 7.19e-04
2026-05-14 20:18:34,073  INFO  Epoch 1/1 | Step 26170/34883 | Loss 2.0084 | LR 7.19e-04
2026-05-14 20:18:39,025  INFO  Epoch 1/1 | Step 26180/34883 | Loss 1.9901 | LR 7.19e-04
2026-05-14 20:18:43,976  INFO  Epoch 1/1 | Step 26190/34883 | Loss 2.3893 | LR 7.18e-04
2026-05-14 20:18:48,936  INFO  Epoch 1/1 | Step 26200/34883 | Loss 2.2231 | LR 7.18e-04
2026-05-14 20:18:53,894  INFO  Epoch 1/1 | Step 26210/34883 | Loss 2.0261 | LR 7.18e-04
2026-05-14 20:18:58,859  INFO  Epoch 1/1 | Step 26220/34883 | Loss 2.2769 | LR 7.18e-04
2026-05-14 20:19:03,808  INFO  Epoch 1/1 | Step 26230/34883 | Loss 2.2293 | LR 7.18e-04
2026-05-14 20:19:08,766  INFO  Epoch 1/1 | Step 26240/34883 | Loss 2.0155 | LR 7.17e-04
2026-05-14 20:19:13,722  INFO  Epoch 1/1 | Step 26250/34883 | Loss 2.2716 | LR 7.17e-04
2026-05-14 20:19:18,680  INFO  Epoch 1/1 | Step 26260/34883 | Loss 2.0625 | LR 7.17e-04
2026-05-14 20:19:23,634  INFO  Epoch 1/1 | Step 26270/34883 | Loss 2.1240 | LR 7.17e-04
2026-05-14 20:19:28,597  INFO  Epoch 1/1 | Step 26280/34883 | Loss 2.0563 | LR 7.17e-04
2026-05-14 20:19:33,551  INFO  Epoch 1/1 | Step 26290/34883 | Loss 2.3407 | LR 7.16e-04
2026-05-14 20:19:38,515  INFO  Epoch 1/1 | Step 26300/34883 | Loss 2.0674 | LR 7.16e-04
2026-05-14 20:19:43,477  INFO  Epoch 1/1 | Step 26310/34883 | Loss 2.1746 | LR 7.16e-04
2026-05-14 20:19:48,435  INFO  Epoch 1/1 | Step 26320/34883 | Loss 2.2341 | LR 7.16e-04
2026-05-14 20:19:53,393  INFO  Epoch 1/1 | Step 26330/34883 | Loss 2.0663 | LR 7.16e-04
2026-05-14 20:19:58,340  INFO  Epoch 1/1 | Step 26340/34883 | Loss 2.1602 | LR 7.15e-04
2026-05-14 20:20:03,292  INFO  Epoch 1/1 | Step 26350/34883 | Loss 2.1844 | LR 7.15e-04
2026-05-14 20:20:08,243  INFO  Epoch 1/1 | Step 26360/34883 | Loss 2.1204 | LR 7.15e-04
2026-05-14 20:20:13,187  INFO  Epoch 1/1 | Step 26370/34883 | Loss 2.1575 | LR 7.15e-04
2026-05-14 20:20:18,136  INFO  Epoch 1/1 | Step 26380/34883 | Loss 2.2118 | LR 7.14e-04
2026-05-14 20:20:23,091  INFO  Epoch 1/1 | Step 26390/34883 | Loss 2.0671 | LR 7.14e-04
2026-05-14 20:20:28,052  INFO  Epoch 1/1 | Step 26400/34883 | Loss 2.0958 | LR 7.14e-04
2026-05-14 20:20:33,006  INFO  Epoch 1/1 | Step 26410/34883 | Loss 2.0742 | LR 7.14e-04
2026-05-14 20:20:37,963  INFO  Epoch 1/1 | Step 26420/34883 | Loss 2.1293 | LR 7.14e-04
2026-05-14 20:20:42,917  INFO  Epoch 1/1 | Step 26430/34883 | Loss 2.2139 | LR 7.13e-04
2026-05-14 20:20:47,866  INFO  Epoch 1/1 | Step 26440/34883 | Loss 2.2029 | LR 7.13e-04
2026-05-14 20:20:52,815  INFO  Epoch 1/1 | Step 26450/34883 | Loss 2.2383 | LR 7.13e-04
2026-05-14 20:20:57,770  INFO  Epoch 1/1 | Step 26460/34883 | Loss 2.0850 | LR 7.13e-04
2026-05-14 20:21:02,726  INFO  Epoch 1/1 | Step 26470/34883 | Loss 2.2352 | LR 7.13e-04
2026-05-14 20:21:07,675  INFO  Epoch 1/1 | Step 26480/34883 | Loss 1.9983 | LR 7.12e-04
2026-05-14 20:21:12,629  INFO  Epoch 1/1 | Step 26490/34883 | Loss 2.0575 | LR 7.12e-04
2026-05-14 20:21:17,583  INFO  Epoch 1/1 | Step 26500/34883 | Loss 1.9373 | LR 7.12e-04
2026-05-14 20:21:22,531  INFO  Epoch 1/1 | Step 26510/34883 | Loss 2.1194 | LR 7.12e-04
2026-05-14 20:21:27,481  INFO  Epoch 1/1 | Step 26520/34883 | Loss 2.1461 | LR 7.12e-04
2026-05-14 20:21:32,430  INFO  Epoch 1/1 | Step 26530/34883 | Loss 2.2735 | LR 7.11e-04
2026-05-14 20:21:37,370  INFO  Epoch 1/1 | Step 26540/34883 | Loss 2.2105 | LR 7.11e-04
2026-05-14 20:21:42,327  INFO  Epoch 1/1 | Step 26550/34883 | Loss 2.1302 | LR 7.11e-04
2026-05-14 20:21:47,276  INFO  Epoch 1/1 | Step 26560/34883 | Loss 2.0299 | LR 7.11e-04
2026-05-14 20:21:52,224  INFO  Epoch 1/1 | Step 26570/34883 | Loss 2.0928 | LR 7.10e-04
2026-05-14 20:21:57,168  INFO  Epoch 1/1 | Step 26580/34883 | Loss 2.0934 | LR 7.10e-04
2026-05-14 20:22:02,116  INFO  Epoch 1/1 | Step 26590/34883 | Loss 2.1189 | LR 7.10e-04
2026-05-14 20:22:07,072  INFO  Epoch 1/1 | Step 26600/34883 | Loss 2.2585 | LR 7.10e-04
2026-05-14 20:22:12,020  INFO  Epoch 1/1 | Step 26610/34883 | Loss 2.1148 | LR 7.10e-04
2026-05-14 20:22:16,965  INFO  Epoch 1/1 | Step 26620/34883 | Loss 2.2767 | LR 7.09e-04
2026-05-14 20:22:21,920  INFO  Epoch 1/1 | Step 26630/34883 | Loss 2.2201 | LR 7.09e-04
2026-05-14 20:22:26,871  INFO  Epoch 1/1 | Step 26640/34883 | Loss 2.0842 | LR 7.09e-04
2026-05-14 20:22:31,823  INFO  Epoch 1/1 | Step 26650/34883 | Loss 2.1263 | LR 7.09e-04
2026-05-14 20:22:36,765  INFO  Epoch 1/1 | Step 26660/34883 | Loss 2.2214 | LR 7.09e-04
2026-05-14 20:22:41,721  INFO  Epoch 1/1 | Step 26670/34883 | Loss 2.0194 | LR 7.08e-04
2026-05-14 20:22:46,681  INFO  Epoch 1/1 | Step 26680/34883 | Loss 2.1018 | LR 7.08e-04
2026-05-14 20:22:51,635  INFO  Epoch 1/1 | Step 26690/34883 | Loss 2.1592 | LR 7.08e-04
2026-05-14 20:22:56,579  INFO  Epoch 1/1 | Step 26700/34883 | Loss 1.9249 | LR 7.08e-04
2026-05-14 20:23:01,530  INFO  Epoch 1/1 | Step 26710/34883 | Loss 2.1665 | LR 7.08e-04
2026-05-14 20:23:06,475  INFO  Epoch 1/1 | Step 26720/34883 | Loss 2.0532 | LR 7.07e-04
2026-05-14 20:23:11,427  INFO  Epoch 1/1 | Step 26730/34883 | Loss 1.9891 | LR 7.07e-04
2026-05-14 20:23:16,375  INFO  Epoch 1/1 | Step 26740/34883 | Loss 2.1547 | LR 7.07e-04
2026-05-14 20:23:21,325  INFO  Epoch 1/1 | Step 26750/34883 | Loss 2.1617 | LR 7.07e-04
2026-05-14 20:23:26,282  INFO  Epoch 1/1 | Step 26760/34883 | Loss 2.2451 | LR 7.06e-04
2026-05-14 20:23:31,235  INFO  Epoch 1/1 | Step 26770/34883 | Loss 2.0341 | LR 7.06e-04
2026-05-14 20:23:36,185  INFO  Epoch 1/1 | Step 26780/34883 | Loss 2.2686 | LR 7.06e-04
2026-05-14 20:23:41,132  INFO  Epoch 1/1 | Step 26790/34883 | Loss 2.1284 | LR 7.06e-04
2026-05-14 20:23:46,080  INFO  Epoch 1/1 | Step 26800/34883 | Loss 2.0821 | LR 7.06e-04
2026-05-14 20:23:51,023  INFO  Epoch 1/1 | Step 26810/34883 | Loss 2.1549 | LR 7.05e-04
2026-05-14 20:23:55,978  INFO  Epoch 1/1 | Step 26820/34883 | Loss 2.1710 | LR 7.05e-04
2026-05-14 20:24:00,923  INFO  Epoch 1/1 | Step 26830/34883 | Loss 2.0283 | LR 7.05e-04
2026-05-14 20:24:05,867  INFO  Epoch 1/1 | Step 26840/34883 | Loss 2.1306 | LR 7.05e-04
2026-05-14 20:24:10,804  INFO  Epoch 1/1 | Step 26850/34883 | Loss 1.8774 | LR 7.05e-04
2026-05-14 20:24:15,750  INFO  Epoch 1/1 | Step 26860/34883 | Loss 2.0914 | LR 7.04e-04
2026-05-14 20:24:20,692  INFO  Epoch 1/1 | Step 26870/34883 | Loss 2.1913 | LR 7.04e-04
2026-05-14 20:24:25,634  INFO  Epoch 1/1 | Step 26880/34883 | Loss 1.9387 | LR 7.04e-04
2026-05-14 20:24:30,583  INFO  Epoch 1/1 | Step 26890/34883 | Loss 2.1448 | LR 7.04e-04
2026-05-14 20:24:35,529  INFO  Epoch 1/1 | Step 26900/34883 | Loss 2.3337 | LR 7.03e-04
2026-05-14 20:24:40,496  INFO  Epoch 1/1 | Step 26910/34883 | Loss 2.0682 | LR 7.03e-04
2026-05-14 20:24:45,455  INFO  Epoch 1/1 | Step 26920/34883 | Loss 2.0735 | LR 7.03e-04
2026-05-14 20:24:50,420  INFO  Epoch 1/1 | Step 26930/34883 | Loss 2.0893 | LR 7.03e-04
2026-05-14 20:24:55,383  INFO  Epoch 1/1 | Step 26940/34883 | Loss 2.2105 | LR 7.03e-04
2026-05-14 20:25:00,351  INFO  Epoch 1/1 | Step 26950/34883 | Loss 2.1924 | LR 7.02e-04
2026-05-14 20:25:05,320  INFO  Epoch 1/1 | Step 26960/34883 | Loss 2.1925 | LR 7.02e-04
2026-05-14 20:25:10,295  INFO  Epoch 1/1 | Step 26970/34883 | Loss 1.9993 | LR 7.02e-04
2026-05-14 20:25:15,264  INFO  Epoch 1/1 | Step 26980/34883 | Loss 2.0556 | LR 7.02e-04
2026-05-14 20:25:20,228  INFO  Epoch 1/1 | Step 26990/34883 | Loss 2.2099 | LR 7.02e-04
2026-05-14 20:25:25,194  INFO  Epoch 1/1 | Step 27000/34883 | Loss 2.0842 | LR 7.01e-04
2026-05-14 20:25:30,162  INFO  Epoch 1/1 | Step 27010/34883 | Loss 2.1786 | LR 7.01e-04
2026-05-14 20:25:35,131  INFO  Epoch 1/1 | Step 27020/34883 | Loss 2.1351 | LR 7.01e-04
2026-05-14 20:25:40,104  INFO  Epoch 1/1 | Step 27030/34883 | Loss 2.2889 | LR 7.01e-04
2026-05-14 20:25:45,081  INFO  Epoch 1/1 | Step 27040/34883 | Loss 2.2085 | LR 7.01e-04
2026-05-14 20:25:50,062  INFO  Epoch 1/1 | Step 27050/34883 | Loss 2.1507 | LR 7.00e-04
2026-05-14 20:25:55,040  INFO  Epoch 1/1 | Step 27060/34883 | Loss 2.2214 | LR 7.00e-04
2026-05-14 20:26:00,003  INFO  Epoch 1/1 | Step 27070/34883 | Loss 2.0311 | LR 7.00e-04
2026-05-14 20:26:04,981  INFO  Epoch 1/1 | Step 27080/34883 | Loss 2.1720 | LR 7.00e-04
2026-05-14 20:26:09,959  INFO  Epoch 1/1 | Step 27090/34883 | Loss 2.0277 | LR 6.99e-04
2026-05-14 20:26:14,929  INFO  Epoch 1/1 | Step 27100/34883 | Loss 2.1746 | LR 6.99e-04
2026-05-14 20:26:19,899  INFO  Epoch 1/1 | Step 27110/34883 | Loss 2.0816 | LR 6.99e-04
2026-05-14 20:26:24,875  INFO  Epoch 1/1 | Step 27120/34883 | Loss 2.1219 | LR 6.99e-04
2026-05-14 20:26:29,845  INFO  Epoch 1/1 | Step 27130/34883 | Loss 2.0787 | LR 6.99e-04
2026-05-14 20:26:34,809  INFO  Epoch 1/1 | Step 27140/34883 | Loss 2.1038 | LR 6.98e-04
2026-05-14 20:26:39,784  INFO  Epoch 1/1 | Step 27150/34883 | Loss 2.4303 | LR 6.98e-04
2026-05-14 20:26:44,750  INFO  Epoch 1/1 | Step 27160/34883 | Loss 2.1698 | LR 6.98e-04
2026-05-14 20:26:49,724  INFO  Epoch 1/1 | Step 27170/34883 | Loss 2.2426 | LR 6.98e-04
2026-05-14 20:26:54,687  INFO  Epoch 1/1 | Step 27180/34883 | Loss 2.1253 | LR 6.98e-04
2026-05-14 20:26:59,659  INFO  Epoch 1/1 | Step 27190/34883 | Loss 2.1117 | LR 6.97e-04
2026-05-14 20:27:04,626  INFO  Epoch 1/1 | Step 27200/34883 | Loss 2.0865 | LR 6.97e-04
2026-05-14 20:27:09,599  INFO  Epoch 1/1 | Step 27210/34883 | Loss 2.0854 | LR 6.97e-04
2026-05-14 20:27:14,570  INFO  Epoch 1/1 | Step 27220/34883 | Loss 2.0195 | LR 6.97e-04
2026-05-14 20:27:19,539  INFO  Epoch 1/1 | Step 27230/34883 | Loss 2.1938 | LR 6.96e-04
2026-05-14 20:27:24,511  INFO  Epoch 1/1 | Step 27240/34883 | Loss 2.0670 | LR 6.96e-04
2026-05-14 20:27:29,463  INFO  Epoch 1/1 | Step 27250/34883 | Loss 1.9568 | LR 6.96e-04
2026-05-14 20:27:34,421  INFO  Epoch 1/1 | Step 27260/34883 | Loss 2.0989 | LR 6.96e-04
2026-05-14 20:27:39,392  INFO  Epoch 1/1 | Step 27270/34883 | Loss 1.9727 | LR 6.96e-04
2026-05-14 20:27:44,359  INFO  Epoch 1/1 | Step 27280/34883 | Loss 2.1392 | LR 6.95e-04
2026-05-14 20:27:49,323  INFO  Epoch 1/1 | Step 27290/34883 | Loss 2.1280 | LR 6.95e-04
2026-05-14 20:27:54,284  INFO  Epoch 1/1 | Step 27300/34883 | Loss 2.2455 | LR 6.95e-04
2026-05-14 20:27:59,242  INFO  Epoch 1/1 | Step 27310/34883 | Loss 2.0527 | LR 6.95e-04
2026-05-14 20:28:04,214  INFO  Epoch 1/1 | Step 27320/34883 | Loss 2.0683 | LR 6.95e-04
2026-05-14 20:28:09,181  INFO  Epoch 1/1 | Step 27330/34883 | Loss 2.2032 | LR 6.94e-04
2026-05-14 20:28:14,162  INFO  Epoch 1/1 | Step 27340/34883 | Loss 2.1699 | LR 6.94e-04
2026-05-14 20:28:19,127  INFO  Epoch 1/1 | Step 27350/34883 | Loss 2.2097 | LR 6.94e-04
2026-05-14 20:28:24,097  INFO  Epoch 1/1 | Step 27360/34883 | Loss 1.9789 | LR 6.94e-04
2026-05-14 20:28:29,065  INFO  Epoch 1/1 | Step 27370/34883 | Loss 1.9976 | LR 6.93e-04
2026-05-14 20:28:34,030  INFO  Epoch 1/1 | Step 27380/34883 | Loss 2.1882 | LR 6.93e-04
2026-05-14 20:28:39,001  INFO  Epoch 1/1 | Step 27390/34883 | Loss 2.0887 | LR 6.93e-04
2026-05-14 20:28:43,973  INFO  Epoch 1/1 | Step 27400/34883 | Loss 2.1690 | LR 6.93e-04
2026-05-14 20:28:48,929  INFO  Epoch 1/1 | Step 27410/34883 | Loss 1.9275 | LR 6.93e-04
2026-05-14 20:28:53,900  INFO  Epoch 1/1 | Step 27420/34883 | Loss 2.1367 | LR 6.92e-04
2026-05-14 20:28:58,868  INFO  Epoch 1/1 | Step 27430/34883 | Loss 2.1407 | LR 6.92e-04
2026-05-14 20:29:03,839  INFO  Epoch 1/1 | Step 27440/34883 | Loss 1.9516 | LR 6.92e-04
2026-05-14 20:29:08,806  INFO  Epoch 1/1 | Step 27450/34883 | Loss 2.0748 | LR 6.92e-04
2026-05-14 20:29:13,765  INFO  Epoch 1/1 | Step 27460/34883 | Loss 2.0846 | LR 6.92e-04
2026-05-14 20:29:18,749  INFO  Epoch 1/1 | Step 27470/34883 | Loss 2.1114 | LR 6.91e-04
2026-05-14 20:29:23,721  INFO  Epoch 1/1 | Step 27480/34883 | Loss 2.0916 | LR 6.91e-04
2026-05-14 20:29:28,713  INFO  Epoch 1/1 | Step 27490/34883 | Loss 2.1378 | LR 6.91e-04
2026-05-14 20:29:33,693  INFO  Epoch 1/1 | Step 27500/34883 | Loss 2.0995 | LR 6.91e-04
2026-05-14 20:29:38,671  INFO  Epoch 1/1 | Step 27510/34883 | Loss 2.1395 | LR 6.90e-04
2026-05-14 20:29:43,650  INFO  Epoch 1/1 | Step 27520/34883 | Loss 2.0479 | LR 6.90e-04
2026-05-14 20:29:48,621  INFO  Epoch 1/1 | Step 27530/34883 | Loss 1.9768 | LR 6.90e-04
2026-05-14 20:29:53,605  INFO  Epoch 1/1 | Step 27540/34883 | Loss 2.0131 | LR 6.90e-04
2026-05-14 20:29:58,563  INFO  Epoch 1/1 | Step 27550/34883 | Loss 2.0551 | LR 6.90e-04
2026-05-14 20:30:03,549  INFO  Epoch 1/1 | Step 27560/34883 | Loss 2.1572 | LR 6.89e-04
2026-05-14 20:30:08,521  INFO  Epoch 1/1 | Step 27570/34883 | Loss 2.0429 | LR 6.89e-04
2026-05-14 20:30:13,498  INFO  Epoch 1/1 | Step 27580/34883 | Loss 2.2845 | LR 6.89e-04
2026-05-14 20:30:18,463  INFO  Epoch 1/1 | Step 27590/34883 | Loss 2.3740 | LR 6.89e-04
2026-05-14 20:30:23,438  INFO  Epoch 1/1 | Step 27600/34883 | Loss 2.0908 | LR 6.89e-04
2026-05-14 20:30:28,410  INFO  Epoch 1/1 | Step 27610/34883 | Loss 2.1340 | LR 6.88e-04
2026-05-14 20:30:33,378  INFO  Epoch 1/1 | Step 27620/34883 | Loss 2.1207 | LR 6.88e-04
2026-05-14 20:30:38,350  INFO  Epoch 1/1 | Step 27630/34883 | Loss 2.2308 | LR 6.88e-04
2026-05-14 20:30:43,310  INFO  Epoch 1/1 | Step 27640/34883 | Loss 2.0373 | LR 6.88e-04
2026-05-14 20:30:48,281  INFO  Epoch 1/1 | Step 27650/34883 | Loss 2.1666 | LR 6.87e-04
2026-05-14 20:30:53,248  INFO  Epoch 1/1 | Step 27660/34883 | Loss 1.9186 | LR 6.87e-04
2026-05-14 20:30:58,209  INFO  Epoch 1/1 | Step 27670/34883 | Loss 2.0357 | LR 6.87e-04
2026-05-14 20:31:03,170  INFO  Epoch 1/1 | Step 27680/34883 | Loss 2.2478 | LR 6.87e-04
2026-05-14 20:31:08,135  INFO  Epoch 1/1 | Step 27690/34883 | Loss 2.0187 | LR 6.87e-04
2026-05-14 20:31:13,093  INFO  Epoch 1/1 | Step 27700/34883 | Loss 2.1023 | LR 6.86e-04
2026-05-14 20:31:18,058  INFO  Epoch 1/1 | Step 27710/34883 | Loss 2.0954 | LR 6.86e-04
2026-05-14 20:31:23,025  INFO  Epoch 1/1 | Step 27720/34883 | Loss 2.0644 | LR 6.86e-04
2026-05-14 20:31:28,000  INFO  Epoch 1/1 | Step 27730/34883 | Loss 2.1872 | LR 6.86e-04
2026-05-14 20:31:32,979  INFO  Epoch 1/1 | Step 27740/34883 | Loss 2.2620 | LR 6.86e-04
2026-05-14 20:31:37,949  INFO  Epoch 1/1 | Step 27750/34883 | Loss 2.1274 | LR 6.85e-04
2026-05-14 20:31:42,909  INFO  Epoch 1/1 | Step 27760/34883 | Loss 2.1539 | LR 6.85e-04
2026-05-14 20:31:47,874  INFO  Epoch 1/1 | Step 27770/34883 | Loss 2.1536 | LR 6.85e-04
2026-05-14 20:31:52,847  INFO  Epoch 1/1 | Step 27780/34883 | Loss 2.2099 | LR 6.85e-04
2026-05-14 20:31:57,812  INFO  Epoch 1/1 | Step 27790/34883 | Loss 2.1754 | LR 6.84e-04
2026-05-14 20:32:02,775  INFO  Epoch 1/1 | Step 27800/34883 | Loss 2.0856 | LR 6.84e-04
2026-05-14 20:32:07,748  INFO  Epoch 1/1 | Step 27810/34883 | Loss 2.1018 | LR 6.84e-04
2026-05-14 20:32:12,733  INFO  Epoch 1/1 | Step 27820/34883 | Loss 2.1051 | LR 6.84e-04
2026-05-14 20:32:17,714  INFO  Epoch 1/1 | Step 27830/34883 | Loss 2.1314 | LR 6.84e-04
2026-05-14 20:32:22,683  INFO  Epoch 1/1 | Step 27840/34883 | Loss 2.0541 | LR 6.83e-04
2026-05-14 20:32:27,650  INFO  Epoch 1/1 | Step 27850/34883 | Loss 2.1173 | LR 6.83e-04
2026-05-14 20:32:32,627  INFO  Epoch 1/1 | Step 27860/34883 | Loss 2.2724 | LR 6.83e-04
2026-05-14 20:32:37,602  INFO  Epoch 1/1 | Step 27870/34883 | Loss 2.1800 | LR 6.83e-04
2026-05-14 20:32:42,565  INFO  Epoch 1/1 | Step 27880/34883 | Loss 2.0839 | LR 6.83e-04
2026-05-14 20:32:47,526  INFO  Epoch 1/1 | Step 27890/34883 | Loss 2.2685 | LR 6.82e-04
2026-05-14 20:32:52,493  INFO  Epoch 1/1 | Step 27900/34883 | Loss 2.0767 | LR 6.82e-04
2026-05-14 20:32:57,453  INFO  Epoch 1/1 | Step 27910/34883 | Loss 2.2710 | LR 6.82e-04
2026-05-14 20:33:02,408  INFO  Epoch 1/1 | Step 27920/34883 | Loss 2.0723 | LR 6.82e-04
2026-05-14 20:33:07,370  INFO  Epoch 1/1 | Step 27930/34883 | Loss 2.1258 | LR 6.81e-04
2026-05-14 20:33:12,337  INFO  Epoch 1/1 | Step 27940/34883 | Loss 2.0445 | LR 6.81e-04
2026-05-14 20:33:17,304  INFO  Epoch 1/1 | Step 27950/34883 | Loss 2.1329 | LR 6.81e-04
2026-05-14 20:33:22,266  INFO  Epoch 1/1 | Step 27960/34883 | Loss 2.0921 | LR 6.81e-04
2026-05-14 20:33:27,239  INFO  Epoch 1/1 | Step 27970/34883 | Loss 2.0807 | LR 6.81e-04
2026-05-14 20:33:32,216  INFO  Epoch 1/1 | Step 27980/34883 | Loss 2.2115 | LR 6.80e-04
2026-05-14 20:33:37,187  INFO  Epoch 1/1 | Step 27990/34883 | Loss 2.0706 | LR 6.80e-04
2026-05-14 20:33:42,156  INFO  Epoch 1/1 | Step 28000/34883 | Loss 2.0919 | LR 6.80e-04
2026-05-14 20:33:47,136  INFO  Epoch 1/1 | Step 28010/34883 | Loss 1.9494 | LR 6.80e-04
2026-05-14 20:33:52,100  INFO  Epoch 1/1 | Step 28020/34883 | Loss 1.9658 | LR 6.79e-04
2026-05-14 20:33:57,056  INFO  Epoch 1/1 | Step 28030/34883 | Loss 2.3813 | LR 6.79e-04
2026-05-14 20:34:02,025  INFO  Epoch 1/1 | Step 28040/34883 | Loss 2.2969 | LR 6.79e-04
2026-05-14 20:34:06,982  INFO  Epoch 1/1 | Step 28050/34883 | Loss 2.1470 | LR 6.79e-04
2026-05-14 20:34:11,943  INFO  Epoch 1/1 | Step 28060/34883 | Loss 2.1031 | LR 6.79e-04
2026-05-14 20:34:16,902  INFO  Epoch 1/1 | Step 28070/34883 | Loss 2.1023 | LR 6.78e-04
2026-05-14 20:34:21,866  INFO  Epoch 1/1 | Step 28080/34883 | Loss 2.1126 | LR 6.78e-04
2026-05-14 20:34:26,838  INFO  Epoch 1/1 | Step 28090/34883 | Loss 2.1341 | LR 6.78e-04
2026-05-14 20:34:31,796  INFO  Epoch 1/1 | Step 28100/34883 | Loss 1.9760 | LR 6.78e-04
2026-05-14 20:34:36,752  INFO  Epoch 1/1 | Step 28110/34883 | Loss 2.1155 | LR 6.78e-04
2026-05-14 20:34:41,706  INFO  Epoch 1/1 | Step 28120/34883 | Loss 2.0142 | LR 6.77e-04
2026-05-14 20:34:46,665  INFO  Epoch 1/1 | Step 28130/34883 | Loss 1.9117 | LR 6.77e-04
2026-05-14 20:34:51,623  INFO  Epoch 1/1 | Step 28140/34883 | Loss 2.0242 | LR 6.77e-04
2026-05-14 20:34:56,578  INFO  Epoch 1/1 | Step 28150/34883 | Loss 2.2569 | LR 6.77e-04
2026-05-14 20:35:01,547  INFO  Epoch 1/1 | Step 28160/34883 | Loss 1.9827 | LR 6.76e-04
2026-05-14 20:35:06,506  INFO  Epoch 1/1 | Step 28170/34883 | Loss 2.2355 | LR 6.76e-04
2026-05-14 20:35:11,460  INFO  Epoch 1/1 | Step 28180/34883 | Loss 2.0524 | LR 6.76e-04
2026-05-14 20:35:16,411  INFO  Epoch 1/1 | Step 28190/34883 | Loss 2.0883 | LR 6.76e-04
2026-05-14 20:35:21,369  INFO  Epoch 1/1 | Step 28200/34883 | Loss 2.0474 | LR 6.76e-04
2026-05-14 20:35:26,336  INFO  Epoch 1/1 | Step 28210/34883 | Loss 2.0010 | LR 6.75e-04
2026-05-14 20:35:31,296  INFO  Epoch 1/1 | Step 28220/34883 | Loss 2.2573 | LR 6.75e-04
2026-05-14 20:35:36,255  INFO  Epoch 1/1 | Step 28230/34883 | Loss 2.2443 | LR 6.75e-04
2026-05-14 20:35:41,219  INFO  Epoch 1/1 | Step 28240/34883 | Loss 2.0666 | LR 6.75e-04
2026-05-14 20:35:46,179  INFO  Epoch 1/1 | Step 28250/34883 | Loss 2.0253 | LR 6.74e-04
2026-05-14 20:35:51,136  INFO  Epoch 1/1 | Step 28260/34883 | Loss 2.3482 | LR 6.74e-04
2026-05-14 20:35:56,094  INFO  Epoch 1/1 | Step 28270/34883 | Loss 2.2503 | LR 6.74e-04
2026-05-14 20:36:01,063  INFO  Epoch 1/1 | Step 28280/34883 | Loss 2.1115 | LR 6.74e-04
2026-05-14 20:36:06,019  INFO  Epoch 1/1 | Step 28290/34883 | Loss 2.0155 | LR 6.74e-04
2026-05-14 20:36:10,980  INFO  Epoch 1/1 | Step 28300/34883 | Loss 2.1125 | LR 6.73e-04
2026-05-14 20:36:15,940  INFO  Epoch 1/1 | Step 28310/34883 | Loss 2.0466 | LR 6.73e-04
2026-05-14 20:36:20,893  INFO  Epoch 1/1 | Step 28320/34883 | Loss 2.1061 | LR 6.73e-04
2026-05-14 20:36:25,867  INFO  Epoch 1/1 | Step 28330/34883 | Loss 2.2109 | LR 6.73e-04
2026-05-14 20:36:30,834  INFO  Epoch 1/1 | Step 28340/34883 | Loss 2.0705 | LR 6.73e-04
2026-05-14 20:36:35,803  INFO  Epoch 1/1 | Step 28350/34883 | Loss 2.1712 | LR 6.72e-04
2026-05-14 20:36:40,765  INFO  Epoch 1/1 | Step 28360/34883 | Loss 2.1410 | LR 6.72e-04
2026-05-14 20:36:45,732  INFO  Epoch 1/1 | Step 28370/34883 | Loss 1.9920 | LR 6.72e-04
2026-05-14 20:36:50,690  INFO  Epoch 1/1 | Step 28380/34883 | Loss 2.0070 | LR 6.72e-04
2026-05-14 20:36:55,654  INFO  Epoch 1/1 | Step 28390/34883 | Loss 2.1290 | LR 6.71e-04
2026-05-14 20:37:00,626  INFO  Epoch 1/1 | Step 28400/34883 | Loss 2.2466 | LR 6.71e-04
2026-05-14 20:37:05,589  INFO  Epoch 1/1 | Step 28410/34883 | Loss 2.0900 | LR 6.71e-04
2026-05-14 20:37:10,548  INFO  Epoch 1/1 | Step 28420/34883 | Loss 2.1323 | LR 6.71e-04
2026-05-14 20:37:15,509  INFO  Epoch 1/1 | Step 28430/34883 | Loss 2.0975 | LR 6.71e-04
2026-05-14 20:37:20,461  INFO  Epoch 1/1 | Step 28440/34883 | Loss 2.1503 | LR 6.70e-04
2026-05-14 20:37:25,413  INFO  Epoch 1/1 | Step 28450/34883 | Loss 2.1360 | LR 6.70e-04
2026-05-14 20:37:30,368  INFO  Epoch 1/1 | Step 28460/34883 | Loss 2.0190 | LR 6.70e-04
2026-05-14 20:37:35,325  INFO  Epoch 1/1 | Step 28470/34883 | Loss 2.1523 | LR 6.70e-04
2026-05-14 20:37:40,280  INFO  Epoch 1/1 | Step 28480/34883 | Loss 2.0957 | LR 6.69e-04
2026-05-14 20:37:45,226  INFO  Epoch 1/1 | Step 28490/34883 | Loss 2.0519 | LR 6.69e-04
2026-05-14 20:37:50,184  INFO  Epoch 1/1 | Step 28500/34883 | Loss 2.1441 | LR 6.69e-04
2026-05-14 20:37:55,141  INFO  Epoch 1/1 | Step 28510/34883 | Loss 2.1626 | LR 6.69e-04
2026-05-14 20:38:00,096  INFO  Epoch 1/1 | Step 28520/34883 | Loss 2.0138 | LR 6.69e-04
2026-05-14 20:38:05,051  INFO  Epoch 1/1 | Step 28530/34883 | Loss 2.2580 | LR 6.68e-04
2026-05-14 20:38:10,009  INFO  Epoch 1/1 | Step 28540/34883 | Loss 2.2235 | LR 6.68e-04
2026-05-14 20:38:14,953  INFO  Epoch 1/1 | Step 28550/34883 | Loss 2.0979 | LR 6.68e-04
2026-05-14 20:38:19,895  INFO  Epoch 1/1 | Step 28560/34883 | Loss 2.0011 | LR 6.68e-04
2026-05-14 20:38:24,860  INFO  Epoch 1/1 | Step 28570/34883 | Loss 2.1091 | LR 6.68e-04
2026-05-14 20:38:29,810  INFO  Epoch 1/1 | Step 28580/34883 | Loss 2.1825 | LR 6.67e-04
2026-05-14 20:38:34,770  INFO  Epoch 1/1 | Step 28590/34883 | Loss 2.2840 | LR 6.67e-04
2026-05-14 20:38:39,734  INFO  Epoch 1/1 | Step 28600/34883 | Loss 1.8727 | LR 6.67e-04
2026-05-14 20:38:44,698  INFO  Epoch 1/1 | Step 28610/34883 | Loss 2.1113 | LR 6.67e-04
2026-05-14 20:38:49,663  INFO  Epoch 1/1 | Step 28620/34883 | Loss 2.0999 | LR 6.66e-04
2026-05-14 20:38:54,615  INFO  Epoch 1/1 | Step 28630/34883 | Loss 2.0794 | LR 6.66e-04
2026-05-14 20:38:59,564  INFO  Epoch 1/1 | Step 28640/34883 | Loss 2.1032 | LR 6.66e-04
2026-05-14 20:39:04,518  INFO  Epoch 1/1 | Step 28650/34883 | Loss 2.0421 | LR 6.66e-04
2026-05-14 20:39:09,480  INFO  Epoch 1/1 | Step 28660/34883 | Loss 2.1029 | LR 6.66e-04
2026-05-14 20:39:14,434  INFO  Epoch 1/1 | Step 28670/34883 | Loss 2.0477 | LR 6.65e-04
2026-05-14 20:39:19,390  INFO  Epoch 1/1 | Step 28680/34883 | Loss 2.1021 | LR 6.65e-04
2026-05-14 20:39:24,349  INFO  Epoch 1/1 | Step 28690/34883 | Loss 2.1266 | LR 6.65e-04
2026-05-14 20:39:29,309  INFO  Epoch 1/1 | Step 28700/34883 | Loss 2.0357 | LR 6.65e-04
2026-05-14 20:39:34,284  INFO  Epoch 1/1 | Step 28710/34883 | Loss 2.2523 | LR 6.64e-04
2026-05-14 20:39:39,243  INFO  Epoch 1/1 | Step 28720/34883 | Loss 2.0177 | LR 6.64e-04
2026-05-14 20:39:44,208  INFO  Epoch 1/1 | Step 28730/34883 | Loss 1.8515 | LR 6.64e-04
2026-05-14 20:39:49,179  INFO  Epoch 1/1 | Step 28740/34883 | Loss 2.0378 | LR 6.64e-04
2026-05-14 20:39:54,139  INFO  Epoch 1/1 | Step 28750/34883 | Loss 2.1163 | LR 6.64e-04
2026-05-14 20:39:59,101  INFO  Epoch 1/1 | Step 28760/34883 | Loss 2.3231 | LR 6.63e-04
2026-05-14 20:40:04,075  INFO  Epoch 1/1 | Step 28770/34883 | Loss 2.1405 | LR 6.63e-04
2026-05-14 20:40:09,035  INFO  Epoch 1/1 | Step 28780/34883 | Loss 2.1703 | LR 6.63e-04
2026-05-14 20:40:14,000  INFO  Epoch 1/1 | Step 28790/34883 | Loss 2.0222 | LR 6.63e-04
2026-05-14 20:40:18,963  INFO  Epoch 1/1 | Step 28800/34883 | Loss 2.1718 | LR 6.62e-04
2026-05-14 20:40:23,912  INFO  Epoch 1/1 | Step 28810/34883 | Loss 2.1770 | LR 6.62e-04
2026-05-14 20:40:28,867  INFO  Epoch 1/1 | Step 28820/34883 | Loss 2.0339 | LR 6.62e-04
2026-05-14 20:40:33,829  INFO  Epoch 1/1 | Step 28830/34883 | Loss 2.1145 | LR 6.62e-04
2026-05-14 20:40:38,785  INFO  Epoch 1/1 | Step 28840/34883 | Loss 2.0567 | LR 6.62e-04
2026-05-14 20:40:43,739  INFO  Epoch 1/1 | Step 28850/34883 | Loss 2.1339 | LR 6.61e-04
2026-05-14 20:40:48,697  INFO  Epoch 1/1 | Step 28860/34883 | Loss 2.1373 | LR 6.61e-04
2026-05-14 20:40:53,658  INFO  Epoch 1/1 | Step 28870/34883 | Loss 2.2306 | LR 6.61e-04
2026-05-14 20:40:58,614  INFO  Epoch 1/1 | Step 28880/34883 | Loss 1.9882 | LR 6.61e-04
2026-05-14 20:41:03,570  INFO  Epoch 1/1 | Step 28890/34883 | Loss 1.9980 | LR 6.60e-04
2026-05-14 20:41:08,520  INFO  Epoch 1/1 | Step 28900/34883 | Loss 2.2071 | LR 6.60e-04
2026-05-14 20:41:13,474  INFO  Epoch 1/1 | Step 28910/34883 | Loss 2.1334 | LR 6.60e-04
2026-05-14 20:41:18,429  INFO  Epoch 1/1 | Step 28920/34883 | Loss 2.1151 | LR 6.60e-04
2026-05-14 20:41:23,390  INFO  Epoch 1/1 | Step 28930/34883 | Loss 2.0668 | LR 6.60e-04
2026-05-14 20:41:28,350  INFO  Epoch 1/1 | Step 28940/34883 | Loss 1.9860 | LR 6.59e-04
2026-05-14 20:41:33,304  INFO  Epoch 1/1 | Step 28950/34883 | Loss 2.0560 | LR 6.59e-04
2026-05-14 20:41:38,269  INFO  Epoch 1/1 | Step 28960/34883 | Loss 2.1267 | LR 6.59e-04
2026-05-14 20:41:43,243  INFO  Epoch 1/1 | Step 28970/34883 | Loss 1.9873 | LR 6.59e-04
2026-05-14 20:41:48,207  INFO  Epoch 1/1 | Step 28980/34883 | Loss 2.1455 | LR 6.59e-04
2026-05-14 20:41:53,181  INFO  Epoch 1/1 | Step 28990/34883 | Loss 2.0490 | LR 6.58e-04
2026-05-14 20:41:58,143  INFO  Epoch 1/1 | Step 29000/34883 | Loss 2.1351 | LR 6.58e-04
2026-05-14 20:42:03,103  INFO  Epoch 1/1 | Step 29010/34883 | Loss 2.2092 | LR 6.58e-04
2026-05-14 20:42:08,068  INFO  Epoch 1/1 | Step 29020/34883 | Loss 2.1743 | LR 6.58e-04
2026-05-14 20:42:13,042  INFO  Epoch 1/1 | Step 29030/34883 | Loss 2.2313 | LR 6.57e-04
2026-05-14 20:42:18,014  INFO  Epoch 1/1 | Step 29040/34883 | Loss 2.0410 | LR 6.57e-04
2026-05-14 20:42:22,978  INFO  Epoch 1/1 | Step 29050/34883 | Loss 2.3501 | LR 6.57e-04
2026-05-14 20:42:27,944  INFO  Epoch 1/1 | Step 29060/34883 | Loss 2.1732 | LR 6.57e-04
2026-05-14 20:42:32,907  INFO  Epoch 1/1 | Step 29070/34883 | Loss 2.0866 | LR 6.57e-04
2026-05-14 20:42:37,861  INFO  Epoch 1/1 | Step 29080/34883 | Loss 2.1703 | LR 6.56e-04
2026-05-14 20:42:42,827  INFO  Epoch 1/1 | Step 29090/34883 | Loss 2.0619 | LR 6.56e-04
2026-05-14 20:42:47,787  INFO  Epoch 1/1 | Step 29100/34883 | Loss 2.2085 | LR 6.56e-04
2026-05-14 20:42:52,762  INFO  Epoch 1/1 | Step 29110/34883 | Loss 2.1410 | LR 6.56e-04
2026-05-14 20:42:57,746  INFO  Epoch 1/1 | Step 29120/34883 | Loss 2.1819 | LR 6.55e-04
2026-05-14 20:43:02,724  INFO  Epoch 1/1 | Step 29130/34883 | Loss 2.0070 | LR 6.55e-04
2026-05-14 20:43:07,701  INFO  Epoch 1/1 | Step 29140/34883 | Loss 2.0865 | LR 6.55e-04
2026-05-14 20:43:12,669  INFO  Epoch 1/1 | Step 29150/34883 | Loss 2.2166 | LR 6.55e-04
2026-05-14 20:43:17,641  INFO  Epoch 1/1 | Step 29160/34883 | Loss 2.1982 | LR 6.55e-04
2026-05-14 20:43:22,615  INFO  Epoch 1/1 | Step 29170/34883 | Loss 2.1083 | LR 6.54e-04
2026-05-14 20:43:27,592  INFO  Epoch 1/1 | Step 29180/34883 | Loss 2.1815 | LR 6.54e-04
2026-05-14 20:43:32,556  INFO  Epoch 1/1 | Step 29190/34883 | Loss 1.9762 | LR 6.54e-04
2026-05-14 20:43:37,521  INFO  Epoch 1/1 | Step 29200/34883 | Loss 2.0117 | LR 6.54e-04
2026-05-14 20:43:42,487  INFO  Epoch 1/1 | Step 29210/34883 | Loss 2.0451 | LR 6.53e-04
2026-05-14 20:43:47,451  INFO  Epoch 1/1 | Step 29220/34883 | Loss 2.0914 | LR 6.53e-04
2026-05-14 20:43:52,429  INFO  Epoch 1/1 | Step 29230/34883 | Loss 2.0991 | LR 6.53e-04
2026-05-14 20:43:57,399  INFO  Epoch 1/1 | Step 29240/34883 | Loss 2.2733 | LR 6.53e-04
2026-05-14 20:44:02,369  INFO  Epoch 1/1 | Step 29250/34883 | Loss 2.1187 | LR 6.53e-04
2026-05-14 20:44:07,338  INFO  Epoch 1/1 | Step 29260/34883 | Loss 2.0828 | LR 6.52e-04
2026-05-14 20:44:12,292  INFO  Epoch 1/1 | Step 29270/34883 | Loss 2.1175 | LR 6.52e-04
2026-05-14 20:44:17,256  INFO  Epoch 1/1 | Step 29280/34883 | Loss 2.1533 | LR 6.52e-04
2026-05-14 20:44:22,218  INFO  Epoch 1/1 | Step 29290/34883 | Loss 2.1377 | LR 6.52e-04
2026-05-14 20:44:27,179  INFO  Epoch 1/1 | Step 29300/34883 | Loss 2.0974 | LR 6.51e-04
2026-05-14 20:44:32,136  INFO  Epoch 1/1 | Step 29310/34883 | Loss 2.1333 | LR 6.51e-04
2026-05-14 20:44:37,101  INFO  Epoch 1/1 | Step 29320/34883 | Loss 2.0879 | LR 6.51e-04
2026-05-14 20:44:42,061  INFO  Epoch 1/1 | Step 29330/34883 | Loss 2.1136 | LR 6.51e-04
2026-05-14 20:44:47,018  INFO  Epoch 1/1 | Step 29340/34883 | Loss 1.9983 | LR 6.51e-04
2026-05-14 20:44:51,991  INFO  Epoch 1/1 | Step 29350/34883 | Loss 2.2126 | LR 6.50e-04
2026-05-14 20:44:56,957  INFO  Epoch 1/1 | Step 29360/34883 | Loss 2.1701 | LR 6.50e-04
2026-05-14 20:45:01,943  INFO  Epoch 1/1 | Step 29370/34883 | Loss 2.1128 | LR 6.50e-04
2026-05-14 20:45:06,924  INFO  Epoch 1/1 | Step 29380/34883 | Loss 2.0213 | LR 6.50e-04
2026-05-14 20:45:11,887  INFO  Epoch 1/1 | Step 29390/34883 | Loss 2.1703 | LR 6.49e-04
2026-05-14 20:45:16,865  INFO  Epoch 1/1 | Step 29400/34883 | Loss 2.1784 | LR 6.49e-04
2026-05-14 20:45:21,839  INFO  Epoch 1/1 | Step 29410/34883 | Loss 2.2548 | LR 6.49e-04
2026-05-14 20:45:26,798  INFO  Epoch 1/1 | Step 29420/34883 | Loss 2.2088 | LR 6.49e-04
2026-05-14 20:45:31,765  INFO  Epoch 1/1 | Step 29430/34883 | Loss 2.2148 | LR 6.49e-04
2026-05-14 20:45:36,732  INFO  Epoch 1/1 | Step 29440/34883 | Loss 2.1331 | LR 6.48e-04
2026-05-14 20:45:41,707  INFO  Epoch 1/1 | Step 29450/34883 | Loss 2.2303 | LR 6.48e-04
2026-05-14 20:45:46,663  INFO  Epoch 1/1 | Step 29460/34883 | Loss 2.1980 | LR 6.48e-04
2026-05-14 20:45:51,637  INFO  Epoch 1/1 | Step 29470/34883 | Loss 1.9963 | LR 6.48e-04
2026-05-14 20:45:56,614  INFO  Epoch 1/1 | Step 29480/34883 | Loss 1.9999 | LR 6.47e-04
2026-05-14 20:46:01,586  INFO  Epoch 1/1 | Step 29490/34883 | Loss 2.1188 | LR 6.47e-04
2026-05-14 20:46:06,549  INFO  Epoch 1/1 | Step 29500/34883 | Loss 2.1084 | LR 6.47e-04
2026-05-14 20:46:11,518  INFO  Epoch 1/1 | Step 29510/34883 | Loss 2.0836 | LR 6.47e-04
2026-05-14 20:46:16,473  INFO  Epoch 1/1 | Step 29520/34883 | Loss 2.1438 | LR 6.47e-04
2026-05-14 20:46:21,437  INFO  Epoch 1/1 | Step 29530/34883 | Loss 2.1344 | LR 6.46e-04
2026-05-14 20:46:26,407  INFO  Epoch 1/1 | Step 29540/34883 | Loss 2.0895 | LR 6.46e-04
2026-05-14 20:46:31,365  INFO  Epoch 1/1 | Step 29550/34883 | Loss 2.2867 | LR 6.46e-04
2026-05-14 20:46:36,335  INFO  Epoch 1/1 | Step 29560/34883 | Loss 2.0452 | LR 6.46e-04
2026-05-14 20:46:41,295  INFO  Epoch 1/1 | Step 29570/34883 | Loss 2.2355 | LR 6.45e-04
2026-05-14 20:46:46,243  INFO  Epoch 1/1 | Step 29580/34883 | Loss 2.0673 | LR 6.45e-04
2026-05-14 20:46:51,199  INFO  Epoch 1/1 | Step 29590/34883 | Loss 2.0370 | LR 6.45e-04
2026-05-14 20:46:56,157  INFO  Epoch 1/1 | Step 29600/34883 | Loss 1.9991 | LR 6.45e-04
2026-05-14 20:47:01,112  INFO  Epoch 1/1 | Step 29610/34883 | Loss 2.1783 | LR 6.45e-04
2026-05-14 20:47:06,063  INFO  Epoch 1/1 | Step 29620/34883 | Loss 2.0885 | LR 6.44e-04
2026-05-14 20:47:11,022  INFO  Epoch 1/1 | Step 29630/34883 | Loss 1.8934 | LR 6.44e-04
2026-05-14 20:47:15,986  INFO  Epoch 1/1 | Step 29640/34883 | Loss 1.8964 | LR 6.44e-04
2026-05-14 20:47:20,946  INFO  Epoch 1/1 | Step 29650/34883 | Loss 2.1309 | LR 6.44e-04
2026-05-14 20:47:25,900  INFO  Epoch 1/1 | Step 29660/34883 | Loss 1.9982 | LR 6.43e-04
2026-05-14 20:47:30,859  INFO  Epoch 1/1 | Step 29670/34883 | Loss 2.0610 | LR 6.43e-04
2026-05-14 20:47:35,812  INFO  Epoch 1/1 | Step 29680/34883 | Loss 2.0344 | LR 6.43e-04
2026-05-14 20:47:40,772  INFO  Epoch 1/1 | Step 29690/34883 | Loss 2.1145 | LR 6.43e-04
2026-05-14 20:47:45,719  INFO  Epoch 1/1 | Step 29700/34883 | Loss 1.9906 | LR 6.43e-04
2026-05-14 20:47:50,679  INFO  Epoch 1/1 | Step 29710/34883 | Loss 2.1506 | LR 6.42e-04
2026-05-14 20:47:55,643  INFO  Epoch 1/1 | Step 29720/34883 | Loss 2.2859 | LR 6.42e-04
2026-05-14 20:48:00,611  INFO  Epoch 1/1 | Step 29730/34883 | Loss 1.9848 | LR 6.42e-04
2026-05-14 20:48:05,572  INFO  Epoch 1/1 | Step 29740/34883 | Loss 2.0194 | LR 6.42e-04
2026-05-14 20:48:10,536  INFO  Epoch 1/1 | Step 29750/34883 | Loss 2.1467 | LR 6.41e-04
2026-05-14 20:48:15,514  INFO  Epoch 1/1 | Step 29760/34883 | Loss 2.2307 | LR 6.41e-04
2026-05-14 20:48:20,481  INFO  Epoch 1/1 | Step 29770/34883 | Loss 1.9835 | LR 6.41e-04
2026-05-14 20:48:25,445  INFO  Epoch 1/1 | Step 29780/34883 | Loss 2.0387 | LR 6.41e-04
2026-05-14 20:48:30,412  INFO  Epoch 1/1 | Step 29790/34883 | Loss 2.1836 | LR 6.41e-04
2026-05-14 20:48:35,377  INFO  Epoch 1/1 | Step 29800/34883 | Loss 2.2427 | LR 6.40e-04
2026-05-14 20:48:40,341  INFO  Epoch 1/1 | Step 29810/34883 | Loss 2.2210 | LR 6.40e-04
2026-05-14 20:48:45,303  INFO  Epoch 1/1 | Step 29820/34883 | Loss 2.1158 | LR 6.40e-04
2026-05-14 20:48:50,261  INFO  Epoch 1/1 | Step 29830/34883 | Loss 2.1341 | LR 6.40e-04
2026-05-14 20:48:55,224  INFO  Epoch 1/1 | Step 29840/34883 | Loss 2.1847 | LR 6.39e-04
2026-05-14 20:49:00,185  INFO  Epoch 1/1 | Step 29850/34883 | Loss 2.0014 | LR 6.39e-04
2026-05-14 20:49:05,135  INFO  Epoch 1/1 | Step 29860/34883 | Loss 2.1329 | LR 6.39e-04
2026-05-14 20:49:10,089  INFO  Epoch 1/1 | Step 29870/34883 | Loss 2.0996 | LR 6.39e-04
2026-05-14 20:49:15,054  INFO  Epoch 1/1 | Step 29880/34883 | Loss 2.1179 | LR 6.39e-04
2026-05-14 20:49:20,007  INFO  Epoch 1/1 | Step 29890/34883 | Loss 2.1569 | LR 6.38e-04
2026-05-14 20:49:24,964  INFO  Epoch 1/1 | Step 29900/34883 | Loss 2.0324 | LR 6.38e-04
2026-05-14 20:49:29,915  INFO  Epoch 1/1 | Step 29910/34883 | Loss 2.0806 | LR 6.38e-04
2026-05-14 20:49:34,877  INFO  Epoch 1/1 | Step 29920/34883 | Loss 2.1720 | LR 6.38e-04
2026-05-14 20:49:39,836  INFO  Epoch 1/1 | Step 29930/34883 | Loss 1.9638 | LR 6.37e-04
2026-05-14 20:49:44,797  INFO  Epoch 1/1 | Step 29940/34883 | Loss 2.2235 | LR 6.37e-04
2026-05-14 20:49:49,758  INFO  Epoch 1/1 | Step 29950/34883 | Loss 2.2721 | LR 6.37e-04
2026-05-14 20:49:54,714  INFO  Epoch 1/1 | Step 29960/34883 | Loss 2.1405 | LR 6.37e-04
2026-05-14 20:49:59,670  INFO  Epoch 1/1 | Step 29970/34883 | Loss 2.1102 | LR 6.37e-04
2026-05-14 20:50:04,624  INFO  Epoch 1/1 | Step 29980/34883 | Loss 2.2882 | LR 6.36e-04
2026-05-14 20:50:09,585  INFO  Epoch 1/1 | Step 29990/34883 | Loss 2.1578 | LR 6.36e-04
2026-05-14 20:50:14,539  INFO  Epoch 1/1 | Step 30000/34883 | Loss 2.2187 | LR 6.36e-04
2026-05-14 20:50:19,492  INFO  Epoch 1/1 | Step 30010/34883 | Loss 2.0737 | LR 6.36e-04
2026-05-14 20:50:24,462  INFO  Epoch 1/1 | Step 30020/34883 | Loss 1.9611 | LR 6.35e-04
2026-05-14 20:50:29,427  INFO  Epoch 1/1 | Step 30030/34883 | Loss 2.1436 | LR 6.35e-04
2026-05-14 20:50:34,378  INFO  Epoch 1/1 | Step 30040/34883 | Loss 2.0178 | LR 6.35e-04
2026-05-14 20:50:39,353  INFO  Epoch 1/1 | Step 30050/34883 | Loss 2.0092 | LR 6.35e-04
2026-05-14 20:50:44,313  INFO  Epoch 1/1 | Step 30060/34883 | Loss 2.0651 | LR 6.35e-04
2026-05-14 20:50:49,287  INFO  Epoch 1/1 | Step 30070/34883 | Loss 2.1131 | LR 6.34e-04
2026-05-14 20:50:54,280  INFO  Epoch 1/1 | Step 30080/34883 | Loss 2.0421 | LR 6.34e-04
2026-05-14 20:50:59,276  INFO  Epoch 1/1 | Step 30090/34883 | Loss 2.2101 | LR 6.34e-04
2026-05-14 20:51:04,279  INFO  Epoch 1/1 | Step 30100/34883 | Loss 2.0986 | LR 6.34e-04
2026-05-14 20:51:09,278  INFO  Epoch 1/1 | Step 30110/34883 | Loss 2.0938 | LR 6.33e-04
2026-05-14 20:51:14,271  INFO  Epoch 1/1 | Step 30120/34883 | Loss 1.9424 | LR 6.33e-04
2026-05-14 20:51:19,254  INFO  Epoch 1/1 | Step 30130/34883 | Loss 2.1624 | LR 6.33e-04
2026-05-14 20:51:24,245  INFO  Epoch 1/1 | Step 30140/34883 | Loss 2.0340 | LR 6.33e-04
2026-05-14 20:51:29,233  INFO  Epoch 1/1 | Step 30150/34883 | Loss 2.0543 | LR 6.33e-04
2026-05-14 20:51:34,221  INFO  Epoch 1/1 | Step 30160/34883 | Loss 2.1608 | LR 6.32e-04
2026-05-14 20:51:39,213  INFO  Epoch 1/1 | Step 30170/34883 | Loss 2.0777 | LR 6.32e-04
2026-05-14 20:51:44,200  INFO  Epoch 1/1 | Step 30180/34883 | Loss 1.9757 | LR 6.32e-04
2026-05-14 20:51:49,177  INFO  Epoch 1/1 | Step 30190/34883 | Loss 2.0423 | LR 6.32e-04
2026-05-14 20:51:54,176  INFO  Epoch 1/1 | Step 30200/34883 | Loss 2.0972 | LR 6.31e-04
2026-05-14 20:51:59,159  INFO  Epoch 1/1 | Step 30210/34883 | Loss 1.8766 | LR 6.31e-04
2026-05-14 20:52:04,140  INFO  Epoch 1/1 | Step 30220/34883 | Loss 2.1160 | LR 6.31e-04
2026-05-14 20:52:09,133  INFO  Epoch 1/1 | Step 30230/34883 | Loss 2.2829 | LR 6.31e-04
2026-05-14 20:52:14,110  INFO  Epoch 1/1 | Step 30240/34883 | Loss 1.9900 | LR 6.31e-04
2026-05-14 20:52:19,088  INFO  Epoch 1/1 | Step 30250/34883 | Loss 2.0110 | LR 6.30e-04
2026-05-14 20:52:24,068  INFO  Epoch 1/1 | Step 30260/34883 | Loss 2.0875 | LR 6.30e-04
2026-05-14 20:52:29,045  INFO  Epoch 1/1 | Step 30270/34883 | Loss 2.1264 | LR 6.30e-04
2026-05-14 20:52:34,006  INFO  Epoch 1/1 | Step 30280/34883 | Loss 2.0891 | LR 6.30e-04
2026-05-14 20:52:38,976  INFO  Epoch 1/1 | Step 30290/34883 | Loss 2.0763 | LR 6.29e-04
2026-05-14 20:52:43,954  INFO  Epoch 1/1 | Step 30300/34883 | Loss 2.0506 | LR 6.29e-04
2026-05-14 20:52:48,917  INFO  Epoch 1/1 | Step 30310/34883 | Loss 2.0912 | LR 6.29e-04
2026-05-14 20:52:53,879  INFO  Epoch 1/1 | Step 30320/34883 | Loss 2.1014 | LR 6.29e-04
2026-05-14 20:52:58,840  INFO  Epoch 1/1 | Step 30330/34883 | Loss 2.1820 | LR 6.29e-04
2026-05-14 20:53:03,806  INFO  Epoch 1/1 | Step 30340/34883 | Loss 2.0901 | LR 6.28e-04
2026-05-14 20:53:08,775  INFO  Epoch 1/1 | Step 30350/34883 | Loss 2.0905 | LR 6.28e-04
2026-05-14 20:53:13,738  INFO  Epoch 1/1 | Step 30360/34883 | Loss 1.9552 | LR 6.28e-04
2026-05-14 20:53:18,705  INFO  Epoch 1/1 | Step 30370/34883 | Loss 2.1125 | LR 6.28e-04
2026-05-14 20:53:23,673  INFO  Epoch 1/1 | Step 30380/34883 | Loss 2.0435 | LR 6.27e-04
2026-05-14 20:53:28,648  INFO  Epoch 1/1 | Step 30390/34883 | Loss 2.2207 | LR 6.27e-04
2026-05-14 20:53:33,606  INFO  Epoch 1/1 | Step 30400/34883 | Loss 2.1492 | LR 6.27e-04
2026-05-14 20:53:38,567  INFO  Epoch 1/1 | Step 30410/34883 | Loss 2.0093 | LR 6.27e-04
2026-05-14 20:53:43,522  INFO  Epoch 1/1 | Step 30420/34883 | Loss 2.0261 | LR 6.26e-04
2026-05-14 20:53:48,490  INFO  Epoch 1/1 | Step 30430/34883 | Loss 2.0290 | LR 6.26e-04
2026-05-14 20:53:53,457  INFO  Epoch 1/1 | Step 30440/34883 | Loss 2.1502 | LR 6.26e-04
2026-05-14 20:53:58,419  INFO  Epoch 1/1 | Step 30450/34883 | Loss 2.3853 | LR 6.26e-04
2026-05-14 20:54:03,370  INFO  Epoch 1/1 | Step 30460/34883 | Loss 2.1267 | LR 6.26e-04
2026-05-14 20:54:08,332  INFO  Epoch 1/1 | Step 30470/34883 | Loss 2.1459 | LR 6.25e-04
2026-05-14 20:54:13,292  INFO  Epoch 1/1 | Step 30480/34883 | Loss 2.1377 | LR 6.25e-04
2026-05-14 20:54:18,247  INFO  Epoch 1/1 | Step 30490/34883 | Loss 2.1622 | LR 6.25e-04
2026-05-14 20:54:23,210  INFO  Epoch 1/1 | Step 30500/34883 | Loss 2.0907 | LR 6.25e-04
2026-05-14 20:54:28,161  INFO  Epoch 1/1 | Step 30510/34883 | Loss 2.2284 | LR 6.24e-04
2026-05-14 20:54:33,127  INFO  Epoch 1/1 | Step 30520/34883 | Loss 2.2312 | LR 6.24e-04
2026-05-14 20:54:38,084  INFO  Epoch 1/1 | Step 30530/34883 | Loss 2.1504 | LR 6.24e-04
2026-05-14 20:54:43,049  INFO  Epoch 1/1 | Step 30540/34883 | Loss 2.1938 | LR 6.24e-04
2026-05-14 20:54:48,005  INFO  Epoch 1/1 | Step 30550/34883 | Loss 2.2023 | LR 6.24e-04
2026-05-14 20:54:52,964  INFO  Epoch 1/1 | Step 30560/34883 | Loss 2.1419 | LR 6.23e-04
2026-05-14 20:54:57,930  INFO  Epoch 1/1 | Step 30570/34883 | Loss 2.1030 | LR 6.23e-04
2026-05-14 20:55:02,880  INFO  Epoch 1/1 | Step 30580/34883 | Loss 2.0191 | LR 6.23e-04
2026-05-14 20:55:07,849  INFO  Epoch 1/1 | Step 30590/34883 | Loss 2.1819 | LR 6.23e-04
2026-05-14 20:55:12,815  INFO  Epoch 1/1 | Step 30600/34883 | Loss 2.0296 | LR 6.22e-04
2026-05-14 20:55:17,782  INFO  Epoch 1/1 | Step 30610/34883 | Loss 2.0272 | LR 6.22e-04
2026-05-14 20:55:22,743  INFO  Epoch 1/1 | Step 30620/34883 | Loss 1.9972 | LR 6.22e-04
2026-05-14 20:55:27,698  INFO  Epoch 1/1 | Step 30630/34883 | Loss 2.1955 | LR 6.22e-04
2026-05-14 20:55:32,668  INFO  Epoch 1/1 | Step 30640/34883 | Loss 1.9933 | LR 6.22e-04
2026-05-14 20:55:37,632  INFO  Epoch 1/1 | Step 30650/34883 | Loss 2.0247 | LR 6.21e-04
2026-05-14 20:55:42,586  INFO  Epoch 1/1 | Step 30660/34883 | Loss 2.0314 | LR 6.21e-04
2026-05-14 20:55:47,538  INFO  Epoch 1/1 | Step 30670/34883 | Loss 2.1998 | LR 6.21e-04
2026-05-14 20:55:52,492  INFO  Epoch 1/1 | Step 30680/34883 | Loss 2.2274 | LR 6.21e-04
2026-05-14 20:55:57,456  INFO  Epoch 1/1 | Step 30690/34883 | Loss 2.0813 | LR 6.20e-04
2026-05-14 20:56:02,418  INFO  Epoch 1/1 | Step 30700/34883 | Loss 2.2897 | LR 6.20e-04
2026-05-14 20:56:07,376  INFO  Epoch 1/1 | Step 30710/34883 | Loss 2.1662 | LR 6.20e-04
2026-05-14 20:56:12,336  INFO  Epoch 1/1 | Step 30720/34883 | Loss 2.0735 | LR 6.20e-04
2026-05-14 20:56:17,305  INFO  Epoch 1/1 | Step 30730/34883 | Loss 2.1360 | LR 6.20e-04
2026-05-14 20:56:22,275  INFO  Epoch 1/1 | Step 30740/34883 | Loss 2.1290 | LR 6.19e-04
2026-05-14 20:56:27,241  INFO  Epoch 1/1 | Step 30750/34883 | Loss 1.9782 | LR 6.19e-04
2026-05-14 20:56:32,191  INFO  Epoch 1/1 | Step 30760/34883 | Loss 2.2099 | LR 6.19e-04
2026-05-14 20:56:37,145  INFO  Epoch 1/1 | Step 30770/34883 | Loss 2.3009 | LR 6.19e-04
2026-05-14 20:56:42,117  INFO  Epoch 1/1 | Step 30780/34883 | Loss 1.9260 | LR 6.18e-04
2026-05-14 20:56:47,070  INFO  Epoch 1/1 | Step 30790/34883 | Loss 2.0609 | LR 6.18e-04
2026-05-14 20:56:52,028  INFO  Epoch 1/1 | Step 30800/34883 | Loss 2.0789 | LR 6.18e-04
2026-05-14 20:56:56,994  INFO  Epoch 1/1 | Step 30810/34883 | Loss 2.1116 | LR 6.18e-04
2026-05-14 20:57:01,962  INFO  Epoch 1/1 | Step 30820/34883 | Loss 2.0624 | LR 6.17e-04
2026-05-14 20:57:06,923  INFO  Epoch 1/1 | Step 30830/34883 | Loss 2.1409 | LR 6.17e-04
2026-05-14 20:57:11,885  INFO  Epoch 1/1 | Step 30840/34883 | Loss 2.0981 | LR 6.17e-04
2026-05-14 20:57:16,854  INFO  Epoch 1/1 | Step 30850/34883 | Loss 2.2075 | LR 6.17e-04
2026-05-14 20:57:21,830  INFO  Epoch 1/1 | Step 30860/34883 | Loss 2.0981 | LR 6.17e-04
2026-05-14 20:57:26,798  INFO  Epoch 1/1 | Step 30870/34883 | Loss 2.1092 | LR 6.16e-04
2026-05-14 20:57:31,772  INFO  Epoch 1/1 | Step 30880/34883 | Loss 1.9985 | LR 6.16e-04
2026-05-14 20:57:36,739  INFO  Epoch 1/1 | Step 30890/34883 | Loss 2.1426 | LR 6.16e-04
2026-05-14 20:57:41,708  INFO  Epoch 1/1 | Step 30900/34883 | Loss 2.1432 | LR 6.16e-04
2026-05-14 20:57:46,669  INFO  Epoch 1/1 | Step 30910/34883 | Loss 2.1209 | LR 6.15e-04
2026-05-14 20:57:51,631  INFO  Epoch 1/1 | Step 30920/34883 | Loss 2.0598 | LR 6.15e-04
2026-05-14 20:57:56,603  INFO  Epoch 1/1 | Step 30930/34883 | Loss 1.9162 | LR 6.15e-04
2026-05-14 20:58:01,567  INFO  Epoch 1/1 | Step 30940/34883 | Loss 2.0773 | LR 6.15e-04
2026-05-14 20:58:06,542  INFO  Epoch 1/1 | Step 30950/34883 | Loss 2.0394 | LR 6.15e-04
2026-05-14 20:58:11,513  INFO  Epoch 1/1 | Step 30960/34883 | Loss 2.0474 | LR 6.14e-04
2026-05-14 20:58:16,483  INFO  Epoch 1/1 | Step 30970/34883 | Loss 2.0518 | LR 6.14e-04
2026-05-14 20:58:21,466  INFO  Epoch 1/1 | Step 30980/34883 | Loss 2.2461 | LR 6.14e-04
2026-05-14 20:58:26,447  INFO  Epoch 1/1 | Step 30990/34883 | Loss 2.1613 | LR 6.14e-04
2026-05-14 20:58:31,422  INFO  Epoch 1/1 | Step 31000/34883 | Loss 1.9968 | LR 6.13e-04
2026-05-14 20:58:36,390  INFO  Epoch 1/1 | Step 31010/34883 | Loss 2.0791 | LR 6.13e-04
2026-05-14 20:58:41,370  INFO  Epoch 1/1 | Step 31020/34883 | Loss 1.9884 | LR 6.13e-04
2026-05-14 20:58:46,349  INFO  Epoch 1/1 | Step 31030/34883 | Loss 2.1955 | LR 6.13e-04
2026-05-14 20:58:51,320  INFO  Epoch 1/1 | Step 31040/34883 | Loss 2.2937 | LR 6.13e-04
2026-05-14 20:58:56,290  INFO  Epoch 1/1 | Step 31050/34883 | Loss 2.2113 | LR 6.12e-04
2026-05-14 20:59:01,257  INFO  Epoch 1/1 | Step 31060/34883 | Loss 2.2784 | LR 6.12e-04
2026-05-14 20:59:06,227  INFO  Epoch 1/1 | Step 31070/34883 | Loss 2.2224 | LR 6.12e-04
2026-05-14 20:59:11,204  INFO  Epoch 1/1 | Step 31080/34883 | Loss 2.0768 | LR 6.12e-04
2026-05-14 20:59:16,163  INFO  Epoch 1/1 | Step 31090/34883 | Loss 2.1218 | LR 6.11e-04
2026-05-14 20:59:21,137  INFO  Epoch 1/1 | Step 31100/34883 | Loss 2.1397 | LR 6.11e-04
2026-05-14 20:59:26,095  INFO  Epoch 1/1 | Step 31110/34883 | Loss 2.1389 | LR 6.11e-04
2026-05-14 20:59:31,058  INFO  Epoch 1/1 | Step 31120/34883 | Loss 2.0901 | LR 6.11e-04
2026-05-14 20:59:36,036  INFO  Epoch 1/1 | Step 31130/34883 | Loss 2.2737 | LR 6.10e-04
2026-05-14 20:59:40,996  INFO  Epoch 1/1 | Step 31140/34883 | Loss 1.8841 | LR 6.10e-04
2026-05-14 20:59:45,963  INFO  Epoch 1/1 | Step 31150/34883 | Loss 2.1721 | LR 6.10e-04
2026-05-14 20:59:50,932  INFO  Epoch 1/1 | Step 31160/34883 | Loss 2.1235 | LR 6.10e-04
2026-05-14 20:59:55,888  INFO  Epoch 1/1 | Step 31170/34883 | Loss 2.1436 | LR 6.10e-04
2026-05-14 21:00:00,844  INFO  Epoch 1/1 | Step 31180/34883 | Loss 2.0280 | LR 6.09e-04
2026-05-14 21:00:05,806  INFO  Epoch 1/1 | Step 31190/34883 | Loss 2.0806 | LR 6.09e-04
2026-05-14 21:00:10,766  INFO  Epoch 1/1 | Step 31200/34883 | Loss 2.0064 | LR 6.09e-04
2026-05-14 21:00:15,741  INFO  Epoch 1/1 | Step 31210/34883 | Loss 2.1939 | LR 6.09e-04
2026-05-14 21:00:20,715  INFO  Epoch 1/1 | Step 31220/34883 | Loss 2.1336 | LR 6.08e-04
2026-05-14 21:00:25,695  INFO  Epoch 1/1 | Step 31230/34883 | Loss 2.0922 | LR 6.08e-04
2026-05-14 21:00:30,669  INFO  Epoch 1/1 | Step 31240/34883 | Loss 2.2842 | LR 6.08e-04
2026-05-14 21:00:35,654  INFO  Epoch 1/1 | Step 31250/34883 | Loss 2.2421 | LR 6.08e-04
2026-05-14 21:00:40,646  INFO  Epoch 1/1 | Step 31260/34883 | Loss 2.2535 | LR 6.08e-04
2026-05-14 21:00:45,616  INFO  Epoch 1/1 | Step 31270/34883 | Loss 2.1870 | LR 6.07e-04
2026-05-14 21:00:50,593  INFO  Epoch 1/1 | Step 31280/34883 | Loss 2.1714 | LR 6.07e-04
2026-05-14 21:00:55,570  INFO  Epoch 1/1 | Step 31290/34883 | Loss 2.1524 | LR 6.07e-04
2026-05-14 21:01:00,535  INFO  Epoch 1/1 | Step 31300/34883 | Loss 1.9922 | LR 6.07e-04
2026-05-14 21:01:05,504  INFO  Epoch 1/1 | Step 31310/34883 | Loss 2.1838 | LR 6.06e-04
2026-05-14 21:01:10,462  INFO  Epoch 1/1 | Step 31320/34883 | Loss 2.0145 | LR 6.06e-04
2026-05-14 21:01:15,440  INFO  Epoch 1/1 | Step 31330/34883 | Loss 2.1315 | LR 6.06e-04
2026-05-14 21:01:20,403  INFO  Epoch 1/1 | Step 31340/34883 | Loss 2.0374 | LR 6.06e-04
2026-05-14 21:01:25,359  INFO  Epoch 1/1 | Step 31350/34883 | Loss 2.0906 | LR 6.05e-04
2026-05-14 21:01:30,322  INFO  Epoch 1/1 | Step 31360/34883 | Loss 2.1065 | LR 6.05e-04
2026-05-14 21:01:35,283  INFO  Epoch 1/1 | Step 31370/34883 | Loss 2.1599 | LR 6.05e-04
2026-05-14 21:01:40,241  INFO  Epoch 1/1 | Step 31380/34883 | Loss 1.9680 | LR 6.05e-04
2026-05-14 21:01:45,196  INFO  Epoch 1/1 | Step 31390/34883 | Loss 2.2315 | LR 6.05e-04
2026-05-14 21:01:50,155  INFO  Epoch 1/1 | Step 31400/34883 | Loss 2.1498 | LR 6.04e-04
2026-05-14 21:01:55,119  INFO  Epoch 1/1 | Step 31410/34883 | Loss 2.1914 | LR 6.04e-04
2026-05-14 21:02:00,078  INFO  Epoch 1/1 | Step 31420/34883 | Loss 2.0421 | LR 6.04e-04
2026-05-14 21:02:05,037  INFO  Epoch 1/1 | Step 31430/34883 | Loss 2.1219 | LR 6.04e-04
2026-05-14 21:02:09,989  INFO  Epoch 1/1 | Step 31440/34883 | Loss 2.0111 | LR 6.03e-04
2026-05-14 21:02:14,950  INFO  Epoch 1/1 | Step 31450/34883 | Loss 2.0842 | LR 6.03e-04
2026-05-14 21:02:19,909  INFO  Epoch 1/1 | Step 31460/34883 | Loss 2.2558 | LR 6.03e-04
2026-05-14 21:02:24,869  INFO  Epoch 1/1 | Step 31470/34883 | Loss 2.0785 | LR 6.03e-04
2026-05-14 21:02:29,833  INFO  Epoch 1/1 | Step 31480/34883 | Loss 2.2307 | LR 6.03e-04
2026-05-14 21:02:34,792  INFO  Epoch 1/1 | Step 31490/34883 | Loss 2.2742 | LR 6.02e-04
2026-05-14 21:02:39,753  INFO  Epoch 1/1 | Step 31500/34883 | Loss 2.2003 | LR 6.02e-04
2026-05-14 21:02:44,699  INFO  Epoch 1/1 | Step 31510/34883 | Loss 1.9650 | LR 6.02e-04
2026-05-14 21:02:49,661  INFO  Epoch 1/1 | Step 31520/34883 | Loss 2.1246 | LR 6.02e-04
2026-05-14 21:02:54,613  INFO  Epoch 1/1 | Step 31530/34883 | Loss 2.1373 | LR 6.01e-04
2026-05-14 21:02:59,579  INFO  Epoch 1/1 | Step 31540/34883 | Loss 2.1139 | LR 6.01e-04
2026-05-14 21:03:04,533  INFO  Epoch 1/1 | Step 31550/34883 | Loss 2.1417 | LR 6.01e-04
2026-05-14 21:03:09,490  INFO  Epoch 1/1 | Step 31560/34883 | Loss 2.1058 | LR 6.01e-04
2026-05-14 21:03:14,451  INFO  Epoch 1/1 | Step 31570/34883 | Loss 2.0600 | LR 6.00e-04
2026-05-14 21:03:19,427  INFO  Epoch 1/1 | Step 31580/34883 | Loss 2.0415 | LR 6.00e-04
2026-05-14 21:03:24,387  INFO  Epoch 1/1 | Step 31590/34883 | Loss 2.1261 | LR 6.00e-04
2026-05-14 21:03:29,364  INFO  Epoch 1/1 | Step 31600/34883 | Loss 2.0889 | LR 6.00e-04
2026-05-14 21:03:34,337  INFO  Epoch 1/1 | Step 31610/34883 | Loss 2.0430 | LR 6.00e-04
2026-05-14 21:03:39,315  INFO  Epoch 1/1 | Step 31620/34883 | Loss 2.1317 | LR 5.99e-04
2026-05-14 21:03:44,294  INFO  Epoch 1/1 | Step 31630/34883 | Loss 2.0996 | LR 5.99e-04
2026-05-14 21:03:49,261  INFO  Epoch 1/1 | Step 31640/34883 | Loss 2.0361 | LR 5.99e-04
2026-05-14 21:03:54,226  INFO  Epoch 1/1 | Step 31650/34883 | Loss 2.1121 | LR 5.99e-04
2026-05-14 21:03:59,191  INFO  Epoch 1/1 | Step 31660/34883 | Loss 2.0295 | LR 5.98e-04
2026-05-14 21:04:04,168  INFO  Epoch 1/1 | Step 31670/34883 | Loss 2.2033 | LR 5.98e-04
2026-05-14 21:04:09,128  INFO  Epoch 1/1 | Step 31680/34883 | Loss 2.2069 | LR 5.98e-04
2026-05-14 21:04:14,086  INFO  Epoch 1/1 | Step 31690/34883 | Loss 2.1202 | LR 5.98e-04
2026-05-14 21:04:19,063  INFO  Epoch 1/1 | Step 31700/34883 | Loss 2.0345 | LR 5.98e-04
2026-05-14 21:04:24,024  INFO  Epoch 1/1 | Step 31710/34883 | Loss 2.2000 | LR 5.97e-04
2026-05-14 21:04:28,987  INFO  Epoch 1/1 | Step 31720/34883 | Loss 2.1816 | LR 5.97e-04
2026-05-14 21:04:33,958  INFO  Epoch 1/1 | Step 31730/34883 | Loss 2.2685 | LR 5.97e-04
2026-05-14 21:04:38,918  INFO  Epoch 1/1 | Step 31740/34883 | Loss 2.1434 | LR 5.97e-04
2026-05-14 21:04:43,876  INFO  Epoch 1/1 | Step 31750/34883 | Loss 1.9698 | LR 5.96e-04
2026-05-14 21:04:48,838  INFO  Epoch 1/1 | Step 31760/34883 | Loss 2.2339 | LR 5.96e-04
2026-05-14 21:04:53,809  INFO  Epoch 1/1 | Step 31770/34883 | Loss 2.0072 | LR 5.96e-04
2026-05-14 21:04:58,759  INFO  Epoch 1/1 | Step 31780/34883 | Loss 2.0766 | LR 5.96e-04
2026-05-14 21:05:03,724  INFO  Epoch 1/1 | Step 31790/34883 | Loss 2.0231 | LR 5.95e-04
2026-05-14 21:05:08,685  INFO  Epoch 1/1 | Step 31800/34883 | Loss 2.1723 | LR 5.95e-04
2026-05-14 21:05:13,649  INFO  Epoch 1/1 | Step 31810/34883 | Loss 2.2450 | LR 5.95e-04
2026-05-14 21:05:18,606  INFO  Epoch 1/1 | Step 31820/34883 | Loss 2.0191 | LR 5.95e-04
2026-05-14 21:05:23,565  INFO  Epoch 1/1 | Step 31830/34883 | Loss 2.1202 | LR 5.95e-04
2026-05-14 21:05:28,527  INFO  Epoch 1/1 | Step 31840/34883 | Loss 2.1580 | LR 5.94e-04
2026-05-14 21:05:33,499  INFO  Epoch 1/1 | Step 31850/34883 | Loss 2.1176 | LR 5.94e-04
2026-05-14 21:05:38,454  INFO  Epoch 1/1 | Step 31860/34883 | Loss 2.0107 | LR 5.94e-04
2026-05-14 21:05:43,416  INFO  Epoch 1/1 | Step 31870/34883 | Loss 2.1084 | LR 5.94e-04
2026-05-14 21:05:48,377  INFO  Epoch 1/1 | Step 31880/34883 | Loss 2.0911 | LR 5.93e-04
2026-05-14 21:05:53,337  INFO  Epoch 1/1 | Step 31890/34883 | Loss 2.1209 | LR 5.93e-04
2026-05-14 21:05:58,298  INFO  Epoch 1/1 | Step 31900/34883 | Loss 2.2369 | LR 5.93e-04
2026-05-14 21:06:03,252  INFO  Epoch 1/1 | Step 31910/34883 | Loss 2.0864 | LR 5.93e-04
2026-05-14 21:06:08,207  INFO  Epoch 1/1 | Step 31920/34883 | Loss 2.1341 | LR 5.93e-04
2026-05-14 21:06:13,167  INFO  Epoch 1/1 | Step 31930/34883 | Loss 2.2276 | LR 5.92e-04
2026-05-14 21:06:18,126  INFO  Epoch 1/1 | Step 31940/34883 | Loss 2.1750 | LR 5.92e-04
2026-05-14 21:06:23,084  INFO  Epoch 1/1 | Step 31950/34883 | Loss 2.0460 | LR 5.92e-04
2026-05-14 21:06:28,043  INFO  Epoch 1/1 | Step 31960/34883 | Loss 2.1075 | LR 5.92e-04
2026-05-14 21:06:33,000  INFO  Epoch 1/1 | Step 31970/34883 | Loss 2.1599 | LR 5.91e-04
2026-05-14 21:06:37,946  INFO  Epoch 1/1 | Step 31980/34883 | Loss 2.0761 | LR 5.91e-04
2026-05-14 21:06:42,887  INFO  Epoch 1/1 | Step 31990/34883 | Loss 2.1835 | LR 5.91e-04
2026-05-14 21:06:47,841  INFO  Epoch 1/1 | Step 32000/34883 | Loss 2.2194 | LR 5.91e-04
2026-05-14 21:06:52,809  INFO  Epoch 1/1 | Step 32010/34883 | Loss 2.1110 | LR 5.90e-04
2026-05-14 21:06:57,776  INFO  Epoch 1/1 | Step 32020/34883 | Loss 2.2795 | LR 5.90e-04
2026-05-14 21:07:02,727  INFO  Epoch 1/1 | Step 32030/34883 | Loss 1.9568 | LR 5.90e-04
2026-05-14 21:07:07,688  INFO  Epoch 1/1 | Step 32040/34883 | Loss 2.3214 | LR 5.90e-04
2026-05-14 21:07:12,648  INFO  Epoch 1/1 | Step 32050/34883 | Loss 2.1740 | LR 5.90e-04
2026-05-14 21:07:17,603  INFO  Epoch 1/1 | Step 32060/34883 | Loss 2.2123 | LR 5.89e-04
2026-05-14 21:07:22,554  INFO  Epoch 1/1 | Step 32070/34883 | Loss 2.1092 | LR 5.89e-04
2026-05-14 21:07:27,511  INFO  Epoch 1/1 | Step 32080/34883 | Loss 2.2291 | LR 5.89e-04
2026-05-14 21:07:32,474  INFO  Epoch 1/1 | Step 32090/34883 | Loss 2.1321 | LR 5.89e-04
2026-05-14 21:07:37,440  INFO  Epoch 1/1 | Step 32100/34883 | Loss 2.0461 | LR 5.88e-04
2026-05-14 21:07:42,400  INFO  Epoch 1/1 | Step 32110/34883 | Loss 2.0902 | LR 5.88e-04
2026-05-14 21:07:47,360  INFO  Epoch 1/1 | Step 32120/34883 | Loss 2.2943 | LR 5.88e-04
2026-05-14 21:07:52,328  INFO  Epoch 1/1 | Step 32130/34883 | Loss 2.0512 | LR 5.88e-04
2026-05-14 21:07:57,297  INFO  Epoch 1/1 | Step 32140/34883 | Loss 2.1352 | LR 5.87e-04
2026-05-14 21:08:02,274  INFO  Epoch 1/1 | Step 32150/34883 | Loss 2.0613 | LR 5.87e-04
2026-05-14 21:08:07,255  INFO  Epoch 1/1 | Step 32160/34883 | Loss 2.2879 | LR 5.87e-04
2026-05-14 21:08:12,232  INFO  Epoch 1/1 | Step 32170/34883 | Loss 2.1368 | LR 5.87e-04
2026-05-14 21:08:17,201  INFO  Epoch 1/1 | Step 32180/34883 | Loss 2.2020 | LR 5.87e-04
2026-05-14 21:08:22,175  INFO  Epoch 1/1 | Step 32190/34883 | Loss 2.1154 | LR 5.86e-04
2026-05-14 21:08:27,148  INFO  Epoch 1/1 | Step 32200/34883 | Loss 2.0949 | LR 5.86e-04
2026-05-14 21:08:32,126  INFO  Epoch 1/1 | Step 32210/34883 | Loss 2.1240 | LR 5.86e-04
2026-05-14 21:08:37,100  INFO  Epoch 1/1 | Step 32220/34883 | Loss 2.1318 | LR 5.86e-04
2026-05-14 21:08:42,064  INFO  Epoch 1/1 | Step 32230/34883 | Loss 2.0939 | LR 5.85e-04
2026-05-14 21:08:47,032  INFO  Epoch 1/1 | Step 32240/34883 | Loss 1.9949 | LR 5.85e-04
2026-05-14 21:08:52,001  INFO  Epoch 1/1 | Step 32250/34883 | Loss 2.0454 | LR 5.85e-04
2026-05-14 21:08:56,976  INFO  Epoch 1/1 | Step 32260/34883 | Loss 2.0781 | LR 5.85e-04
2026-05-14 21:09:01,941  INFO  Epoch 1/1 | Step 32270/34883 | Loss 2.1851 | LR 5.85e-04
2026-05-14 21:09:06,910  INFO  Epoch 1/1 | Step 32280/34883 | Loss 2.0513 | LR 5.84e-04
2026-05-14 21:09:11,870  INFO  Epoch 1/1 | Step 32290/34883 | Loss 2.1867 | LR 5.84e-04
2026-05-14 21:09:16,831  INFO  Epoch 1/1 | Step 32300/34883 | Loss 1.9915 | LR 5.84e-04
2026-05-14 21:09:21,799  INFO  Epoch 1/1 | Step 32310/34883 | Loss 2.0849 | LR 5.84e-04
2026-05-14 21:09:26,773  INFO  Epoch 1/1 | Step 32320/34883 | Loss 2.1588 | LR 5.83e-04
2026-05-14 21:09:31,730  INFO  Epoch 1/1 | Step 32330/34883 | Loss 2.1059 | LR 5.83e-04
2026-05-14 21:09:36,695  INFO  Epoch 1/1 | Step 32340/34883 | Loss 2.1266 | LR 5.83e-04
2026-05-14 21:09:41,662  INFO  Epoch 1/1 | Step 32350/34883 | Loss 2.2520 | LR 5.83e-04
2026-05-14 21:09:46,637  INFO  Epoch 1/1 | Step 32360/34883 | Loss 2.0884 | LR 5.82e-04
2026-05-14 21:09:51,603  INFO  Epoch 1/1 | Step 32370/34883 | Loss 2.1656 | LR 5.82e-04
2026-05-14 21:09:56,565  INFO  Epoch 1/1 | Step 32380/34883 | Loss 2.2338 | LR 5.82e-04
2026-05-14 21:10:01,526  INFO  Epoch 1/1 | Step 32390/34883 | Loss 2.0194 | LR 5.82e-04
2026-05-14 21:10:06,490  INFO  Epoch 1/1 | Step 32400/34883 | Loss 2.1271 | LR 5.82e-04
2026-05-14 21:10:11,463  INFO  Epoch 1/1 | Step 32410/34883 | Loss 2.1279 | LR 5.81e-04
2026-05-14 21:10:16,437  INFO  Epoch 1/1 | Step 32420/34883 | Loss 2.0971 | LR 5.81e-04
2026-05-14 21:10:21,409  INFO  Epoch 1/1 | Step 32430/34883 | Loss 2.2253 | LR 5.81e-04
2026-05-14 21:10:26,373  INFO  Epoch 1/1 | Step 32440/34883 | Loss 2.1937 | LR 5.81e-04
2026-05-14 21:10:31,334  INFO  Epoch 1/1 | Step 32450/34883 | Loss 2.0175 | LR 5.80e-04
2026-05-14 21:10:36,308  INFO  Epoch 1/1 | Step 32460/34883 | Loss 2.1082 | LR 5.80e-04
2026-05-14 21:10:41,272  INFO  Epoch 1/1 | Step 32470/34883 | Loss 2.1115 | LR 5.80e-04
2026-05-14 21:10:46,239  INFO  Epoch 1/1 | Step 32480/34883 | Loss 2.1818 | LR 5.80e-04
2026-05-14 21:10:51,202  INFO  Epoch 1/1 | Step 32490/34883 | Loss 2.0983 | LR 5.79e-04
2026-05-14 21:10:56,164  INFO  Epoch 1/1 | Step 32500/34883 | Loss 2.2229 | LR 5.79e-04
2026-05-14 21:11:01,127  INFO  Epoch 1/1 | Step 32510/34883 | Loss 2.0796 | LR 5.79e-04
2026-05-14 21:11:06,088  INFO  Epoch 1/1 | Step 32520/34883 | Loss 2.1028 | LR 5.79e-04
2026-05-14 21:11:11,055  INFO  Epoch 1/1 | Step 32530/34883 | Loss 2.0132 | LR 5.79e-04
2026-05-14 21:11:16,029  INFO  Epoch 1/1 | Step 32540/34883 | Loss 2.4322 | LR 5.78e-04
2026-05-14 21:11:20,994  INFO  Epoch 1/1 | Step 32550/34883 | Loss 2.2255 | LR 5.78e-04
2026-05-14 21:11:25,954  INFO  Epoch 1/1 | Step 32560/34883 | Loss 2.2360 | LR 5.78e-04
2026-05-14 21:11:30,918  INFO  Epoch 1/1 | Step 32570/34883 | Loss 2.1886 | LR 5.78e-04
2026-05-14 21:11:35,887  INFO  Epoch 1/1 | Step 32580/34883 | Loss 1.9812 | LR 5.77e-04
2026-05-14 21:11:40,863  INFO  Epoch 1/1 | Step 32590/34883 | Loss 2.1106 | LR 5.77e-04
2026-05-14 21:11:45,824  INFO  Epoch 1/1 | Step 32600/34883 | Loss 1.9577 | LR 5.77e-04
2026-05-14 21:11:50,789  INFO  Epoch 1/1 | Step 32610/34883 | Loss 1.9712 | LR 5.77e-04
2026-05-14 21:11:55,746  INFO  Epoch 1/1 | Step 32620/34883 | Loss 1.9200 | LR 5.77e-04
2026-05-14 21:12:00,708  INFO  Epoch 1/1 | Step 32630/34883 | Loss 2.2173 | LR 5.76e-04
2026-05-14 21:12:05,669  INFO  Epoch 1/1 | Step 32640/34883 | Loss 2.0347 | LR 5.76e-04
2026-05-14 21:12:10,631  INFO  Epoch 1/1 | Step 32650/34883 | Loss 2.0426 | LR 5.76e-04
2026-05-14 21:12:15,602  INFO  Epoch 1/1 | Step 32660/34883 | Loss 2.0520 | LR 5.76e-04
2026-05-14 21:12:20,560  INFO  Epoch 1/1 | Step 32670/34883 | Loss 2.0516 | LR 5.75e-04
2026-05-14 21:12:25,532  INFO  Epoch 1/1 | Step 32680/34883 | Loss 2.1151 | LR 5.75e-04
2026-05-14 21:12:30,492  INFO  Epoch 1/1 | Step 32690/34883 | Loss 2.0107 | LR 5.75e-04
2026-05-14 21:12:35,455  INFO  Epoch 1/1 | Step 32700/34883 | Loss 2.2380 | LR 5.75e-04
2026-05-14 21:12:40,423  INFO  Epoch 1/1 | Step 32710/34883 | Loss 2.0669 | LR 5.74e-04
2026-05-14 21:12:45,385  INFO  Epoch 1/1 | Step 32720/34883 | Loss 2.1856 | LR 5.74e-04
2026-05-14 21:12:50,353  INFO  Epoch 1/1 | Step 32730/34883 | Loss 1.9626 | LR 5.74e-04
2026-05-14 21:12:55,323  INFO  Epoch 1/1 | Step 32740/34883 | Loss 2.0943 | LR 5.74e-04
2026-05-14 21:13:00,278  INFO  Epoch 1/1 | Step 32750/34883 | Loss 2.0217 | LR 5.74e-04
2026-05-14 21:13:05,241  INFO  Epoch 1/1 | Step 32760/34883 | Loss 2.1112 | LR 5.73e-04
2026-05-14 21:13:10,198  INFO  Epoch 1/1 | Step 32770/34883 | Loss 2.0794 | LR 5.73e-04
2026-05-14 21:13:15,158  INFO  Epoch 1/1 | Step 32780/34883 | Loss 2.1520 | LR 5.73e-04
2026-05-14 21:13:20,113  INFO  Epoch 1/1 | Step 32790/34883 | Loss 2.0998 | LR 5.73e-04
2026-05-14 21:13:25,074  INFO  Epoch 1/1 | Step 32800/34883 | Loss 2.1644 | LR 5.72e-04
2026-05-14 21:13:30,028  INFO  Epoch 1/1 | Step 32810/34883 | Loss 2.1244 | LR 5.72e-04
2026-05-14 21:13:34,993  INFO  Epoch 1/1 | Step 32820/34883 | Loss 2.2224 | LR 5.72e-04
2026-05-14 21:13:39,950  INFO  Epoch 1/1 | Step 32830/34883 | Loss 2.0463 | LR 5.72e-04
2026-05-14 21:13:44,911  INFO  Epoch 1/1 | Step 32840/34883 | Loss 2.1518 | LR 5.71e-04
2026-05-14 21:13:49,876  INFO  Epoch 1/1 | Step 32850/34883 | Loss 2.0606 | LR 5.71e-04
2026-05-14 21:13:54,838  INFO  Epoch 1/1 | Step 32860/34883 | Loss 2.0323 | LR 5.71e-04
2026-05-14 21:13:59,798  INFO  Epoch 1/1 | Step 32870/34883 | Loss 1.9323 | LR 5.71e-04
2026-05-14 21:14:04,757  INFO  Epoch 1/1 | Step 32880/34883 | Loss 2.0675 | LR 5.71e-04
2026-05-14 21:14:09,721  INFO  Epoch 1/1 | Step 32890/34883 | Loss 2.1954 | LR 5.70e-04
2026-05-14 21:14:14,681  INFO  Epoch 1/1 | Step 32900/34883 | Loss 2.1863 | LR 5.70e-04
2026-05-14 21:14:19,639  INFO  Epoch 1/1 | Step 32910/34883 | Loss 1.9111 | LR 5.70e-04
2026-05-14 21:14:24,605  INFO  Epoch 1/1 | Step 32920/34883 | Loss 2.1473 | LR 5.70e-04
2026-05-14 21:14:29,574  INFO  Epoch 1/1 | Step 32930/34883 | Loss 2.1165 | LR 5.69e-04
2026-05-14 21:14:34,535  INFO  Epoch 1/1 | Step 32940/34883 | Loss 2.1652 | LR 5.69e-04
2026-05-14 21:14:39,499  INFO  Epoch 1/1 | Step 32950/34883 | Loss 2.2043 | LR 5.69e-04
2026-05-14 21:14:44,458  INFO  Epoch 1/1 | Step 32960/34883 | Loss 2.0614 | LR 5.69e-04
2026-05-14 21:14:49,417  INFO  Epoch 1/1 | Step 32970/34883 | Loss 1.9315 | LR 5.68e-04
2026-05-14 21:14:54,373  INFO  Epoch 1/1 | Step 32980/34883 | Loss 2.0585 | LR 5.68e-04
2026-05-14 21:14:59,327  INFO  Epoch 1/1 | Step 32990/34883 | Loss 1.9600 | LR 5.68e-04
2026-05-14 21:15:04,282  INFO  Epoch 1/1 | Step 33000/34883 | Loss 1.9677 | LR 5.68e-04
2026-05-14 21:15:09,246  INFO  Epoch 1/1 | Step 33010/34883 | Loss 2.2820 | LR 5.68e-04
2026-05-14 21:15:14,209  INFO  Epoch 1/1 | Step 33020/34883 | Loss 1.9884 | LR 5.67e-04
2026-05-14 21:15:19,172  INFO  Epoch 1/1 | Step 33030/34883 | Loss 2.2242 | LR 5.67e-04
2026-05-14 21:15:24,125  INFO  Epoch 1/1 | Step 33040/34883 | Loss 1.9384 | LR 5.67e-04
2026-05-14 21:15:29,086  INFO  Epoch 1/1 | Step 33050/34883 | Loss 2.2140 | LR 5.67e-04
2026-05-14 21:15:34,043  INFO  Epoch 1/1 | Step 33060/34883 | Loss 2.1366 | LR 5.66e-04
2026-05-14 21:15:39,001  INFO  Epoch 1/1 | Step 33070/34883 | Loss 2.0069 | LR 5.66e-04
2026-05-14 21:15:43,960  INFO  Epoch 1/1 | Step 33080/34883 | Loss 1.9501 | LR 5.66e-04
2026-05-14 21:15:48,918  INFO  Epoch 1/1 | Step 33090/34883 | Loss 2.1381 | LR 5.66e-04
2026-05-14 21:15:53,871  INFO  Epoch 1/1 | Step 33100/34883 | Loss 2.1118 | LR 5.65e-04
2026-05-14 21:15:58,834  INFO  Epoch 1/1 | Step 33110/34883 | Loss 2.0915 | LR 5.65e-04
2026-05-14 21:16:03,799  INFO  Epoch 1/1 | Step 33120/34883 | Loss 2.1924 | LR 5.65e-04
2026-05-14 21:16:08,768  INFO  Epoch 1/1 | Step 33130/34883 | Loss 1.9059 | LR 5.65e-04
2026-05-14 21:16:13,743  INFO  Epoch 1/1 | Step 33140/34883 | Loss 2.0796 | LR 5.65e-04
2026-05-14 21:16:18,722  INFO  Epoch 1/1 | Step 33150/34883 | Loss 2.0584 | LR 5.64e-04
2026-05-14 21:16:23,684  INFO  Epoch 1/1 | Step 33160/34883 | Loss 2.1184 | LR 5.64e-04
2026-05-14 21:16:28,657  INFO  Epoch 1/1 | Step 33170/34883 | Loss 2.0525 | LR 5.64e-04
2026-05-14 21:16:33,623  INFO  Epoch 1/1 | Step 33180/34883 | Loss 2.1961 | LR 5.64e-04
2026-05-14 21:16:38,596  INFO  Epoch 1/1 | Step 33190/34883 | Loss 2.0141 | LR 5.63e-04
2026-05-14 21:16:43,565  INFO  Epoch 1/1 | Step 33200/34883 | Loss 2.1112 | LR 5.63e-04
2026-05-14 21:16:48,535  INFO  Epoch 1/1 | Step 33210/34883 | Loss 2.0645 | LR 5.63e-04
2026-05-14 21:16:53,512  INFO  Epoch 1/1 | Step 33220/34883 | Loss 2.2700 | LR 5.63e-04
2026-05-14 21:16:58,489  INFO  Epoch 1/1 | Step 33230/34883 | Loss 2.0648 | LR 5.62e-04
2026-05-14 21:17:03,470  INFO  Epoch 1/1 | Step 33240/34883 | Loss 2.0757 | LR 5.62e-04
2026-05-14 21:17:08,426  INFO  Epoch 1/1 | Step 33250/34883 | Loss 2.0659 | LR 5.62e-04
2026-05-14 21:17:13,401  INFO  Epoch 1/1 | Step 33260/34883 | Loss 2.1589 | LR 5.62e-04
2026-05-14 21:17:18,355  INFO  Epoch 1/1 | Step 33270/34883 | Loss 2.1875 | LR 5.62e-04
2026-05-14 21:17:23,320  INFO  Epoch 1/1 | Step 33280/34883 | Loss 1.9280 | LR 5.61e-04
2026-05-14 21:17:28,295  INFO  Epoch 1/1 | Step 33290/34883 | Loss 2.2505 | LR 5.61e-04
2026-05-14 21:17:33,264  INFO  Epoch 1/1 | Step 33300/34883 | Loss 2.0968 | LR 5.61e-04
2026-05-14 21:17:38,231  INFO  Epoch 1/1 | Step 33310/34883 | Loss 2.2784 | LR 5.61e-04
2026-05-14 21:17:43,191  INFO  Epoch 1/1 | Step 33320/34883 | Loss 2.0921 | LR 5.60e-04
2026-05-14 21:17:48,152  INFO  Epoch 1/1 | Step 33330/34883 | Loss 2.0059 | LR 5.60e-04
2026-05-14 21:17:53,109  INFO  Epoch 1/1 | Step 33340/34883 | Loss 2.0304 | LR 5.60e-04
2026-05-14 21:17:58,058  INFO  Epoch 1/1 | Step 33350/34883 | Loss 2.2947 | LR 5.60e-04
2026-05-14 21:18:03,013  INFO  Epoch 1/1 | Step 33360/34883 | Loss 2.0321 | LR 5.59e-04
2026-05-14 21:18:07,981  INFO  Epoch 1/1 | Step 33370/34883 | Loss 2.0547 | LR 5.59e-04
2026-05-14 21:18:12,937  INFO  Epoch 1/1 | Step 33380/34883 | Loss 2.0253 | LR 5.59e-04
2026-05-14 21:18:17,906  INFO  Epoch 1/1 | Step 33390/34883 | Loss 2.1583 | LR 5.59e-04
2026-05-14 21:18:22,862  INFO  Epoch 1/1 | Step 33400/34883 | Loss 2.2016 | LR 5.59e-04
2026-05-14 21:18:27,819  INFO  Epoch 1/1 | Step 33410/34883 | Loss 2.0713 | LR 5.58e-04
2026-05-14 21:18:32,778  INFO  Epoch 1/1 | Step 33420/34883 | Loss 2.0996 | LR 5.58e-04
2026-05-14 21:18:37,736  INFO  Epoch 1/1 | Step 33430/34883 | Loss 2.2360 | LR 5.58e-04
2026-05-14 21:18:42,696  INFO  Epoch 1/1 | Step 33440/34883 | Loss 2.1109 | LR 5.58e-04
2026-05-14 21:18:47,651  INFO  Epoch 1/1 | Step 33450/34883 | Loss 2.0779 | LR 5.57e-04
2026-05-14 21:18:52,607  INFO  Epoch 1/1 | Step 33460/34883 | Loss 2.2578 | LR 5.57e-04
2026-05-14 21:18:57,564  INFO  Epoch 1/1 | Step 33470/34883 | Loss 2.1002 | LR 5.57e-04
2026-05-14 21:19:02,513  INFO  Epoch 1/1 | Step 33480/34883 | Loss 2.0865 | LR 5.57e-04
2026-05-14 21:19:07,474  INFO  Epoch 1/1 | Step 33490/34883 | Loss 2.1561 | LR 5.56e-04
2026-05-14 21:19:12,439  INFO  Epoch 1/1 | Step 33500/34883 | Loss 2.1317 | LR 5.56e-04
2026-05-14 21:19:17,391  INFO  Epoch 1/1 | Step 33510/34883 | Loss 2.2543 | LR 5.56e-04
2026-05-14 21:19:22,346  INFO  Epoch 1/1 | Step 33520/34883 | Loss 2.2264 | LR 5.56e-04
2026-05-14 21:19:27,303  INFO  Epoch 1/1 | Step 33530/34883 | Loss 2.1988 | LR 5.56e-04
2026-05-14 21:19:32,259  INFO  Epoch 1/1 | Step 33540/34883 | Loss 2.2499 | LR 5.55e-04
2026-05-14 21:19:37,219  INFO  Epoch 1/1 | Step 33550/34883 | Loss 2.0450 | LR 5.55e-04
2026-05-14 21:19:42,178  INFO  Epoch 1/1 | Step 33560/34883 | Loss 2.0727 | LR 5.55e-04
2026-05-14 21:19:47,140  INFO  Epoch 1/1 | Step 33570/34883 | Loss 2.1523 | LR 5.55e-04
2026-05-14 21:19:52,095  INFO  Epoch 1/1 | Step 33580/34883 | Loss 1.9728 | LR 5.54e-04
2026-05-14 21:19:57,058  INFO  Epoch 1/1 | Step 33590/34883 | Loss 2.1137 | LR 5.54e-04
2026-05-14 21:20:02,014  INFO  Epoch 1/1 | Step 33600/34883 | Loss 2.1095 | LR 5.54e-04
2026-05-14 21:20:06,970  INFO  Epoch 1/1 | Step 33610/34883 | Loss 2.1090 | LR 5.54e-04
2026-05-14 21:20:11,927  INFO  Epoch 1/1 | Step 33620/34883 | Loss 2.0750 | LR 5.53e-04
2026-05-14 21:20:16,887  INFO  Epoch 1/1 | Step 33630/34883 | Loss 2.1264 | LR 5.53e-04
2026-05-14 21:20:21,852  INFO  Epoch 1/1 | Step 33640/34883 | Loss 2.1686 | LR 5.53e-04
2026-05-14 21:20:26,811  INFO  Epoch 1/1 | Step 33650/34883 | Loss 2.1522 | LR 5.53e-04
2026-05-14 21:20:31,763  INFO  Epoch 1/1 | Step 33660/34883 | Loss 2.0152 | LR 5.53e-04
2026-05-14 21:20:36,720  INFO  Epoch 1/1 | Step 33670/34883 | Loss 1.9864 | LR 5.52e-04
2026-05-14 21:20:41,682  INFO  Epoch 1/1 | Step 33680/34883 | Loss 2.1048 | LR 5.52e-04
2026-05-14 21:20:46,642  INFO  Epoch 1/1 | Step 33690/34883 | Loss 2.0113 | LR 5.52e-04
2026-05-14 21:20:51,598  INFO  Epoch 1/1 | Step 33700/34883 | Loss 2.0283 | LR 5.52e-04
2026-05-14 21:20:56,545  INFO  Epoch 1/1 | Step 33710/34883 | Loss 2.0664 | LR 5.51e-04
2026-05-14 21:21:01,490  INFO  Epoch 1/1 | Step 33720/34883 | Loss 2.0737 | LR 5.51e-04
2026-05-14 21:21:06,444  INFO  Epoch 1/1 | Step 33730/34883 | Loss 2.1120 | LR 5.51e-04
2026-05-14 21:21:11,401  INFO  Epoch 1/1 | Step 33740/34883 | Loss 2.1587 | LR 5.51e-04
2026-05-14 21:21:16,362  INFO  Epoch 1/1 | Step 33750/34883 | Loss 2.0355 | LR 5.50e-04
2026-05-14 21:21:21,311  INFO  Epoch 1/1 | Step 33760/34883 | Loss 2.1593 | LR 5.50e-04
2026-05-14 21:21:26,265  INFO  Epoch 1/1 | Step 33770/34883 | Loss 2.1276 | LR 5.50e-04
2026-05-14 21:21:31,222  INFO  Epoch 1/1 | Step 33780/34883 | Loss 2.2159 | LR 5.50e-04
2026-05-14 21:21:36,169  INFO  Epoch 1/1 | Step 33790/34883 | Loss 2.1404 | LR 5.50e-04
2026-05-14 21:21:41,127  INFO  Epoch 1/1 | Step 33800/34883 | Loss 2.0334 | LR 5.49e-04
2026-05-14 21:21:46,079  INFO  Epoch 1/1 | Step 33810/34883 | Loss 2.0604 | LR 5.49e-04
2026-05-14 21:21:51,028  INFO  Epoch 1/1 | Step 33820/34883 | Loss 2.1732 | LR 5.49e-04
2026-05-14 21:21:55,975  INFO  Epoch 1/1 | Step 33830/34883 | Loss 2.1143 | LR 5.49e-04
2026-05-14 21:22:00,927  INFO  Epoch 1/1 | Step 33840/34883 | Loss 1.9867 | LR 5.48e-04
2026-05-14 21:22:05,876  INFO  Epoch 1/1 | Step 33850/34883 | Loss 2.0160 | LR 5.48e-04
2026-05-14 21:22:10,830  INFO  Epoch 1/1 | Step 33860/34883 | Loss 2.1364 | LR 5.48e-04
2026-05-14 21:22:15,778  INFO  Epoch 1/1 | Step 33870/34883 | Loss 2.0057 | LR 5.48e-04
2026-05-14 21:22:20,735  INFO  Epoch 1/1 | Step 33880/34883 | Loss 2.1523 | LR 5.47e-04
2026-05-14 21:22:25,687  INFO  Epoch 1/1 | Step 33890/34883 | Loss 2.0473 | LR 5.47e-04
2026-05-14 21:22:30,645  INFO  Epoch 1/1 | Step 33900/34883 | Loss 2.0672 | LR 5.47e-04
2026-05-14 21:22:35,610  INFO  Epoch 1/1 | Step 33910/34883 | Loss 2.2383 | LR 5.47e-04
2026-05-14 21:22:40,587  INFO  Epoch 1/1 | Step 33920/34883 | Loss 2.2346 | LR 5.47e-04
2026-05-14 21:22:45,569  INFO  Epoch 1/1 | Step 33930/34883 | Loss 2.1565 | LR 5.46e-04
2026-05-14 21:22:50,546  INFO  Epoch 1/1 | Step 33940/34883 | Loss 2.1044 | LR 5.46e-04
2026-05-14 21:22:55,523  INFO  Epoch 1/1 | Step 33950/34883 | Loss 2.1789 | LR 5.46e-04
2026-05-14 21:23:00,497  INFO  Epoch 1/1 | Step 33960/34883 | Loss 2.0015 | LR 5.46e-04
2026-05-14 21:23:05,472  INFO  Epoch 1/1 | Step 33970/34883 | Loss 2.2895 | LR 5.45e-04
2026-05-14 21:23:10,429  INFO  Epoch 1/1 | Step 33980/34883 | Loss 1.9403 | LR 5.45e-04
2026-05-14 21:23:15,404  INFO  Epoch 1/1 | Step 33990/34883 | Loss 2.0474 | LR 5.45e-04
2026-05-14 21:23:20,390  INFO  Epoch 1/1 | Step 34000/34883 | Loss 2.1575 | LR 5.45e-04
2026-05-14 21:23:25,369  INFO  Epoch 1/1 | Step 34010/34883 | Loss 2.0835 | LR 5.44e-04
2026-05-14 21:23:30,332  INFO  Epoch 1/1 | Step 34020/34883 | Loss 2.1382 | LR 5.44e-04
2026-05-14 21:23:35,301  INFO  Epoch 1/1 | Step 34030/34883 | Loss 1.9261 | LR 5.44e-04
2026-05-14 21:23:40,270  INFO  Epoch 1/1 | Step 34040/34883 | Loss 2.0916 | LR 5.44e-04
2026-05-14 21:23:45,243  INFO  Epoch 1/1 | Step 34050/34883 | Loss 2.0773 | LR 5.44e-04
2026-05-14 21:23:50,221  INFO  Epoch 1/1 | Step 34060/34883 | Loss 2.0057 | LR 5.43e-04
2026-05-14 21:23:55,191  INFO  Epoch 1/1 | Step 34070/34883 | Loss 2.0355 | LR 5.43e-04
2026-05-14 21:24:00,151  INFO  Epoch 1/1 | Step 34080/34883 | Loss 2.1874 | LR 5.43e-04
2026-05-14 21:24:05,114  INFO  Epoch 1/1 | Step 34090/34883 | Loss 2.1709 | LR 5.43e-04
2026-05-14 21:24:10,077  INFO  Epoch 1/1 | Step 34100/34883 | Loss 2.2143 | LR 5.42e-04
2026-05-14 21:24:15,052  INFO  Epoch 1/1 | Step 34110/34883 | Loss 2.0447 | LR 5.42e-04
2026-05-14 21:24:20,018  INFO  Epoch 1/1 | Step 34120/34883 | Loss 2.1019 | LR 5.42e-04
2026-05-14 21:24:24,997  INFO  Epoch 1/1 | Step 34130/34883 | Loss 2.0070 | LR 5.42e-04
2026-05-14 21:24:29,976  INFO  Epoch 1/1 | Step 34140/34883 | Loss 2.0151 | LR 5.41e-04
2026-05-14 21:24:34,936  INFO  Epoch 1/1 | Step 34150/34883 | Loss 2.0534 | LR 5.41e-04
2026-05-14 21:24:39,913  INFO  Epoch 1/1 | Step 34160/34883 | Loss 2.0331 | LR 5.41e-04
2026-05-14 21:24:44,890  INFO  Epoch 1/1 | Step 34170/34883 | Loss 1.9530 | LR 5.41e-04
2026-05-14 21:24:49,857  INFO  Epoch 1/1 | Step 34180/34883 | Loss 1.9569 | LR 5.41e-04
2026-05-14 21:24:54,822  INFO  Epoch 1/1 | Step 34190/34883 | Loss 2.2609 | LR 5.40e-04
2026-05-14 21:24:59,794  INFO  Epoch 1/1 | Step 34200/34883 | Loss 2.1536 | LR 5.40e-04
2026-05-14 21:25:04,759  INFO  Epoch 1/1 | Step 34210/34883 | Loss 2.2521 | LR 5.40e-04
2026-05-14 21:25:09,719  INFO  Epoch 1/1 | Step 34220/34883 | Loss 2.0355 | LR 5.40e-04
2026-05-14 21:25:14,693  INFO  Epoch 1/1 | Step 34230/34883 | Loss 2.0848 | LR 5.39e-04
2026-05-14 21:25:19,660  INFO  Epoch 1/1 | Step 34240/34883 | Loss 2.0503 | LR 5.39e-04
2026-05-14 21:25:24,621  INFO  Epoch 1/1 | Step 34250/34883 | Loss 2.0164 | LR 5.39e-04
2026-05-14 21:25:29,585  INFO  Epoch 1/1 | Step 34260/34883 | Loss 1.9482 | LR 5.39e-04
2026-05-14 21:25:34,556  INFO  Epoch 1/1 | Step 34270/34883 | Loss 2.1530 | LR 5.38e-04
2026-05-14 21:25:39,527  INFO  Epoch 1/1 | Step 34280/34883 | Loss 2.1538 | LR 5.38e-04
2026-05-14 21:25:44,489  INFO  Epoch 1/1 | Step 34290/34883 | Loss 2.2343 | LR 5.38e-04
2026-05-14 21:25:49,465  INFO  Epoch 1/1 | Step 34300/34883 | Loss 2.1490 | LR 5.38e-04
2026-05-14 21:25:54,427  INFO  Epoch 1/1 | Step 34310/34883 | Loss 2.0195 | LR 5.38e-04
2026-05-14 21:25:59,388  INFO  Epoch 1/1 | Step 34320/34883 | Loss 2.1434 | LR 5.37e-04
2026-05-14 21:26:04,358  INFO  Epoch 1/1 | Step 34330/34883 | Loss 2.0149 | LR 5.37e-04
2026-05-14 21:26:09,316  INFO  Epoch 1/1 | Step 34340/34883 | Loss 1.9773 | LR 5.37e-04
2026-05-14 21:26:14,283  INFO  Epoch 1/1 | Step 34350/34883 | Loss 2.1350 | LR 5.37e-04
2026-05-14 21:26:19,256  INFO  Epoch 1/1 | Step 34360/34883 | Loss 2.0379 | LR 5.36e-04
2026-05-14 21:26:24,219  INFO  Epoch 1/1 | Step 34370/34883 | Loss 2.0134 | LR 5.36e-04
2026-05-14 21:26:29,192  INFO  Epoch 1/1 | Step 34380/34883 | Loss 2.1418 | LR 5.36e-04
2026-05-14 21:26:34,165  INFO  Epoch 1/1 | Step 34390/34883 | Loss 2.0439 | LR 5.36e-04
2026-05-14 21:26:39,135  INFO  Epoch 1/1 | Step 34400/34883 | Loss 2.0938 | LR 5.35e-04
2026-05-14 21:26:44,107  INFO  Epoch 1/1 | Step 34410/34883 | Loss 1.9609 | LR 5.35e-04
2026-05-14 21:26:49,066  INFO  Epoch 1/1 | Step 34420/34883 | Loss 2.1003 | LR 5.35e-04
2026-05-14 21:26:54,045  INFO  Epoch 1/1 | Step 34430/34883 | Loss 2.2030 | LR 5.35e-04
2026-05-14 21:26:59,022  INFO  Epoch 1/1 | Step 34440/34883 | Loss 2.0698 | LR 5.35e-04
2026-05-14 21:27:04,001  INFO  Epoch 1/1 | Step 34450/34883 | Loss 2.0213 | LR 5.34e-04
2026-05-14 21:27:08,964  INFO  Epoch 1/1 | Step 34460/34883 | Loss 2.0992 | LR 5.34e-04
2026-05-14 21:27:13,933  INFO  Epoch 1/1 | Step 34470/34883 | Loss 2.0212 | LR 5.34e-04
2026-05-14 21:27:18,916  INFO  Epoch 1/1 | Step 34480/34883 | Loss 2.0102 | LR 5.34e-04
2026-05-14 21:27:23,887  INFO  Epoch 1/1 | Step 34490/34883 | Loss 2.0740 | LR 5.33e-04
2026-05-14 21:27:28,851  INFO  Epoch 1/1 | Step 34500/34883 | Loss 2.1628 | LR 5.33e-04
2026-05-14 21:27:33,822  INFO  Epoch 1/1 | Step 34510/34883 | Loss 2.0818 | LR 5.33e-04
2026-05-14 21:27:38,791  INFO  Epoch 1/1 | Step 34520/34883 | Loss 1.9874 | LR 5.33e-04
2026-05-14 21:27:43,755  INFO  Epoch 1/1 | Step 34530/34883 | Loss 2.1324 | LR 5.32e-04
2026-05-14 21:27:48,736  INFO  Epoch 1/1 | Step 34540/34883 | Loss 2.1710 | LR 5.32e-04
2026-05-14 21:27:53,719  INFO  Epoch 1/1 | Step 34550/34883 | Loss 2.1886 | LR 5.32e-04
2026-05-14 21:27:58,697  INFO  Epoch 1/1 | Step 34560/34883 | Loss 2.0866 | LR 5.32e-04
2026-05-14 21:28:03,665  INFO  Epoch 1/1 | Step 34570/34883 | Loss 2.1385 | LR 5.32e-04
2026-05-14 21:28:08,642  INFO  Epoch 1/1 | Step 34580/34883 | Loss 2.0987 | LR 5.31e-04
2026-05-14 21:28:13,620  INFO  Epoch 1/1 | Step 34590/34883 | Loss 2.0617 | LR 5.31e-04
2026-05-14 21:28:18,584  INFO  Epoch 1/1 | Step 34600/34883 | Loss 2.2357 | LR 5.31e-04
2026-05-14 21:28:23,563  INFO  Epoch 1/1 | Step 34610/34883 | Loss 2.2017 | LR 5.31e-04
2026-05-14 21:28:28,541  INFO  Epoch 1/1 | Step 34620/34883 | Loss 2.0132 | LR 5.30e-04
2026-05-14 21:28:33,514  INFO  Epoch 1/1 | Step 34630/34883 | Loss 2.3114 | LR 5.30e-04
2026-05-14 21:28:38,481  INFO  Epoch 1/1 | Step 34640/34883 | Loss 2.1737 | LR 5.30e-04
2026-05-14 21:28:43,452  INFO  Epoch 1/1 | Step 34650/34883 | Loss 2.1026 | LR 5.30e-04
2026-05-14 21:28:48,420  INFO  Epoch 1/1 | Step 34660/34883 | Loss 2.1537 | LR 5.29e-04
2026-05-14 21:28:53,386  INFO  Epoch 1/1 | Step 34670/34883 | Loss 2.1645 | LR 5.29e-04
2026-05-14 21:28:58,353  INFO  Epoch 1/1 | Step 34680/34883 | Loss 1.9957 | LR 5.29e-04
2026-05-14 21:29:03,309  INFO  Epoch 1/1 | Step 34690/34883 | Loss 2.0907 | LR 5.29e-04
2026-05-14 21:29:08,267  INFO  Epoch 1/1 | Step 34700/34883 | Loss 2.0498 | LR 5.29e-04
2026-05-14 21:29:13,240  INFO  Epoch 1/1 | Step 34710/34883 | Loss 2.0612 | LR 5.28e-04
2026-05-14 21:29:18,199  INFO  Epoch 1/1 | Step 34720/34883 | Loss 2.0974 | LR 5.28e-04
2026-05-14 21:29:23,164  INFO  Epoch 1/1 | Step 34730/34883 | Loss 1.9828 | LR 5.28e-04
2026-05-14 21:29:28,135  INFO  Epoch 1/1 | Step 34740/34883 | Loss 2.0412 | LR 5.28e-04
2026-05-14 21:29:33,093  INFO  Epoch 1/1 | Step 34750/34883 | Loss 2.2248 | LR 5.27e-04
2026-05-14 21:29:38,055  INFO  Epoch 1/1 | Step 34760/34883 | Loss 2.0343 | LR 5.27e-04
2026-05-14 21:29:43,019  INFO  Epoch 1/1 | Step 34770/34883 | Loss 2.2770 | LR 5.27e-04
2026-05-14 21:29:47,990  INFO  Epoch 1/1 | Step 34780/34883 | Loss 2.0945 | LR 5.27e-04
2026-05-14 21:29:52,953  INFO  Epoch 1/1 | Step 34790/34883 | Loss 2.0805 | LR 5.26e-04
2026-05-14 21:29:57,923  INFO  Epoch 1/1 | Step 34800/34883 | Loss 2.0122 | LR 5.26e-04
2026-05-14 21:30:02,876  INFO  Epoch 1/1 | Step 34810/34883 | Loss 2.0584 | LR 5.26e-04
2026-05-14 21:30:07,830  INFO  Epoch 1/1 | Step 34820/34883 | Loss 2.0461 | LR 5.26e-04
2026-05-14 21:30:12,790  INFO  Epoch 1/1 | Step 34830/34883 | Loss 2.0665 | LR 5.25e-04
2026-05-14 21:30:17,751  INFO  Epoch 1/1 | Step 34840/34883 | Loss 1.9603 | LR 5.25e-04
2026-05-14 21:30:22,704  INFO  Epoch 1/1 | Step 34850/34883 | Loss 2.0798 | LR 5.25e-04
2026-05-14 21:30:27,982  INFO  Epoch 1/1 | Step 34860/34883 | Loss 2.0662 | LR 5.25e-04
2026-05-14 21:30:32,984  INFO  Epoch 1/1 | Step 34870/34883 | Loss 2.0842 | LR 5.25e-04
2026-05-14 21:30:37,982  INFO  Epoch 1/1 | Step 34880/34883 | Loss 2.1658 | LR 5.24e-04
2026-05-14 21:30:42,982  INFO  Epoch 1/1 | Step 34890/34883 | Loss 2.0526 | LR 5.24e-04
2026-05-14 21:30:47,980  INFO  Epoch 1/1 | Step 34900/34883 | Loss 2.0065 | LR 5.24e-04
2026-05-14 21:30:52,980  INFO  Epoch 1/1 | Step 34910/34883 | Loss 1.9545 | LR 5.24e-04
2026-05-14 21:30:57,979  INFO  Epoch 1/1 | Step 34920/34883 | Loss 2.0548 | LR 5.23e-04
2026-05-14 21:31:02,975  INFO  Epoch 1/1 | Step 34930/34883 | Loss 2.0326 | LR 5.23e-04
2026-05-14 21:31:07,978  INFO  Epoch 1/1 | Step 34940/34883 | Loss 2.1799 | LR 5.23e-04
2026-05-14 21:31:12,970  INFO  Epoch 1/1 | Step 34950/34883 | Loss 1.9745 | LR 5.23e-04
2026-05-14 21:31:17,972  INFO  Epoch 1/1 | Step 34960/34883 | Loss 2.1003 | LR 5.22e-04
2026-05-14 21:31:22,968  INFO  Epoch 1/1 | Step 34970/34883 | Loss 2.1313 | LR 5.22e-04
2026-05-14 21:31:27,969  INFO  Epoch 1/1 | Step 34980/34883 | Loss 2.1203 | LR 5.22e-04
2026-05-14 21:31:32,965  INFO  Epoch 1/1 | Step 34990/34883 | Loss 1.9413 | LR 5.22e-04
2026-05-14 21:31:37,966  INFO  Epoch 1/1 | Step 35000/34883 | Loss 2.1388 | LR 5.22e-04
2026-05-14 21:31:42,964  INFO  Epoch 1/1 | Step 35010/34883 | Loss 2.0216 | LR 5.21e-04
2026-05-14 21:31:47,963  INFO  Epoch 1/1 | Step 35020/34883 | Loss 2.1156 | LR 5.21e-04
2026-05-14 21:31:52,960  INFO  Epoch 1/1 | Step 35030/34883 | Loss 2.1376 | LR 5.21e-04
2026-05-14 21:31:57,959  INFO  Epoch 1/1 | Step 35040/34883 | Loss 2.0640 | LR 5.21e-04
2026-05-14 21:32:02,956  INFO  Epoch 1/1 | Step 35050/34883 | Loss 2.0343 | LR 5.20e-04
2026-05-14 21:32:07,956  INFO  Epoch 1/1 | Step 35060/34883 | Loss 2.1480 | LR 5.20e-04
2026-05-14 21:32:12,953  INFO  Epoch 1/1 | Step 35070/34883 | Loss 2.0221 | LR 5.20e-04
2026-05-14 21:32:17,954  INFO  Epoch 1/1 | Step 35080/34883 | Loss 2.0068 | LR 5.20e-04
2026-05-14 21:32:22,957  INFO  Epoch 1/1 | Step 35090/34883 | Loss 2.2637 | LR 5.19e-04
2026-05-14 21:32:27,971  INFO  Epoch 1/1 | Step 35100/34883 | Loss 2.0323 | LR 5.19e-04
2026-05-14 21:32:32,974  INFO  Epoch 1/1 | Step 35110/34883 | Loss 2.0912 | LR 5.19e-04
2026-05-14 21:32:37,966  INFO  Epoch 1/1 | Step 35120/34883 | Loss 2.1329 | LR 5.19e-04
2026-05-14 21:32:42,966  INFO  Epoch 1/1 | Step 35130/34883 | Loss 2.1632 | LR 5.19e-04
2026-05-14 21:32:47,963  INFO  Epoch 1/1 | Step 35140/34883 | Loss 1.9573 | LR 5.18e-04
2026-05-14 21:32:52,962  INFO  Epoch 1/1 | Step 35150/34883 | Loss 1.9591 | LR 5.18e-04
2026-05-14 21:32:57,963  INFO  Epoch 1/1 | Step 35160/34883 | Loss 2.1194 | LR 5.18e-04
2026-05-14 21:33:02,960  INFO  Epoch 1/1 | Step 35170/34883 | Loss 1.8060 | LR 5.18e-04
2026-05-14 21:33:07,956  INFO  Epoch 1/1 | Step 35180/34883 | Loss 1.8811 | LR 5.17e-04
2026-05-14 21:33:12,955  INFO  Epoch 1/1 | Step 35190/34883 | Loss 2.1770 | LR 5.17e-04
2026-05-14 21:33:17,968  INFO  Epoch 1/1 | Step 35200/34883 | Loss 2.2780 | LR 5.17e-04
2026-05-14 21:33:22,974  INFO  Epoch 1/1 | Step 35210/34883 | Loss 2.1658 | LR 5.17e-04
2026-05-14 21:33:27,970  INFO  Epoch 1/1 | Step 35220/34883 | Loss 2.1968 | LR 5.16e-04
2026-05-14 21:33:32,969  INFO  Epoch 1/1 | Step 35230/34883 | Loss 2.0817 | LR 5.16e-04
2026-05-14 21:33:37,969  INFO  Epoch 1/1 | Step 35240/34883 | Loss 2.2025 | LR 5.16e-04
2026-05-14 21:33:42,964  INFO  Epoch 1/1 | Step 35250/34883 | Loss 2.0737 | LR 5.16e-04
2026-05-14 21:33:47,963  INFO  Epoch 1/1 | Step 35260/34883 | Loss 2.1114 | LR 5.16e-04
2026-05-14 21:33:52,964  INFO  Epoch 1/1 | Step 35270/34883 | Loss 1.9910 | LR 5.15e-04
2026-05-14 21:33:57,960  INFO  Epoch 1/1 | Step 35280/34883 | Loss 2.1126 | LR 5.15e-04
2026-05-14 21:34:02,959  INFO  Epoch 1/1 | Step 35290/34883 | Loss 2.0792 | LR 5.15e-04
2026-05-14 21:34:07,958  INFO  Epoch 1/1 | Step 35300/34883 | Loss 2.1985 | LR 5.15e-04
2026-05-14 21:34:12,957  INFO  Epoch 1/1 | Step 35310/34883 | Loss 2.0092 | LR 5.14e-04
2026-05-14 21:34:17,954  INFO  Epoch 1/1 | Step 35320/34883 | Loss 2.0986 | LR 5.14e-04
2026-05-14 21:34:22,954  INFO  Epoch 1/1 | Step 35330/34883 | Loss 2.0300 | LR 5.14e-04
2026-05-14 21:34:27,953  INFO  Epoch 1/1 | Step 35340/34883 | Loss 2.1811 | LR 5.14e-04
2026-05-14 21:34:32,951  INFO  Epoch 1/1 | Step 35350/34883 | Loss 2.0484 | LR 5.13e-04
2026-05-14 21:34:37,950  INFO  Epoch 1/1 | Step 35360/34883 | Loss 2.0074 | LR 5.13e-04
2026-05-14 21:34:42,951  INFO  Epoch 1/1 | Step 35370/34883 | Loss 2.2206 | LR 5.13e-04
2026-05-14 21:34:47,944  INFO  Epoch 1/1 | Step 35380/34883 | Loss 2.2300 | LR 5.13e-04
2026-05-14 21:34:52,946  INFO  Epoch 1/1 | Step 35390/34883 | Loss 2.0895 | LR 5.13e-04
2026-05-14 21:34:57,941  INFO  Epoch 1/1 | Step 35400/34883 | Loss 2.0531 | LR 5.12e-04
2026-05-14 21:35:02,941  INFO  Epoch 1/1 | Step 35410/34883 | Loss 2.1147 | LR 5.12e-04
2026-05-14 21:35:07,939  INFO  Epoch 1/1 | Step 35420/34883 | Loss 2.1793 | LR 5.12e-04
2026-05-14 21:35:12,937  INFO  Epoch 1/1 | Step 35430/34883 | Loss 2.0100 | LR 5.12e-04
2026-05-14 21:35:17,938  INFO  Epoch 1/1 | Step 35440/34883 | Loss 2.0365 | LR 5.11e-04
2026-05-14 21:35:22,935  INFO  Epoch 1/1 | Step 35450/34883 | Loss 2.1370 | LR 5.11e-04
2026-05-14 21:35:27,933  INFO  Epoch 1/1 | Step 35460/34883 | Loss 2.0940 | LR 5.11e-04
2026-05-14 21:35:32,930  INFO  Epoch 1/1 | Step 35470/34883 | Loss 1.9210 | LR 5.11e-04
2026-05-14 21:35:37,930  INFO  Epoch 1/1 | Step 35480/34883 | Loss 2.0967 | LR 5.10e-04
2026-05-14 21:35:42,931  INFO  Epoch 1/1 | Step 35490/34883 | Loss 2.0420 | LR 5.10e-04
2026-05-14 21:35:47,927  INFO  Epoch 1/1 | Step 35500/34883 | Loss 2.1163 | LR 5.10e-04
2026-05-14 21:35:52,925  INFO  Epoch 1/1 | Step 35510/34883 | Loss 2.0989 | LR 5.10e-04
2026-05-14 21:35:57,926  INFO  Epoch 1/1 | Step 35520/34883 | Loss 2.1683 | LR 5.09e-04
2026-05-14 21:36:02,923  INFO  Epoch 1/1 | Step 35530/34883 | Loss 1.9933 | LR 5.09e-04
2026-05-14 21:36:07,923  INFO  Epoch 1/1 | Step 35540/34883 | Loss 2.0397 | LR 5.09e-04
2026-05-14 21:36:12,926  INFO  Epoch 1/1 | Step 35550/34883 | Loss 2.0361 | LR 5.09e-04
2026-05-14 21:36:17,944  INFO  Epoch 1/1 | Step 35560/34883 | Loss 2.1726 | LR 5.09e-04
2026-05-14 21:36:22,959  INFO  Epoch 1/1 | Step 35570/34883 | Loss 2.0068 | LR 5.08e-04
2026-05-14 21:36:27,983  INFO  Epoch 1/1 | Step 35580/34883 | Loss 2.1176 | LR 5.08e-04
2026-05-14 21:36:32,989  INFO  Epoch 1/1 | Step 35590/34883 | Loss 2.1849 | LR 5.08e-04
2026-05-14 21:36:37,993  INFO  Epoch 1/1 | Step 35600/34883 | Loss 2.1079 | LR 5.08e-04
2026-05-14 21:36:42,996  INFO  Epoch 1/1 | Step 35610/34883 | Loss 2.2246 | LR 5.07e-04
2026-05-14 21:36:47,990  INFO  Epoch 1/1 | Step 35620/34883 | Loss 2.0637 | LR 5.07e-04
2026-05-14 21:36:52,989  INFO  Epoch 1/1 | Step 35630/34883 | Loss 2.1377 | LR 5.07e-04
2026-05-14 21:36:57,991  INFO  Epoch 1/1 | Step 35640/34883 | Loss 2.2353 | LR 5.07e-04
2026-05-14 21:37:02,991  INFO  Epoch 1/1 | Step 35650/34883 | Loss 2.1471 | LR 5.06e-04
2026-05-14 21:37:07,987  INFO  Epoch 1/1 | Step 35660/34883 | Loss 2.0143 | LR 5.06e-04
2026-05-14 21:37:12,985  INFO  Epoch 1/1 | Step 35670/34883 | Loss 2.2412 | LR 5.06e-04
2026-05-14 21:37:18,003  INFO  Epoch 1/1 | Step 35680/34883 | Loss 1.9208 | LR 5.06e-04
2026-05-14 21:37:22,999  INFO  Epoch 1/1 | Step 35690/34883 | Loss 2.0973 | LR 5.06e-04
2026-05-14 21:37:27,995  INFO  Epoch 1/1 | Step 35700/34883 | Loss 2.0049 | LR 5.05e-04
2026-05-14 21:37:32,993  INFO  Epoch 1/1 | Step 35710/34883 | Loss 1.9331 | LR 5.05e-04
2026-05-14 21:37:37,993  INFO  Epoch 1/1 | Step 35720/34883 | Loss 1.9303 | LR 5.05e-04
2026-05-14 21:37:42,992  INFO  Epoch 1/1 | Step 35730/34883 | Loss 2.0154 | LR 5.05e-04
2026-05-14 21:37:47,989  INFO  Epoch 1/1 | Step 35740/34883 | Loss 2.0349 | LR 5.04e-04
2026-05-14 21:37:52,988  INFO  Epoch 1/1 | Step 35750/34883 | Loss 2.0687 | LR 5.04e-04
2026-05-14 21:37:57,987  INFO  Epoch 1/1 | Step 35760/34883 | Loss 2.2036 | LR 5.04e-04
2026-05-14 21:38:02,982  INFO  Epoch 1/1 | Step 35770/34883 | Loss 2.0614 | LR 5.04e-04
2026-05-14 21:38:07,984  INFO  Epoch 1/1 | Step 35780/34883 | Loss 1.9467 | LR 5.03e-04
2026-05-14 21:38:12,983  INFO  Epoch 1/1 | Step 35790/34883 | Loss 2.1806 | LR 5.03e-04
2026-05-14 21:38:17,979  INFO  Epoch 1/1 | Step 35800/34883 | Loss 2.0029 | LR 5.03e-04
2026-05-14 21:38:22,982  INFO  Epoch 1/1 | Step 35810/34883 | Loss 2.1175 | LR 5.03e-04
2026-05-14 21:38:27,979  INFO  Epoch 1/1 | Step 35820/34883 | Loss 1.9853 | LR 5.03e-04
2026-05-14 21:38:32,980  INFO  Epoch 1/1 | Step 35830/34883 | Loss 2.1766 | LR 5.02e-04
2026-05-14 21:38:37,974  INFO  Epoch 1/1 | Step 35840/34883 | Loss 2.0819 | LR 5.02e-04
2026-05-14 21:38:42,972  INFO  Epoch 1/1 | Step 35850/34883 | Loss 1.9675 | LR 5.02e-04
2026-05-14 21:38:47,971  INFO  Epoch 1/1 | Step 35860/34883 | Loss 2.1543 | LR 5.02e-04
2026-05-14 21:38:52,969  INFO  Epoch 1/1 | Step 35870/34883 | Loss 2.0701 | LR 5.01e-04
2026-05-14 21:38:57,968  INFO  Epoch 1/1 | Step 35880/34883 | Loss 2.0344 | LR 5.01e-04
2026-05-14 21:39:02,968  INFO  Epoch 1/1 | Step 35890/34883 | Loss 2.0820 | LR 5.01e-04
2026-05-14 21:39:07,961  INFO  Epoch 1/1 | Step 35900/34883 | Loss 2.0368 | LR 5.01e-04
2026-05-14 21:39:12,964  INFO  Epoch 1/1 | Step 35910/34883 | Loss 2.0145 | LR 5.00e-04
2026-05-14 21:39:17,964  INFO  Epoch 1/1 | Step 35920/34883 | Loss 2.0412 | LR 5.00e-04
2026-05-14 21:39:22,961  INFO  Epoch 1/1 | Step 35930/34883 | Loss 2.1332 | LR 5.00e-04
2026-05-14 21:39:27,960  INFO  Epoch 1/1 | Step 35940/34883 | Loss 2.2545 | LR 5.00e-04
2026-05-14 21:39:32,959  INFO  Epoch 1/1 | Step 35950/34883 | Loss 1.9599 | LR 5.00e-04
2026-05-14 21:39:37,957  INFO  Epoch 1/1 | Step 35960/34883 | Loss 2.0076 | LR 4.99e-04
2026-05-14 21:39:42,955  INFO  Epoch 1/1 | Step 35970/34883 | Loss 2.0366 | LR 4.99e-04
2026-05-14 21:39:47,952  INFO  Epoch 1/1 | Step 35980/34883 | Loss 2.0517 | LR 4.99e-04
2026-05-14 21:39:52,950  INFO  Epoch 1/1 | Step 35990/34883 | Loss 2.0429 | LR 4.99e-04
2026-05-14 21:39:57,951  INFO  Epoch 1/1 | Step 36000/34883 | Loss 2.0906 | LR 4.98e-04
2026-05-14 21:40:02,949  INFO  Epoch 1/1 | Step 36010/34883 | Loss 2.1526 | LR 4.98e-04
2026-05-14 21:40:07,946  INFO  Epoch 1/1 | Step 36020/34883 | Loss 2.0014 | LR 4.98e-04
2026-05-14 21:40:12,941  INFO  Epoch 1/1 | Step 36030/34883 | Loss 2.0673 | LR 4.98e-04
2026-05-14 21:40:17,945  INFO  Epoch 1/1 | Step 36040/34883 | Loss 1.9009 | LR 4.97e-04
2026-05-14 21:40:22,943  INFO  Epoch 1/1 | Step 36050/34883 | Loss 2.1095 | LR 4.97e-04
2026-05-14 21:40:27,941  INFO  Epoch 1/1 | Step 36060/34883 | Loss 2.0849 | LR 4.97e-04
2026-05-14 21:40:32,938  INFO  Epoch 1/1 | Step 36070/34883 | Loss 2.1498 | LR 4.97e-04
2026-05-14 21:40:37,941  INFO  Epoch 1/1 | Step 36080/34883 | Loss 2.3323 | LR 4.96e-04
2026-05-14 21:40:42,936  INFO  Epoch 1/1 | Step 36090/34883 | Loss 2.0977 | LR 4.96e-04
2026-05-14 21:40:47,935  INFO  Epoch 1/1 | Step 36100/34883 | Loss 2.0869 | LR 4.96e-04
2026-05-14 21:40:52,934  INFO  Epoch 1/1 | Step 36110/34883 | Loss 2.0087 | LR 4.96e-04
2026-05-14 21:40:57,956  INFO  Epoch 1/1 | Step 36120/34883 | Loss 2.1318 | LR 4.96e-04
2026-05-14 21:41:02,972  INFO  Epoch 1/1 | Step 36130/34883 | Loss 2.0122 | LR 4.95e-04
2026-05-14 21:41:07,974  INFO  Epoch 1/1 | Step 36140/34883 | Loss 2.1257 | LR 4.95e-04
2026-05-14 21:41:12,989  INFO  Epoch 1/1 | Step 36150/34883 | Loss 2.1055 | LR 4.95e-04
2026-05-14 21:41:17,988  INFO  Epoch 1/1 | Step 36160/34883 | Loss 1.9181 | LR 4.95e-04
2026-05-14 21:41:22,990  INFO  Epoch 1/1 | Step 36170/34883 | Loss 2.1516 | LR 4.94e-04
2026-05-14 21:41:28,008  INFO  Epoch 1/1 | Step 36180/34883 | Loss 1.9284 | LR 4.94e-04
2026-05-14 21:41:33,026  INFO  Epoch 1/1 | Step 36190/34883 | Loss 2.2265 | LR 4.94e-04
2026-05-14 21:41:38,040  INFO  Epoch 1/1 | Step 36200/34883 | Loss 2.1579 | LR 4.94e-04
2026-05-14 21:41:43,050  INFO  Epoch 1/1 | Step 36210/34883 | Loss 2.0831 | LR 4.93e-04
2026-05-14 21:41:48,071  INFO  Epoch 1/1 | Step 36220/34883 | Loss 2.0532 | LR 4.93e-04
2026-05-14 21:41:53,088  INFO  Epoch 1/1 | Step 36230/34883 | Loss 1.9952 | LR 4.93e-04
2026-05-14 21:41:58,103  INFO  Epoch 1/1 | Step 36240/34883 | Loss 2.1197 | LR 4.93e-04
2026-05-14 21:42:03,117  INFO  Epoch 1/1 | Step 36250/34883 | Loss 2.1358 | LR 4.93e-04
2026-05-14 21:42:08,114  INFO  Epoch 1/1 | Step 36260/34883 | Loss 2.0301 | LR 4.92e-04
2026-05-14 21:42:13,108  INFO  Epoch 1/1 | Step 36270/34883 | Loss 2.0870 | LR 4.92e-04
2026-05-14 21:42:18,109  INFO  Epoch 1/1 | Step 36280/34883 | Loss 2.1689 | LR 4.92e-04
2026-05-14 21:42:23,106  INFO  Epoch 1/1 | Step 36290/34883 | Loss 2.1381 | LR 4.92e-04
2026-05-14 21:42:28,103  INFO  Epoch 1/1 | Step 36300/34883 | Loss 1.9841 | LR 4.91e-04
2026-05-14 21:42:33,104  INFO  Epoch 1/1 | Step 36310/34883 | Loss 1.9691 | LR 4.91e-04
2026-05-14 21:42:38,115  INFO  Epoch 1/1 | Step 36320/34883 | Loss 2.2322 | LR 4.91e-04
2026-05-14 21:42:43,119  INFO  Epoch 1/1 | Step 36330/34883 | Loss 1.8883 | LR 4.91e-04
2026-05-14 21:42:48,117  INFO  Epoch 1/1 | Step 36340/34883 | Loss 2.1895 | LR 4.90e-04
2026-05-14 21:42:53,118  INFO  Epoch 1/1 | Step 36350/34883 | Loss 2.0997 | LR 4.90e-04
2026-05-14 21:42:58,116  INFO  Epoch 1/1 | Step 36360/34883 | Loss 2.0236 | LR 4.90e-04
2026-05-14 21:43:03,114  INFO  Epoch 1/1 | Step 36370/34883 | Loss 1.9374 | LR 4.90e-04
2026-05-14 21:43:08,111  INFO  Epoch 1/1 | Step 36380/34883 | Loss 2.2734 | LR 4.90e-04
2026-05-14 21:43:13,109  INFO  Epoch 1/1 | Step 36390/34883 | Loss 2.0316 | LR 4.89e-04
2026-05-14 21:43:18,106  INFO  Epoch 1/1 | Step 36400/34883 | Loss 1.9499 | LR 4.89e-04
2026-05-14 21:43:23,106  INFO  Epoch 1/1 | Step 36410/34883 | Loss 1.9999 | LR 4.89e-04
2026-05-14 21:43:28,106  INFO  Epoch 1/1 | Step 36420/34883 | Loss 1.9367 | LR 4.89e-04
2026-05-14 21:43:33,105  INFO  Epoch 1/1 | Step 36430/34883 | Loss 2.2311 | LR 4.88e-04
2026-05-14 21:43:38,105  INFO  Epoch 1/1 | Step 36440/34883 | Loss 2.0271 | LR 4.88e-04
2026-05-14 21:43:43,100  INFO  Epoch 1/1 | Step 36450/34883 | Loss 2.0357 | LR 4.88e-04
2026-05-14 21:43:48,099  INFO  Epoch 1/1 | Step 36460/34883 | Loss 2.1574 | LR 4.88e-04
2026-05-14 21:43:53,098  INFO  Epoch 1/1 | Step 36470/34883 | Loss 2.1545 | LR 4.87e-04
2026-05-14 21:43:58,096  INFO  Epoch 1/1 | Step 36480/34883 | Loss 2.1073 | LR 4.87e-04
2026-05-14 21:44:03,093  INFO  Epoch 1/1 | Step 36490/34883 | Loss 1.9920 | LR 4.87e-04
2026-05-14 21:44:08,092  INFO  Epoch 1/1 | Step 36500/34883 | Loss 2.4245 | LR 4.87e-04
2026-05-14 21:44:13,091  INFO  Epoch 1/1 | Step 36510/34883 | Loss 2.2055 | LR 4.87e-04
2026-05-14 21:44:18,091  INFO  Epoch 1/1 | Step 36520/34883 | Loss 2.1164 | LR 4.86e-04
2026-05-14 21:44:23,088  INFO  Epoch 1/1 | Step 36530/34883 | Loss 2.0567 | LR 4.86e-04
2026-05-14 21:44:28,086  INFO  Epoch 1/1 | Step 36540/34883 | Loss 2.0800 | LR 4.86e-04
2026-05-14 21:44:33,085  INFO  Epoch 1/1 | Step 36550/34883 | Loss 2.0385 | LR 4.86e-04
2026-05-14 21:44:38,083  INFO  Epoch 1/1 | Step 36560/34883 | Loss 1.9837 | LR 4.85e-04
2026-05-14 21:44:43,082  INFO  Epoch 1/1 | Step 36570/34883 | Loss 2.0336 | LR 4.85e-04
2026-05-14 21:44:48,081  INFO  Epoch 1/1 | Step 36580/34883 | Loss 2.0308 | LR 4.85e-04
2026-05-14 21:44:53,077  INFO  Epoch 1/1 | Step 36590/34883 | Loss 2.0082 | LR 4.85e-04
2026-05-14 21:44:58,076  INFO  Epoch 1/1 | Step 36600/34883 | Loss 1.9322 | LR 4.84e-04
2026-05-14 21:45:03,074  INFO  Epoch 1/1 | Step 36610/34883 | Loss 2.0679 | LR 4.84e-04
2026-05-14 21:45:08,073  INFO  Epoch 1/1 | Step 36620/34883 | Loss 2.1557 | LR 4.84e-04
2026-05-14 21:45:13,072  INFO  Epoch 1/1 | Step 36630/34883 | Loss 1.9608 | LR 4.84e-04
2026-05-14 21:45:18,070  INFO  Epoch 1/1 | Step 36640/34883 | Loss 2.0661 | LR 4.83e-04
2026-05-14 21:45:23,070  INFO  Epoch 1/1 | Step 36650/34883 | Loss 2.0696 | LR 4.83e-04
2026-05-14 21:45:28,067  INFO  Epoch 1/1 | Step 36660/34883 | Loss 2.0967 | LR 4.83e-04
2026-05-14 21:45:33,065  INFO  Epoch 1/1 | Step 36670/34883 | Loss 1.9694 | LR 4.83e-04
2026-05-14 21:45:38,064  INFO  Epoch 1/1 | Step 36680/34883 | Loss 2.0013 | LR 4.83e-04
2026-05-14 21:45:43,059  INFO  Epoch 1/1 | Step 36690/34883 | Loss 2.1261 | LR 4.82e-04
2026-05-14 21:45:48,061  INFO  Epoch 1/1 | Step 36700/34883 | Loss 2.2652 | LR 4.82e-04
2026-05-14 21:45:53,055  INFO  Epoch 1/1 | Step 36710/34883 | Loss 2.0526 | LR 4.82e-04
2026-05-14 21:45:58,057  INFO  Epoch 1/1 | Step 36720/34883 | Loss 1.9902 | LR 4.82e-04
2026-05-14 21:46:03,058  INFO  Epoch 1/1 | Step 36730/34883 | Loss 2.0441 | LR 4.81e-04
2026-05-14 21:46:08,056  INFO  Epoch 1/1 | Step 36740/34883 | Loss 1.9649 | LR 4.81e-04
2026-05-14 21:46:13,060  INFO  Epoch 1/1 | Step 36750/34883 | Loss 2.0658 | LR 4.81e-04
2026-05-14 21:46:18,072  INFO  Epoch 1/1 | Step 36760/34883 | Loss 2.0770 | LR 4.81e-04
2026-05-14 21:46:23,072  INFO  Epoch 1/1 | Step 36770/34883 | Loss 2.0823 | LR 4.80e-04
2026-05-14 21:46:28,070  INFO  Epoch 1/1 | Step 36780/34883 | Loss 2.1601 | LR 4.80e-04
2026-05-14 21:46:33,067  INFO  Epoch 1/1 | Step 36790/34883 | Loss 2.0732 | LR 4.80e-04
2026-05-14 21:46:38,067  INFO  Epoch 1/1 | Step 36800/34883 | Loss 2.0848 | LR 4.80e-04
2026-05-14 21:46:43,066  INFO  Epoch 1/1 | Step 36810/34883 | Loss 2.2331 | LR 4.80e-04
2026-05-14 21:46:48,063  INFO  Epoch 1/1 | Step 36820/34883 | Loss 2.1538 | LR 4.79e-04
2026-05-14 21:46:53,063  INFO  Epoch 1/1 | Step 36830/34883 | Loss 2.3412 | LR 4.79e-04
2026-05-14 21:46:58,071  INFO  Epoch 1/1 | Step 36840/34883 | Loss 1.8992 | LR 4.79e-04
2026-05-14 21:47:03,084  INFO  Epoch 1/1 | Step 36850/34883 | Loss 2.1647 | LR 4.79e-04
2026-05-14 21:47:08,082  INFO  Epoch 1/1 | Step 36860/34883 | Loss 2.1221 | LR 4.78e-04
2026-05-14 21:47:13,080  INFO  Epoch 1/1 | Step 36870/34883 | Loss 2.0192 | LR 4.78e-04
2026-05-14 21:47:18,076  INFO  Epoch 1/1 | Step 36880/34883 | Loss 1.9704 | LR 4.78e-04
2026-05-14 21:47:23,075  INFO  Epoch 1/1 | Step 36890/34883 | Loss 1.9240 | LR 4.78e-04
2026-05-14 21:47:28,076  INFO  Epoch 1/1 | Step 36900/34883 | Loss 2.2335 | LR 4.77e-04
2026-05-14 21:47:33,069  INFO  Epoch 1/1 | Step 36910/34883 | Loss 2.0376 | LR 4.77e-04
2026-05-14 21:47:38,068  INFO  Epoch 1/1 | Step 36920/34883 | Loss 2.0205 | LR 4.77e-04
2026-05-14 21:47:43,067  INFO  Epoch 1/1 | Step 36930/34883 | Loss 2.1299 | LR 4.77e-04
2026-05-14 21:47:48,065  INFO  Epoch 1/1 | Step 36940/34883 | Loss 1.9108 | LR 4.77e-04
2026-05-14 21:47:53,063  INFO  Epoch 1/1 | Step 36950/34883 | Loss 1.9732 | LR 4.76e-04
2026-05-14 21:47:58,063  INFO  Epoch 1/1 | Step 36960/34883 | Loss 2.0322 | LR 4.76e-04
2026-05-14 21:48:03,059  INFO  Epoch 1/1 | Step 36970/34883 | Loss 2.0636 | LR 4.76e-04
2026-05-14 21:48:08,058  INFO  Epoch 1/1 | Step 36980/34883 | Loss 2.0814 | LR 4.76e-04
2026-05-14 21:48:13,057  INFO  Epoch 1/1 | Step 36990/34883 | Loss 2.1197 | LR 4.75e-04
2026-05-14 21:48:18,054  INFO  Epoch 1/1 | Step 37000/34883 | Loss 2.1166 | LR 4.75e-04
2026-05-14 21:48:23,056  INFO  Epoch 1/1 | Step 37010/34883 | Loss 2.0685 | LR 4.75e-04
2026-05-14 21:48:28,054  INFO  Epoch 1/1 | Step 37020/34883 | Loss 2.0819 | LR 4.75e-04
2026-05-14 21:48:33,052  INFO  Epoch 1/1 | Step 37030/34883 | Loss 2.0777 | LR 4.74e-04
2026-05-14 21:48:38,047  INFO  Epoch 1/1 | Step 37040/34883 | Loss 2.1376 | LR 4.74e-04
2026-05-14 21:48:43,044  INFO  Epoch 1/1 | Step 37050/34883 | Loss 1.9945 | LR 4.74e-04
2026-05-14 21:48:48,045  INFO  Epoch 1/1 | Step 37060/34883 | Loss 2.1299 | LR 4.74e-04
2026-05-14 21:48:53,042  INFO  Epoch 1/1 | Step 37070/34883 | Loss 2.0135 | LR 4.74e-04
2026-05-14 21:48:58,041  INFO  Epoch 1/1 | Step 37080/34883 | Loss 1.8997 | LR 4.73e-04
2026-05-14 21:49:03,041  INFO  Epoch 1/1 | Step 37090/34883 | Loss 2.1416 | LR 4.73e-04
2026-05-14 21:49:08,039  INFO  Epoch 1/1 | Step 37100/34883 | Loss 2.0848 | LR 4.73e-04
2026-05-14 21:49:13,037  INFO  Epoch 1/1 | Step 37110/34883 | Loss 2.1393 | LR 4.73e-04
2026-05-14 21:49:18,036  INFO  Epoch 1/1 | Step 37120/34883 | Loss 2.0894 | LR 4.72e-04
2026-05-14 21:49:23,034  INFO  Epoch 1/1 | Step 37130/34883 | Loss 2.0424 | LR 4.72e-04
2026-05-14 21:49:28,032  INFO  Epoch 1/1 | Step 37140/34883 | Loss 2.0471 | LR 4.72e-04
2026-05-14 21:49:33,030  INFO  Epoch 1/1 | Step 37150/34883 | Loss 2.0457 | LR 4.72e-04
2026-05-14 21:49:38,032  INFO  Epoch 1/1 | Step 37160/34883 | Loss 2.0465 | LR 4.71e-04
2026-05-14 21:49:43,029  INFO  Epoch 1/1 | Step 37170/34883 | Loss 2.1145 | LR 4.71e-04
2026-05-14 21:49:48,027  INFO  Epoch 1/1 | Step 37180/34883 | Loss 2.0394 | LR 4.71e-04
2026-05-14 21:49:53,024  INFO  Epoch 1/1 | Step 37190/34883 | Loss 2.1677 | LR 4.71e-04
2026-05-14 21:49:58,024  INFO  Epoch 1/1 | Step 37200/34883 | Loss 2.0047 | LR 4.71e-04
2026-05-14 21:50:03,022  INFO  Epoch 1/1 | Step 37210/34883 | Loss 1.8632 | LR 4.70e-04
2026-05-14 21:50:08,022  INFO  Epoch 1/1 | Step 37220/34883 | Loss 2.0137 | LR 4.70e-04
2026-05-14 21:50:13,020  INFO  Epoch 1/1 | Step 37230/34883 | Loss 2.0866 | LR 4.70e-04
2026-05-14 21:50:18,016  INFO  Epoch 1/1 | Step 37240/34883 | Loss 2.0063 | LR 4.70e-04
2026-05-14 21:50:23,015  INFO  Epoch 1/1 | Step 37250/34883 | Loss 2.1014 | LR 4.69e-04
2026-05-14 21:50:28,015  INFO  Epoch 1/1 | Step 37260/34883 | Loss 1.9284 | LR 4.69e-04
2026-05-14 21:50:33,014  INFO  Epoch 1/1 | Step 37270/34883 | Loss 2.1820 | LR 4.69e-04
2026-05-14 21:50:38,013  INFO  Epoch 1/1 | Step 37280/34883 | Loss 2.0016 | LR 4.69e-04
2026-05-14 21:50:43,009  INFO  Epoch 1/1 | Step 37290/34883 | Loss 2.1184 | LR 4.68e-04
2026-05-14 21:50:48,008  INFO  Epoch 1/1 | Step 37300/34883 | Loss 2.3302 | LR 4.68e-04
2026-05-14 21:50:53,009  INFO  Epoch 1/1 | Step 37310/34883 | Loss 2.0531 | LR 4.68e-04
2026-05-14 21:50:58,004  INFO  Epoch 1/1 | Step 37320/34883 | Loss 2.0223 | LR 4.68e-04
2026-05-14 21:51:03,006  INFO  Epoch 1/1 | Step 37330/34883 | Loss 2.2144 | LR 4.68e-04
2026-05-14 21:51:08,005  INFO  Epoch 1/1 | Step 37340/34883 | Loss 2.0730 | LR 4.67e-04
2026-05-14 21:51:13,001  INFO  Epoch 1/1 | Step 37350/34883 | Loss 2.1166 | LR 4.67e-04
2026-05-14 21:51:17,998  INFO  Epoch 1/1 | Step 37360/34883 | Loss 2.0985 | LR 4.67e-04
2026-05-14 21:51:22,998  INFO  Epoch 1/1 | Step 37370/34883 | Loss 2.1183 | LR 4.67e-04
2026-05-14 21:51:27,996  INFO  Epoch 1/1 | Step 37380/34883 | Loss 2.0597 | LR 4.66e-04
2026-05-14 21:51:32,993  INFO  Epoch 1/1 | Step 37390/34883 | Loss 2.0055 | LR 4.66e-04
2026-05-14 21:51:37,991  INFO  Epoch 1/1 | Step 37400/34883 | Loss 1.9690 | LR 4.66e-04
2026-05-14 21:51:42,993  INFO  Epoch 1/1 | Step 37410/34883 | Loss 2.1072 | LR 4.66e-04
2026-05-14 21:51:47,991  INFO  Epoch 1/1 | Step 37420/34883 | Loss 2.0456 | LR 4.65e-04
2026-05-14 21:51:52,988  INFO  Epoch 1/1 | Step 37430/34883 | Loss 2.0535 | LR 4.65e-04
2026-05-14 21:51:57,986  INFO  Epoch 1/1 | Step 37440/34883 | Loss 2.0880 | LR 4.65e-04
2026-05-14 21:52:02,986  INFO  Epoch 1/1 | Step 37450/34883 | Loss 1.8673 | LR 4.65e-04
2026-05-14 21:52:07,983  INFO  Epoch 1/1 | Step 37460/34883 | Loss 2.1341 | LR 4.64e-04
2026-05-14 21:52:12,982  INFO  Epoch 1/1 | Step 37470/34883 | Loss 2.1287 | LR 4.64e-04
2026-05-14 21:52:17,980  INFO  Epoch 1/1 | Step 37480/34883 | Loss 2.0476 | LR 4.64e-04
2026-05-14 21:52:22,979  INFO  Epoch 1/1 | Step 37490/34883 | Loss 2.0741 | LR 4.64e-04
2026-05-14 21:52:27,978  INFO  Epoch 1/1 | Step 37500/34883 | Loss 2.2233 | LR 4.64e-04
2026-05-14 21:52:32,973  INFO  Epoch 1/1 | Step 37510/34883 | Loss 2.0960 | LR 4.63e-04
2026-05-14 21:52:37,973  INFO  Epoch 1/1 | Step 37520/34883 | Loss 2.0492 | LR 4.63e-04
2026-05-14 21:52:42,970  INFO  Epoch 1/1 | Step 37530/34883 | Loss 2.2483 | LR 4.63e-04
2026-05-14 21:52:47,971  INFO  Epoch 1/1 | Step 37540/34883 | Loss 1.9622 | LR 4.63e-04
2026-05-14 21:52:52,968  INFO  Epoch 1/1 | Step 37550/34883 | Loss 2.0429 | LR 4.62e-04
2026-05-14 21:52:57,970  INFO  Epoch 1/1 | Step 37560/34883 | Loss 2.1143 | LR 4.62e-04
2026-05-14 21:53:02,969  INFO  Epoch 1/1 | Step 37570/34883 | Loss 2.0021 | LR 4.62e-04
2026-05-14 21:53:07,967  INFO  Epoch 1/1 | Step 37580/34883 | Loss 2.1578 | LR 4.62e-04
2026-05-14 21:53:12,965  INFO  Epoch 1/1 | Step 37590/34883 | Loss 2.0889 | LR 4.61e-04
2026-05-14 21:53:17,962  INFO  Epoch 1/1 | Step 37600/34883 | Loss 2.0280 | LR 4.61e-04
2026-05-14 21:53:22,959  INFO  Epoch 1/1 | Step 37610/34883 | Loss 1.9776 | LR 4.61e-04
2026-05-14 21:53:27,960  INFO  Epoch 1/1 | Step 37620/34883 | Loss 2.1117 | LR 4.61e-04
2026-05-14 21:53:32,959  INFO  Epoch 1/1 | Step 37630/34883 | Loss 2.1810 | LR 4.61e-04
2026-05-14 21:53:37,954  INFO  Epoch 1/1 | Step 37640/34883 | Loss 1.9948 | LR 4.60e-04
2026-05-14 21:53:42,954  INFO  Epoch 1/1 | Step 37650/34883 | Loss 1.9855 | LR 4.60e-04
2026-05-14 21:53:47,953  INFO  Epoch 1/1 | Step 37660/34883 | Loss 2.0493 | LR 4.60e-04
2026-05-14 21:53:52,950  INFO  Epoch 1/1 | Step 37670/34883 | Loss 2.1538 | LR 4.60e-04
2026-05-14 21:53:57,949  INFO  Epoch 1/1 | Step 37680/34883 | Loss 2.1167 | LR 4.59e-04
2026-05-14 21:54:02,949  INFO  Epoch 1/1 | Step 37690/34883 | Loss 2.0172 | LR 4.59e-04
2026-05-14 21:54:07,947  INFO  Epoch 1/1 | Step 37700/34883 | Loss 1.9103 | LR 4.59e-04
2026-05-14 21:54:12,945  INFO  Epoch 1/1 | Step 37710/34883 | Loss 1.9404 | LR 4.59e-04
2026-05-14 21:54:17,942  INFO  Epoch 1/1 | Step 37720/34883 | Loss 2.1279 | LR 4.58e-04
2026-05-14 21:54:22,943  INFO  Epoch 1/1 | Step 37730/34883 | Loss 1.9321 | LR 4.58e-04
2026-05-14 21:54:27,940  INFO  Epoch 1/1 | Step 37740/34883 | Loss 2.0585 | LR 4.58e-04
2026-05-14 21:54:32,940  INFO  Epoch 1/1 | Step 37750/34883 | Loss 1.9538 | LR 4.58e-04
2026-05-14 21:54:37,937  INFO  Epoch 1/1 | Step 37760/34883 | Loss 1.9479 | LR 4.58e-04
2026-05-14 21:54:42,936  INFO  Epoch 1/1 | Step 37770/34883 | Loss 2.1100 | LR 4.57e-04
2026-05-14 21:54:47,934  INFO  Epoch 1/1 | Step 37780/34883 | Loss 2.0927 | LR 4.57e-04
2026-05-14 21:54:52,932  INFO  Epoch 1/1 | Step 37790/34883 | Loss 2.1553 | LR 4.57e-04
2026-05-14 21:54:57,929  INFO  Epoch 1/1 | Step 37800/34883 | Loss 1.9939 | LR 4.57e-04
2026-05-14 21:55:02,929  INFO  Epoch 1/1 | Step 37810/34883 | Loss 2.0279 | LR 4.56e-04
2026-05-14 21:55:07,926  INFO  Epoch 1/1 | Step 37820/34883 | Loss 2.0967 | LR 4.56e-04
2026-05-14 21:55:12,927  INFO  Epoch 1/1 | Step 37830/34883 | Loss 1.9712 | LR 4.56e-04
2026-05-14 21:55:17,924  INFO  Epoch 1/1 | Step 37840/34883 | Loss 2.0349 | LR 4.56e-04
2026-05-14 21:55:22,923  INFO  Epoch 1/1 | Step 37850/34883 | Loss 2.0969 | LR 4.55e-04
2026-05-14 21:55:27,922  INFO  Epoch 1/1 | Step 37860/34883 | Loss 2.0486 | LR 4.55e-04
2026-05-14 21:55:32,921  INFO  Epoch 1/1 | Step 37870/34883 | Loss 2.1243 | LR 4.55e-04
2026-05-14 21:55:37,918  INFO  Epoch 1/1 | Step 37880/34883 | Loss 2.1332 | LR 4.55e-04
2026-05-14 21:55:42,915  INFO  Epoch 1/1 | Step 37890/34883 | Loss 2.2304 | LR 4.55e-04
2026-05-14 21:55:47,916  INFO  Epoch 1/1 | Step 37900/34883 | Loss 2.1751 | LR 4.54e-04
2026-05-14 21:55:52,914  INFO  Epoch 1/1 | Step 37910/34883 | Loss 2.0098 | LR 4.54e-04
2026-05-14 21:55:57,911  INFO  Epoch 1/1 | Step 37920/34883 | Loss 2.0941 | LR 4.54e-04
2026-05-14 21:56:02,910  INFO  Epoch 1/1 | Step 37930/34883 | Loss 2.1275 | LR 4.54e-04
2026-05-14 21:56:07,909  INFO  Epoch 1/1 | Step 37940/34883 | Loss 1.9202 | LR 4.53e-04
2026-05-14 21:56:12,908  INFO  Epoch 1/1 | Step 37950/34883 | Loss 2.1785 | LR 4.53e-04
2026-05-14 21:56:17,906  INFO  Epoch 1/1 | Step 37960/34883 | Loss 2.0811 | LR 4.53e-04
2026-05-14 21:56:22,905  INFO  Epoch 1/1 | Step 37970/34883 | Loss 2.0418 | LR 4.53e-04
2026-05-14 21:56:27,907  INFO  Epoch 1/1 | Step 37980/34883 | Loss 2.0314 | LR 4.52e-04
2026-05-14 21:56:32,905  INFO  Epoch 1/1 | Step 37990/34883 | Loss 2.0032 | LR 4.52e-04
2026-05-14 21:56:37,900  INFO  Epoch 1/1 | Step 38000/34883 | Loss 1.9912 | LR 4.52e-04
2026-05-14 21:56:42,899  INFO  Epoch 1/1 | Step 38010/34883 | Loss 2.0129 | LR 4.52e-04
2026-05-14 21:56:47,900  INFO  Epoch 1/1 | Step 38020/34883 | Loss 2.1419 | LR 4.52e-04
2026-05-14 21:56:52,894  INFO  Epoch 1/1 | Step 38030/34883 | Loss 2.0888 | LR 4.51e-04
2026-05-14 21:56:57,894  INFO  Epoch 1/1 | Step 38040/34883 | Loss 2.0790 | LR 4.51e-04
2026-05-14 21:57:02,893  INFO  Epoch 1/1 | Step 38050/34883 | Loss 2.1119 | LR 4.51e-04
2026-05-14 21:57:07,892  INFO  Epoch 1/1 | Step 38060/34883 | Loss 2.1679 | LR 4.51e-04
2026-05-14 21:57:12,888  INFO  Epoch 1/1 | Step 38070/34883 | Loss 2.0542 | LR 4.50e-04
2026-05-14 21:57:17,887  INFO  Epoch 1/1 | Step 38080/34883 | Loss 2.0729 | LR 4.50e-04
2026-05-14 21:57:22,886  INFO  Epoch 1/1 | Step 38090/34883 | Loss 2.1837 | LR 4.50e-04
2026-05-14 21:57:27,883  INFO  Epoch 1/1 | Step 38100/34883 | Loss 2.1864 | LR 4.50e-04
2026-05-14 21:57:32,882  INFO  Epoch 1/1 | Step 38110/34883 | Loss 2.1636 | LR 4.49e-04
2026-05-14 21:57:37,882  INFO  Epoch 1/1 | Step 38120/34883 | Loss 2.0016 | LR 4.49e-04
2026-05-14 21:57:42,879  INFO  Epoch 1/1 | Step 38130/34883 | Loss 2.0004 | LR 4.49e-04
2026-05-14 21:57:47,879  INFO  Epoch 1/1 | Step 38140/34883 | Loss 2.1473 | LR 4.49e-04
2026-05-14 21:57:52,877  INFO  Epoch 1/1 | Step 38150/34883 | Loss 1.9398 | LR 4.49e-04
2026-05-14 21:57:57,875  INFO  Epoch 1/1 | Step 38160/34883 | Loss 2.0447 | LR 4.48e-04
2026-05-14 21:58:02,871  INFO  Epoch 1/1 | Step 38170/34883 | Loss 1.9823 | LR 4.48e-04
2026-05-14 21:58:07,872  INFO  Epoch 1/1 | Step 38180/34883 | Loss 2.0244 | LR 4.48e-04
2026-05-14 21:58:12,869  INFO  Epoch 1/1 | Step 38190/34883 | Loss 2.0596 | LR 4.48e-04
2026-05-14 21:58:17,869  INFO  Epoch 1/1 | Step 38200/34883 | Loss 2.1679 | LR 4.47e-04
2026-05-14 21:58:22,865  INFO  Epoch 1/1 | Step 38210/34883 | Loss 2.0312 | LR 4.47e-04
2026-05-14 21:58:27,865  INFO  Epoch 1/1 | Step 38220/34883 | Loss 1.9639 | LR 4.47e-04
2026-05-14 21:58:32,863  INFO  Epoch 1/1 | Step 38230/34883 | Loss 2.0458 | LR 4.47e-04
2026-05-14 21:58:37,862  INFO  Epoch 1/1 | Step 38240/34883 | Loss 2.2347 | LR 4.46e-04
2026-05-14 21:58:42,862  INFO  Epoch 1/1 | Step 38250/34883 | Loss 1.9895 | LR 4.46e-04
2026-05-14 21:58:47,859  INFO  Epoch 1/1 | Step 38260/34883 | Loss 2.0369 | LR 4.46e-04
2026-05-14 21:58:52,856  INFO  Epoch 1/1 | Step 38270/34883 | Loss 2.0049 | LR 4.46e-04
2026-05-14 21:58:57,855  INFO  Epoch 1/1 | Step 38280/34883 | Loss 2.1123 | LR 4.46e-04
2026-05-14 21:59:02,853  INFO  Epoch 1/1 | Step 38290/34883 | Loss 2.0947 | LR 4.45e-04
2026-05-14 21:59:07,852  INFO  Epoch 1/1 | Step 38300/34883 | Loss 2.0313 | LR 4.45e-04
2026-05-14 21:59:12,849  INFO  Epoch 1/1 | Step 38310/34883 | Loss 2.1402 | LR 4.45e-04
2026-05-14 21:59:17,849  INFO  Epoch 1/1 | Step 38320/34883 | Loss 2.0092 | LR 4.45e-04
2026-05-14 21:59:22,845  INFO  Epoch 1/1 | Step 38330/34883 | Loss 1.9964 | LR 4.44e-04
2026-05-14 21:59:27,846  INFO  Epoch 1/1 | Step 38340/34883 | Loss 2.1610 | LR 4.44e-04
2026-05-14 21:59:32,845  INFO  Epoch 1/1 | Step 38350/34883 | Loss 2.1585 | LR 4.44e-04
2026-05-14 21:59:37,841  INFO  Epoch 1/1 | Step 38360/34883 | Loss 1.9722 | LR 4.44e-04
2026-05-14 21:59:42,841  INFO  Epoch 1/1 | Step 38370/34883 | Loss 1.9671 | LR 4.43e-04
2026-05-14 21:59:47,838  INFO  Epoch 1/1 | Step 38380/34883 | Loss 2.1269 | LR 4.43e-04
2026-05-14 21:59:52,835  INFO  Epoch 1/1 | Step 38390/34883 | Loss 2.0069 | LR 4.43e-04
2026-05-14 21:59:57,835  INFO  Epoch 1/1 | Step 38400/34883 | Loss 2.0477 | LR 4.43e-04
2026-05-14 22:00:02,835  INFO  Epoch 1/1 | Step 38410/34883 | Loss 2.0651 | LR 4.43e-04
2026-05-14 22:00:07,835  INFO  Epoch 1/1 | Step 38420/34883 | Loss 2.1114 | LR 4.42e-04
2026-05-14 22:00:12,828  INFO  Epoch 1/1 | Step 38430/34883 | Loss 2.1463 | LR 4.42e-04
2026-05-14 22:00:17,830  INFO  Epoch 1/1 | Step 38440/34883 | Loss 1.8768 | LR 4.42e-04
2026-05-14 22:00:22,830  INFO  Epoch 1/1 | Step 38450/34883 | Loss 1.8750 | LR 4.42e-04
2026-05-14 22:00:27,823  INFO  Epoch 1/1 | Step 38460/34883 | Loss 2.1336 | LR 4.41e-04
2026-05-14 22:00:32,827  INFO  Epoch 1/1 | Step 38470/34883 | Loss 2.0826 | LR 4.41e-04
2026-05-14 22:00:37,824  INFO  Epoch 1/1 | Step 38480/34883 | Loss 2.2022 | LR 4.41e-04
2026-05-14 22:00:42,823  INFO  Epoch 1/1 | Step 38490/34883 | Loss 2.1685 | LR 4.41e-04
2026-05-14 22:00:47,815  INFO  Epoch 1/1 | Step 38500/34883 | Loss 2.1705 | LR 4.40e-04
2026-05-14 22:00:52,817  INFO  Epoch 1/1 | Step 38510/34883 | Loss 2.1159 | LR 4.40e-04
2026-05-14 22:00:57,816  INFO  Epoch 1/1 | Step 38520/34883 | Loss 2.0116 | LR 4.40e-04
2026-05-14 22:01:02,814  INFO  Epoch 1/1 | Step 38530/34883 | Loss 2.0934 | LR 4.40e-04
2026-05-14 22:01:07,815  INFO  Epoch 1/1 | Step 38540/34883 | Loss 2.1400 | LR 4.40e-04
2026-05-14 22:01:12,808  INFO  Epoch 1/1 | Step 38550/34883 | Loss 2.0457 | LR 4.39e-04
2026-05-14 22:01:17,811  INFO  Epoch 1/1 | Step 38560/34883 | Loss 2.1131 | LR 4.39e-04
2026-05-14 22:01:22,811  INFO  Epoch 1/1 | Step 38570/34883 | Loss 1.8475 | LR 4.39e-04
2026-05-14 22:01:27,806  INFO  Epoch 1/1 | Step 38580/34883 | Loss 2.1301 | LR 4.39e-04
2026-05-14 22:01:32,808  INFO  Epoch 1/1 | Step 38590/34883 | Loss 2.1160 | LR 4.38e-04
2026-05-14 22:01:37,805  INFO  Epoch 1/1 | Step 38600/34883 | Loss 2.1515 | LR 4.38e-04
2026-05-14 22:01:42,801  INFO  Epoch 1/1 | Step 38610/34883 | Loss 1.9177 | LR 4.38e-04
2026-05-14 22:01:47,801  INFO  Epoch 1/1 | Step 38620/34883 | Loss 1.9425 | LR 4.38e-04
2026-05-14 22:01:52,801  INFO  Epoch 1/1 | Step 38630/34883 | Loss 2.0024 | LR 4.37e-04
2026-05-14 22:01:57,798  INFO  Epoch 1/1 | Step 38640/34883 | Loss 2.0990 | LR 4.37e-04
2026-05-14 22:02:02,798  INFO  Epoch 1/1 | Step 38650/34883 | Loss 2.1100 | LR 4.37e-04
2026-05-14 22:02:07,797  INFO  Epoch 1/1 | Step 38660/34883 | Loss 2.0007 | LR 4.37e-04
2026-05-14 22:02:12,796  INFO  Epoch 1/1 | Step 38670/34883 | Loss 2.1344 | LR 4.37e-04
2026-05-14 22:02:17,796  INFO  Epoch 1/1 | Step 38680/34883 | Loss 2.2142 | LR 4.36e-04
2026-05-14 22:02:22,792  INFO  Epoch 1/1 | Step 38690/34883 | Loss 1.9676 | LR 4.36e-04
2026-05-14 22:02:27,790  INFO  Epoch 1/1 | Step 38700/34883 | Loss 2.1982 | LR 4.36e-04
2026-05-14 22:02:32,791  INFO  Epoch 1/1 | Step 38710/34883 | Loss 1.9207 | LR 4.36e-04
2026-05-14 22:02:37,787  INFO  Epoch 1/1 | Step 38720/34883 | Loss 2.1023 | LR 4.35e-04
2026-05-14 22:02:42,787  INFO  Epoch 1/1 | Step 38730/34883 | Loss 2.0093 | LR 4.35e-04
2026-05-14 22:02:47,784  INFO  Epoch 1/1 | Step 38740/34883 | Loss 2.0671 | LR 4.35e-04
2026-05-14 22:02:52,785  INFO  Epoch 1/1 | Step 38750/34883 | Loss 1.9582 | LR 4.35e-04
2026-05-14 22:02:57,781  INFO  Epoch 1/1 | Step 38760/34883 | Loss 2.1794 | LR 4.34e-04
2026-05-14 22:03:02,780  INFO  Epoch 1/1 | Step 38770/34883 | Loss 1.9211 | LR 4.34e-04
2026-05-14 22:03:07,777  INFO  Epoch 1/1 | Step 38780/34883 | Loss 2.0578 | LR 4.34e-04
2026-05-14 22:03:12,778  INFO  Epoch 1/1 | Step 38790/34883 | Loss 2.1126 | LR 4.34e-04
2026-05-14 22:03:17,775  INFO  Epoch 1/1 | Step 38800/34883 | Loss 1.9480 | LR 4.34e-04
2026-05-14 22:03:22,774  INFO  Epoch 1/1 | Step 38810/34883 | Loss 1.9300 | LR 4.33e-04
2026-05-14 22:03:27,772  INFO  Epoch 1/1 | Step 38820/34883 | Loss 1.9612 | LR 4.33e-04
2026-05-14 22:03:32,770  INFO  Epoch 1/1 | Step 38830/34883 | Loss 2.1261 | LR 4.33e-04
2026-05-14 22:03:37,770  INFO  Epoch 1/1 | Step 38840/34883 | Loss 2.0718 | LR 4.33e-04
2026-05-14 22:03:42,768  INFO  Epoch 1/1 | Step 38850/34883 | Loss 2.1123 | LR 4.32e-04
2026-05-14 22:03:47,769  INFO  Epoch 1/1 | Step 38860/34883 | Loss 2.1245 | LR 4.32e-04
2026-05-14 22:03:52,762  INFO  Epoch 1/1 | Step 38870/34883 | Loss 1.9710 | LR 4.32e-04
2026-05-14 22:03:57,764  INFO  Epoch 1/1 | Step 38880/34883 | Loss 2.0728 | LR 4.32e-04
2026-05-14 22:04:02,761  INFO  Epoch 1/1 | Step 38890/34883 | Loss 2.1180 | LR 4.31e-04
2026-05-14 22:04:07,761  INFO  Epoch 1/1 | Step 38900/34883 | Loss 1.9328 | LR 4.31e-04
2026-05-14 22:04:12,758  INFO  Epoch 1/1 | Step 38910/34883 | Loss 2.2897 | LR 4.31e-04
2026-05-14 22:04:17,759  INFO  Epoch 1/1 | Step 38920/34883 | Loss 1.9027 | LR 4.31e-04
2026-05-14 22:04:22,755  INFO  Epoch 1/1 | Step 38930/34883 | Loss 2.0179 | LR 4.31e-04
2026-05-14 22:04:27,755  INFO  Epoch 1/1 | Step 38940/34883 | Loss 1.9609 | LR 4.30e-04
2026-05-14 22:04:32,758  INFO  Epoch 1/1 | Step 38950/34883 | Loss 2.0827 | LR 4.30e-04
2026-05-14 22:04:37,753  INFO  Epoch 1/1 | Step 38960/34883 | Loss 2.0740 | LR 4.30e-04
2026-05-14 22:04:42,752  INFO  Epoch 1/1 | Step 38970/34883 | Loss 2.0243 | LR 4.30e-04
2026-05-14 22:04:47,748  INFO  Epoch 1/1 | Step 38980/34883 | Loss 1.9829 | LR 4.29e-04
2026-05-14 22:04:52,745  INFO  Epoch 1/1 | Step 38990/34883 | Loss 2.0465 | LR 4.29e-04
2026-05-14 22:04:57,746  INFO  Epoch 1/1 | Step 39000/34883 | Loss 1.9271 | LR 4.29e-04
2026-05-14 22:05:02,743  INFO  Epoch 1/1 | Step 39010/34883 | Loss 1.9405 | LR 4.29e-04
2026-05-14 22:05:07,743  INFO  Epoch 1/1 | Step 39020/34883 | Loss 2.0432 | LR 4.29e-04
2026-05-14 22:05:12,740  INFO  Epoch 1/1 | Step 39030/34883 | Loss 2.3520 | LR 4.28e-04
2026-05-14 22:05:17,739  INFO  Epoch 1/1 | Step 39040/34883 | Loss 2.0387 | LR 4.28e-04
2026-05-14 22:05:22,737  INFO  Epoch 1/1 | Step 39050/34883 | Loss 2.0121 | LR 4.28e-04
2026-05-14 22:05:27,736  INFO  Epoch 1/1 | Step 39060/34883 | Loss 2.1904 | LR 4.28e-04
2026-05-14 22:05:32,733  INFO  Epoch 1/1 | Step 39070/34883 | Loss 2.0850 | LR 4.27e-04
2026-05-14 22:05:37,735  INFO  Epoch 1/1 | Step 39080/34883 | Loss 2.0400 | LR 4.27e-04
2026-05-14 22:05:42,730  INFO  Epoch 1/1 | Step 39090/34883 | Loss 2.2302 | LR 4.27e-04
2026-05-14 22:05:47,729  INFO  Epoch 1/1 | Step 39100/34883 | Loss 2.0971 | LR 4.27e-04
2026-05-14 22:05:52,729  INFO  Epoch 1/1 | Step 39110/34883 | Loss 2.0815 | LR 4.26e-04
2026-05-14 22:05:57,727  INFO  Epoch 1/1 | Step 39120/34883 | Loss 2.0069 | LR 4.26e-04
2026-05-14 22:06:02,724  INFO  Epoch 1/1 | Step 39130/34883 | Loss 2.1724 | LR 4.26e-04
2026-05-14 22:06:07,724  INFO  Epoch 1/1 | Step 39140/34883 | Loss 2.0600 | LR 4.26e-04
2026-05-14 22:06:12,724  INFO  Epoch 1/1 | Step 39150/34883 | Loss 2.0660 | LR 4.26e-04
2026-05-14 22:06:17,719  INFO  Epoch 1/1 | Step 39160/34883 | Loss 2.0307 | LR 4.25e-04
2026-05-14 22:06:22,717  INFO  Epoch 1/1 | Step 39170/34883 | Loss 2.0474 | LR 4.25e-04
2026-05-14 22:06:27,717  INFO  Epoch 1/1 | Step 39180/34883 | Loss 2.1272 | LR 4.25e-04
2026-05-14 22:06:32,717  INFO  Epoch 1/1 | Step 39190/34883 | Loss 2.2679 | LR 4.25e-04
2026-05-14 22:06:37,713  INFO  Epoch 1/1 | Step 39200/34883 | Loss 2.1332 | LR 4.24e-04
2026-05-14 22:06:42,711  INFO  Epoch 1/1 | Step 39210/34883 | Loss 2.0230 | LR 4.24e-04
2026-05-14 22:06:47,711  INFO  Epoch 1/1 | Step 39220/34883 | Loss 1.9945 | LR 4.24e-04
2026-05-14 22:06:52,709  INFO  Epoch 1/1 | Step 39230/34883 | Loss 2.1561 | LR 4.24e-04
2026-05-14 22:06:57,706  INFO  Epoch 1/1 | Step 39240/34883 | Loss 2.0300 | LR 4.23e-04
2026-05-14 22:07:02,703  INFO  Epoch 1/1 | Step 39250/34883 | Loss 2.0396 | LR 4.23e-04
2026-05-14 22:07:07,704  INFO  Epoch 1/1 | Step 39260/34883 | Loss 2.1514 | LR 4.23e-04
2026-05-14 22:07:12,701  INFO  Epoch 1/1 | Step 39270/34883 | Loss 2.0900 | LR 4.23e-04
2026-05-14 22:07:17,700  INFO  Epoch 1/1 | Step 39280/34883 | Loss 2.0565 | LR 4.23e-04
2026-05-14 22:07:22,699  INFO  Epoch 1/1 | Step 39290/34883 | Loss 2.2179 | LR 4.22e-04
2026-05-14 22:07:27,699  INFO  Epoch 1/1 | Step 39300/34883 | Loss 2.1270 | LR 4.22e-04
2026-05-14 22:07:32,698  INFO  Epoch 1/1 | Step 39310/34883 | Loss 2.0363 | LR 4.22e-04
2026-05-14 22:07:37,696  INFO  Epoch 1/1 | Step 39320/34883 | Loss 2.1755 | LR 4.22e-04
2026-05-14 22:07:42,692  INFO  Epoch 1/1 | Step 39330/34883 | Loss 1.9786 | LR 4.21e-04
2026-05-14 22:07:47,692  INFO  Epoch 1/1 | Step 39340/34883 | Loss 2.1959 | LR 4.21e-04
2026-05-14 22:07:52,693  INFO  Epoch 1/1 | Step 39350/34883 | Loss 2.1748 | LR 4.21e-04
2026-05-14 22:07:57,689  INFO  Epoch 1/1 | Step 39360/34883 | Loss 2.0903 | LR 4.21e-04
2026-05-14 22:08:02,687  INFO  Epoch 1/1 | Step 39370/34883 | Loss 2.0523 | LR 4.20e-04
2026-05-14 22:08:07,686  INFO  Epoch 1/1 | Step 39380/34883 | Loss 2.1505 | LR 4.20e-04
2026-05-14 22:08:12,684  INFO  Epoch 1/1 | Step 39390/34883 | Loss 2.0173 | LR 4.20e-04
2026-05-14 22:08:17,683  INFO  Epoch 1/1 | Step 39400/34883 | Loss 1.9867 | LR 4.20e-04
2026-05-14 22:08:22,681  INFO  Epoch 1/1 | Step 39410/34883 | Loss 1.9483 | LR 4.20e-04
2026-05-14 22:08:27,679  INFO  Epoch 1/1 | Step 39420/34883 | Loss 2.0791 | LR 4.19e-04
2026-05-14 22:08:32,677  INFO  Epoch 1/1 | Step 39430/34883 | Loss 2.1798 | LR 4.19e-04
2026-05-14 22:08:37,678  INFO  Epoch 1/1 | Step 39440/34883 | Loss 2.0530 | LR 4.19e-04
2026-05-14 22:08:42,673  INFO  Epoch 1/1 | Step 39450/34883 | Loss 1.9719 | LR 4.19e-04
2026-05-14 22:08:47,674  INFO  Epoch 1/1 | Step 39460/34883 | Loss 2.0308 | LR 4.18e-04
2026-05-14 22:08:52,669  INFO  Epoch 1/1 | Step 39470/34883 | Loss 2.1281 | LR 4.18e-04
2026-05-14 22:08:57,668  INFO  Epoch 1/1 | Step 39480/34883 | Loss 2.2529 | LR 4.18e-04
2026-05-14 22:09:02,665  INFO  Epoch 1/1 | Step 39490/34883 | Loss 2.0341 | LR 4.18e-04
2026-05-14 22:09:07,666  INFO  Epoch 1/1 | Step 39500/34883 | Loss 2.0129 | LR 4.17e-04
2026-05-14 22:09:12,666  INFO  Epoch 1/1 | Step 39510/34883 | Loss 2.0285 | LR 4.17e-04
2026-05-14 22:09:17,663  INFO  Epoch 1/1 | Step 39520/34883 | Loss 2.1398 | LR 4.17e-04
2026-05-14 22:09:22,662  INFO  Epoch 1/1 | Step 39530/34883 | Loss 2.1930 | LR 4.17e-04
2026-05-14 22:09:27,660  INFO  Epoch 1/1 | Step 39540/34883 | Loss 1.9650 | LR 4.17e-04
2026-05-14 22:09:32,658  INFO  Epoch 1/1 | Step 39550/34883 | Loss 2.1678 | LR 4.16e-04
2026-05-14 22:09:37,658  INFO  Epoch 1/1 | Step 39560/34883 | Loss 2.0787 | LR 4.16e-04
2026-05-14 22:09:42,652  INFO  Epoch 1/1 | Step 39570/34883 | Loss 1.9789 | LR 4.16e-04
2026-05-14 22:09:47,655  INFO  Epoch 1/1 | Step 39580/34883 | Loss 2.0523 | LR 4.16e-04
2026-05-14 22:09:52,652  INFO  Epoch 1/1 | Step 39590/34883 | Loss 2.1034 | LR 4.15e-04
2026-05-14 22:09:57,651  INFO  Epoch 1/1 | Step 39600/34883 | Loss 2.0051 | LR 4.15e-04
2026-05-14 22:10:02,650  INFO  Epoch 1/1 | Step 39610/34883 | Loss 2.0888 | LR 4.15e-04
2026-05-14 22:10:07,647  INFO  Epoch 1/1 | Step 39620/34883 | Loss 1.8430 | LR 4.15e-04
2026-05-14 22:10:12,646  INFO  Epoch 1/1 | Step 39630/34883 | Loss 2.2022 | LR 4.15e-04
2026-05-14 22:10:17,644  INFO  Epoch 1/1 | Step 39640/34883 | Loss 1.9469 | LR 4.14e-04
2026-05-14 22:10:22,643  INFO  Epoch 1/1 | Step 39650/34883 | Loss 2.0021 | LR 4.14e-04
2026-05-14 22:10:27,641  INFO  Epoch 1/1 | Step 39660/34883 | Loss 2.0055 | LR 4.14e-04
2026-05-14 22:10:32,640  INFO  Epoch 1/1 | Step 39670/34883 | Loss 2.0801 | LR 4.14e-04
2026-05-14 22:10:37,640  INFO  Epoch 1/1 | Step 39680/34883 | Loss 2.0973 | LR 4.13e-04
2026-05-14 22:10:42,638  INFO  Epoch 1/1 | Step 39690/34883 | Loss 2.1120 | LR 4.13e-04
2026-05-14 22:10:47,635  INFO  Epoch 1/1 | Step 39700/34883 | Loss 1.9716 | LR 4.13e-04
2026-05-14 22:10:52,636  INFO  Epoch 1/1 | Step 39710/34883 | Loss 2.0825 | LR 4.13e-04
2026-05-14 22:10:57,635  INFO  Epoch 1/1 | Step 39720/34883 | Loss 2.0993 | LR 4.12e-04
2026-05-14 22:11:02,636  INFO  Epoch 1/1 | Step 39730/34883 | Loss 2.1838 | LR 4.12e-04
2026-05-14 22:11:07,629  INFO  Epoch 1/1 | Step 39740/34883 | Loss 2.1352 | LR 4.12e-04
2026-05-14 22:11:12,628  INFO  Epoch 1/1 | Step 39750/34883 | Loss 2.0704 | LR 4.12e-04
2026-05-14 22:11:17,626  INFO  Epoch 1/1 | Step 39760/34883 | Loss 2.1637 | LR 4.12e-04
2026-05-14 22:11:22,623  INFO  Epoch 1/1 | Step 39770/34883 | Loss 2.1188 | LR 4.11e-04
2026-05-14 22:11:27,624  INFO  Epoch 1/1 | Step 39780/34883 | Loss 2.0345 | LR 4.11e-04
2026-05-14 22:11:32,623  INFO  Epoch 1/1 | Step 39790/34883 | Loss 1.9696 | LR 4.11e-04
2026-05-14 22:11:37,619  INFO  Epoch 1/1 | Step 39800/34883 | Loss 1.9568 | LR 4.11e-04
2026-05-14 22:11:42,619  INFO  Epoch 1/1 | Step 39810/34883 | Loss 2.0167 | LR 4.10e-04
2026-05-14 22:11:47,619  INFO  Epoch 1/1 | Step 39820/34883 | Loss 2.0482 | LR 4.10e-04
2026-05-14 22:11:52,615  INFO  Epoch 1/1 | Step 39830/34883 | Loss 2.0680 | LR 4.10e-04
2026-05-14 22:11:57,616  INFO  Epoch 1/1 | Step 39840/34883 | Loss 2.1925 | LR 4.10e-04
2026-05-14 22:12:02,613  INFO  Epoch 1/1 | Step 39850/34883 | Loss 2.1979 | LR 4.09e-04
2026-05-14 22:12:07,610  INFO  Epoch 1/1 | Step 39860/34883 | Loss 2.0807 | LR 4.09e-04
2026-05-14 22:12:12,611  INFO  Epoch 1/1 | Step 39870/34883 | Loss 1.9656 | LR 4.09e-04
2026-05-14 22:12:17,609  INFO  Epoch 1/1 | Step 39880/34883 | Loss 1.8219 | LR 4.09e-04
2026-05-14 22:12:22,610  INFO  Epoch 1/1 | Step 39890/34883 | Loss 1.9467 | LR 4.09e-04
2026-05-14 22:12:27,602  INFO  Epoch 1/1 | Step 39900/34883 | Loss 2.0873 | LR 4.08e-04
2026-05-14 22:12:32,604  INFO  Epoch 1/1 | Step 39910/34883 | Loss 1.8963 | LR 4.08e-04
2026-05-14 22:12:37,604  INFO  Epoch 1/1 | Step 39920/34883 | Loss 2.0604 | LR 4.08e-04
2026-05-14 22:12:42,600  INFO  Epoch 1/1 | Step 39930/34883 | Loss 2.0898 | LR 4.08e-04
2026-05-14 22:12:47,599  INFO  Epoch 1/1 | Step 39940/34883 | Loss 2.1334 | LR 4.07e-04
2026-05-14 22:12:52,598  INFO  Epoch 1/1 | Step 39950/34883 | Loss 2.1259 | LR 4.07e-04
2026-05-14 22:12:57,597  INFO  Epoch 1/1 | Step 39960/34883 | Loss 2.1821 | LR 4.07e-04
2026-05-14 22:13:02,596  INFO  Epoch 1/1 | Step 39970/34883 | Loss 2.0480 | LR 4.07e-04
2026-05-14 22:13:07,598  INFO  Epoch 1/1 | Step 39980/34883 | Loss 2.0709 | LR 4.07e-04
2026-05-14 22:13:12,611  INFO  Epoch 1/1 | Step 39990/34883 | Loss 2.0093 | LR 4.06e-04
2026-05-14 22:13:17,612  INFO  Epoch 1/1 | Step 40000/34883 | Loss 2.1101 | LR 4.06e-04
2026-05-14 22:13:22,613  INFO  Epoch 1/1 | Step 40010/34883 | Loss 2.1728 | LR 4.06e-04
2026-05-14 22:13:27,608  INFO  Epoch 1/1 | Step 40020/34883 | Loss 2.0648 | LR 4.06e-04
2026-05-14 22:13:32,608  INFO  Epoch 1/1 | Step 40030/34883 | Loss 1.9890 | LR 4.05e-04
2026-05-14 22:13:37,604  INFO  Epoch 1/1 | Step 40040/34883 | Loss 2.0446 | LR 4.05e-04
2026-05-14 22:13:42,602  INFO  Epoch 1/1 | Step 40050/34883 | Loss 2.1633 | LR 4.05e-04
2026-05-14 22:13:47,601  INFO  Epoch 1/1 | Step 40060/34883 | Loss 2.2305 | LR 4.05e-04
2026-05-14 22:13:52,599  INFO  Epoch 1/1 | Step 40070/34883 | Loss 2.0995 | LR 4.04e-04
2026-05-14 22:13:57,597  INFO  Epoch 1/1 | Step 40080/34883 | Loss 2.0055 | LR 4.04e-04
2026-05-14 22:14:02,595  INFO  Epoch 1/1 | Step 40090/34883 | Loss 1.9829 | LR 4.04e-04
2026-05-14 22:14:07,597  INFO  Epoch 1/1 | Step 40100/34883 | Loss 2.1172 | LR 4.04e-04
2026-05-14 22:14:12,593  INFO  Epoch 1/1 | Step 40110/34883 | Loss 2.0931 | LR 4.04e-04
2026-05-14 22:14:17,593  INFO  Epoch 1/1 | Step 40120/34883 | Loss 2.2197 | LR 4.03e-04
2026-05-14 22:14:22,592  INFO  Epoch 1/1 | Step 40130/34883 | Loss 2.2862 | LR 4.03e-04
2026-05-14 22:14:27,588  INFO  Epoch 1/1 | Step 40140/34883 | Loss 2.0563 | LR 4.03e-04
2026-05-14 22:14:32,587  INFO  Epoch 1/1 | Step 40150/34883 | Loss 1.8684 | LR 4.03e-04
2026-05-14 22:14:37,587  INFO  Epoch 1/1 | Step 40160/34883 | Loss 2.0397 | LR 4.02e-04
2026-05-14 22:14:42,586  INFO  Epoch 1/1 | Step 40170/34883 | Loss 2.1206 | LR 4.02e-04
2026-05-14 22:14:47,582  INFO  Epoch 1/1 | Step 40180/34883 | Loss 2.0581 | LR 4.02e-04
2026-05-14 22:14:52,580  INFO  Epoch 1/1 | Step 40190/34883 | Loss 2.2210 | LR 4.02e-04
2026-05-14 22:14:57,580  INFO  Epoch 1/1 | Step 40200/34883 | Loss 2.1852 | LR 4.02e-04
2026-05-14 22:15:02,576  INFO  Epoch 1/1 | Step 40210/34883 | Loss 2.1151 | LR 4.01e-04
2026-05-14 22:15:07,576  INFO  Epoch 1/1 | Step 40220/34883 | Loss 2.2308 | LR 4.01e-04
2026-05-14 22:15:12,575  INFO  Epoch 1/1 | Step 40230/34883 | Loss 2.1616 | LR 4.01e-04
2026-05-14 22:15:17,573  INFO  Epoch 1/1 | Step 40240/34883 | Loss 2.1050 | LR 4.01e-04
2026-05-14 22:15:22,569  INFO  Epoch 1/1 | Step 40250/34883 | Loss 2.1087 | LR 4.00e-04
2026-05-14 22:15:27,569  INFO  Epoch 1/1 | Step 40260/34883 | Loss 1.9510 | LR 4.00e-04
2026-05-14 22:15:32,568  INFO  Epoch 1/1 | Step 40270/34883 | Loss 1.8358 | LR 4.00e-04
2026-05-14 22:15:37,565  INFO  Epoch 1/1 | Step 40280/34883 | Loss 1.9913 | LR 4.00e-04
2026-05-14 22:15:42,563  INFO  Epoch 1/1 | Step 40290/34883 | Loss 2.0982 | LR 3.99e-04
2026-05-14 22:15:47,562  INFO  Epoch 1/1 | Step 40300/34883 | Loss 2.1142 | LR 3.99e-04
2026-05-14 22:15:52,561  INFO  Epoch 1/1 | Step 40310/34883 | Loss 2.0197 | LR 3.99e-04
2026-05-14 22:15:57,558  INFO  Epoch 1/1 | Step 40320/34883 | Loss 2.1529 | LR 3.99e-04
2026-05-14 22:16:02,557  INFO  Epoch 1/1 | Step 40330/34883 | Loss 2.1629 | LR 3.99e-04
2026-05-14 22:16:07,556  INFO  Epoch 1/1 | Step 40340/34883 | Loss 2.1675 | LR 3.98e-04
2026-05-14 22:16:12,550  INFO  Epoch 1/1 | Step 40350/34883 | Loss 1.9476 | LR 3.98e-04
2026-05-14 22:16:17,554  INFO  Epoch 1/1 | Step 40360/34883 | Loss 2.0425 | LR 3.98e-04
2026-05-14 22:16:22,552  INFO  Epoch 1/1 | Step 40370/34883 | Loss 2.2638 | LR 3.98e-04
2026-05-14 22:16:27,550  INFO  Epoch 1/1 | Step 40380/34883 | Loss 1.9876 | LR 3.97e-04
2026-05-14 22:16:32,547  INFO  Epoch 1/1 | Step 40390/34883 | Loss 2.0806 | LR 3.97e-04
2026-05-14 22:16:37,550  INFO  Epoch 1/1 | Step 40400/34883 | Loss 2.1560 | LR 3.97e-04
2026-05-14 22:16:42,545  INFO  Epoch 1/1 | Step 40410/34883 | Loss 1.8667 | LR 3.97e-04
2026-05-14 22:16:47,541  INFO  Epoch 1/1 | Step 40420/34883 | Loss 2.1589 | LR 3.97e-04
2026-05-14 22:16:52,543  INFO  Epoch 1/1 | Step 40430/34883 | Loss 2.1121 | LR 3.96e-04
2026-05-14 22:16:57,541  INFO  Epoch 1/1 | Step 40440/34883 | Loss 2.0005 | LR 3.96e-04
2026-05-14 22:17:02,539  INFO  Epoch 1/1 | Step 40450/34883 | Loss 1.9498 | LR 3.96e-04
2026-05-14 22:17:07,537  INFO  Epoch 1/1 | Step 40460/34883 | Loss 2.1928 | LR 3.96e-04
2026-05-14 22:17:12,537  INFO  Epoch 1/1 | Step 40470/34883 | Loss 1.9574 | LR 3.95e-04
2026-05-14 22:17:17,532  INFO  Epoch 1/1 | Step 40480/34883 | Loss 2.0802 | LR 3.95e-04
2026-05-14 22:17:22,533  INFO  Epoch 1/1 | Step 40490/34883 | Loss 1.9526 | LR 3.95e-04
2026-05-14 22:17:27,531  INFO  Epoch 1/1 | Step 40500/34883 | Loss 1.9100 | LR 3.95e-04
2026-05-14 22:17:32,531  INFO  Epoch 1/1 | Step 40510/34883 | Loss 1.9613 | LR 3.94e-04
2026-05-14 22:17:37,526  INFO  Epoch 1/1 | Step 40520/34883 | Loss 2.0838 | LR 3.94e-04
2026-05-14 22:17:42,528  INFO  Epoch 1/1 | Step 40530/34883 | Loss 2.1166 | LR 3.94e-04
2026-05-14 22:17:47,525  INFO  Epoch 1/1 | Step 40540/34883 | Loss 2.0346 | LR 3.94e-04
2026-05-14 22:17:52,525  INFO  Epoch 1/1 | Step 40550/34883 | Loss 2.0969 | LR 3.94e-04
2026-05-14 22:17:57,519  INFO  Epoch 1/1 | Step 40560/34883 | Loss 2.1282 | LR 3.93e-04
2026-05-14 22:18:02,520  INFO  Epoch 1/1 | Step 40570/34883 | Loss 2.0607 | LR 3.93e-04
2026-05-14 22:18:07,521  INFO  Epoch 1/1 | Step 40580/34883 | Loss 1.9371 | LR 3.93e-04
2026-05-14 22:18:12,516  INFO  Epoch 1/1 | Step 40590/34883 | Loss 2.0977 | LR 3.93e-04
2026-05-14 22:18:17,517  INFO  Epoch 1/1 | Step 40600/34883 | Loss 2.0858 | LR 3.92e-04
2026-05-14 22:18:22,514  INFO  Epoch 1/1 | Step 40610/34883 | Loss 2.1425 | LR 3.92e-04
2026-05-14 22:18:27,512  INFO  Epoch 1/1 | Step 40620/34883 | Loss 2.1439 | LR 3.92e-04
2026-05-14 22:18:32,510  INFO  Epoch 1/1 | Step 40630/34883 | Loss 2.0009 | LR 3.92e-04
2026-05-14 22:18:37,510  INFO  Epoch 1/1 | Step 40640/34883 | Loss 1.9917 | LR 3.92e-04
2026-05-14 22:18:42,509  INFO  Epoch 1/1 | Step 40650/34883 | Loss 1.9271 | LR 3.91e-04
2026-05-14 22:18:47,507  INFO  Epoch 1/1 | Step 40660/34883 | Loss 2.0674 | LR 3.91e-04
2026-05-14 22:18:52,505  INFO  Epoch 1/1 | Step 40670/34883 | Loss 2.1467 | LR 3.91e-04
2026-05-14 22:18:57,503  INFO  Epoch 1/1 | Step 40680/34883 | Loss 2.0921 | LR 3.91e-04
2026-05-14 22:19:02,501  INFO  Epoch 1/1 | Step 40690/34883 | Loss 2.0881 | LR 3.90e-04
2026-05-14 22:19:07,502  INFO  Epoch 1/1 | Step 40700/34883 | Loss 2.1266 | LR 3.90e-04
2026-05-14 22:19:12,499  INFO  Epoch 1/1 | Step 40710/34883 | Loss 2.0069 | LR 3.90e-04
2026-05-14 22:19:17,495  INFO  Epoch 1/1 | Step 40720/34883 | Loss 2.0029 | LR 3.90e-04
2026-05-14 22:19:22,494  INFO  Epoch 1/1 | Step 40730/34883 | Loss 1.9095 | LR 3.89e-04
2026-05-14 22:19:27,492  INFO  Epoch 1/1 | Step 40740/34883 | Loss 2.0370 | LR 3.89e-04
2026-05-14 22:19:32,487  INFO  Epoch 1/1 | Step 40750/34883 | Loss 2.1160 | LR 3.89e-04
2026-05-14 22:19:37,491  INFO  Epoch 1/1 | Step 40760/34883 | Loss 1.9553 | LR 3.89e-04
2026-05-14 22:19:42,486  INFO  Epoch 1/1 | Step 40770/34883 | Loss 1.8970 | LR 3.89e-04
2026-05-14 22:19:47,492  INFO  Epoch 1/1 | Step 40780/34883 | Loss 2.1280 | LR 3.88e-04
2026-05-14 22:19:52,486  INFO  Epoch 1/1 | Step 40790/34883 | Loss 2.1000 | LR 3.88e-04
2026-05-14 22:19:57,485  INFO  Epoch 1/1 | Step 40800/34883 | Loss 2.0150 | LR 3.88e-04
2026-05-14 22:20:02,485  INFO  Epoch 1/1 | Step 40810/34883 | Loss 2.1745 | LR 3.88e-04
2026-05-14 22:20:07,484  INFO  Epoch 1/1 | Step 40820/34883 | Loss 2.1047 | LR 3.87e-04
2026-05-14 22:20:12,481  INFO  Epoch 1/1 | Step 40830/34883 | Loss 2.0799 | LR 3.87e-04
2026-05-14 22:20:17,480  INFO  Epoch 1/1 | Step 40840/34883 | Loss 2.1198 | LR 3.87e-04
2026-05-14 22:20:22,476  INFO  Epoch 1/1 | Step 40850/34883 | Loss 2.1425 | LR 3.87e-04
2026-05-14 22:20:27,480  INFO  Epoch 1/1 | Step 40860/34883 | Loss 2.0517 | LR 3.87e-04
2026-05-14 22:20:32,477  INFO  Epoch 1/1 | Step 40870/34883 | Loss 1.9726 | LR 3.86e-04
2026-05-14 22:20:37,475  INFO  Epoch 1/1 | Step 40880/34883 | Loss 2.0526 | LR 3.86e-04
2026-05-14 22:20:42,476  INFO  Epoch 1/1 | Step 40890/34883 | Loss 1.9985 | LR 3.86e-04
2026-05-14 22:20:47,467  INFO  Epoch 1/1 | Step 40900/34883 | Loss 2.1324 | LR 3.86e-04
2026-05-14 22:20:52,472  INFO  Epoch 1/1 | Step 40910/34883 | Loss 1.9654 | LR 3.85e-04
2026-05-14 22:20:57,470  INFO  Epoch 1/1 | Step 40920/34883 | Loss 1.9604 | LR 3.85e-04
2026-05-14 22:21:02,465  INFO  Epoch 1/1 | Step 40930/34883 | Loss 1.9926 | LR 3.85e-04
2026-05-14 22:21:07,465  INFO  Epoch 1/1 | Step 40940/34883 | Loss 2.1150 | LR 3.85e-04
2026-05-14 22:21:12,461  INFO  Epoch 1/1 | Step 40950/34883 | Loss 2.0890 | LR 3.85e-04
2026-05-14 22:21:17,462  INFO  Epoch 1/1 | Step 40960/34883 | Loss 1.9868 | LR 3.84e-04
2026-05-14 22:21:22,458  INFO  Epoch 1/1 | Step 40970/34883 | Loss 2.1091 | LR 3.84e-04
2026-05-14 22:21:27,459  INFO  Epoch 1/1 | Step 40980/34883 | Loss 2.0737 | LR 3.84e-04
2026-05-14 22:21:32,457  INFO  Epoch 1/1 | Step 40990/34883 | Loss 2.1954 | LR 3.84e-04
2026-05-14 22:21:37,456  INFO  Epoch 1/1 | Step 41000/34883 | Loss 2.0258 | LR 3.83e-04
2026-05-14 22:21:42,453  INFO  Epoch 1/1 | Step 41010/34883 | Loss 2.0286 | LR 3.83e-04
2026-05-14 22:21:47,453  INFO  Epoch 1/1 | Step 41020/34883 | Loss 2.2138 | LR 3.83e-04
2026-05-14 22:21:52,454  INFO  Epoch 1/1 | Step 41030/34883 | Loss 2.0758 | LR 3.83e-04
2026-05-14 22:21:57,468  INFO  Epoch 1/1 | Step 41040/34883 | Loss 2.2763 | LR 3.82e-04
2026-05-14 22:22:02,467  INFO  Epoch 1/1 | Step 41050/34883 | Loss 1.9673 | LR 3.82e-04
2026-05-14 22:22:07,467  INFO  Epoch 1/1 | Step 41060/34883 | Loss 1.8861 | LR 3.82e-04
2026-05-14 22:22:12,463  INFO  Epoch 1/1 | Step 41070/34883 | Loss 2.0087 | LR 3.82e-04
2026-05-14 22:22:17,463  INFO  Epoch 1/1 | Step 41080/34883 | Loss 1.9090 | LR 3.82e-04
2026-05-14 22:22:22,461  INFO  Epoch 1/1 | Step 41090/34883 | Loss 2.2228 | LR 3.81e-04
2026-05-14 22:22:27,461  INFO  Epoch 1/1 | Step 41100/34883 | Loss 2.1187 | LR 3.81e-04
2026-05-14 22:22:32,459  INFO  Epoch 1/1 | Step 41110/34883 | Loss 2.0040 | LR 3.81e-04
2026-05-14 22:22:37,459  INFO  Epoch 1/1 | Step 41120/34883 | Loss 1.9763 | LR 3.81e-04
2026-05-14 22:22:42,455  INFO  Epoch 1/1 | Step 41130/34883 | Loss 1.9643 | LR 3.80e-04
2026-05-14 22:22:47,454  INFO  Epoch 1/1 | Step 41140/34883 | Loss 2.0306 | LR 3.80e-04
2026-05-14 22:22:52,451  INFO  Epoch 1/1 | Step 41150/34883 | Loss 2.2101 | LR 3.80e-04
2026-05-14 22:22:57,450  INFO  Epoch 1/1 | Step 41160/34883 | Loss 2.1106 | LR 3.80e-04
2026-05-14 22:23:02,449  INFO  Epoch 1/1 | Step 41170/34883 | Loss 2.0149 | LR 3.80e-04
2026-05-14 22:23:07,445  INFO  Epoch 1/1 | Step 41180/34883 | Loss 2.1850 | LR 3.79e-04
2026-05-14 22:23:12,444  INFO  Epoch 1/1 | Step 41190/34883 | Loss 2.1692 | LR 3.79e-04
2026-05-14 22:23:17,443  INFO  Epoch 1/1 | Step 41200/34883 | Loss 2.2076 | LR 3.79e-04
2026-05-14 22:23:22,443  INFO  Epoch 1/1 | Step 41210/34883 | Loss 1.9464 | LR 3.79e-04
2026-05-14 22:23:27,442  INFO  Epoch 1/1 | Step 41220/34883 | Loss 2.1181 | LR 3.78e-04
2026-05-14 22:23:32,438  INFO  Epoch 1/1 | Step 41230/34883 | Loss 2.1123 | LR 3.78e-04
2026-05-14 22:23:37,440  INFO  Epoch 1/1 | Step 41240/34883 | Loss 2.0188 | LR 3.78e-04
2026-05-14 22:23:42,436  INFO  Epoch 1/1 | Step 41250/34883 | Loss 2.1253 | LR 3.78e-04
2026-05-14 22:23:47,433  INFO  Epoch 1/1 | Step 41260/34883 | Loss 2.1336 | LR 3.78e-04
2026-05-14 22:23:52,432  INFO  Epoch 1/1 | Step 41270/34883 | Loss 1.9414 | LR 3.77e-04
2026-05-14 22:23:57,430  INFO  Epoch 1/1 | Step 41280/34883 | Loss 2.1304 | LR 3.77e-04
2026-05-14 22:24:02,428  INFO  Epoch 1/1 | Step 41290/34883 | Loss 2.1092 | LR 3.77e-04
2026-05-14 22:24:07,429  INFO  Epoch 1/1 | Step 41300/34883 | Loss 2.0311 | LR 3.77e-04
2026-05-14 22:24:12,428  INFO  Epoch 1/1 | Step 41310/34883 | Loss 2.0583 | LR 3.76e-04
2026-05-14 22:24:17,423  INFO  Epoch 1/1 | Step 41320/34883 | Loss 2.0506 | LR 3.76e-04
2026-05-14 22:24:22,421  INFO  Epoch 1/1 | Step 41330/34883 | Loss 2.1244 | LR 3.76e-04
2026-05-14 22:24:27,420  INFO  Epoch 1/1 | Step 41340/34883 | Loss 2.1982 | LR 3.76e-04
2026-05-14 22:24:32,418  INFO  Epoch 1/1 | Step 41350/34883 | Loss 2.1357 | LR 3.75e-04
2026-05-14 22:24:37,418  INFO  Epoch 1/1 | Step 41360/34883 | Loss 2.0889 | LR 3.75e-04
2026-05-14 22:24:42,417  INFO  Epoch 1/1 | Step 41370/34883 | Loss 1.9853 | LR 3.75e-04
2026-05-14 22:24:47,415  INFO  Epoch 1/1 | Step 41380/34883 | Loss 1.9832 | LR 3.75e-04
2026-05-14 22:24:52,413  INFO  Epoch 1/1 | Step 41390/34883 | Loss 2.0131 | LR 3.75e-04
2026-05-14 22:24:57,413  INFO  Epoch 1/1 | Step 41400/34883 | Loss 2.0411 | LR 3.74e-04
2026-05-14 22:25:02,411  INFO  Epoch 1/1 | Step 41410/34883 | Loss 2.0352 | LR 3.74e-04
2026-05-14 22:25:07,410  INFO  Epoch 1/1 | Step 41420/34883 | Loss 2.1085 | LR 3.74e-04
2026-05-14 22:25:12,408  INFO  Epoch 1/1 | Step 41430/34883 | Loss 1.9832 | LR 3.74e-04
2026-05-14 22:25:17,406  INFO  Epoch 1/1 | Step 41440/34883 | Loss 1.8945 | LR 3.73e-04
2026-05-14 22:25:22,403  INFO  Epoch 1/1 | Step 41450/34883 | Loss 2.0592 | LR 3.73e-04
2026-05-14 22:25:27,402  INFO  Epoch 1/1 | Step 41460/34883 | Loss 2.0212 | LR 3.73e-04
2026-05-14 22:25:32,403  INFO  Epoch 1/1 | Step 41470/34883 | Loss 2.0184 | LR 3.73e-04
2026-05-14 22:25:37,400  INFO  Epoch 1/1 | Step 41480/34883 | Loss 1.9355 | LR 3.73e-04
2026-05-14 22:25:42,400  INFO  Epoch 1/1 | Step 41490/34883 | Loss 1.9027 | LR 3.72e-04
2026-05-14 22:25:47,399  INFO  Epoch 1/1 | Step 41500/34883 | Loss 2.0401 | LR 3.72e-04
2026-05-14 22:25:52,394  INFO  Epoch 1/1 | Step 41510/34883 | Loss 1.9564 | LR 3.72e-04
2026-05-14 22:25:57,395  INFO  Epoch 1/1 | Step 41520/34883 | Loss 2.0862 | LR 3.72e-04
2026-05-14 22:26:02,393  INFO  Epoch 1/1 | Step 41530/34883 | Loss 2.1752 | LR 3.71e-04
2026-05-14 22:26:07,392  INFO  Epoch 1/1 | Step 41540/34883 | Loss 2.0359 | LR 3.71e-04
2026-05-14 22:26:12,391  INFO  Epoch 1/1 | Step 41550/34883 | Loss 2.1271 | LR 3.71e-04
2026-05-14 22:26:17,388  INFO  Epoch 1/1 | Step 41560/34883 | Loss 2.1656 | LR 3.71e-04
2026-05-14 22:26:22,386  INFO  Epoch 1/1 | Step 41570/34883 | Loss 2.0120 | LR 3.71e-04
2026-05-14 22:26:27,386  INFO  Epoch 1/1 | Step 41580/34883 | Loss 2.0060 | LR 3.70e-04
2026-05-14 22:26:32,383  INFO  Epoch 1/1 | Step 41590/34883 | Loss 2.0649 | LR 3.70e-04
2026-05-14 22:26:37,383  INFO  Epoch 1/1 | Step 41600/34883 | Loss 1.9713 | LR 3.70e-04
2026-05-14 22:26:42,382  INFO  Epoch 1/1 | Step 41610/34883 | Loss 2.0535 | LR 3.70e-04
2026-05-14 22:26:47,380  INFO  Epoch 1/1 | Step 41620/34883 | Loss 2.0194 | LR 3.69e-04
2026-05-14 22:26:52,378  INFO  Epoch 1/1 | Step 41630/34883 | Loss 2.1426 | LR 3.69e-04
2026-05-14 22:26:57,375  INFO  Epoch 1/1 | Step 41640/34883 | Loss 2.1586 | LR 3.69e-04
2026-05-14 22:27:02,375  INFO  Epoch 1/1 | Step 41650/34883 | Loss 2.2001 | LR 3.69e-04
2026-05-14 22:27:07,372  INFO  Epoch 1/1 | Step 41660/34883 | Loss 2.0853 | LR 3.69e-04
2026-05-14 22:27:12,370  INFO  Epoch 1/1 | Step 41670/34883 | Loss 1.9710 | LR 3.68e-04
2026-05-14 22:27:17,372  INFO  Epoch 1/1 | Step 41680/34883 | Loss 2.1015 | LR 3.68e-04
2026-05-14 22:27:22,366  INFO  Epoch 1/1 | Step 41690/34883 | Loss 1.9949 | LR 3.68e-04
2026-05-14 22:27:27,366  INFO  Epoch 1/1 | Step 41700/34883 | Loss 1.9386 | LR 3.68e-04
2026-05-14 22:27:32,364  INFO  Epoch 1/1 | Step 41710/34883 | Loss 2.1329 | LR 3.67e-04
2026-05-14 22:27:37,363  INFO  Epoch 1/1 | Step 41720/34883 | Loss 2.0098 | LR 3.67e-04
2026-05-14 22:27:42,362  INFO  Epoch 1/1 | Step 41730/34883 | Loss 2.1246 | LR 3.67e-04
2026-05-14 22:27:47,362  INFO  Epoch 1/1 | Step 41740/34883 | Loss 1.9253 | LR 3.67e-04
2026-05-14 22:27:52,359  INFO  Epoch 1/1 | Step 41750/34883 | Loss 2.2426 | LR 3.67e-04
2026-05-14 22:27:57,356  INFO  Epoch 1/1 | Step 41760/34883 | Loss 1.9734 | LR 3.66e-04
2026-05-14 22:28:02,354  INFO  Epoch 1/1 | Step 41770/34883 | Loss 2.1040 | LR 3.66e-04
2026-05-14 22:28:07,355  INFO  Epoch 1/1 | Step 41780/34883 | Loss 1.9436 | LR 3.66e-04
2026-05-14 22:28:12,354  INFO  Epoch 1/1 | Step 41790/34883 | Loss 2.0638 | LR 3.66e-04
2026-05-14 22:28:17,353  INFO  Epoch 1/1 | Step 41800/34883 | Loss 2.1848 | LR 3.65e-04
2026-05-14 22:28:22,352  INFO  Epoch 1/1 | Step 41810/34883 | Loss 2.1086 | LR 3.65e-04
2026-05-14 22:28:27,350  INFO  Epoch 1/1 | Step 41820/34883 | Loss 2.2342 | LR 3.65e-04
2026-05-14 22:28:32,345  INFO  Epoch 1/1 | Step 41830/34883 | Loss 2.0363 | LR 3.65e-04
2026-05-14 22:28:37,344  INFO  Epoch 1/1 | Step 41840/34883 | Loss 2.0533 | LR 3.65e-04
2026-05-14 22:28:42,342  INFO  Epoch 1/1 | Step 41850/34883 | Loss 2.0892 | LR 3.64e-04
2026-05-14 22:28:47,340  INFO  Epoch 1/1 | Step 41860/34883 | Loss 2.1337 | LR 3.64e-04
2026-05-14 22:28:52,340  INFO  Epoch 1/1 | Step 41870/34883 | Loss 1.8995 | LR 3.64e-04
2026-05-14 22:28:57,339  INFO  Epoch 1/1 | Step 41880/34883 | Loss 2.1220 | LR 3.64e-04
2026-05-14 22:29:02,335  INFO  Epoch 1/1 | Step 41890/34883 | Loss 2.1998 | LR 3.63e-04
2026-05-14 22:29:07,335  INFO  Epoch 1/1 | Step 41900/34883 | Loss 1.9736 | LR 3.63e-04
2026-05-14 22:29:12,333  INFO  Epoch 1/1 | Step 41910/34883 | Loss 2.1699 | LR 3.63e-04
2026-05-14 22:29:17,332  INFO  Epoch 1/1 | Step 41920/34883 | Loss 2.0481 | LR 3.63e-04
2026-05-14 22:29:22,332  INFO  Epoch 1/1 | Step 41930/34883 | Loss 1.9503 | LR 3.63e-04
2026-05-14 22:29:27,328  INFO  Epoch 1/1 | Step 41940/34883 | Loss 2.1126 | LR 3.62e-04
2026-05-14 22:29:32,326  INFO  Epoch 1/1 | Step 41950/34883 | Loss 1.9311 | LR 3.62e-04
2026-05-14 22:29:37,325  INFO  Epoch 1/1 | Step 41960/34883 | Loss 2.1454 | LR 3.62e-04
2026-05-14 22:29:42,325  INFO  Epoch 1/1 | Step 41970/34883 | Loss 1.9398 | LR 3.62e-04
2026-05-14 22:29:47,324  INFO  Epoch 1/1 | Step 41980/34883 | Loss 2.0483 | LR 3.61e-04
2026-05-14 22:29:52,321  INFO  Epoch 1/1 | Step 41990/34883 | Loss 2.0916 | LR 3.61e-04
2026-05-14 22:29:57,319  INFO  Epoch 1/1 | Step 42000/34883 | Loss 2.1567 | LR 3.61e-04
2026-05-14 22:30:02,317  INFO  Epoch 1/1 | Step 42010/34883 | Loss 2.0533 | LR 3.61e-04
2026-05-14 22:30:07,316  INFO  Epoch 1/1 | Step 42020/34883 | Loss 2.0010 | LR 3.60e-04
2026-05-14 22:30:12,316  INFO  Epoch 1/1 | Step 42030/34883 | Loss 2.0876 | LR 3.60e-04
2026-05-14 22:30:17,309  INFO  Epoch 1/1 | Step 42040/34883 | Loss 2.0963 | LR 3.60e-04
2026-05-14 22:30:22,312  INFO  Epoch 1/1 | Step 42050/34883 | Loss 2.0084 | LR 3.60e-04
2026-05-14 22:30:27,311  INFO  Epoch 1/1 | Step 42060/34883 | Loss 2.0007 | LR 3.60e-04
2026-05-14 22:30:32,308  INFO  Epoch 1/1 | Step 42070/34883 | Loss 1.9590 | LR 3.59e-04
2026-05-14 22:30:37,308  INFO  Epoch 1/1 | Step 42080/34883 | Loss 1.9897 | LR 3.59e-04
2026-05-14 22:30:42,309  INFO  Epoch 1/1 | Step 42090/34883 | Loss 1.9984 | LR 3.59e-04
2026-05-14 22:30:47,305  INFO  Epoch 1/1 | Step 42100/34883 | Loss 2.1220 | LR 3.59e-04
2026-05-14 22:30:52,303  INFO  Epoch 1/1 | Step 42110/34883 | Loss 1.9910 | LR 3.58e-04
2026-05-14 22:30:57,300  INFO  Epoch 1/1 | Step 42120/34883 | Loss 2.0311 | LR 3.58e-04
2026-05-14 22:31:02,298  INFO  Epoch 1/1 | Step 42130/34883 | Loss 1.8568 | LR 3.58e-04
2026-05-14 22:31:07,299  INFO  Epoch 1/1 | Step 42140/34883 | Loss 2.0142 | LR 3.58e-04
2026-05-14 22:31:12,297  INFO  Epoch 1/1 | Step 42150/34883 | Loss 1.9490 | LR 3.58e-04
2026-05-14 22:31:17,293  INFO  Epoch 1/1 | Step 42160/34883 | Loss 1.9603 | LR 3.57e-04
2026-05-14 22:31:22,293  INFO  Epoch 1/1 | Step 42170/34883 | Loss 1.9859 | LR 3.57e-04
2026-05-14 22:31:27,293  INFO  Epoch 1/1 | Step 42180/34883 | Loss 2.0895 | LR 3.57e-04
2026-05-14 22:31:32,290  INFO  Epoch 1/1 | Step 42190/34883 | Loss 2.0608 | LR 3.57e-04
2026-05-14 22:31:37,286  INFO  Epoch 1/1 | Step 42200/34883 | Loss 1.9648 | LR 3.56e-04
2026-05-14 22:31:42,286  INFO  Epoch 1/1 | Step 42210/34883 | Loss 2.1182 | LR 3.56e-04
2026-05-14 22:31:47,284  INFO  Epoch 1/1 | Step 42220/34883 | Loss 1.9852 | LR 3.56e-04
2026-05-14 22:31:52,282  INFO  Epoch 1/1 | Step 42230/34883 | Loss 2.0689 | LR 3.56e-04
2026-05-14 22:31:57,280  INFO  Epoch 1/1 | Step 42240/34883 | Loss 1.9941 | LR 3.56e-04
2026-05-14 22:32:02,279  INFO  Epoch 1/1 | Step 42250/34883 | Loss 2.0432 | LR 3.55e-04
2026-05-14 22:32:07,278  INFO  Epoch 1/1 | Step 42260/34883 | Loss 2.1167 | LR 3.55e-04
2026-05-14 22:32:12,276  INFO  Epoch 1/1 | Step 42270/34883 | Loss 2.0764 | LR 3.55e-04
2026-05-14 22:32:17,276  INFO  Epoch 1/1 | Step 42280/34883 | Loss 2.2087 | LR 3.55e-04
2026-05-14 22:32:22,276  INFO  Epoch 1/1 | Step 42290/34883 | Loss 2.1029 | LR 3.54e-04
2026-05-14 22:32:27,274  INFO  Epoch 1/1 | Step 42300/34883 | Loss 2.0901 | LR 3.54e-04
2026-05-14 22:32:32,276  INFO  Epoch 1/1 | Step 42310/34883 | Loss 1.8485 | LR 3.54e-04
2026-05-14 22:32:37,274  INFO  Epoch 1/1 | Step 42320/34883 | Loss 2.0994 | LR 3.54e-04
2026-05-14 22:32:42,268  INFO  Epoch 1/1 | Step 42330/34883 | Loss 2.1542 | LR 3.54e-04
2026-05-14 22:32:47,268  INFO  Epoch 1/1 | Step 42340/34883 | Loss 1.8868 | LR 3.53e-04
2026-05-14 22:32:52,264  INFO  Epoch 1/1 | Step 42350/34883 | Loss 1.9272 | LR 3.53e-04
2026-05-14 22:32:57,262  INFO  Epoch 1/1 | Step 42360/34883 | Loss 1.9985 | LR 3.53e-04
2026-05-14 22:33:02,264  INFO  Epoch 1/1 | Step 42370/34883 | Loss 2.0429 | LR 3.53e-04
2026-05-14 22:33:07,261  INFO  Epoch 1/1 | Step 42380/34883 | Loss 2.2447 | LR 3.52e-04
2026-05-14 22:33:12,260  INFO  Epoch 1/1 | Step 42390/34883 | Loss 2.1140 | LR 3.52e-04
2026-05-14 22:33:17,256  INFO  Epoch 1/1 | Step 42400/34883 | Loss 2.1373 | LR 3.52e-04
2026-05-14 22:33:22,256  INFO  Epoch 1/1 | Step 42410/34883 | Loss 2.1498 | LR 3.52e-04
2026-05-14 22:33:27,253  INFO  Epoch 1/1 | Step 42420/34883 | Loss 2.1446 | LR 3.52e-04
2026-05-14 22:33:32,252  INFO  Epoch 1/1 | Step 42430/34883 | Loss 2.0251 | LR 3.51e-04
2026-05-14 22:33:37,249  INFO  Epoch 1/1 | Step 42440/34883 | Loss 1.9989 | LR 3.51e-04
2026-05-14 22:33:42,251  INFO  Epoch 1/1 | Step 42450/34883 | Loss 2.1647 | LR 3.51e-04
2026-05-14 22:33:47,249  INFO  Epoch 1/1 | Step 42460/34883 | Loss 2.0318 | LR 3.51e-04
2026-05-14 22:33:52,248  INFO  Epoch 1/1 | Step 42470/34883 | Loss 2.1515 | LR 3.50e-04
2026-05-14 22:33:57,244  INFO  Epoch 1/1 | Step 42480/34883 | Loss 1.9851 | LR 3.50e-04
2026-05-14 22:34:02,245  INFO  Epoch 1/1 | Step 42490/34883 | Loss 2.0667 | LR 3.50e-04
2026-05-14 22:34:07,240  INFO  Epoch 1/1 | Step 42500/34883 | Loss 2.0567 | LR 3.50e-04
2026-05-14 22:34:12,239  INFO  Epoch 1/1 | Step 42510/34883 | Loss 2.0304 | LR 3.50e-04
2026-05-14 22:34:17,238  INFO  Epoch 1/1 | Step 42520/34883 | Loss 2.1370 | LR 3.49e-04
2026-05-14 22:34:22,238  INFO  Epoch 1/1 | Step 42530/34883 | Loss 2.2198 | LR 3.49e-04
2026-05-14 22:34:27,238  INFO  Epoch 1/1 | Step 42540/34883 | Loss 2.0727 | LR 3.49e-04
2026-05-14 22:34:32,236  INFO  Epoch 1/1 | Step 42550/34883 | Loss 2.0278 | LR 3.49e-04
2026-05-14 22:34:37,231  INFO  Epoch 1/1 | Step 42560/34883 | Loss 2.0506 | LR 3.49e-04
2026-05-14 22:34:42,229  INFO  Epoch 1/1 | Step 42570/34883 | Loss 2.1062 | LR 3.48e-04
2026-05-14 22:34:47,231  INFO  Epoch 1/1 | Step 42580/34883 | Loss 2.0754 | LR 3.48e-04
2026-05-14 22:34:52,229  INFO  Epoch 1/1 | Step 42590/34883 | Loss 2.0554 | LR 3.48e-04
2026-05-14 22:34:57,227  INFO  Epoch 1/1 | Step 42600/34883 | Loss 2.1067 | LR 3.48e-04
2026-05-14 22:35:02,226  INFO  Epoch 1/1 | Step 42610/34883 | Loss 2.1289 | LR 3.47e-04
2026-05-14 22:35:07,223  INFO  Epoch 1/1 | Step 42620/34883 | Loss 2.1337 | LR 3.47e-04
2026-05-14 22:35:12,222  INFO  Epoch 1/1 | Step 42630/34883 | Loss 1.9372 | LR 3.47e-04
2026-05-14 22:35:17,220  INFO  Epoch 1/1 | Step 42640/34883 | Loss 2.1433 | LR 3.47e-04
2026-05-14 22:35:22,219  INFO  Epoch 1/1 | Step 42650/34883 | Loss 2.0028 | LR 3.47e-04
2026-05-14 22:35:27,219  INFO  Epoch 1/1 | Step 42660/34883 | Loss 2.2155 | LR 3.46e-04
2026-05-14 22:35:32,218  INFO  Epoch 1/1 | Step 42670/34883 | Loss 2.0651 | LR 3.46e-04
2026-05-14 22:35:37,215  INFO  Epoch 1/1 | Step 42680/34883 | Loss 2.2141 | LR 3.46e-04
2026-05-14 22:35:42,213  INFO  Epoch 1/1 | Step 42690/34883 | Loss 2.0310 | LR 3.46e-04
2026-05-14 22:35:47,212  INFO  Epoch 1/1 | Step 42700/34883 | Loss 2.0207 | LR 3.45e-04
2026-05-14 22:35:52,206  INFO  Epoch 1/1 | Step 42710/34883 | Loss 1.9628 | LR 3.45e-04
2026-05-14 22:35:57,209  INFO  Epoch 1/1 | Step 42720/34883 | Loss 2.1180 | LR 3.45e-04
2026-05-14 22:36:02,205  INFO  Epoch 1/1 | Step 42730/34883 | Loss 2.1331 | LR 3.45e-04
2026-05-14 22:36:07,204  INFO  Epoch 1/1 | Step 42740/34883 | Loss 1.8929 | LR 3.45e-04
2026-05-14 22:36:12,200  INFO  Epoch 1/1 | Step 42750/34883 | Loss 2.0995 | LR 3.44e-04
2026-05-14 22:36:17,202  INFO  Epoch 1/1 | Step 42760/34883 | Loss 2.1911 | LR 3.44e-04
2026-05-14 22:36:22,200  INFO  Epoch 1/1 | Step 42770/34883 | Loss 2.2072 | LR 3.44e-04
2026-05-14 22:36:27,197  INFO  Epoch 1/1 | Step 42780/34883 | Loss 2.1829 | LR 3.44e-04
2026-05-14 22:36:32,195  INFO  Epoch 1/1 | Step 42790/34883 | Loss 1.9168 | LR 3.43e-04
2026-05-14 22:36:37,196  INFO  Epoch 1/1 | Step 42800/34883 | Loss 2.1669 | LR 3.43e-04
2026-05-14 22:36:42,192  INFO  Epoch 1/1 | Step 42810/34883 | Loss 2.1891 | LR 3.43e-04
2026-05-14 22:36:47,192  INFO  Epoch 1/1 | Step 42820/34883 | Loss 2.1117 | LR 3.43e-04
2026-05-14 22:36:52,191  INFO  Epoch 1/1 | Step 42830/34883 | Loss 2.1698 | LR 3.43e-04
2026-05-14 22:36:57,191  INFO  Epoch 1/1 | Step 42840/34883 | Loss 2.0725 | LR 3.42e-04
2026-05-14 22:37:02,187  INFO  Epoch 1/1 | Step 42850/34883 | Loss 2.0669 | LR 3.42e-04
2026-05-14 22:37:07,186  INFO  Epoch 1/1 | Step 42860/34883 | Loss 2.0342 | LR 3.42e-04
2026-05-14 22:37:12,186  INFO  Epoch 1/1 | Step 42870/34883 | Loss 2.0451 | LR 3.42e-04
2026-05-14 22:37:17,183  INFO  Epoch 1/1 | Step 42880/34883 | Loss 1.8871 | LR 3.41e-04
2026-05-14 22:37:22,184  INFO  Epoch 1/1 | Step 42890/34883 | Loss 2.1524 | LR 3.41e-04
2026-05-14 22:37:27,179  INFO  Epoch 1/1 | Step 42900/34883 | Loss 1.8919 | LR 3.41e-04
2026-05-14 22:37:32,177  INFO  Epoch 1/1 | Step 42910/34883 | Loss 1.9906 | LR 3.41e-04
2026-05-14 22:37:37,178  INFO  Epoch 1/1 | Step 42920/34883 | Loss 2.1182 | LR 3.41e-04
2026-05-14 22:37:42,173  INFO  Epoch 1/1 | Step 42930/34883 | Loss 2.0131 | LR 3.40e-04
2026-05-14 22:37:47,174  INFO  Epoch 1/1 | Step 42940/34883 | Loss 2.1474 | LR 3.40e-04
2026-05-14 22:37:52,171  INFO  Epoch 1/1 | Step 42950/34883 | Loss 1.9335 | LR 3.40e-04
2026-05-14 22:37:57,168  INFO  Epoch 1/1 | Step 42960/34883 | Loss 2.0524 | LR 3.40e-04
2026-05-14 22:38:02,170  INFO  Epoch 1/1 | Step 42970/34883 | Loss 2.3523 | LR 3.39e-04
2026-05-14 22:38:07,167  INFO  Epoch 1/1 | Step 42980/34883 | Loss 2.0061 | LR 3.39e-04
2026-05-14 22:38:12,164  INFO  Epoch 1/1 | Step 42990/34883 | Loss 2.1903 | LR 3.39e-04
2026-05-14 22:38:17,166  INFO  Epoch 1/1 | Step 43000/34883 | Loss 1.9039 | LR 3.39e-04
2026-05-14 22:38:22,164  INFO  Epoch 1/1 | Step 43010/34883 | Loss 2.0511 | LR 3.39e-04
2026-05-14 22:38:27,160  INFO  Epoch 1/1 | Step 43020/34883 | Loss 1.9028 | LR 3.38e-04
2026-05-14 22:38:32,161  INFO  Epoch 1/1 | Step 43030/34883 | Loss 2.2174 | LR 3.38e-04
2026-05-14 22:38:37,155  INFO  Epoch 1/1 | Step 43040/34883 | Loss 2.1333 | LR 3.38e-04
2026-05-14 22:38:42,156  INFO  Epoch 1/1 | Step 43050/34883 | Loss 2.1550 | LR 3.38e-04
2026-05-14 22:38:47,154  INFO  Epoch 1/1 | Step 43060/34883 | Loss 2.1240 | LR 3.37e-04
2026-05-14 22:38:52,152  INFO  Epoch 1/1 | Step 43070/34883 | Loss 2.0346 | LR 3.37e-04
2026-05-14 22:38:57,150  INFO  Epoch 1/1 | Step 43080/34883 | Loss 2.0060 | LR 3.37e-04
2026-05-14 22:39:02,152  INFO  Epoch 1/1 | Step 43090/34883 | Loss 2.0641 | LR 3.37e-04
2026-05-14 22:39:07,149  INFO  Epoch 1/1 | Step 43100/34883 | Loss 1.8783 | LR 3.37e-04
2026-05-14 22:39:12,149  INFO  Epoch 1/1 | Step 43110/34883 | Loss 2.1061 | LR 3.36e-04
2026-05-14 22:39:17,147  INFO  Epoch 1/1 | Step 43120/34883 | Loss 2.0405 | LR 3.36e-04
2026-05-14 22:39:22,146  INFO  Epoch 1/1 | Step 43130/34883 | Loss 2.0272 | LR 3.36e-04
2026-05-14 22:39:27,142  INFO  Epoch 1/1 | Step 43140/34883 | Loss 2.0981 | LR 3.36e-04
2026-05-14 22:39:32,140  INFO  Epoch 1/1 | Step 43150/34883 | Loss 2.0238 | LR 3.36e-04
2026-05-14 22:39:37,139  INFO  Epoch 1/1 | Step 43160/34883 | Loss 2.0124 | LR 3.35e-04
2026-05-14 22:39:42,138  INFO  Epoch 1/1 | Step 43170/34883 | Loss 1.9831 | LR 3.35e-04
2026-05-14 22:39:47,137  INFO  Epoch 1/1 | Step 43180/34883 | Loss 2.1748 | LR 3.35e-04
2026-05-14 22:39:52,133  INFO  Epoch 1/1 | Step 43190/34883 | Loss 2.0791 | LR 3.35e-04
2026-05-14 22:39:57,134  INFO  Epoch 1/1 | Step 43200/34883 | Loss 2.0847 | LR 3.34e-04
2026-05-14 22:40:02,131  INFO  Epoch 1/1 | Step 43210/34883 | Loss 2.0091 | LR 3.34e-04
2026-05-14 22:40:07,130  INFO  Epoch 1/1 | Step 43220/34883 | Loss 2.1805 | LR 3.34e-04
2026-05-14 22:40:12,130  INFO  Epoch 1/1 | Step 43230/34883 | Loss 2.0913 | LR 3.34e-04
2026-05-14 22:40:17,123  INFO  Epoch 1/1 | Step 43240/34883 | Loss 2.2557 | LR 3.34e-04
2026-05-14 22:40:22,127  INFO  Epoch 1/1 | Step 43250/34883 | Loss 1.9865 | LR 3.33e-04
2026-05-14 22:40:27,125  INFO  Epoch 1/1 | Step 43260/34883 | Loss 1.8442 | LR 3.33e-04
2026-05-14 22:40:32,123  INFO  Epoch 1/1 | Step 43270/34883 | Loss 1.8474 | LR 3.33e-04
2026-05-14 22:40:37,121  INFO  Epoch 1/1 | Step 43280/34883 | Loss 1.9918 | LR 3.33e-04
2026-05-14 22:40:42,120  INFO  Epoch 1/1 | Step 43290/34883 | Loss 1.8125 | LR 3.32e-04
2026-05-14 22:40:47,117  INFO  Epoch 1/1 | Step 43300/34883 | Loss 2.0251 | LR 3.32e-04
2026-05-14 22:40:52,119  INFO  Epoch 1/1 | Step 43310/34883 | Loss 2.0332 | LR 3.32e-04
2026-05-14 22:40:57,116  INFO  Epoch 1/1 | Step 43320/34883 | Loss 2.1234 | LR 3.32e-04
2026-05-14 22:41:02,111  INFO  Epoch 1/1 | Step 43330/34883 | Loss 2.0136 | LR 3.32e-04
2026-05-14 22:41:07,112  INFO  Epoch 1/1 | Step 43340/34883 | Loss 1.9751 | LR 3.31e-04
2026-05-14 22:41:12,110  INFO  Epoch 1/1 | Step 43350/34883 | Loss 2.0116 | LR 3.31e-04
2026-05-14 22:41:17,110  INFO  Epoch 1/1 | Step 43360/34883 | Loss 2.0706 | LR 3.31e-04
2026-05-14 22:41:22,109  INFO  Epoch 1/1 | Step 43370/34883 | Loss 2.2044 | LR 3.31e-04
2026-05-14 22:41:27,106  INFO  Epoch 1/1 | Step 43380/34883 | Loss 2.0531 | LR 3.30e-04
2026-05-14 22:41:32,103  INFO  Epoch 1/1 | Step 43390/34883 | Loss 1.9481 | LR 3.30e-04
2026-05-14 22:41:37,105  INFO  Epoch 1/1 | Step 43400/34883 | Loss 2.1550 | LR 3.30e-04
2026-05-14 22:41:42,103  INFO  Epoch 1/1 | Step 43410/34883 | Loss 2.1349 | LR 3.30e-04
2026-05-14 22:41:47,100  INFO  Epoch 1/1 | Step 43420/34883 | Loss 2.1300 | LR 3.30e-04
2026-05-14 22:41:52,097  INFO  Epoch 1/1 | Step 43430/34883 | Loss 1.9912 | LR 3.29e-04
2026-05-14 22:41:57,096  INFO  Epoch 1/1 | Step 43440/34883 | Loss 2.0738 | LR 3.29e-04
2026-05-14 22:42:02,098  INFO  Epoch 1/1 | Step 43450/34883 | Loss 2.0432 | LR 3.29e-04
2026-05-14 22:42:07,116  INFO  Epoch 1/1 | Step 43460/34883 | Loss 2.1562 | LR 3.29e-04
2026-05-14 22:42:12,116  INFO  Epoch 1/1 | Step 43470/34883 | Loss 1.9880 | LR 3.29e-04
2026-05-14 22:42:17,112  INFO  Epoch 1/1 | Step 43480/34883 | Loss 2.0269 | LR 3.28e-04
2026-05-14 22:42:22,108  INFO  Epoch 1/1 | Step 43490/34883 | Loss 2.0300 | LR 3.28e-04
2026-05-14 22:42:27,110  INFO  Epoch 1/1 | Step 43500/34883 | Loss 2.1767 | LR 3.28e-04
2026-05-14 22:42:32,106  INFO  Epoch 1/1 | Step 43510/34883 | Loss 2.0715 | LR 3.28e-04
2026-05-14 22:42:37,103  INFO  Epoch 1/1 | Step 43520/34883 | Loss 1.9481 | LR 3.27e-04
2026-05-14 22:42:42,102  INFO  Epoch 1/1 | Step 43530/34883 | Loss 2.0887 | LR 3.27e-04
2026-05-14 22:42:47,103  INFO  Epoch 1/1 | Step 43540/34883 | Loss 2.1538 | LR 3.27e-04
2026-05-14 22:42:52,103  INFO  Epoch 1/1 | Step 43550/34883 | Loss 2.1138 | LR 3.27e-04
2026-05-14 22:42:57,098  INFO  Epoch 1/1 | Step 43560/34883 | Loss 2.0400 | LR 3.27e-04
2026-05-14 22:43:02,117  INFO  Epoch 1/1 | Step 43570/34883 | Loss 1.9847 | LR 3.26e-04
2026-05-14 22:43:07,136  INFO  Epoch 1/1 | Step 43580/34883 | Loss 2.2145 | LR 3.26e-04
2026-05-14 22:43:12,136  INFO  Epoch 1/1 | Step 43590/34883 | Loss 2.0701 | LR 3.26e-04
2026-05-14 22:43:17,133  INFO  Epoch 1/1 | Step 43600/34883 | Loss 2.0099 | LR 3.26e-04
2026-05-14 22:43:22,133  INFO  Epoch 1/1 | Step 43610/34883 | Loss 2.0084 | LR 3.25e-04
2026-05-14 22:43:27,129  INFO  Epoch 1/1 | Step 43620/34883 | Loss 1.9790 | LR 3.25e-04
2026-05-14 22:43:32,127  INFO  Epoch 1/1 | Step 43630/34883 | Loss 2.1226 | LR 3.25e-04
2026-05-14 22:43:37,125  INFO  Epoch 1/1 | Step 43640/34883 | Loss 2.0309 | LR 3.25e-04
2026-05-14 22:43:42,125  INFO  Epoch 1/1 | Step 43650/34883 | Loss 1.9973 | LR 3.25e-04
2026-05-14 22:43:47,122  INFO  Epoch 1/1 | Step 43660/34883 | Loss 2.0047 | LR 3.24e-04
2026-05-14 22:43:52,121  INFO  Epoch 1/1 | Step 43670/34883 | Loss 1.9620 | LR 3.24e-04
2026-05-14 22:43:57,120  INFO  Epoch 1/1 | Step 43680/34883 | Loss 2.0788 | LR 3.24e-04
2026-05-14 22:44:02,117  INFO  Epoch 1/1 | Step 43690/34883 | Loss 2.1389 | LR 3.24e-04
2026-05-14 22:44:07,118  INFO  Epoch 1/1 | Step 43700/34883 | Loss 2.0089 | LR 3.24e-04
2026-05-14 22:44:12,116  INFO  Epoch 1/1 | Step 43710/34883 | Loss 2.0522 | LR 3.23e-04
2026-05-14 22:44:17,114  INFO  Epoch 1/1 | Step 43720/34883 | Loss 1.9607 | LR 3.23e-04
2026-05-14 22:44:22,112  INFO  Epoch 1/1 | Step 43730/34883 | Loss 2.1163 | LR 3.23e-04
2026-05-14 22:44:27,111  INFO  Epoch 1/1 | Step 43740/34883 | Loss 2.2321 | LR 3.23e-04
2026-05-14 22:44:32,111  INFO  Epoch 1/1 | Step 43750/34883 | Loss 2.0996 | LR 3.22e-04
2026-05-14 22:44:37,108  INFO  Epoch 1/1 | Step 43760/34883 | Loss 2.0087 | LR 3.22e-04
2026-05-14 22:44:42,108  INFO  Epoch 1/1 | Step 43770/34883 | Loss 2.1294 | LR 3.22e-04
2026-05-14 22:44:47,099  INFO  Epoch 1/1 | Step 43780/34883 | Loss 2.0966 | LR 3.22e-04
2026-05-14 22:44:52,104  INFO  Epoch 1/1 | Step 43790/34883 | Loss 2.0371 | LR 3.22e-04
2026-05-14 22:44:57,101  INFO  Epoch 1/1 | Step 43800/34883 | Loss 2.0854 | LR 3.21e-04
2026-05-14 22:45:02,097  INFO  Epoch 1/1 | Step 43810/34883 | Loss 1.9731 | LR 3.21e-04
2026-05-14 22:45:07,097  INFO  Epoch 1/1 | Step 43820/34883 | Loss 2.1911 | LR 3.21e-04
2026-05-14 22:45:12,094  INFO  Epoch 1/1 | Step 43830/34883 | Loss 1.9209 | LR 3.21e-04
2026-05-14 22:45:17,093  INFO  Epoch 1/1 | Step 43840/34883 | Loss 2.0571 | LR 3.20e-04
2026-05-14 22:45:22,093  INFO  Epoch 1/1 | Step 43850/34883 | Loss 1.9338 | LR 3.20e-04
2026-05-14 22:45:27,091  INFO  Epoch 1/1 | Step 43860/34883 | Loss 2.0914 | LR 3.20e-04
2026-05-14 22:45:32,088  INFO  Epoch 1/1 | Step 43870/34883 | Loss 2.0761 | LR 3.20e-04
2026-05-14 22:45:37,087  INFO  Epoch 1/1 | Step 43880/34883 | Loss 2.0377 | LR 3.20e-04
2026-05-14 22:45:42,087  INFO  Epoch 1/1 | Step 43890/34883 | Loss 2.0768 | LR 3.19e-04
2026-05-14 22:45:47,085  INFO  Epoch 1/1 | Step 43900/34883 | Loss 1.9396 | LR 3.19e-04
2026-05-14 22:45:52,084  INFO  Epoch 1/1 | Step 43910/34883 | Loss 2.1978 | LR 3.19e-04
2026-05-14 22:45:57,083  INFO  Epoch 1/1 | Step 43920/34883 | Loss 2.0413 | LR 3.19e-04
2026-05-14 22:46:02,080  INFO  Epoch 1/1 | Step 43930/34883 | Loss 1.9907 | LR 3.19e-04
2026-05-14 22:46:07,079  INFO  Epoch 1/1 | Step 43940/34883 | Loss 2.1466 | LR 3.18e-04
2026-05-14 22:46:12,075  INFO  Epoch 1/1 | Step 43950/34883 | Loss 1.9912 | LR 3.18e-04
2026-05-14 22:46:17,076  INFO  Epoch 1/1 | Step 43960/34883 | Loss 2.0075 | LR 3.18e-04
2026-05-14 22:46:22,073  INFO  Epoch 1/1 | Step 43970/34883 | Loss 1.9800 | LR 3.18e-04
2026-05-14 22:46:27,073  INFO  Epoch 1/1 | Step 43980/34883 | Loss 2.2110 | LR 3.17e-04
2026-05-14 22:46:32,068  INFO  Epoch 1/1 | Step 43990/34883 | Loss 1.9925 | LR 3.17e-04
2026-05-14 22:46:37,069  INFO  Epoch 1/1 | Step 44000/34883 | Loss 2.0441 | LR 3.17e-04
2026-05-14 22:46:42,067  INFO  Epoch 1/1 | Step 44010/34883 | Loss 2.0463 | LR 3.17e-04
2026-05-14 22:46:47,065  INFO  Epoch 1/1 | Step 44020/34883 | Loss 2.0477 | LR 3.17e-04
2026-05-14 22:46:52,066  INFO  Epoch 1/1 | Step 44030/34883 | Loss 2.2206 | LR 3.16e-04
2026-05-14 22:46:57,062  INFO  Epoch 1/1 | Step 44040/34883 | Loss 2.0242 | LR 3.16e-04
2026-05-14 22:47:02,063  INFO  Epoch 1/1 | Step 44050/34883 | Loss 2.1061 | LR 3.16e-04
2026-05-14 22:47:07,061  INFO  Epoch 1/1 | Step 44060/34883 | Loss 2.1076 | LR 3.16e-04
2026-05-14 22:47:12,055  INFO  Epoch 1/1 | Step 44070/34883 | Loss 2.0875 | LR 3.16e-04
2026-05-14 22:47:17,058  INFO  Epoch 1/1 | Step 44080/34883 | Loss 2.0653 | LR 3.15e-04
2026-05-14 22:47:22,057  INFO  Epoch 1/1 | Step 44090/34883 | Loss 1.9440 | LR 3.15e-04
2026-05-14 22:47:27,055  INFO  Epoch 1/1 | Step 44100/34883 | Loss 1.9270 | LR 3.15e-04
2026-05-14 22:47:32,057  INFO  Epoch 1/1 | Step 44110/34883 | Loss 2.1085 | LR 3.15e-04
2026-05-14 22:47:37,051  INFO  Epoch 1/1 | Step 44120/34883 | Loss 2.0439 | LR 3.14e-04
2026-05-14 22:47:42,052  INFO  Epoch 1/1 | Step 44130/34883 | Loss 1.9872 | LR 3.14e-04
2026-05-14 22:47:47,048  INFO  Epoch 1/1 | Step 44140/34883 | Loss 2.0591 | LR 3.14e-04
2026-05-14 22:47:52,046  INFO  Epoch 1/1 | Step 44150/34883 | Loss 2.0283 | LR 3.14e-04
2026-05-14 22:47:57,042  INFO  Epoch 1/1 | Step 44160/34883 | Loss 1.9049 | LR 3.14e-04
2026-05-14 22:48:02,042  INFO  Epoch 1/1 | Step 44170/34883 | Loss 2.1011 | LR 3.13e-04
2026-05-14 22:48:07,044  INFO  Epoch 1/1 | Step 44180/34883 | Loss 2.1324 | LR 3.13e-04
2026-05-14 22:48:12,039  INFO  Epoch 1/1 | Step 44190/34883 | Loss 2.1278 | LR 3.13e-04
2026-05-14 22:48:17,040  INFO  Epoch 1/1 | Step 44200/34883 | Loss 2.1785 | LR 3.13e-04
2026-05-14 22:48:22,039  INFO  Epoch 1/1 | Step 44210/34883 | Loss 2.0164 | LR 3.12e-04
2026-05-14 22:48:27,035  INFO  Epoch 1/1 | Step 44220/34883 | Loss 2.0724 | LR 3.12e-04
2026-05-14 22:48:32,033  INFO  Epoch 1/1 | Step 44230/34883 | Loss 2.2557 | LR 3.12e-04
2026-05-14 22:48:37,033  INFO  Epoch 1/1 | Step 44240/34883 | Loss 2.0295 | LR 3.12e-04
2026-05-14 22:48:42,032  INFO  Epoch 1/1 | Step 44250/34883 | Loss 2.0863 | LR 3.12e-04
2026-05-14 22:48:47,029  INFO  Epoch 1/1 | Step 44260/34883 | Loss 1.9204 | LR 3.11e-04
2026-05-14 22:48:52,027  INFO  Epoch 1/1 | Step 44270/34883 | Loss 2.0779 | LR 3.11e-04
2026-05-14 22:48:57,027  INFO  Epoch 1/1 | Step 44280/34883 | Loss 2.1392 | LR 3.11e-04
2026-05-14 22:49:02,025  INFO  Epoch 1/1 | Step 44290/34883 | Loss 2.1294 | LR 3.11e-04
2026-05-14 22:49:07,022  INFO  Epoch 1/1 | Step 44300/34883 | Loss 2.1686 | LR 3.11e-04
2026-05-14 22:49:12,022  INFO  Epoch 1/1 | Step 44310/34883 | Loss 2.0854 | LR 3.10e-04
2026-05-14 22:49:17,019  INFO  Epoch 1/1 | Step 44320/34883 | Loss 1.9251 | LR 3.10e-04
2026-05-14 22:49:22,019  INFO  Epoch 1/1 | Step 44330/34883 | Loss 2.0498 | LR 3.10e-04
2026-05-14 22:49:27,016  INFO  Epoch 1/1 | Step 44340/34883 | Loss 2.0935 | LR 3.10e-04
2026-05-14 22:49:32,015  INFO  Epoch 1/1 | Step 44350/34883 | Loss 2.1315 | LR 3.09e-04
2026-05-14 22:49:37,010  INFO  Epoch 1/1 | Step 44360/34883 | Loss 1.8442 | LR 3.09e-04
2026-05-14 22:49:42,011  INFO  Epoch 1/1 | Step 44370/34883 | Loss 2.0041 | LR 3.09e-04
2026-05-14 22:49:47,010  INFO  Epoch 1/1 | Step 44380/34883 | Loss 2.0425 | LR 3.09e-04
2026-05-14 22:49:52,010  INFO  Epoch 1/1 | Step 44390/34883 | Loss 2.1377 | LR 3.09e-04
2026-05-14 22:49:57,006  INFO  Epoch 1/1 | Step 44400/34883 | Loss 1.9289 | LR 3.08e-04
2026-05-14 22:50:02,007  INFO  Epoch 1/1 | Step 44410/34883 | Loss 2.0173 | LR 3.08e-04
2026-05-14 22:50:07,002  INFO  Epoch 1/1 | Step 44420/34883 | Loss 1.9856 | LR 3.08e-04
2026-05-14 22:50:12,001  INFO  Epoch 1/1 | Step 44430/34883 | Loss 1.9841 | LR 3.08e-04
2026-05-14 22:50:17,000  INFO  Epoch 1/1 | Step 44440/34883 | Loss 1.9644 | LR 3.08e-04
2026-05-14 22:50:21,998  INFO  Epoch 1/1 | Step 44450/34883 | Loss 2.0708 | LR 3.07e-04
2026-05-14 22:50:26,999  INFO  Epoch 1/1 | Step 44460/34883 | Loss 2.0179 | LR 3.07e-04
2026-05-14 22:50:31,995  INFO  Epoch 1/1 | Step 44470/34883 | Loss 2.0160 | LR 3.07e-04
2026-05-14 22:50:36,994  INFO  Epoch 1/1 | Step 44480/34883 | Loss 2.2770 | LR 3.07e-04
2026-05-14 22:50:41,992  INFO  Epoch 1/1 | Step 44490/34883 | Loss 2.0610 | LR 3.06e-04
2026-05-14 22:50:46,993  INFO  Epoch 1/1 | Step 44500/34883 | Loss 2.1427 | LR 3.06e-04
2026-05-14 22:50:51,989  INFO  Epoch 1/1 | Step 44510/34883 | Loss 2.0448 | LR 3.06e-04
2026-05-14 22:50:56,987  INFO  Epoch 1/1 | Step 44520/34883 | Loss 1.8876 | LR 3.06e-04
2026-05-14 22:51:01,986  INFO  Epoch 1/1 | Step 44530/34883 | Loss 2.0293 | LR 3.06e-04
2026-05-14 22:51:06,986  INFO  Epoch 1/1 | Step 44540/34883 | Loss 1.9403 | LR 3.05e-04
2026-05-14 22:51:11,982  INFO  Epoch 1/1 | Step 44550/34883 | Loss 1.8910 | LR 3.05e-04
2026-05-14 22:51:16,982  INFO  Epoch 1/1 | Step 44560/34883 | Loss 1.9460 | LR 3.05e-04
2026-05-14 22:51:21,980  INFO  Epoch 1/1 | Step 44570/34883 | Loss 2.0181 | LR 3.05e-04
2026-05-14 22:51:26,980  INFO  Epoch 1/1 | Step 44580/34883 | Loss 1.9764 | LR 3.05e-04
2026-05-14 22:51:31,977  INFO  Epoch 1/1 | Step 44590/34883 | Loss 2.0292 | LR 3.04e-04
2026-05-14 22:51:36,976  INFO  Epoch 1/1 | Step 44600/34883 | Loss 2.1835 | LR 3.04e-04
2026-05-14 22:51:41,974  INFO  Epoch 1/1 | Step 44610/34883 | Loss 2.0935 | LR 3.04e-04
2026-05-14 22:51:46,972  INFO  Epoch 1/1 | Step 44620/34883 | Loss 2.0088 | LR 3.04e-04
2026-05-14 22:51:51,968  INFO  Epoch 1/1 | Step 44630/34883 | Loss 2.0545 | LR 3.03e-04
2026-05-14 22:51:56,967  INFO  Epoch 1/1 | Step 44640/34883 | Loss 2.0506 | LR 3.03e-04
2026-05-14 22:52:01,969  INFO  Epoch 1/1 | Step 44650/34883 | Loss 2.0312 | LR 3.03e-04
2026-05-14 22:52:06,967  INFO  Epoch 1/1 | Step 44660/34883 | Loss 2.0716 | LR 3.03e-04
2026-05-14 22:52:11,965  INFO  Epoch 1/1 | Step 44670/34883 | Loss 2.0640 | LR 3.03e-04
2026-05-14 22:52:16,964  INFO  Epoch 1/1 | Step 44680/34883 | Loss 1.9327 | LR 3.02e-04
2026-05-14 22:52:21,958  INFO  Epoch 1/1 | Step 44690/34883 | Loss 2.1549 | LR 3.02e-04
2026-05-14 22:52:26,960  INFO  Epoch 1/1 | Step 44700/34883 | Loss 2.1475 | LR 3.02e-04
2026-05-14 22:52:31,958  INFO  Epoch 1/1 | Step 44710/34883 | Loss 1.9676 | LR 3.02e-04
2026-05-14 22:52:36,956  INFO  Epoch 1/1 | Step 44720/34883 | Loss 1.9997 | LR 3.02e-04
2026-05-14 22:52:41,953  INFO  Epoch 1/1 | Step 44730/34883 | Loss 2.1094 | LR 3.01e-04
2026-05-14 22:52:46,954  INFO  Epoch 1/1 | Step 44740/34883 | Loss 2.0838 | LR 3.01e-04
2026-05-14 22:52:51,953  INFO  Epoch 1/1 | Step 44750/34883 | Loss 2.2605 | LR 3.01e-04
2026-05-14 22:52:56,951  INFO  Epoch 1/1 | Step 44760/34883 | Loss 1.9551 | LR 3.01e-04
2026-05-14 22:53:01,949  INFO  Epoch 1/1 | Step 44770/34883 | Loss 2.1613 | LR 3.01e-04
2026-05-14 22:53:06,947  INFO  Epoch 1/1 | Step 44780/34883 | Loss 2.1468 | LR 3.00e-04
2026-05-14 22:53:11,945  INFO  Epoch 1/1 | Step 44790/34883 | Loss 1.9151 | LR 3.00e-04
2026-05-14 22:53:16,941  INFO  Epoch 1/1 | Step 44800/34883 | Loss 2.1124 | LR 3.00e-04
2026-05-14 22:53:21,941  INFO  Epoch 1/1 | Step 44810/34883 | Loss 2.0330 | LR 3.00e-04
2026-05-14 22:53:26,941  INFO  Epoch 1/1 | Step 44820/34883 | Loss 1.8364 | LR 2.99e-04
2026-05-14 22:53:31,941  INFO  Epoch 1/1 | Step 44830/34883 | Loss 1.8831 | LR 2.99e-04
2026-05-14 22:53:36,938  INFO  Epoch 1/1 | Step 44840/34883 | Loss 2.2024 | LR 2.99e-04
2026-05-14 22:53:41,937  INFO  Epoch 1/1 | Step 44850/34883 | Loss 2.0715 | LR 2.99e-04
2026-05-14 22:53:46,937  INFO  Epoch 1/1 | Step 44860/34883 | Loss 2.0104 | LR 2.99e-04
2026-05-14 22:53:51,933  INFO  Epoch 1/1 | Step 44870/34883 | Loss 2.0050 | LR 2.98e-04
2026-05-14 22:53:56,929  INFO  Epoch 1/1 | Step 44880/34883 | Loss 2.0210 | LR 2.98e-04
2026-05-14 22:54:01,930  INFO  Epoch 1/1 | Step 44890/34883 | Loss 2.0154 | LR 2.98e-04
2026-05-14 22:54:06,929  INFO  Epoch 1/1 | Step 44900/34883 | Loss 2.0330 | LR 2.98e-04
2026-05-14 22:54:11,929  INFO  Epoch 1/1 | Step 44910/34883 | Loss 2.0389 | LR 2.98e-04
2026-05-14 22:54:16,927  INFO  Epoch 1/1 | Step 44920/34883 | Loss 2.0807 | LR 2.97e-04
2026-05-14 22:54:21,925  INFO  Epoch 1/1 | Step 44930/34883 | Loss 2.0920 | LR 2.97e-04
2026-05-14 22:54:26,923  INFO  Epoch 1/1 | Step 44940/34883 | Loss 1.8042 | LR 2.97e-04
2026-05-14 22:54:31,919  INFO  Epoch 1/1 | Step 44950/34883 | Loss 1.9493 | LR 2.97e-04
2026-05-14 22:54:36,920  INFO  Epoch 1/1 | Step 44960/34883 | Loss 2.1176 | LR 2.96e-04
2026-05-14 22:54:41,919  INFO  Epoch 1/1 | Step 44970/34883 | Loss 1.9770 | LR 2.96e-04
2026-05-14 22:54:46,916  INFO  Epoch 1/1 | Step 44980/34883 | Loss 2.0050 | LR 2.96e-04
2026-05-14 22:54:51,913  INFO  Epoch 1/1 | Step 44990/34883 | Loss 1.9484 | LR 2.96e-04
2026-05-14 22:54:56,910  INFO  Epoch 1/1 | Step 45000/34883 | Loss 1.9385 | LR 2.96e-04
2026-05-14 22:55:01,910  INFO  Epoch 1/1 | Step 45010/34883 | Loss 2.0465 | LR 2.95e-04
2026-05-14 22:55:06,899  INFO  Epoch 1/1 | Step 45020/34883 | Loss 2.1325 | LR 2.95e-04
2026-05-14 22:55:11,887  INFO  Epoch 1/1 | Step 45030/34883 | Loss 2.1868 | LR 2.95e-04
2026-05-14 22:55:16,886  INFO  Epoch 1/1 | Step 45040/34883 | Loss 1.9946 | LR 2.95e-04
2026-05-14 22:55:21,881  INFO  Epoch 1/1 | Step 45050/34883 | Loss 2.0958 | LR 2.95e-04
2026-05-14 22:55:26,878  INFO  Epoch 1/1 | Step 45060/34883 | Loss 1.9199 | LR 2.94e-04
2026-05-14 22:55:31,875  INFO  Epoch 1/1 | Step 45070/34883 | Loss 1.9493 | LR 2.94e-04
2026-05-14 22:55:36,874  INFO  Epoch 1/1 | Step 45080/34883 | Loss 2.1686 | LR 2.94e-04
2026-05-14 22:55:41,849  INFO  Epoch 1/1 | Step 45090/34883 | Loss 1.9629 | LR 2.94e-04
2026-05-14 22:55:46,825  INFO  Epoch 1/1 | Step 45100/34883 | Loss 1.9331 | LR 2.94e-04
2026-05-14 22:55:51,810  INFO  Epoch 1/1 | Step 45110/34883 | Loss 2.0694 | LR 2.93e-04
2026-05-14 22:55:56,783  INFO  Epoch 1/1 | Step 45120/34883 | Loss 2.2264 | LR 2.93e-04
2026-05-14 22:56:01,751  INFO  Epoch 1/1 | Step 45130/34883 | Loss 2.1422 | LR 2.93e-04
2026-05-14 22:56:06,725  INFO  Epoch 1/1 | Step 45140/34883 | Loss 2.0897 | LR 2.93e-04
2026-05-14 22:56:11,697  INFO  Epoch 1/1 | Step 45150/34883 | Loss 1.9144 | LR 2.92e-04
2026-05-14 22:56:16,667  INFO  Epoch 1/1 | Step 45160/34883 | Loss 1.9672 | LR 2.92e-04
2026-05-14 22:56:21,656  INFO  Epoch 1/1 | Step 45170/34883 | Loss 2.1788 | LR 2.92e-04
2026-05-14 22:56:26,642  INFO  Epoch 1/1 | Step 45180/34883 | Loss 2.1707 | LR 2.92e-04
2026-05-14 22:56:31,629  INFO  Epoch 1/1 | Step 45190/34883 | Loss 1.9714 | LR 2.92e-04
2026-05-14 22:56:36,616  INFO  Epoch 1/1 | Step 45200/34883 | Loss 1.9921 | LR 2.91e-04
2026-05-14 22:56:41,601  INFO  Epoch 1/1 | Step 45210/34883 | Loss 1.8340 | LR 2.91e-04
2026-05-14 22:56:46,594  INFO  Epoch 1/1 | Step 45220/34883 | Loss 1.9574 | LR 2.91e-04
2026-05-14 22:56:51,594  INFO  Epoch 1/1 | Step 45230/34883 | Loss 2.1270 | LR 2.91e-04
2026-05-14 22:56:56,590  INFO  Epoch 1/1 | Step 45240/34883 | Loss 1.9519 | LR 2.91e-04
2026-05-14 22:57:01,587  INFO  Epoch 1/1 | Step 45250/34883 | Loss 2.0341 | LR 2.90e-04
2026-05-14 22:57:06,587  INFO  Epoch 1/1 | Step 45260/34883 | Loss 2.1328 | LR 2.90e-04
2026-05-14 22:57:11,587  INFO  Epoch 1/1 | Step 45270/34883 | Loss 2.0804 | LR 2.90e-04
2026-05-14 22:57:16,584  INFO  Epoch 1/1 | Step 45280/34883 | Loss 2.0323 | LR 2.90e-04
2026-05-14 22:57:21,569  INFO  Epoch 1/1 | Step 45290/34883 | Loss 2.2102 | LR 2.89e-04
2026-05-14 22:57:26,560  INFO  Epoch 1/1 | Step 45300/34883 | Loss 2.1139 | LR 2.89e-04
2026-05-14 22:57:31,543  INFO  Epoch 1/1 | Step 45310/34883 | Loss 1.9793 | LR 2.89e-04
2026-05-14 22:57:36,522  INFO  Epoch 1/1 | Step 45320/34883 | Loss 2.1577 | LR 2.89e-04
2026-05-14 22:57:41,511  INFO  Epoch 1/1 | Step 45330/34883 | Loss 2.0331 | LR 2.89e-04
2026-05-14 22:57:46,490  INFO  Epoch 1/1 | Step 45340/34883 | Loss 2.0209 | LR 2.88e-04
2026-05-14 22:57:51,457  INFO  Epoch 1/1 | Step 45350/34883 | Loss 2.0803 | LR 2.88e-04
2026-05-14 22:57:56,435  INFO  Epoch 1/1 | Step 45360/34883 | Loss 1.9341 | LR 2.88e-04
2026-05-14 22:58:01,408  INFO  Epoch 1/1 | Step 45370/34883 | Loss 1.8894 | LR 2.88e-04
2026-05-14 22:58:06,393  INFO  Epoch 1/1 | Step 45380/34883 | Loss 1.9432 | LR 2.88e-04
2026-05-14 22:58:11,378  INFO  Epoch 1/1 | Step 45390/34883 | Loss 1.9495 | LR 2.87e-04
2026-05-14 22:58:16,363  INFO  Epoch 1/1 | Step 45400/34883 | Loss 2.2834 | LR 2.87e-04
2026-05-14 22:58:21,341  INFO  Epoch 1/1 | Step 45410/34883 | Loss 1.9084 | LR 2.87e-04
2026-05-14 22:58:26,320  INFO  Epoch 1/1 | Step 45420/34883 | Loss 2.0962 | LR 2.87e-04
2026-05-14 22:58:31,301  INFO  Epoch 1/1 | Step 45430/34883 | Loss 2.0743 | LR 2.87e-04
2026-05-14 22:58:36,269  INFO  Epoch 1/1 | Step 45440/34883 | Loss 1.8813 | LR 2.86e-04
2026-05-14 22:58:41,243  INFO  Epoch 1/1 | Step 45450/34883 | Loss 2.0860 | LR 2.86e-04
2026-05-14 22:58:46,227  INFO  Epoch 1/1 | Step 45460/34883 | Loss 1.9857 | LR 2.86e-04
2026-05-14 22:58:51,201  INFO  Epoch 1/1 | Step 45470/34883 | Loss 2.0830 | LR 2.86e-04
2026-05-14 22:58:56,188  INFO  Epoch 1/1 | Step 45480/34883 | Loss 2.0698 | LR 2.86e-04
2026-05-14 22:59:01,169  INFO  Epoch 1/1 | Step 45490/34883 | Loss 1.8996 | LR 2.85e-04
2026-05-14 22:59:06,135  INFO  Epoch 1/1 | Step 45500/34883 | Loss 1.9428 | LR 2.85e-04
2026-05-14 22:59:11,104  INFO  Epoch 1/1 | Step 45510/34883 | Loss 2.1524 | LR 2.85e-04
2026-05-14 22:59:16,066  INFO  Epoch 1/1 | Step 45520/34883 | Loss 2.2137 | LR 2.85e-04
2026-05-14 22:59:21,025  INFO  Epoch 1/1 | Step 45530/34883 | Loss 2.2070 | LR 2.84e-04
2026-05-14 22:59:25,987  INFO  Epoch 1/1 | Step 45540/34883 | Loss 2.0049 | LR 2.84e-04
2026-05-14 22:59:30,944  INFO  Epoch 1/1 | Step 45550/34883 | Loss 2.0213 | LR 2.84e-04
2026-05-14 22:59:35,902  INFO  Epoch 1/1 | Step 45560/34883 | Loss 2.0001 | LR 2.84e-04
2026-05-14 22:59:40,864  INFO  Epoch 1/1 | Step 45570/34883 | Loss 2.0864 | LR 2.84e-04
2026-05-14 22:59:45,836  INFO  Epoch 1/1 | Step 45580/34883 | Loss 2.0782 | LR 2.83e-04
2026-05-14 22:59:50,802  INFO  Epoch 1/1 | Step 45590/34883 | Loss 2.1361 | LR 2.83e-04
2026-05-14 22:59:55,764  INFO  Epoch 1/1 | Step 45600/34883 | Loss 2.1668 | LR 2.83e-04
2026-05-14 23:00:00,721  INFO  Epoch 1/1 | Step 45610/34883 | Loss 2.0451 | LR 2.83e-04
2026-05-14 23:00:05,675  INFO  Epoch 1/1 | Step 45620/34883 | Loss 1.8847 | LR 2.83e-04
2026-05-14 23:00:10,637  INFO  Epoch 1/1 | Step 45630/34883 | Loss 2.0361 | LR 2.82e-04
2026-05-14 23:00:15,605  INFO  Epoch 1/1 | Step 45640/34883 | Loss 2.0529 | LR 2.82e-04
2026-05-14 23:00:20,571  INFO  Epoch 1/1 | Step 45650/34883 | Loss 2.0360 | LR 2.82e-04
2026-05-14 23:00:25,531  INFO  Epoch 1/1 | Step 45660/34883 | Loss 2.1805 | LR 2.82e-04
2026-05-14 23:00:30,516  INFO  Epoch 1/1 | Step 45670/34883 | Loss 1.9240 | LR 2.82e-04
2026-05-14 23:00:35,490  INFO  Epoch 1/1 | Step 45680/34883 | Loss 1.9284 | LR 2.81e-04
2026-05-14 23:00:40,475  INFO  Epoch 1/1 | Step 45690/34883 | Loss 1.9806 | LR 2.81e-04
2026-05-14 23:00:45,461  INFO  Epoch 1/1 | Step 45700/34883 | Loss 2.0493 | LR 2.81e-04
2026-05-14 23:00:50,454  INFO  Epoch 1/1 | Step 45710/34883 | Loss 2.0464 | LR 2.81e-04
2026-05-14 23:00:55,457  INFO  Epoch 1/1 | Step 45720/34883 | Loss 2.0070 | LR 2.80e-04
2026-05-14 23:01:00,453  INFO  Epoch 1/1 | Step 45730/34883 | Loss 2.1484 | LR 2.80e-04
2026-05-14 23:01:05,435  INFO  Epoch 1/1 | Step 45740/34883 | Loss 1.9311 | LR 2.80e-04
2026-05-14 23:01:10,417  INFO  Epoch 1/1 | Step 45750/34883 | Loss 2.1076 | LR 2.80e-04
2026-05-14 23:01:15,408  INFO  Epoch 1/1 | Step 45760/34883 | Loss 2.0416 | LR 2.80e-04
2026-05-14 23:01:20,390  INFO  Epoch 1/1 | Step 45770/34883 | Loss 2.1252 | LR 2.79e-04
2026-05-14 23:01:25,368  INFO  Epoch 1/1 | Step 45780/34883 | Loss 1.9599 | LR 2.79e-04
2026-05-14 23:01:30,334  INFO  Epoch 1/1 | Step 45790/34883 | Loss 1.9010 | LR 2.79e-04
2026-05-14 23:01:35,315  INFO  Epoch 1/1 | Step 45800/34883 | Loss 1.9094 | LR 2.79e-04
2026-05-14 23:01:40,299  INFO  Epoch 1/1 | Step 45810/34883 | Loss 1.9603 | LR 2.79e-04
2026-05-14 23:01:45,278  INFO  Epoch 1/1 | Step 45820/34883 | Loss 1.9767 | LR 2.78e-04
2026-05-14 23:01:50,253  INFO  Epoch 1/1 | Step 45830/34883 | Loss 2.0949 | LR 2.78e-04
2026-05-14 23:01:55,222  INFO  Epoch 1/1 | Step 45840/34883 | Loss 1.9934 | LR 2.78e-04
2026-05-14 23:02:00,199  INFO  Epoch 1/1 | Step 45850/34883 | Loss 1.9668 | LR 2.78e-04
2026-05-14 23:02:05,174  INFO  Epoch 1/1 | Step 45860/34883 | Loss 2.0555 | LR 2.78e-04
2026-05-14 23:02:10,142  INFO  Epoch 1/1 | Step 45870/34883 | Loss 2.0425 | LR 2.77e-04
2026-05-14 23:02:15,120  INFO  Epoch 1/1 | Step 45880/34883 | Loss 1.9152 | LR 2.77e-04
2026-05-14 23:02:20,099  INFO  Epoch 1/1 | Step 45890/34883 | Loss 1.9630 | LR 2.77e-04
2026-05-14 23:02:25,072  INFO  Epoch 1/1 | Step 45900/34883 | Loss 2.0175 | LR 2.77e-04
2026-05-14 23:02:30,049  INFO  Epoch 1/1 | Step 45910/34883 | Loss 1.9996 | LR 2.77e-04
2026-05-14 23:02:35,025  INFO  Epoch 1/1 | Step 45920/34883 | Loss 2.2117 | LR 2.76e-04
2026-05-14 23:02:40,000  INFO  Epoch 1/1 | Step 45930/34883 | Loss 2.0675 | LR 2.76e-04
2026-05-14 23:02:44,964  INFO  Epoch 1/1 | Step 45940/34883 | Loss 1.9337 | LR 2.76e-04
2026-05-14 23:02:49,937  INFO  Epoch 1/1 | Step 45950/34883 | Loss 2.0136 | LR 2.76e-04
2026-05-14 23:02:54,916  INFO  Epoch 1/1 | Step 45960/34883 | Loss 2.0700 | LR 2.75e-04
2026-05-14 23:02:59,894  INFO  Epoch 1/1 | Step 45970/34883 | Loss 2.1109 | LR 2.75e-04
2026-05-14 23:03:04,874  INFO  Epoch 1/1 | Step 45980/34883 | Loss 2.1085 | LR 2.75e-04
2026-05-14 23:03:09,842  INFO  Epoch 1/1 | Step 45990/34883 | Loss 2.2050 | LR 2.75e-04
2026-05-14 23:03:14,817  INFO  Epoch 1/1 | Step 46000/34883 | Loss 2.1916 | LR 2.75e-04
2026-05-14 23:03:19,793  INFO  Epoch 1/1 | Step 46010/34883 | Loss 2.0695 | LR 2.74e-04
2026-05-14 23:03:24,757  INFO  Epoch 1/1 | Step 46020/34883 | Loss 1.9854 | LR 2.74e-04
2026-05-14 23:03:29,748  INFO  Epoch 1/1 | Step 46030/34883 | Loss 2.1425 | LR 2.74e-04
2026-05-14 23:03:34,727  INFO  Epoch 1/1 | Step 46040/34883 | Loss 2.0654 | LR 2.74e-04
2026-05-14 23:03:39,721  INFO  Epoch 1/1 | Step 46050/34883 | Loss 1.9967 | LR 2.74e-04
2026-05-14 23:03:44,703  INFO  Epoch 1/1 | Step 46060/34883 | Loss 2.1081 | LR 2.73e-04
2026-05-14 23:03:49,687  INFO  Epoch 1/1 | Step 46070/34883 | Loss 2.2135 | LR 2.73e-04
2026-05-14 23:03:54,679  INFO  Epoch 1/1 | Step 46080/34883 | Loss 2.2667 | LR 2.73e-04
2026-05-14 23:03:59,666  INFO  Epoch 1/1 | Step 46090/34883 | Loss 2.1350 | LR 2.73e-04
2026-05-14 23:04:04,636  INFO  Epoch 1/1 | Step 46100/34883 | Loss 2.2273 | LR 2.73e-04
2026-05-14 23:04:09,611  INFO  Epoch 1/1 | Step 46110/34883 | Loss 2.2239 | LR 2.72e-04
2026-05-14 23:04:14,573  INFO  Epoch 1/1 | Step 46120/34883 | Loss 2.0884 | LR 2.72e-04
2026-05-14 23:04:19,544  INFO  Epoch 1/1 | Step 46130/34883 | Loss 2.0875 | LR 2.72e-04
2026-05-14 23:04:24,517  INFO  Epoch 1/1 | Step 46140/34883 | Loss 2.0459 | LR 2.72e-04
2026-05-14 23:04:29,494  INFO  Epoch 1/1 | Step 46150/34883 | Loss 2.0166 | LR 2.72e-04
2026-05-14 23:04:34,469  INFO  Epoch 1/1 | Step 46160/34883 | Loss 2.1267 | LR 2.71e-04
2026-05-14 23:04:39,426  INFO  Epoch 1/1 | Step 46170/34883 | Loss 2.0071 | LR 2.71e-04
2026-05-14 23:04:44,388  INFO  Epoch 1/1 | Step 46180/34883 | Loss 1.9766 | LR 2.71e-04
2026-05-14 23:04:49,359  INFO  Epoch 1/1 | Step 46190/34883 | Loss 2.0839 | LR 2.71e-04
2026-05-14 23:04:54,319  INFO  Epoch 1/1 | Step 46200/34883 | Loss 1.9047 | LR 2.71e-04
2026-05-14 23:04:59,283  INFO  Epoch 1/1 | Step 46210/34883 | Loss 2.0753 | LR 2.70e-04
2026-05-14 23:05:04,248  INFO  Epoch 1/1 | Step 46220/34883 | Loss 2.1886 | LR 2.70e-04
2026-05-14 23:05:09,218  INFO  Epoch 1/1 | Step 46230/34883 | Loss 2.0185 | LR 2.70e-04
2026-05-14 23:05:14,194  INFO  Epoch 1/1 | Step 46240/34883 | Loss 1.9205 | LR 2.70e-04
2026-05-14 23:05:19,157  INFO  Epoch 1/1 | Step 46250/34883 | Loss 1.9321 | LR 2.69e-04
2026-05-14 23:05:24,120  INFO  Epoch 1/1 | Step 46260/34883 | Loss 1.9693 | LR 2.69e-04
2026-05-14 23:05:29,079  INFO  Epoch 1/1 | Step 46270/34883 | Loss 1.8682 | LR 2.69e-04
2026-05-14 23:05:34,048  INFO  Epoch 1/1 | Step 46280/34883 | Loss 1.9996 | LR 2.69e-04
2026-05-14 23:05:39,003  INFO  Epoch 1/1 | Step 46290/34883 | Loss 1.9482 | LR 2.69e-04
2026-05-14 23:05:43,966  INFO  Epoch 1/1 | Step 46300/34883 | Loss 2.0807 | LR 2.68e-04
2026-05-14 23:05:48,926  INFO  Epoch 1/1 | Step 46310/34883 | Loss 1.9822 | LR 2.68e-04
2026-05-14 23:05:53,882  INFO  Epoch 1/1 | Step 46320/34883 | Loss 2.0911 | LR 2.68e-04
2026-05-14 23:05:58,837  INFO  Epoch 1/1 | Step 46330/34883 | Loss 1.9818 | LR 2.68e-04
2026-05-14 23:06:03,797  INFO  Epoch 1/1 | Step 46340/34883 | Loss 2.0393 | LR 2.68e-04
2026-05-14 23:06:08,753  INFO  Epoch 1/1 | Step 46350/34883 | Loss 1.9690 | LR 2.67e-04
2026-05-14 23:06:13,703  INFO  Epoch 1/1 | Step 46360/34883 | Loss 2.1736 | LR 2.67e-04
2026-05-14 23:06:18,661  INFO  Epoch 1/1 | Step 46370/34883 | Loss 2.2567 | LR 2.67e-04
2026-05-14 23:06:23,621  INFO  Epoch 1/1 | Step 46380/34883 | Loss 2.0046 | LR 2.67e-04
2026-05-14 23:06:28,579  INFO  Epoch 1/1 | Step 46390/34883 | Loss 2.0256 | LR 2.67e-04
2026-05-14 23:06:33,530  INFO  Epoch 1/1 | Step 46400/34883 | Loss 2.0868 | LR 2.66e-04
2026-05-14 23:06:38,479  INFO  Epoch 1/1 | Step 46410/34883 | Loss 2.0215 | LR 2.66e-04
2026-05-14 23:06:43,430  INFO  Epoch 1/1 | Step 46420/34883 | Loss 2.2452 | LR 2.66e-04
2026-05-14 23:06:48,385  INFO  Epoch 1/1 | Step 46430/34883 | Loss 2.0187 | LR 2.66e-04
2026-05-14 23:06:53,341  INFO  Epoch 1/1 | Step 46440/34883 | Loss 2.1090 | LR 2.66e-04
2026-05-14 23:06:58,297  INFO  Epoch 1/1 | Step 46450/34883 | Loss 2.1464 | LR 2.65e-04
2026-05-14 23:07:03,259  INFO  Epoch 1/1 | Step 46460/34883 | Loss 2.1227 | LR 2.65e-04
2026-05-14 23:07:08,219  INFO  Epoch 1/1 | Step 46470/34883 | Loss 2.0988 | LR 2.65e-04
2026-05-14 23:07:13,180  INFO  Epoch 1/1 | Step 46480/34883 | Loss 2.0694 | LR 2.65e-04
2026-05-14 23:07:18,138  INFO  Epoch 1/1 | Step 46490/34883 | Loss 2.0639 | LR 2.65e-04
2026-05-14 23:07:23,091  INFO  Epoch 1/1 | Step 46500/34883 | Loss 2.1195 | LR 2.64e-04
2026-05-14 23:07:28,050  INFO  Epoch 1/1 | Step 46510/34883 | Loss 2.0126 | LR 2.64e-04
2026-05-14 23:07:33,014  INFO  Epoch 1/1 | Step 46520/34883 | Loss 2.0610 | LR 2.64e-04
2026-05-14 23:07:37,983  INFO  Epoch 1/1 | Step 46530/34883 | Loss 2.0709 | LR 2.64e-04
2026-05-14 23:07:42,953  INFO  Epoch 1/1 | Step 46540/34883 | Loss 2.1286 | LR 2.64e-04
2026-05-14 23:07:47,915  INFO  Epoch 1/1 | Step 46550/34883 | Loss 1.9074 | LR 2.63e-04
2026-05-14 23:07:52,872  INFO  Epoch 1/1 | Step 46560/34883 | Loss 2.0635 | LR 2.63e-04
2026-05-14 23:07:57,829  INFO  Epoch 1/1 | Step 46570/34883 | Loss 2.0551 | LR 2.63e-04
2026-05-14 23:08:02,781  INFO  Epoch 1/1 | Step 46580/34883 | Loss 1.9944 | LR 2.63e-04
2026-05-14 23:08:07,732  INFO  Epoch 1/1 | Step 46590/34883 | Loss 2.0775 | LR 2.63e-04
2026-05-14 23:08:12,682  INFO  Epoch 1/1 | Step 46600/34883 | Loss 2.1093 | LR 2.62e-04
2026-05-14 23:08:17,639  INFO  Epoch 1/1 | Step 46610/34883 | Loss 1.8862 | LR 2.62e-04
2026-05-14 23:08:22,587  INFO  Epoch 1/1 | Step 46620/34883 | Loss 2.1240 | LR 2.62e-04
2026-05-14 23:08:27,539  INFO  Epoch 1/1 | Step 46630/34883 | Loss 2.0392 | LR 2.62e-04
2026-05-14 23:08:32,499  INFO  Epoch 1/1 | Step 46640/34883 | Loss 1.9478 | LR 2.62e-04
2026-05-14 23:08:37,468  INFO  Epoch 1/1 | Step 46650/34883 | Loss 2.0470 | LR 2.61e-04
2026-05-14 23:08:42,420  INFO  Epoch 1/1 | Step 46660/34883 | Loss 2.0449 | LR 2.61e-04
2026-05-14 23:08:47,374  INFO  Epoch 1/1 | Step 46670/34883 | Loss 2.1195 | LR 2.61e-04
2026-05-14 23:08:52,328  INFO  Epoch 1/1 | Step 46680/34883 | Loss 2.0012 | LR 2.61e-04
2026-05-14 23:08:57,285  INFO  Epoch 1/1 | Step 46690/34883 | Loss 1.9268 | LR 2.60e-04
2026-05-14 23:09:02,251  INFO  Epoch 1/1 | Step 46700/34883 | Loss 2.1511 | LR 2.60e-04
2026-05-14 23:09:07,205  INFO  Epoch 1/1 | Step 46710/34883 | Loss 1.9611 | LR 2.60e-04
2026-05-14 23:09:12,171  INFO  Epoch 1/1 | Step 46720/34883 | Loss 2.0639 | LR 2.60e-04
2026-05-14 23:09:17,133  INFO  Epoch 1/1 | Step 46730/34883 | Loss 2.0342 | LR 2.60e-04
2026-05-14 23:09:22,100  INFO  Epoch 1/1 | Step 46740/34883 | Loss 2.0694 | LR 2.59e-04
2026-05-14 23:09:27,060  INFO  Epoch 1/1 | Step 46750/34883 | Loss 1.9936 | LR 2.59e-04
2026-05-14 23:09:32,019  INFO  Epoch 1/1 | Step 46760/34883 | Loss 2.0610 | LR 2.59e-04
2026-05-14 23:09:36,977  INFO  Epoch 1/1 | Step 46770/34883 | Loss 1.9924 | LR 2.59e-04
2026-05-14 23:09:41,946  INFO  Epoch 1/1 | Step 46780/34883 | Loss 2.0902 | LR 2.59e-04
2026-05-14 23:09:46,902  INFO  Epoch 1/1 | Step 46790/34883 | Loss 2.0363 | LR 2.58e-04
2026-05-14 23:09:51,867  INFO  Epoch 1/1 | Step 46800/34883 | Loss 1.9773 | LR 2.58e-04
2026-05-14 23:09:56,821  INFO  Epoch 1/1 | Step 46810/34883 | Loss 2.0586 | LR 2.58e-04
2026-05-14 23:10:01,778  INFO  Epoch 1/1 | Step 46820/34883 | Loss 2.0668 | LR 2.58e-04
2026-05-14 23:10:06,742  INFO  Epoch 1/1 | Step 46830/34883 | Loss 1.9861 | LR 2.58e-04
2026-05-14 23:10:11,709  INFO  Epoch 1/1 | Step 46840/34883 | Loss 2.0053 | LR 2.57e-04
2026-05-14 23:10:16,673  INFO  Epoch 1/1 | Step 46850/34883 | Loss 2.0792 | LR 2.57e-04
2026-05-14 23:10:21,634  INFO  Epoch 1/1 | Step 46860/34883 | Loss 2.0662 | LR 2.57e-04
2026-05-14 23:10:26,595  INFO  Epoch 1/1 | Step 46870/34883 | Loss 2.0006 | LR 2.57e-04
2026-05-14 23:10:31,555  INFO  Epoch 1/1 | Step 46880/34883 | Loss 2.1152 | LR 2.57e-04
2026-05-14 23:10:36,513  INFO  Epoch 1/1 | Step 46890/34883 | Loss 1.9571 | LR 2.56e-04
2026-05-14 23:10:41,477  INFO  Epoch 1/1 | Step 46900/34883 | Loss 1.9107 | LR 2.56e-04
2026-05-14 23:10:46,437  INFO  Epoch 1/1 | Step 46910/34883 | Loss 2.0282 | LR 2.56e-04
2026-05-14 23:10:51,405  INFO  Epoch 1/1 | Step 46920/34883 | Loss 1.9958 | LR 2.56e-04
2026-05-14 23:10:56,370  INFO  Epoch 1/1 | Step 46930/34883 | Loss 1.9957 | LR 2.56e-04
2026-05-14 23:11:01,326  INFO  Epoch 1/1 | Step 46940/34883 | Loss 2.0331 | LR 2.55e-04
2026-05-14 23:11:06,286  INFO  Epoch 1/1 | Step 46950/34883 | Loss 2.1084 | LR 2.55e-04
2026-05-14 23:11:11,243  INFO  Epoch 1/1 | Step 46960/34883 | Loss 2.2504 | LR 2.55e-04
2026-05-14 23:11:16,201  INFO  Epoch 1/1 | Step 46970/34883 | Loss 2.1380 | LR 2.55e-04
2026-05-14 23:11:21,179  INFO  Epoch 1/1 | Step 46980/34883 | Loss 1.9820 | LR 2.55e-04
2026-05-14 23:11:26,140  INFO  Epoch 1/1 | Step 46990/34883 | Loss 2.0004 | LR 2.54e-04
2026-05-14 23:11:31,118  INFO  Epoch 1/1 | Step 47000/34883 | Loss 2.0726 | LR 2.54e-04
2026-05-14 23:11:36,090  INFO  Epoch 1/1 | Step 47010/34883 | Loss 1.9007 | LR 2.54e-04
2026-05-14 23:11:41,056  INFO  Epoch 1/1 | Step 47020/34883 | Loss 2.0408 | LR 2.54e-04
2026-05-14 23:11:46,023  INFO  Epoch 1/1 | Step 47030/34883 | Loss 2.0274 | LR 2.54e-04
2026-05-14 23:11:50,987  INFO  Epoch 1/1 | Step 47040/34883 | Loss 1.8197 | LR 2.53e-04
2026-05-14 23:11:55,953  INFO  Epoch 1/1 | Step 47050/34883 | Loss 1.9713 | LR 2.53e-04
2026-05-14 23:12:00,927  INFO  Epoch 1/1 | Step 47060/34883 | Loss 1.9515 | LR 2.53e-04
2026-05-14 23:12:05,893  INFO  Epoch 1/1 | Step 47070/34883 | Loss 1.9720 | LR 2.53e-04
2026-05-14 23:12:10,867  INFO  Epoch 1/1 | Step 47080/34883 | Loss 2.1319 | LR 2.53e-04
2026-05-14 23:12:15,842  INFO  Epoch 1/1 | Step 47090/34883 | Loss 2.0689 | LR 2.52e-04
2026-05-14 23:12:20,807  INFO  Epoch 1/1 | Step 47100/34883 | Loss 2.0548 | LR 2.52e-04
2026-05-14 23:12:25,792  INFO  Epoch 1/1 | Step 47110/34883 | Loss 2.2423 | LR 2.52e-04
2026-05-14 23:12:30,754  INFO  Epoch 1/1 | Step 47120/34883 | Loss 2.1126 | LR 2.52e-04
2026-05-14 23:12:35,705  INFO  Epoch 1/1 | Step 47130/34883 | Loss 2.0270 | LR 2.52e-04
2026-05-14 23:12:40,665  INFO  Epoch 1/1 | Step 47140/34883 | Loss 1.9286 | LR 2.51e-04
2026-05-14 23:12:45,634  INFO  Epoch 1/1 | Step 47150/34883 | Loss 1.9590 | LR 2.51e-04
2026-05-14 23:12:50,612  INFO  Epoch 1/1 | Step 47160/34883 | Loss 1.9566 | LR 2.51e-04
2026-05-14 23:12:55,573  INFO  Epoch 1/1 | Step 47170/34883 | Loss 1.8475 | LR 2.51e-04
2026-05-14 23:13:00,542  INFO  Epoch 1/1 | Step 47180/34883 | Loss 2.0741 | LR 2.51e-04
2026-05-14 23:13:05,501  INFO  Epoch 1/1 | Step 47190/34883 | Loss 1.9146 | LR 2.50e-04
2026-05-14 23:13:10,465  INFO  Epoch 1/1 | Step 47200/34883 | Loss 2.2064 | LR 2.50e-04
2026-05-14 23:13:15,424  INFO  Epoch 1/1 | Step 47210/34883 | Loss 1.9302 | LR 2.50e-04
2026-05-14 23:13:20,378  INFO  Epoch 1/1 | Step 47220/34883 | Loss 2.0765 | LR 2.50e-04
2026-05-14 23:13:25,341  INFO  Epoch 1/1 | Step 47230/34883 | Loss 2.2262 | LR 2.50e-04
2026-05-14 23:13:30,300  INFO  Epoch 1/1 | Step 47240/34883 | Loss 1.9628 | LR 2.49e-04
2026-05-14 23:13:35,253  INFO  Epoch 1/1 | Step 47250/34883 | Loss 1.8701 | LR 2.49e-04
2026-05-14 23:13:40,208  INFO  Epoch 1/1 | Step 47260/34883 | Loss 1.8625 | LR 2.49e-04
2026-05-14 23:13:45,163  INFO  Epoch 1/1 | Step 47270/34883 | Loss 2.0112 | LR 2.49e-04
2026-05-14 23:13:50,129  INFO  Epoch 1/1 | Step 47280/34883 | Loss 2.2970 | LR 2.49e-04
2026-05-14 23:13:55,086  INFO  Epoch 1/1 | Step 47290/34883 | Loss 1.9826 | LR 2.48e-04
2026-05-14 23:14:00,043  INFO  Epoch 1/1 | Step 47300/34883 | Loss 2.1015 | LR 2.48e-04
2026-05-14 23:14:04,995  INFO  Epoch 1/1 | Step 47310/34883 | Loss 1.9176 | LR 2.48e-04
2026-05-14 23:14:09,949  INFO  Epoch 1/1 | Step 47320/34883 | Loss 1.7767 | LR 2.48e-04
2026-05-14 23:14:14,902  INFO  Epoch 1/1 | Step 47330/34883 | Loss 1.9949 | LR 2.48e-04
2026-05-14 23:14:19,848  INFO  Epoch 1/1 | Step 47340/34883 | Loss 2.1837 | LR 2.47e-04
2026-05-14 23:14:24,804  INFO  Epoch 1/1 | Step 47350/34883 | Loss 1.8835 | LR 2.47e-04
2026-05-14 23:14:29,761  INFO  Epoch 1/1 | Step 47360/34883 | Loss 2.0078 | LR 2.47e-04
2026-05-14 23:14:34,720  INFO  Epoch 1/1 | Step 47370/34883 | Loss 2.1666 | LR 2.47e-04
2026-05-14 23:14:39,667  INFO  Epoch 1/1 | Step 47380/34883 | Loss 2.0883 | LR 2.47e-04
2026-05-14 23:14:44,623  INFO  Epoch 1/1 | Step 47390/34883 | Loss 2.0041 | LR 2.46e-04
2026-05-14 23:14:49,587  INFO  Epoch 1/1 | Step 47400/34883 | Loss 1.9343 | LR 2.46e-04
2026-05-14 23:14:54,557  INFO  Epoch 1/1 | Step 47410/34883 | Loss 1.8461 | LR 2.46e-04
2026-05-14 23:14:59,530  INFO  Epoch 1/1 | Step 47420/34883 | Loss 1.9394 | LR 2.46e-04
2026-05-14 23:15:04,490  INFO  Epoch 1/1 | Step 47430/34883 | Loss 1.9809 | LR 2.46e-04
2026-05-14 23:15:09,454  INFO  Epoch 1/1 | Step 47440/34883 | Loss 2.0028 | LR 2.45e-04
2026-05-14 23:15:14,411  INFO  Epoch 1/1 | Step 47450/34883 | Loss 1.9679 | LR 2.45e-04
2026-05-14 23:15:19,371  INFO  Epoch 1/1 | Step 47460/34883 | Loss 2.1348 | LR 2.45e-04
2026-05-14 23:15:24,328  INFO  Epoch 1/1 | Step 47470/34883 | Loss 1.9881 | LR 2.45e-04
2026-05-14 23:15:29,285  INFO  Epoch 1/1 | Step 47480/34883 | Loss 1.9383 | LR 2.45e-04
2026-05-14 23:15:34,238  INFO  Epoch 1/1 | Step 47490/34883 | Loss 1.9830 | LR 2.44e-04
2026-05-14 23:15:39,199  INFO  Epoch 1/1 | Step 47500/34883 | Loss 1.9729 | LR 2.44e-04
2026-05-14 23:15:44,157  INFO  Epoch 1/1 | Step 47510/34883 | Loss 2.0044 | LR 2.44e-04
2026-05-14 23:15:49,117  INFO  Epoch 1/1 | Step 47520/34883 | Loss 1.9373 | LR 2.44e-04
2026-05-14 23:15:54,076  INFO  Epoch 1/1 | Step 47530/34883 | Loss 1.9686 | LR 2.44e-04
2026-05-14 23:15:59,036  INFO  Epoch 1/1 | Step 47540/34883 | Loss 1.9045 | LR 2.43e-04
2026-05-14 23:16:03,993  INFO  Epoch 1/1 | Step 47550/34883 | Loss 2.0491 | LR 2.43e-04
2026-05-14 23:16:08,944  INFO  Epoch 1/1 | Step 47560/34883 | Loss 1.8834 | LR 2.43e-04
2026-05-14 23:16:13,897  INFO  Epoch 1/1 | Step 47570/34883 | Loss 1.9028 | LR 2.43e-04
2026-05-14 23:16:18,852  INFO  Epoch 1/1 | Step 47580/34883 | Loss 2.0129 | LR 2.43e-04
2026-05-14 23:16:23,797  INFO  Epoch 1/1 | Step 47590/34883 | Loss 2.0115 | LR 2.42e-04
2026-05-14 23:16:28,751  INFO  Epoch 1/1 | Step 47600/34883 | Loss 1.9749 | LR 2.42e-04
2026-05-14 23:16:33,700  INFO  Epoch 1/1 | Step 47610/34883 | Loss 2.0780 | LR 2.42e-04
2026-05-14 23:16:38,649  INFO  Epoch 1/1 | Step 47620/34883 | Loss 2.1534 | LR 2.42e-04
2026-05-14 23:16:43,607  INFO  Epoch 1/1 | Step 47630/34883 | Loss 1.9249 | LR 2.42e-04
2026-05-14 23:16:48,568  INFO  Epoch 1/1 | Step 47640/34883 | Loss 1.9820 | LR 2.41e-04
2026-05-14 23:16:53,523  INFO  Epoch 1/1 | Step 47650/34883 | Loss 1.9485 | LR 2.41e-04
2026-05-14 23:16:58,477  INFO  Epoch 1/1 | Step 47660/34883 | Loss 2.1832 | LR 2.41e-04
2026-05-14 23:17:03,438  INFO  Epoch 1/1 | Step 47670/34883 | Loss 2.1187 | LR 2.41e-04
2026-05-14 23:17:08,396  INFO  Epoch 1/1 | Step 47680/34883 | Loss 2.1133 | LR 2.41e-04
2026-05-14 23:17:13,366  INFO  Epoch 1/1 | Step 47690/34883 | Loss 2.0409 | LR 2.40e-04
2026-05-14 23:17:18,330  INFO  Epoch 1/1 | Step 47700/34883 | Loss 1.8886 | LR 2.40e-04
2026-05-14 23:17:23,293  INFO  Epoch 1/1 | Step 47710/34883 | Loss 1.9900 | LR 2.40e-04
2026-05-14 23:17:28,244  INFO  Epoch 1/1 | Step 47720/34883 | Loss 1.9109 | LR 2.40e-04
2026-05-14 23:17:33,207  INFO  Epoch 1/1 | Step 47730/34883 | Loss 2.1875 | LR 2.40e-04
2026-05-14 23:17:38,157  INFO  Epoch 1/1 | Step 47740/34883 | Loss 2.0333 | LR 2.39e-04
2026-05-14 23:17:43,119  INFO  Epoch 1/1 | Step 47750/34883 | Loss 1.9062 | LR 2.39e-04
2026-05-14 23:17:48,083  INFO  Epoch 1/1 | Step 47760/34883 | Loss 2.2660 | LR 2.39e-04
2026-05-14 23:17:53,038  INFO  Epoch 1/1 | Step 47770/34883 | Loss 2.1132 | LR 2.39e-04
2026-05-14 23:17:58,002  INFO  Epoch 1/1 | Step 47780/34883 | Loss 2.0416 | LR 2.39e-04
2026-05-14 23:18:02,957  INFO  Epoch 1/1 | Step 47790/34883 | Loss 1.9782 | LR 2.38e-04
2026-05-14 23:18:07,917  INFO  Epoch 1/1 | Step 47800/34883 | Loss 2.0003 | LR 2.38e-04
2026-05-14 23:18:12,883  INFO  Epoch 1/1 | Step 47810/34883 | Loss 1.9487 | LR 2.38e-04
2026-05-14 23:18:17,847  INFO  Epoch 1/1 | Step 47820/34883 | Loss 2.1993 | LR 2.38e-04
2026-05-14 23:18:22,806  INFO  Epoch 1/1 | Step 47830/34883 | Loss 2.0412 | LR 2.38e-04
2026-05-14 23:18:27,752  INFO  Epoch 1/1 | Step 47840/34883 | Loss 1.9440 | LR 2.37e-04
2026-05-14 23:18:32,711  INFO  Epoch 1/1 | Step 47850/34883 | Loss 2.0895 | LR 2.37e-04
2026-05-14 23:18:37,683  INFO  Epoch 1/1 | Step 47860/34883 | Loss 1.9762 | LR 2.37e-04
2026-05-14 23:18:42,648  INFO  Epoch 1/1 | Step 47870/34883 | Loss 1.9669 | LR 2.37e-04
2026-05-14 23:18:47,619  INFO  Epoch 1/1 | Step 47880/34883 | Loss 2.0003 | LR 2.37e-04
2026-05-14 23:18:52,565  INFO  Epoch 1/1 | Step 47890/34883 | Loss 2.1754 | LR 2.36e-04
2026-05-14 23:18:57,523  INFO  Epoch 1/1 | Step 47900/34883 | Loss 2.1258 | LR 2.36e-04
2026-05-14 23:19:02,480  INFO  Epoch 1/1 | Step 47910/34883 | Loss 2.1100 | LR 2.36e-04
2026-05-14 23:19:07,440  INFO  Epoch 1/1 | Step 47920/34883 | Loss 2.0062 | LR 2.36e-04
2026-05-14 23:19:12,396  INFO  Epoch 1/1 | Step 47930/34883 | Loss 2.1747 | LR 2.36e-04
2026-05-14 23:19:17,345  INFO  Epoch 1/1 | Step 47940/34883 | Loss 2.0320 | LR 2.35e-04
2026-05-14 23:19:22,303  INFO  Epoch 1/1 | Step 47950/34883 | Loss 2.0720 | LR 2.35e-04
2026-05-14 23:19:27,257  INFO  Epoch 1/1 | Step 47960/34883 | Loss 2.0765 | LR 2.35e-04
2026-05-14 23:19:32,223  INFO  Epoch 1/1 | Step 47970/34883 | Loss 2.0378 | LR 2.35e-04
2026-05-14 23:19:37,189  INFO  Epoch 1/1 | Step 47980/34883 | Loss 2.0721 | LR 2.35e-04
2026-05-14 23:19:42,143  INFO  Epoch 1/1 | Step 47990/34883 | Loss 1.9732 | LR 2.34e-04
2026-05-14 23:19:47,100  INFO  Epoch 1/1 | Step 48000/34883 | Loss 2.1608 | LR 2.34e-04
2026-05-14 23:19:52,067  INFO  Epoch 1/1 | Step 48010/34883 | Loss 2.0463 | LR 2.34e-04
2026-05-14 23:19:57,020  INFO  Epoch 1/1 | Step 48020/34883 | Loss 2.1922 | LR 2.34e-04
2026-05-14 23:20:01,979  INFO  Epoch 1/1 | Step 48030/34883 | Loss 1.9468 | LR 2.34e-04
2026-05-14 23:20:06,939  INFO  Epoch 1/1 | Step 48040/34883 | Loss 1.9769 | LR 2.33e-04
2026-05-14 23:20:11,899  INFO  Epoch 1/1 | Step 48050/34883 | Loss 2.3358 | LR 2.33e-04
2026-05-14 23:20:16,873  INFO  Epoch 1/1 | Step 48060/34883 | Loss 2.0382 | LR 2.33e-04
2026-05-14 23:20:21,840  INFO  Epoch 1/1 | Step 48070/34883 | Loss 1.9965 | LR 2.33e-04
2026-05-14 23:20:26,799  INFO  Epoch 1/1 | Step 48080/34883 | Loss 2.1132 | LR 2.33e-04
2026-05-14 23:20:31,770  INFO  Epoch 1/1 | Step 48090/34883 | Loss 2.0819 | LR 2.32e-04
2026-05-14 23:20:36,737  INFO  Epoch 1/1 | Step 48100/34883 | Loss 2.1367 | LR 2.32e-04
2026-05-14 23:20:41,712  INFO  Epoch 1/1 | Step 48110/34883 | Loss 2.0054 | LR 2.32e-04
2026-05-14 23:20:46,682  INFO  Epoch 1/1 | Step 48120/34883 | Loss 2.0140 | LR 2.32e-04
2026-05-14 23:20:51,645  INFO  Epoch 1/1 | Step 48130/34883 | Loss 1.9881 | LR 2.32e-04
2026-05-14 23:20:56,612  INFO  Epoch 1/1 | Step 48140/34883 | Loss 2.1288 | LR 2.32e-04
2026-05-14 23:21:01,584  INFO  Epoch 1/1 | Step 48150/34883 | Loss 2.0642 | LR 2.31e-04
2026-05-14 23:21:06,559  INFO  Epoch 1/1 | Step 48160/34883 | Loss 1.9691 | LR 2.31e-04
2026-05-14 23:21:11,522  INFO  Epoch 1/1 | Step 48170/34883 | Loss 1.9104 | LR 2.31e-04
2026-05-14 23:21:16,495  INFO  Epoch 1/1 | Step 48180/34883 | Loss 1.9488 | LR 2.31e-04
2026-05-14 23:21:21,460  INFO  Epoch 1/1 | Step 48190/34883 | Loss 2.1567 | LR 2.31e-04
2026-05-14 23:21:26,431  INFO  Epoch 1/1 | Step 48200/34883 | Loss 1.9812 | LR 2.30e-04
2026-05-14 23:21:31,397  INFO  Epoch 1/1 | Step 48210/34883 | Loss 1.9678 | LR 2.30e-04
2026-05-14 23:21:36,367  INFO  Epoch 1/1 | Step 48220/34883 | Loss 2.1960 | LR 2.30e-04
2026-05-14 23:21:41,329  INFO  Epoch 1/1 | Step 48230/34883 | Loss 1.9800 | LR 2.30e-04
2026-05-14 23:21:46,291  INFO  Epoch 1/1 | Step 48240/34883 | Loss 2.0241 | LR 2.30e-04
2026-05-14 23:21:51,253  INFO  Epoch 1/1 | Step 48250/34883 | Loss 2.1287 | LR 2.29e-04
2026-05-14 23:21:56,224  INFO  Epoch 1/1 | Step 48260/34883 | Loss 2.1334 | LR 2.29e-04
2026-05-14 23:22:01,183  INFO  Epoch 1/1 | Step 48270/34883 | Loss 2.0003 | LR 2.29e-04
2026-05-14 23:22:06,143  INFO  Epoch 1/1 | Step 48280/34883 | Loss 2.0854 | LR 2.29e-04
2026-05-14 23:22:11,099  INFO  Epoch 1/1 | Step 48290/34883 | Loss 1.9339 | LR 2.29e-04
2026-05-14 23:22:16,062  INFO  Epoch 1/1 | Step 48300/34883 | Loss 2.0657 | LR 2.28e-04
2026-05-14 23:22:21,018  INFO  Epoch 1/1 | Step 48310/34883 | Loss 2.0405 | LR 2.28e-04
2026-05-14 23:22:25,972  INFO  Epoch 1/1 | Step 48320/34883 | Loss 2.0467 | LR 2.28e-04
2026-05-14 23:22:30,933  INFO  Epoch 1/1 | Step 48330/34883 | Loss 2.0675 | LR 2.28e-04
2026-05-14 23:22:35,886  INFO  Epoch 1/1 | Step 48340/34883 | Loss 2.0835 | LR 2.28e-04
2026-05-14 23:22:40,836  INFO  Epoch 1/1 | Step 48350/34883 | Loss 1.9147 | LR 2.27e-04
2026-05-14 23:22:45,797  INFO  Epoch 1/1 | Step 48360/34883 | Loss 2.0032 | LR 2.27e-04
2026-05-14 23:22:50,753  INFO  Epoch 1/1 | Step 48370/34883 | Loss 2.2976 | LR 2.27e-04
2026-05-14 23:22:55,713  INFO  Epoch 1/1 | Step 48380/34883 | Loss 2.0637 | LR 2.27e-04
2026-05-14 23:23:00,670  INFO  Epoch 1/1 | Step 48390/34883 | Loss 1.8806 | LR 2.27e-04
2026-05-14 23:23:05,641  INFO  Epoch 1/1 | Step 48400/34883 | Loss 2.0833 | LR 2.26e-04
2026-05-14 23:23:10,599  INFO  Epoch 1/1 | Step 48410/34883 | Loss 2.0780 | LR 2.26e-04
2026-05-14 23:23:15,556  INFO  Epoch 1/1 | Step 48420/34883 | Loss 1.9442 | LR 2.26e-04
2026-05-14 23:23:20,518  INFO  Epoch 1/1 | Step 48430/34883 | Loss 1.8451 | LR 2.26e-04
2026-05-14 23:23:25,477  INFO  Epoch 1/1 | Step 48440/34883 | Loss 2.0817 | LR 2.26e-04
2026-05-14 23:23:30,431  INFO  Epoch 1/1 | Step 48450/34883 | Loss 1.9973 | LR 2.25e-04
2026-05-14 23:23:35,407  INFO  Epoch 1/1 | Step 48460/34883 | Loss 2.1952 | LR 2.25e-04
2026-05-14 23:23:40,374  INFO  Epoch 1/1 | Step 48470/34883 | Loss 1.8762 | LR 2.25e-04
2026-05-14 23:23:45,335  INFO  Epoch 1/1 | Step 48480/34883 | Loss 1.9570 | LR 2.25e-04
2026-05-14 23:23:50,317  INFO  Epoch 1/1 | Step 48490/34883 | Loss 1.8654 | LR 2.25e-04
2026-05-14 23:23:55,280  INFO  Epoch 1/1 | Step 48500/34883 | Loss 1.9089 | LR 2.24e-04
2026-05-14 23:24:00,247  INFO  Epoch 1/1 | Step 48510/34883 | Loss 2.1128 | LR 2.24e-04
2026-05-14 23:24:05,221  INFO  Epoch 1/1 | Step 48520/34883 | Loss 2.0956 | LR 2.24e-04
2026-05-14 23:24:10,185  INFO  Epoch 1/1 | Step 48530/34883 | Loss 2.1340 | LR 2.24e-04
2026-05-14 23:24:15,155  INFO  Epoch 1/1 | Step 48540/34883 | Loss 2.0185 | LR 2.24e-04
2026-05-14 23:24:20,121  INFO  Epoch 1/1 | Step 48550/34883 | Loss 1.9443 | LR 2.24e-04
2026-05-14 23:24:25,081  INFO  Epoch 1/1 | Step 48560/34883 | Loss 1.9848 | LR 2.23e-04
2026-05-14 23:24:30,034  INFO  Epoch 1/1 | Step 48570/34883 | Loss 2.1870 | LR 2.23e-04
2026-05-14 23:24:34,992  INFO  Epoch 1/1 | Step 48580/34883 | Loss 2.1513 | LR 2.23e-04
2026-05-14 23:24:39,952  INFO  Epoch 1/1 | Step 48590/34883 | Loss 2.1485 | LR 2.23e-04
2026-05-14 23:24:44,915  INFO  Epoch 1/1 | Step 48600/34883 | Loss 1.9367 | LR 2.23e-04
2026-05-14 23:24:49,874  INFO  Epoch 1/1 | Step 48610/34883 | Loss 2.0638 | LR 2.22e-04
2026-05-14 23:24:54,835  INFO  Epoch 1/1 | Step 48620/34883 | Loss 2.1079 | LR 2.22e-04
2026-05-14 23:24:59,790  INFO  Epoch 1/1 | Step 48630/34883 | Loss 2.0871 | LR 2.22e-04
2026-05-14 23:25:04,746  INFO  Epoch 1/1 | Step 48640/34883 | Loss 2.0710 | LR 2.22e-04
2026-05-14 23:25:09,704  INFO  Epoch 1/1 | Step 48650/34883 | Loss 2.0788 | LR 2.22e-04
2026-05-14 23:25:14,665  INFO  Epoch 1/1 | Step 48660/34883 | Loss 2.0578 | LR 2.21e-04
2026-05-14 23:25:19,626  INFO  Epoch 1/1 | Step 48670/34883 | Loss 1.9548 | LR 2.21e-04
2026-05-14 23:25:24,581  INFO  Epoch 1/1 | Step 48680/34883 | Loss 2.0903 | LR 2.21e-04
2026-05-14 23:25:29,537  INFO  Epoch 1/1 | Step 48690/34883 | Loss 2.1082 | LR 2.21e-04
2026-05-14 23:25:34,493  INFO  Epoch 1/1 | Step 48700/34883 | Loss 2.1136 | LR 2.21e-04
2026-05-14 23:25:39,441  INFO  Epoch 1/1 | Step 48710/34883 | Loss 2.0917 | LR 2.20e-04
2026-05-14 23:25:44,396  INFO  Epoch 1/1 | Step 48720/34883 | Loss 2.0151 | LR 2.20e-04
2026-05-14 23:25:49,355  INFO  Epoch 1/1 | Step 48730/34883 | Loss 2.0128 | LR 2.20e-04
2026-05-14 23:25:54,307  INFO  Epoch 1/1 | Step 48740/34883 | Loss 1.9779 | LR 2.20e-04
2026-05-14 23:25:59,267  INFO  Epoch 1/1 | Step 48750/34883 | Loss 1.9880 | LR 2.20e-04
2026-05-14 23:26:04,218  INFO  Epoch 1/1 | Step 48760/34883 | Loss 2.1428 | LR 2.19e-04
2026-05-14 23:26:09,167  INFO  Epoch 1/1 | Step 48770/34883 | Loss 2.0522 | LR 2.19e-04
2026-05-14 23:26:14,124  INFO  Epoch 1/1 | Step 48780/34883 | Loss 1.8827 | LR 2.19e-04
2026-05-14 23:26:19,070  INFO  Epoch 1/1 | Step 48790/34883 | Loss 1.9141 | LR 2.19e-04
2026-05-14 23:26:24,028  INFO  Epoch 1/1 | Step 48800/34883 | Loss 1.8759 | LR 2.19e-04
2026-05-14 23:26:28,995  INFO  Epoch 1/1 | Step 48810/34883 | Loss 1.9424 | LR 2.19e-04
2026-05-14 23:26:33,943  INFO  Epoch 1/1 | Step 48820/34883 | Loss 1.9730 | LR 2.18e-04
2026-05-14 23:26:38,895  INFO  Epoch 1/1 | Step 48830/34883 | Loss 1.9593 | LR 2.18e-04
2026-05-14 23:26:43,838  INFO  Epoch 1/1 | Step 48840/34883 | Loss 1.8469 | LR 2.18e-04
2026-05-14 23:26:48,785  INFO  Epoch 1/1 | Step 48850/34883 | Loss 1.8438 | LR 2.18e-04
2026-05-14 23:26:53,749  INFO  Epoch 1/1 | Step 48860/34883 | Loss 2.1486 | LR 2.18e-04
2026-05-14 23:26:58,696  INFO  Epoch 1/1 | Step 48870/34883 | Loss 1.9261 | LR 2.17e-04
2026-05-14 23:27:03,653  INFO  Epoch 1/1 | Step 48880/34883 | Loss 1.9337 | LR 2.17e-04
2026-05-14 23:27:08,611  INFO  Epoch 1/1 | Step 48890/34883 | Loss 2.1543 | LR 2.17e-04
2026-05-14 23:27:13,570  INFO  Epoch 1/1 | Step 48900/34883 | Loss 1.9990 | LR 2.17e-04
2026-05-14 23:27:18,530  INFO  Epoch 1/1 | Step 48910/34883 | Loss 2.1493 | LR 2.17e-04
2026-05-14 23:27:23,497  INFO  Epoch 1/1 | Step 48920/34883 | Loss 1.9238 | LR 2.16e-04
2026-05-14 23:27:28,448  INFO  Epoch 1/1 | Step 48930/34883 | Loss 1.9647 | LR 2.16e-04
2026-05-14 23:27:33,408  INFO  Epoch 1/1 | Step 48940/34883 | Loss 2.0696 | LR 2.16e-04
2026-05-14 23:27:38,360  INFO  Epoch 1/1 | Step 48950/34883 | Loss 2.1070 | LR 2.16e-04
2026-05-14 23:27:43,316  INFO  Epoch 1/1 | Step 48960/34883 | Loss 2.0759 | LR 2.16e-04
2026-05-14 23:27:48,283  INFO  Epoch 1/1 | Step 48970/34883 | Loss 2.1621 | LR 2.15e-04
2026-05-14 23:27:53,239  INFO  Epoch 1/1 | Step 48980/34883 | Loss 2.1228 | LR 2.15e-04
2026-05-14 23:27:58,205  INFO  Epoch 1/1 | Step 48990/34883 | Loss 1.8991 | LR 2.15e-04
2026-05-14 23:28:03,169  INFO  Epoch 1/1 | Step 49000/34883 | Loss 2.0079 | LR 2.15e-04
2026-05-14 23:28:08,137  INFO  Epoch 1/1 | Step 49010/34883 | Loss 2.1017 | LR 2.15e-04
2026-05-14 23:28:13,108  INFO  Epoch 1/1 | Step 49020/34883 | Loss 2.0336 | LR 2.15e-04
2026-05-14 23:28:18,067  INFO  Epoch 1/1 | Step 49030/34883 | Loss 2.1911 | LR 2.14e-04
2026-05-14 23:28:23,018  INFO  Epoch 1/1 | Step 49040/34883 | Loss 1.9336 | LR 2.14e-04
2026-05-14 23:28:27,969  INFO  Epoch 1/1 | Step 49050/34883 | Loss 2.1582 | LR 2.14e-04
2026-05-14 23:28:32,937  INFO  Epoch 1/1 | Step 49060/34883 | Loss 2.0444 | LR 2.14e-04
2026-05-14 23:28:37,898  INFO  Epoch 1/1 | Step 49070/34883 | Loss 2.0912 | LR 2.14e-04
2026-05-14 23:28:42,860  INFO  Epoch 1/1 | Step 49080/34883 | Loss 2.0516 | LR 2.13e-04
2026-05-14 23:28:47,815  INFO  Epoch 1/1 | Step 49090/34883 | Loss 1.9040 | LR 2.13e-04
2026-05-14 23:28:52,775  INFO  Epoch 1/1 | Step 49100/34883 | Loss 1.9174 | LR 2.13e-04
2026-05-14 23:28:57,730  INFO  Epoch 1/1 | Step 49110/34883 | Loss 2.0164 | LR 2.13e-04
2026-05-14 23:29:02,691  INFO  Epoch 1/1 | Step 49120/34883 | Loss 1.9465 | LR 2.13e-04
2026-05-14 23:29:07,637  INFO  Epoch 1/1 | Step 49130/34883 | Loss 1.9902 | LR 2.12e-04
2026-05-14 23:29:12,588  INFO  Epoch 1/1 | Step 49140/34883 | Loss 1.9115 | LR 2.12e-04
2026-05-14 23:29:17,557  INFO  Epoch 1/1 | Step 49150/34883 | Loss 2.1340 | LR 2.12e-04
2026-05-14 23:29:22,522  INFO  Epoch 1/1 | Step 49160/34883 | Loss 2.0411 | LR 2.12e-04
2026-05-14 23:29:27,481  INFO  Epoch 1/1 | Step 49170/34883 | Loss 2.0071 | LR 2.12e-04
2026-05-14 23:29:32,434  INFO  Epoch 1/1 | Step 49180/34883 | Loss 2.1399 | LR 2.11e-04
2026-05-14 23:29:37,400  INFO  Epoch 1/1 | Step 49190/34883 | Loss 2.0739 | LR 2.11e-04
2026-05-14 23:29:42,358  INFO  Epoch 1/1 | Step 49200/34883 | Loss 2.0400 | LR 2.11e-04
2026-05-14 23:29:47,315  INFO  Epoch 1/1 | Step 49210/34883 | Loss 2.0089 | LR 2.11e-04
2026-05-14 23:29:52,271  INFO  Epoch 1/1 | Step 49220/34883 | Loss 2.0805 | LR 2.11e-04
2026-05-14 23:29:57,223  INFO  Epoch 1/1 | Step 49230/34883 | Loss 2.0973 | LR 2.11e-04
2026-05-14 23:30:02,190  INFO  Epoch 1/1 | Step 49240/34883 | Loss 2.1276 | LR 2.10e-04
2026-05-14 23:30:07,139  INFO  Epoch 1/1 | Step 49250/34883 | Loss 2.0321 | LR 2.10e-04
2026-05-14 23:30:12,099  INFO  Epoch 1/1 | Step 49260/34883 | Loss 1.9127 | LR 2.10e-04
2026-05-14 23:30:17,052  INFO  Epoch 1/1 | Step 49270/34883 | Loss 2.0463 | LR 2.10e-04
2026-05-14 23:30:22,021  INFO  Epoch 1/1 | Step 49280/34883 | Loss 2.1564 | LR 2.10e-04
2026-05-14 23:30:26,975  INFO  Epoch 1/1 | Step 49290/34883 | Loss 2.0159 | LR 2.09e-04
2026-05-14 23:30:31,945  INFO  Epoch 1/1 | Step 49300/34883 | Loss 1.9531 | LR 2.09e-04
2026-05-14 23:30:36,918  INFO  Epoch 1/1 | Step 49310/34883 | Loss 1.8949 | LR 2.09e-04
2026-05-14 23:30:41,896  INFO  Epoch 1/1 | Step 49320/34883 | Loss 1.9908 | LR 2.09e-04
2026-05-14 23:30:46,863  INFO  Epoch 1/1 | Step 49330/34883 | Loss 1.9794 | LR 2.09e-04
2026-05-14 23:30:51,836  INFO  Epoch 1/1 | Step 49340/34883 | Loss 1.9680 | LR 2.08e-04
2026-05-14 23:30:56,814  INFO  Epoch 1/1 | Step 49350/34883 | Loss 2.0415 | LR 2.08e-04
2026-05-14 23:31:01,795  INFO  Epoch 1/1 | Step 49360/34883 | Loss 2.1663 | LR 2.08e-04
2026-05-14 23:31:06,775  INFO  Epoch 1/1 | Step 49370/34883 | Loss 2.1329 | LR 2.08e-04
2026-05-14 23:31:11,749  INFO  Epoch 1/1 | Step 49380/34883 | Loss 2.0694 | LR 2.08e-04
2026-05-14 23:31:16,715  INFO  Epoch 1/1 | Step 49390/34883 | Loss 2.1141 | LR 2.07e-04
2026-05-14 23:31:21,696  INFO  Epoch 1/1 | Step 49400/34883 | Loss 2.0963 | LR 2.07e-04
2026-05-14 23:31:26,666  INFO  Epoch 1/1 | Step 49410/34883 | Loss 1.9780 | LR 2.07e-04
2026-05-14 23:31:31,626  INFO  Epoch 1/1 | Step 49420/34883 | Loss 1.9742 | LR 2.07e-04
2026-05-14 23:31:36,590  INFO  Epoch 1/1 | Step 49430/34883 | Loss 1.9345 | LR 2.07e-04
2026-05-14 23:31:41,551  INFO  Epoch 1/1 | Step 49440/34883 | Loss 2.1340 | LR 2.07e-04
2026-05-14 23:31:46,511  INFO  Epoch 1/1 | Step 49450/34883 | Loss 1.9938 | LR 2.06e-04
2026-05-14 23:31:51,479  INFO  Epoch 1/1 | Step 49460/34883 | Loss 1.8966 | LR 2.06e-04
2026-05-14 23:31:56,442  INFO  Epoch 1/1 | Step 49470/34883 | Loss 2.0493 | LR 2.06e-04
2026-05-14 23:32:01,405  INFO  Epoch 1/1 | Step 49480/34883 | Loss 2.0213 | LR 2.06e-04
2026-05-14 23:32:06,374  INFO  Epoch 1/1 | Step 49490/34883 | Loss 1.9404 | LR 2.06e-04
2026-05-14 23:32:11,337  INFO  Epoch 1/1 | Step 49500/34883 | Loss 1.9911 | LR 2.05e-04
2026-05-14 23:32:16,307  INFO  Epoch 1/1 | Step 49510/34883 | Loss 2.0337 | LR 2.05e-04
2026-05-14 23:32:21,273  INFO  Epoch 1/1 | Step 49520/34883 | Loss 2.0657 | LR 2.05e-04
2026-05-14 23:32:26,228  INFO  Epoch 1/1 | Step 49530/34883 | Loss 2.0452 | LR 2.05e-04
2026-05-14 23:32:31,193  INFO  Epoch 1/1 | Step 49540/34883 | Loss 1.9353 | LR 2.05e-04
2026-05-14 23:32:36,163  INFO  Epoch 1/1 | Step 49550/34883 | Loss 1.9949 | LR 2.04e-04
2026-05-14 23:32:41,112  INFO  Epoch 1/1 | Step 49560/34883 | Loss 2.0356 | LR 2.04e-04
2026-05-14 23:32:46,071  INFO  Epoch 1/1 | Step 49570/34883 | Loss 2.1752 | LR 2.04e-04
2026-05-14 23:32:51,031  INFO  Epoch 1/1 | Step 49580/34883 | Loss 2.1177 | LR 2.04e-04
2026-05-14 23:32:55,997  INFO  Epoch 1/1 | Step 49590/34883 | Loss 2.0832 | LR 2.04e-04
2026-05-14 23:33:00,953  INFO  Epoch 1/1 | Step 49600/34883 | Loss 1.9924 | LR 2.04e-04
2026-05-14 23:33:05,908  INFO  Epoch 1/1 | Step 49610/34883 | Loss 2.1124 | LR 2.03e-04
2026-05-14 23:33:10,862  INFO  Epoch 1/1 | Step 49620/34883 | Loss 2.0550 | LR 2.03e-04
2026-05-14 23:33:25,177  INFO  Epoch 1/1 | Step 49630/34883 | Loss 2.0846 | LR 2.03e-04
2026-05-14 23:33:48,234  INFO  Epoch 1/1 | Step 49640/34883 | Loss 2.0057 | LR 2.03e-04
2026-05-14 23:34:38,337  INFO  Epoch 1/1 | Step 49650/34883 | Loss 1.9742 | LR 2.03e-04
2026-05-14 23:35:01,926  INFO  Epoch 1/1 | Step 49660/34883 | Loss 2.0530 | LR 2.02e-04
2026-05-14 23:35:15,557  INFO  Epoch 1/1 | Step 49670/34883 | Loss 2.0324 | LR 2.02e-04
2026-05-14 23:35:20,600  INFO  Epoch 1/1 | Step 49680/34883 | Loss 2.1843 | LR 2.02e-04
2026-05-14 23:35:34,188  INFO  Epoch 1/1 | Step 49690/34883 | Loss 2.0287 | LR 2.02e-04
2026-05-14 23:35:38,920  INFO  Epoch 1/1 | Step 49700/34883 | Loss 2.3144 | LR 2.02e-04
2026-05-14 23:35:43,661  INFO  Epoch 1/1 | Step 49710/34883 | Loss 2.0338 | LR 2.02e-04
2026-05-14 23:35:48,417  INFO  Epoch 1/1 | Step 49720/34883 | Loss 1.8885 | LR 2.01e-04
2026-05-14 23:35:53,197  INFO  Epoch 1/1 | Step 49730/34883 | Loss 1.8681 | LR 2.01e-04
2026-05-14 23:35:57,982  INFO  Epoch 1/1 | Step 49740/34883 | Loss 1.8481 | LR 2.01e-04
2026-05-14 23:36:02,790  INFO  Epoch 1/1 | Step 49750/34883 | Loss 2.1842 | LR 2.01e-04
2026-05-14 23:36:07,610  INFO  Epoch 1/1 | Step 49760/34883 | Loss 2.0455 | LR 2.01e-04
2026-05-14 23:36:12,452  INFO  Epoch 1/1 | Step 49770/34883 | Loss 2.0145 | LR 2.00e-04
2026-05-14 23:36:17,300  INFO  Epoch 1/1 | Step 49780/34883 | Loss 2.0452 | LR 2.00e-04
2026-05-14 23:36:22,737  INFO  Epoch 1/1 | Step 49790/34883 | Loss 1.9449 | LR 2.00e-04
2026-05-14 23:36:27,591  INFO  Epoch 1/1 | Step 49800/34883 | Loss 1.9259 | LR 2.00e-04
2026-05-14 23:36:32,468  INFO  Epoch 1/1 | Step 49810/34883 | Loss 1.8957 | LR 2.00e-04
2026-05-14 23:36:37,346  INFO  Epoch 1/1 | Step 49820/34883 | Loss 2.1267 | LR 1.99e-04
2026-05-14 23:36:42,235  INFO  Epoch 1/1 | Step 49830/34883 | Loss 2.1713 | LR 1.99e-04
2026-05-14 23:36:47,133  INFO  Epoch 1/1 | Step 49840/34883 | Loss 2.0379 | LR 1.99e-04
2026-05-14 23:36:52,036  INFO  Epoch 1/1 | Step 49850/34883 | Loss 2.0961 | LR 1.99e-04
2026-05-14 23:36:56,943  INFO  Epoch 1/1 | Step 49860/34883 | Loss 2.1406 | LR 1.99e-04
2026-05-14 23:37:01,853  INFO  Epoch 1/1 | Step 49870/34883 | Loss 2.1410 | LR 1.99e-04
2026-05-14 23:37:06,758  INFO  Epoch 1/1 | Step 49880/34883 | Loss 2.0696 | LR 1.98e-04
2026-05-14 23:37:11,670  INFO  Epoch 1/1 | Step 49890/34883 | Loss 1.9212 | LR 1.98e-04
2026-05-14 23:37:16,590  INFO  Epoch 1/1 | Step 49900/34883 | Loss 2.0799 | LR 1.98e-04
2026-05-14 23:37:21,497  INFO  Epoch 1/1 | Step 49910/34883 | Loss 1.8708 | LR 1.98e-04
2026-05-14 23:37:26,435  INFO  Epoch 1/1 | Step 49920/34883 | Loss 1.9252 | LR 1.98e-04
2026-05-14 23:37:31,358  INFO  Epoch 1/1 | Step 49930/34883 | Loss 2.1543 | LR 1.97e-04
2026-05-14 23:37:37,121  INFO  Epoch 1/1 | Step 49940/34883 | Loss 2.0324 | LR 1.97e-04
2026-05-14 23:37:42,026  INFO  Epoch 1/1 | Step 49950/34883 | Loss 2.0642 | LR 1.97e-04
2026-05-14 23:37:46,945  INFO  Epoch 1/1 | Step 49960/34883 | Loss 1.9226 | LR 1.97e-04
2026-05-14 23:37:51,859  INFO  Epoch 1/1 | Step 49970/34883 | Loss 1.9192 | LR 1.97e-04
2026-05-14 23:37:56,785  INFO  Epoch 1/1 | Step 49980/34883 | Loss 1.9627 | LR 1.96e-04
2026-05-14 23:38:01,714  INFO  Epoch 1/1 | Step 49990/34883 | Loss 2.0564 | LR 1.96e-04
2026-05-14 23:38:06,645  INFO  Epoch 1/1 | Step 50000/34883 | Loss 1.9210 | LR 1.96e-04
2026-05-14 23:38:11,577  INFO  Epoch 1/1 | Step 50010/34883 | Loss 2.0734 | LR 1.96e-04
2026-05-14 23:38:16,523  INFO  Epoch 1/1 | Step 50020/34883 | Loss 1.9506 | LR 1.96e-04
2026-05-14 23:38:21,464  INFO  Epoch 1/1 | Step 50030/34883 | Loss 2.0172 | LR 1.96e-04
2026-05-14 23:38:26,403  INFO  Epoch 1/1 | Step 50040/34883 | Loss 2.1714 | LR 1.95e-04
2026-05-14 23:38:31,339  INFO  Epoch 1/1 | Step 50050/34883 | Loss 2.0178 | LR 1.95e-04
2026-05-14 23:38:36,278  INFO  Epoch 1/1 | Step 50060/34883 | Loss 2.0886 | LR 1.95e-04
2026-05-14 23:38:41,219  INFO  Epoch 1/1 | Step 50070/34883 | Loss 2.1059 | LR 1.95e-04
2026-05-14 23:38:46,151  INFO  Epoch 1/1 | Step 50080/34883 | Loss 2.1096 | LR 1.95e-04
2026-05-14 23:38:51,081  INFO  Epoch 1/1 | Step 50090/34883 | Loss 1.9862 | LR 1.94e-04
2026-05-14 23:38:56,010  INFO  Epoch 1/1 | Step 50100/34883 | Loss 1.9656 | LR 1.94e-04
2026-05-14 23:39:00,937  INFO  Epoch 1/1 | Step 50110/34883 | Loss 1.9891 | LR 1.94e-04
2026-05-14 23:39:05,867  INFO  Epoch 1/1 | Step 50120/34883 | Loss 1.9208 | LR 1.94e-04
2026-05-14 23:39:10,802  INFO  Epoch 1/1 | Step 50130/34883 | Loss 1.9205 | LR 1.94e-04
2026-05-14 23:39:15,745  INFO  Epoch 1/1 | Step 50140/34883 | Loss 2.0212 | LR 1.94e-04
2026-05-14 23:39:20,691  INFO  Epoch 1/1 | Step 50150/34883 | Loss 2.0001 | LR 1.93e-04
2026-05-14 23:39:25,632  INFO  Epoch 1/1 | Step 50160/34883 | Loss 2.0407 | LR 1.93e-04
2026-05-14 23:39:30,562  INFO  Epoch 1/1 | Step 50170/34883 | Loss 2.0200 | LR 1.93e-04
2026-05-14 23:39:35,502  INFO  Epoch 1/1 | Step 50180/34883 | Loss 2.1116 | LR 1.93e-04
2026-05-14 23:39:40,433  INFO  Epoch 1/1 | Step 50190/34883 | Loss 2.0405 | LR 1.93e-04
2026-05-14 23:39:45,366  INFO  Epoch 1/1 | Step 50200/34883 | Loss 2.0832 | LR 1.92e-04
2026-05-14 23:39:50,298  INFO  Epoch 1/1 | Step 50210/34883 | Loss 2.0754 | LR 1.92e-04
2026-05-14 23:39:55,231  INFO  Epoch 1/1 | Step 50220/34883 | Loss 2.1031 | LR 1.92e-04
2026-05-14 23:40:00,166  INFO  Epoch 1/1 | Step 50230/34883 | Loss 2.0536 | LR 1.92e-04
2026-05-14 23:40:05,098  INFO  Epoch 1/1 | Step 50240/34883 | Loss 2.1942 | LR 1.92e-04
2026-05-14 23:40:10,025  INFO  Epoch 1/1 | Step 50250/34883 | Loss 2.0601 | LR 1.92e-04
2026-05-14 23:40:14,954  INFO  Epoch 1/1 | Step 50260/34883 | Loss 1.9434 | LR 1.91e-04
2026-05-14 23:40:19,873  INFO  Epoch 1/1 | Step 50270/34883 | Loss 2.0750 | LR 1.91e-04
2026-05-14 23:40:24,795  INFO  Epoch 1/1 | Step 50280/34883 | Loss 2.0095 | LR 1.91e-04
2026-05-14 23:40:29,714  INFO  Epoch 1/1 | Step 50290/34883 | Loss 2.0505 | LR 1.91e-04
2026-05-14 23:40:34,633  INFO  Epoch 1/1 | Step 50300/34883 | Loss 2.0731 | LR 1.91e-04
2026-05-14 23:40:39,552  INFO  Epoch 1/1 | Step 50310/34883 | Loss 1.8275 | LR 1.90e-04
2026-05-14 23:40:44,468  INFO  Epoch 1/1 | Step 50320/34883 | Loss 2.1317 | LR 1.90e-04
2026-05-14 23:40:49,393  INFO  Epoch 1/1 | Step 50330/34883 | Loss 1.9095 | LR 1.90e-04
2026-05-14 23:40:54,317  INFO  Epoch 1/1 | Step 50340/34883 | Loss 1.9771 | LR 1.90e-04
2026-05-14 23:40:59,234  INFO  Epoch 1/1 | Step 50350/34883 | Loss 2.0684 | LR 1.90e-04
2026-05-14 23:41:04,149  INFO  Epoch 1/1 | Step 50360/34883 | Loss 1.9110 | LR 1.90e-04
2026-05-14 23:41:09,067  INFO  Epoch 1/1 | Step 50370/34883 | Loss 1.8981 | LR 1.89e-04
2026-05-14 23:41:13,976  INFO  Epoch 1/1 | Step 50380/34883 | Loss 2.0641 | LR 1.89e-04
2026-05-14 23:41:18,892  INFO  Epoch 1/1 | Step 50390/34883 | Loss 1.9903 | LR 1.89e-04
2026-05-14 23:41:23,811  INFO  Epoch 1/1 | Step 50400/34883 | Loss 2.0646 | LR 1.89e-04
2026-05-14 23:41:28,712  INFO  Epoch 1/1 | Step 50410/34883 | Loss 2.0985 | LR 1.89e-04
2026-05-14 23:41:33,622  INFO  Epoch 1/1 | Step 50420/34883 | Loss 2.0796 | LR 1.88e-04
2026-05-14 23:41:38,527  INFO  Epoch 1/1 | Step 50430/34883 | Loss 2.0500 | LR 1.88e-04
2026-05-14 23:41:43,428  INFO  Epoch 1/1 | Step 50440/34883 | Loss 1.9749 | LR 1.88e-04
2026-05-14 23:41:48,326  INFO  Epoch 1/1 | Step 50450/34883 | Loss 2.1463 | LR 1.88e-04
2026-05-14 23:41:53,229  INFO  Epoch 1/1 | Step 50460/34883 | Loss 2.0687 | LR 1.88e-04
2026-05-14 23:41:58,133  INFO  Epoch 1/1 | Step 50470/34883 | Loss 2.1328 | LR 1.88e-04
2026-05-14 23:42:03,034  INFO  Epoch 1/1 | Step 50480/34883 | Loss 2.0465 | LR 1.87e-04
2026-05-14 23:42:07,935  INFO  Epoch 1/1 | Step 50490/34883 | Loss 1.9379 | LR 1.87e-04
2026-05-14 23:42:12,837  INFO  Epoch 1/1 | Step 50500/34883 | Loss 2.0724 | LR 1.87e-04
2026-05-14 23:42:17,731  INFO  Epoch 1/1 | Step 50510/34883 | Loss 1.9769 | LR 1.87e-04
2026-05-14 23:42:22,632  INFO  Epoch 1/1 | Step 50520/34883 | Loss 2.0439 | LR 1.87e-04
2026-05-14 23:42:27,520  INFO  Epoch 1/1 | Step 50530/34883 | Loss 1.9051 | LR 1.86e-04
2026-05-14 23:42:32,422  INFO  Epoch 1/1 | Step 50540/34883 | Loss 2.0208 | LR 1.86e-04
2026-05-14 23:42:37,316  INFO  Epoch 1/1 | Step 50550/34883 | Loss 2.0116 | LR 1.86e-04
2026-05-14 23:42:42,208  INFO  Epoch 1/1 | Step 50560/34883 | Loss 1.8701 | LR 1.86e-04
2026-05-14 23:42:47,093  INFO  Epoch 1/1 | Step 50570/34883 | Loss 2.0993 | LR 1.86e-04
2026-05-14 23:42:51,996  INFO  Epoch 1/1 | Step 50580/34883 | Loss 1.9377 | LR 1.86e-04
2026-05-14 23:42:56,895  INFO  Epoch 1/1 | Step 50590/34883 | Loss 2.1430 | LR 1.85e-04
2026-05-14 23:43:01,790  INFO  Epoch 1/1 | Step 50600/34883 | Loss 1.9311 | LR 1.85e-04
2026-05-14 23:43:06,694  INFO  Epoch 1/1 | Step 50610/34883 | Loss 2.0077 | LR 1.85e-04
2026-05-14 23:43:11,598  INFO  Epoch 1/1 | Step 50620/34883 | Loss 1.9949 | LR 1.85e-04
2026-05-14 23:43:16,497  INFO  Epoch 1/1 | Step 50630/34883 | Loss 2.0224 | LR 1.85e-04
2026-05-14 23:43:21,393  INFO  Epoch 1/1 | Step 50640/34883 | Loss 1.9144 | LR 1.84e-04
2026-05-14 23:43:26,294  INFO  Epoch 1/1 | Step 50650/34883 | Loss 2.2003 | LR 1.84e-04
2026-05-14 23:43:31,189  INFO  Epoch 1/1 | Step 50660/34883 | Loss 2.0378 | LR 1.84e-04
2026-05-14 23:43:36,088  INFO  Epoch 1/1 | Step 50670/34883 | Loss 1.8835 | LR 1.84e-04
2026-05-14 23:43:40,988  INFO  Epoch 1/1 | Step 50680/34883 | Loss 2.0155 | LR 1.84e-04
2026-05-14 23:43:45,889  INFO  Epoch 1/1 | Step 50690/34883 | Loss 1.8389 | LR 1.84e-04
2026-05-14 23:43:50,783  INFO  Epoch 1/1 | Step 50700/34883 | Loss 1.8890 | LR 1.83e-04
2026-05-14 23:43:55,684  INFO  Epoch 1/1 | Step 50710/34883 | Loss 2.0223 | LR 1.83e-04
2026-05-14 23:44:00,583  INFO  Epoch 1/1 | Step 50720/34883 | Loss 1.9939 | LR 1.83e-04
2026-05-14 23:44:05,478  INFO  Epoch 1/1 | Step 50730/34883 | Loss 2.2622 | LR 1.83e-04
2026-05-14 23:44:10,378  INFO  Epoch 1/1 | Step 50740/34883 | Loss 1.9599 | LR 1.83e-04
2026-05-14 23:44:15,278  INFO  Epoch 1/1 | Step 50750/34883 | Loss 2.1355 | LR 1.82e-04
2026-05-14 23:44:20,178  INFO  Epoch 1/1 | Step 50760/34883 | Loss 2.0388 | LR 1.82e-04
2026-05-14 23:44:25,079  INFO  Epoch 1/1 | Step 50770/34883 | Loss 2.0971 | LR 1.82e-04
2026-05-14 23:44:29,984  INFO  Epoch 1/1 | Step 50780/34883 | Loss 2.1125 | LR 1.82e-04
2026-05-14 23:44:34,893  INFO  Epoch 1/1 | Step 50790/34883 | Loss 2.0703 | LR 1.82e-04
2026-05-14 23:44:39,799  INFO  Epoch 1/1 | Step 50800/34883 | Loss 2.2372 | LR 1.82e-04
2026-05-14 23:44:44,710  INFO  Epoch 1/1 | Step 50810/34883 | Loss 2.0583 | LR 1.81e-04
2026-05-14 23:44:49,615  INFO  Epoch 1/1 | Step 50820/34883 | Loss 2.1268 | LR 1.81e-04
2026-05-14 23:44:54,520  INFO  Epoch 1/1 | Step 50830/34883 | Loss 2.2338 | LR 1.81e-04
2026-05-14 23:44:59,426  INFO  Epoch 1/1 | Step 50840/34883 | Loss 2.1709 | LR 1.81e-04
2026-05-14 23:45:04,323  INFO  Epoch 1/1 | Step 50850/34883 | Loss 2.1532 | LR 1.81e-04
2026-05-14 23:45:09,222  INFO  Epoch 1/1 | Step 50860/34883 | Loss 2.0292 | LR 1.81e-04
2026-05-14 23:45:14,119  INFO  Epoch 1/1 | Step 50870/34883 | Loss 2.0807 | LR 1.80e-04
2026-05-14 23:45:19,016  INFO  Epoch 1/1 | Step 50880/34883 | Loss 1.8255 | LR 1.80e-04
2026-05-14 23:45:23,913  INFO  Epoch 1/1 | Step 50890/34883 | Loss 1.9034 | LR 1.80e-04
2026-05-14 23:45:28,805  INFO  Epoch 1/1 | Step 50900/34883 | Loss 2.0894 | LR 1.80e-04
2026-05-14 23:45:33,705  INFO  Epoch 1/1 | Step 50910/34883 | Loss 1.9269 | LR 1.80e-04
2026-05-14 23:45:38,603  INFO  Epoch 1/1 | Step 50920/34883 | Loss 1.9751 | LR 1.79e-04
2026-05-14 23:45:43,503  INFO  Epoch 1/1 | Step 50930/34883 | Loss 2.0607 | LR 1.79e-04
2026-05-14 23:45:48,409  INFO  Epoch 1/1 | Step 50940/34883 | Loss 2.1614 | LR 1.79e-04
2026-05-14 23:45:53,309  INFO  Epoch 1/1 | Step 50950/34883 | Loss 2.0582 | LR 1.79e-04
2026-05-14 23:45:58,211  INFO  Epoch 1/1 | Step 50960/34883 | Loss 2.0781 | LR 1.79e-04
2026-05-14 23:46:03,108  INFO  Epoch 1/1 | Step 50970/34883 | Loss 1.9843 | LR 1.79e-04
2026-05-14 23:46:08,014  INFO  Epoch 1/1 | Step 50980/34883 | Loss 1.9871 | LR 1.78e-04
2026-05-14 23:46:12,918  INFO  Epoch 1/1 | Step 50990/34883 | Loss 1.9509 | LR 1.78e-04
2026-05-14 23:46:17,819  INFO  Epoch 1/1 | Step 51000/34883 | Loss 2.0090 | LR 1.78e-04
2026-05-14 23:46:22,724  INFO  Epoch 1/1 | Step 51010/34883 | Loss 1.8790 | LR 1.78e-04
2026-05-14 23:46:27,622  INFO  Epoch 1/1 | Step 51020/34883 | Loss 2.0408 | LR 1.78e-04
2026-05-14 23:46:32,517  INFO  Epoch 1/1 | Step 51030/34883 | Loss 1.8671 | LR 1.77e-04
2026-05-14 23:46:37,415  INFO  Epoch 1/1 | Step 51040/34883 | Loss 2.0205 | LR 1.77e-04
2026-05-14 23:46:42,313  INFO  Epoch 1/1 | Step 51050/34883 | Loss 1.9942 | LR 1.77e-04
2026-05-14 23:46:47,213  INFO  Epoch 1/1 | Step 51060/34883 | Loss 2.0596 | LR 1.77e-04
2026-05-14 23:46:52,119  INFO  Epoch 1/1 | Step 51070/34883 | Loss 2.0377 | LR 1.77e-04
2026-05-14 23:46:57,021  INFO  Epoch 1/1 | Step 51080/34883 | Loss 1.9885 | LR 1.77e-04
2026-05-14 23:47:01,921  INFO  Epoch 1/1 | Step 51090/34883 | Loss 2.0097 | LR 1.76e-04
2026-05-14 23:47:06,827  INFO  Epoch 1/1 | Step 51100/34883 | Loss 2.0300 | LR 1.76e-04
2026-05-14 23:47:11,737  INFO  Epoch 1/1 | Step 51110/34883 | Loss 2.0015 | LR 1.76e-04
2026-05-14 23:47:16,654  INFO  Epoch 1/1 | Step 51120/34883 | Loss 1.9867 | LR 1.76e-04
2026-05-14 23:47:21,564  INFO  Epoch 1/1 | Step 51130/34883 | Loss 1.9463 | LR 1.76e-04
2026-05-14 23:47:26,469  INFO  Epoch 1/1 | Step 51140/34883 | Loss 1.9833 | LR 1.76e-04
2026-05-14 23:47:31,392  INFO  Epoch 1/1 | Step 51150/34883 | Loss 2.1275 | LR 1.75e-04
2026-05-14 23:47:36,307  INFO  Epoch 1/1 | Step 51160/34883 | Loss 1.8564 | LR 1.75e-04
2026-05-14 23:47:41,224  INFO  Epoch 1/1 | Step 51170/34883 | Loss 1.9979 | LR 1.75e-04
2026-05-14 23:47:46,128  INFO  Epoch 1/1 | Step 51180/34883 | Loss 2.0566 | LR 1.75e-04
2026-05-14 23:47:51,039  INFO  Epoch 1/1 | Step 51190/34883 | Loss 1.9419 | LR 1.75e-04
2026-05-14 23:47:55,939  INFO  Epoch 1/1 | Step 51200/34883 | Loss 2.0677 | LR 1.74e-04
2026-05-14 23:48:00,847  INFO  Epoch 1/1 | Step 51210/34883 | Loss 1.9219 | LR 1.74e-04
2026-05-14 23:48:05,747  INFO  Epoch 1/1 | Step 51220/34883 | Loss 2.0891 | LR 1.74e-04
2026-05-14 23:48:10,645  INFO  Epoch 1/1 | Step 51230/34883 | Loss 2.0315 | LR 1.74e-04
2026-05-14 23:48:15,551  INFO  Epoch 1/1 | Step 51240/34883 | Loss 1.9128 | LR 1.74e-04
2026-05-14 23:48:20,459  INFO  Epoch 1/1 | Step 51250/34883 | Loss 2.0184 | LR 1.74e-04
2026-05-14 23:48:25,360  INFO  Epoch 1/1 | Step 51260/34883 | Loss 2.0766 | LR 1.73e-04
2026-05-14 23:48:30,260  INFO  Epoch 1/1 | Step 51270/34883 | Loss 1.8927 | LR 1.73e-04
2026-05-14 23:48:35,173  INFO  Epoch 1/1 | Step 51280/34883 | Loss 2.0835 | LR 1.73e-04
2026-05-14 23:48:40,069  INFO  Epoch 1/1 | Step 51290/34883 | Loss 2.0311 | LR 1.73e-04
2026-05-14 23:48:44,976  INFO  Epoch 1/1 | Step 51300/34883 | Loss 2.1084 | LR 1.73e-04
2026-05-14 23:48:49,883  INFO  Epoch 1/1 | Step 51310/34883 | Loss 2.0785 | LR 1.73e-04
2026-05-14 23:48:54,782  INFO  Epoch 1/1 | Step 51320/34883 | Loss 1.8684 | LR 1.72e-04
2026-05-14 23:48:59,690  INFO  Epoch 1/1 | Step 51330/34883 | Loss 2.0104 | LR 1.72e-04
2026-05-14 23:49:04,603  INFO  Epoch 1/1 | Step 51340/34883 | Loss 1.9725 | LR 1.72e-04
2026-05-14 23:49:09,519  INFO  Epoch 1/1 | Step 51350/34883 | Loss 2.0274 | LR 1.72e-04
2026-05-14 23:49:14,428  INFO  Epoch 1/1 | Step 51360/34883 | Loss 2.0066 | LR 1.72e-04
2026-05-14 23:49:19,345  INFO  Epoch 1/1 | Step 51370/34883 | Loss 1.9658 | LR 1.72e-04
2026-05-14 23:49:24,258  INFO  Epoch 1/1 | Step 51380/34883 | Loss 2.2091 | LR 1.71e-04
2026-05-14 23:49:29,171  INFO  Epoch 1/1 | Step 51390/34883 | Loss 2.0800 | LR 1.71e-04
2026-05-14 23:49:34,083  INFO  Epoch 1/1 | Step 51400/34883 | Loss 2.0002 | LR 1.71e-04
2026-05-14 23:49:38,992  INFO  Epoch 1/1 | Step 51410/34883 | Loss 1.9583 | LR 1.71e-04
2026-05-14 23:49:43,903  INFO  Epoch 1/1 | Step 51420/34883 | Loss 2.0634 | LR 1.71e-04
2026-05-14 23:49:48,812  INFO  Epoch 1/1 | Step 51430/34883 | Loss 1.7983 | LR 1.70e-04
2026-05-14 23:49:53,724  INFO  Epoch 1/1 | Step 51440/34883 | Loss 2.0273 | LR 1.70e-04
2026-05-14 23:49:58,629  INFO  Epoch 1/1 | Step 51450/34883 | Loss 2.0362 | LR 1.70e-04
2026-05-14 23:50:03,543  INFO  Epoch 1/1 | Step 51460/34883 | Loss 2.0822 | LR 1.70e-04
2026-05-14 23:50:08,452  INFO  Epoch 1/1 | Step 51470/34883 | Loss 2.0468 | LR 1.70e-04
2026-05-14 23:50:13,358  INFO  Epoch 1/1 | Step 51480/34883 | Loss 2.2955 | LR 1.70e-04
2026-05-14 23:50:18,269  INFO  Epoch 1/1 | Step 51490/34883 | Loss 1.8964 | LR 1.69e-04
2026-05-14 23:50:23,184  INFO  Epoch 1/1 | Step 51500/34883 | Loss 1.9023 | LR 1.69e-04
2026-05-14 23:50:28,101  INFO  Epoch 1/1 | Step 51510/34883 | Loss 1.8710 | LR 1.69e-04
2026-05-14 23:50:33,017  INFO  Epoch 1/1 | Step 51520/34883 | Loss 1.9881 | LR 1.69e-04
2026-05-14 23:50:37,942  INFO  Epoch 1/1 | Step 51530/34883 | Loss 2.0489 | LR 1.69e-04
2026-05-14 23:50:42,858  INFO  Epoch 1/1 | Step 51540/34883 | Loss 2.2212 | LR 1.69e-04
2026-05-14 23:50:47,778  INFO  Epoch 1/1 | Step 51550/34883 | Loss 2.0155 | LR 1.68e-04
2026-05-14 23:50:52,686  INFO  Epoch 1/1 | Step 51560/34883 | Loss 2.0656 | LR 1.68e-04
2026-05-14 23:50:57,594  INFO  Epoch 1/1 | Step 51570/34883 | Loss 2.0250 | LR 1.68e-04
2026-05-14 23:51:02,493  INFO  Epoch 1/1 | Step 51580/34883 | Loss 2.0274 | LR 1.68e-04
2026-05-14 23:51:07,401  INFO  Epoch 1/1 | Step 51590/34883 | Loss 1.9853 | LR 1.68e-04
2026-05-14 23:51:12,312  INFO  Epoch 1/1 | Step 51600/34883 | Loss 2.0961 | LR 1.68e-04
2026-05-14 23:51:17,209  INFO  Epoch 1/1 | Step 51610/34883 | Loss 1.9754 | LR 1.67e-04
2026-05-14 23:51:22,106  INFO  Epoch 1/1 | Step 51620/34883 | Loss 2.0270 | LR 1.67e-04
2026-05-14 23:51:27,005  INFO  Epoch 1/1 | Step 51630/34883 | Loss 2.0823 | LR 1.67e-04
2026-05-14 23:51:31,908  INFO  Epoch 1/1 | Step 51640/34883 | Loss 1.9438 | LR 1.67e-04
2026-05-14 23:51:36,805  INFO  Epoch 1/1 | Step 51650/34883 | Loss 2.0532 | LR 1.67e-04
2026-05-14 23:51:41,710  INFO  Epoch 1/1 | Step 51660/34883 | Loss 1.9916 | LR 1.66e-04
2026-05-14 23:51:46,623  INFO  Epoch 1/1 | Step 51670/34883 | Loss 2.1429 | LR 1.66e-04
2026-05-14 23:51:51,528  INFO  Epoch 1/1 | Step 51680/34883 | Loss 1.9193 | LR 1.66e-04
2026-05-14 23:51:56,440  INFO  Epoch 1/1 | Step 51690/34883 | Loss 2.0152 | LR 1.66e-04
2026-05-14 23:52:01,332  INFO  Epoch 1/1 | Step 51700/34883 | Loss 1.9858 | LR 1.66e-04
2026-05-14 23:52:06,238  INFO  Epoch 1/1 | Step 51710/34883 | Loss 1.8988 | LR 1.66e-04
2026-05-14 23:52:11,151  INFO  Epoch 1/1 | Step 51720/34883 | Loss 2.0838 | LR 1.65e-04
2026-05-14 23:52:16,063  INFO  Epoch 1/1 | Step 51730/34883 | Loss 1.9994 | LR 1.65e-04
2026-05-14 23:52:20,963  INFO  Epoch 1/1 | Step 51740/34883 | Loss 1.9779 | LR 1.65e-04
2026-05-14 23:52:25,860  INFO  Epoch 1/1 | Step 51750/34883 | Loss 1.9778 | LR 1.65e-04
2026-05-14 23:52:30,763  INFO  Epoch 1/1 | Step 51760/34883 | Loss 2.0166 | LR 1.65e-04
2026-05-14 23:52:35,686  INFO  Epoch 1/1 | Step 51770/34883 | Loss 2.0086 | LR 1.65e-04
2026-05-14 23:52:40,593  INFO  Epoch 1/1 | Step 51780/34883 | Loss 1.9683 | LR 1.64e-04
2026-05-14 23:52:45,501  INFO  Epoch 1/1 | Step 51790/34883 | Loss 1.9159 | LR 1.64e-04
2026-05-14 23:52:50,401  INFO  Epoch 1/1 | Step 51800/34883 | Loss 2.2208 | LR 1.64e-04
2026-05-14 23:52:55,311  INFO  Epoch 1/1 | Step 51810/34883 | Loss 1.9447 | LR 1.64e-04
2026-05-14 23:53:00,230  INFO  Epoch 1/1 | Step 51820/34883 | Loss 1.9534 | LR 1.64e-04
2026-05-14 23:53:05,154  INFO  Epoch 1/1 | Step 51830/34883 | Loss 2.0695 | LR 1.64e-04
2026-05-14 23:53:10,068  INFO  Epoch 1/1 | Step 51840/34883 | Loss 1.9796 | LR 1.63e-04
2026-05-14 23:53:14,985  INFO  Epoch 1/1 | Step 51850/34883 | Loss 2.0468 | LR 1.63e-04
2026-05-14 23:53:19,912  INFO  Epoch 1/1 | Step 51860/34883 | Loss 2.0463 | LR 1.63e-04
2026-05-14 23:53:24,832  INFO  Epoch 1/1 | Step 51870/34883 | Loss 1.9711 | LR 1.63e-04
2026-05-14 23:53:29,748  INFO  Epoch 1/1 | Step 51880/34883 | Loss 2.0293 | LR 1.63e-04
2026-05-14 23:53:34,672  INFO  Epoch 1/1 | Step 51890/34883 | Loss 2.2293 | LR 1.63e-04
2026-05-14 23:53:39,585  INFO  Epoch 1/1 | Step 51900/34883 | Loss 1.9979 | LR 1.62e-04
2026-05-14 23:53:44,499  INFO  Epoch 1/1 | Step 51910/34883 | Loss 2.1904 | LR 1.62e-04
2026-05-14 23:53:49,408  INFO  Epoch 1/1 | Step 51920/34883 | Loss 2.0923 | LR 1.62e-04
2026-05-14 23:53:54,327  INFO  Epoch 1/1 | Step 51930/34883 | Loss 2.0394 | LR 1.62e-04
2026-05-14 23:53:59,260  INFO  Epoch 1/1 | Step 51940/34883 | Loss 2.1244 | LR 1.62e-04
2026-05-14 23:54:04,183  INFO  Epoch 1/1 | Step 51950/34883 | Loss 2.0588 | LR 1.61e-04
2026-05-14 23:54:09,103  INFO  Epoch 1/1 | Step 51960/34883 | Loss 2.0750 | LR 1.61e-04
2026-05-14 23:54:14,020  INFO  Epoch 1/1 | Step 51970/34883 | Loss 1.9250 | LR 1.61e-04
2026-05-14 23:54:18,940  INFO  Epoch 1/1 | Step 51980/34883 | Loss 2.1220 | LR 1.61e-04
2026-05-14 23:54:23,861  INFO  Epoch 1/1 | Step 51990/34883 | Loss 2.1754 | LR 1.61e-04
2026-05-14 23:54:28,778  INFO  Epoch 1/1 | Step 52000/34883 | Loss 1.9350 | LR 1.61e-04
2026-05-14 23:54:33,703  INFO  Epoch 1/1 | Step 52010/34883 | Loss 1.9651 | LR 1.60e-04
2026-05-14 23:54:38,618  INFO  Epoch 1/1 | Step 52020/34883 | Loss 2.0072 | LR 1.60e-04
2026-05-14 23:54:43,534  INFO  Epoch 1/1 | Step 52030/34883 | Loss 1.9987 | LR 1.60e-04
2026-05-14 23:54:48,456  INFO  Epoch 1/1 | Step 52040/34883 | Loss 2.0119 | LR 1.60e-04
2026-05-14 23:54:53,378  INFO  Epoch 1/1 | Step 52050/34883 | Loss 1.9409 | LR 1.60e-04
2026-05-14 23:54:58,303  INFO  Epoch 1/1 | Step 52060/34883 | Loss 1.9440 | LR 1.60e-04
2026-05-14 23:55:03,238  INFO  Epoch 1/1 | Step 52070/34883 | Loss 2.0933 | LR 1.59e-04
2026-05-14 23:55:08,165  INFO  Epoch 1/1 | Step 52080/34883 | Loss 1.9557 | LR 1.59e-04
2026-05-14 23:55:13,093  INFO  Epoch 1/1 | Step 52090/34883 | Loss 2.0246 | LR 1.59e-04
2026-05-14 23:55:18,019  INFO  Epoch 1/1 | Step 52100/34883 | Loss 2.0127 | LR 1.59e-04
2026-05-14 23:55:22,944  INFO  Epoch 1/1 | Step 52110/34883 | Loss 1.9768 | LR 1.59e-04
2026-05-14 23:55:27,873  INFO  Epoch 1/1 | Step 52120/34883 | Loss 1.9737 | LR 1.59e-04
2026-05-14 23:55:32,790  INFO  Epoch 1/1 | Step 52130/34883 | Loss 1.9580 | LR 1.58e-04
2026-05-14 23:55:37,707  INFO  Epoch 1/1 | Step 52140/34883 | Loss 2.0061 | LR 1.58e-04
2026-05-14 23:55:42,619  INFO  Epoch 1/1 | Step 52150/34883 | Loss 1.9739 | LR 1.58e-04
2026-05-14 23:55:47,529  INFO  Epoch 1/1 | Step 52160/34883 | Loss 1.9848 | LR 1.58e-04
2026-05-14 23:55:52,449  INFO  Epoch 1/1 | Step 52170/34883 | Loss 2.1115 | LR 1.58e-04
2026-05-14 23:55:57,363  INFO  Epoch 1/1 | Step 52180/34883 | Loss 2.0554 | LR 1.58e-04
2026-05-14 23:56:02,279  INFO  Epoch 1/1 | Step 52190/34883 | Loss 1.8825 | LR 1.57e-04
2026-05-14 23:56:07,201  INFO  Epoch 1/1 | Step 52200/34883 | Loss 1.9590 | LR 1.57e-04
2026-05-14 23:56:12,118  INFO  Epoch 1/1 | Step 52210/34883 | Loss 2.0952 | LR 1.57e-04
2026-05-14 23:56:17,039  INFO  Epoch 1/1 | Step 52220/34883 | Loss 1.9899 | LR 1.57e-04
2026-05-14 23:56:21,954  INFO  Epoch 1/1 | Step 52230/34883 | Loss 2.0406 | LR 1.57e-04
2026-05-14 23:56:26,862  INFO  Epoch 1/1 | Step 52240/34883 | Loss 1.9271 | LR 1.57e-04
2026-05-14 23:56:31,771  INFO  Epoch 1/1 | Step 52250/34883 | Loss 2.0999 | LR 1.56e-04
2026-05-14 23:56:36,690  INFO  Epoch 1/1 | Step 52260/34883 | Loss 2.0212 | LR 1.56e-04
2026-05-14 23:56:41,600  INFO  Epoch 1/1 | Step 52270/34883 | Loss 2.0932 | LR 1.56e-04
2026-05-14 23:56:46,512  INFO  Epoch 1/1 | Step 52280/34883 | Loss 2.0477 | LR 1.56e-04
2026-05-14 23:56:51,424  INFO  Epoch 1/1 | Step 52290/34883 | Loss 2.0575 | LR 1.56e-04
2026-05-14 23:56:56,326  INFO  Epoch 1/1 | Step 52300/34883 | Loss 1.9156 | LR 1.56e-04
2026-05-14 23:57:01,234  INFO  Epoch 1/1 | Step 52310/34883 | Loss 2.0522 | LR 1.55e-04
2026-05-14 23:57:06,157  INFO  Epoch 1/1 | Step 52320/34883 | Loss 2.1004 | LR 1.55e-04
2026-05-14 23:57:11,061  INFO  Epoch 1/1 | Step 52330/34883 | Loss 2.1723 | LR 1.55e-04
2026-05-14 23:57:15,974  INFO  Epoch 1/1 | Step 52340/34883 | Loss 2.0143 | LR 1.55e-04
2026-05-14 23:57:20,883  INFO  Epoch 1/1 | Step 52350/34883 | Loss 1.9678 | LR 1.55e-04
2026-05-14 23:57:25,800  INFO  Epoch 1/1 | Step 52360/34883 | Loss 1.7825 | LR 1.55e-04
2026-05-14 23:57:30,711  INFO  Epoch 1/1 | Step 52370/34883 | Loss 2.0860 | LR 1.54e-04
2026-05-14 23:57:35,621  INFO  Epoch 1/1 | Step 52380/34883 | Loss 2.0344 | LR 1.54e-04
2026-05-14 23:57:40,526  INFO  Epoch 1/1 | Step 52390/34883 | Loss 2.0424 | LR 1.54e-04
2026-05-14 23:57:45,433  INFO  Epoch 1/1 | Step 52400/34883 | Loss 2.0063 | LR 1.54e-04
2026-05-14 23:57:50,333  INFO  Epoch 1/1 | Step 52410/34883 | Loss 1.9658 | LR 1.54e-04
2026-05-14 23:57:55,245  INFO  Epoch 1/1 | Step 52420/34883 | Loss 2.0266 | LR 1.54e-04
2026-05-14 23:58:00,141  INFO  Epoch 1/1 | Step 52430/34883 | Loss 1.8837 | LR 1.53e-04
2026-05-14 23:58:05,040  INFO  Epoch 1/1 | Step 52440/34883 | Loss 1.9774 | LR 1.53e-04
2026-05-14 23:58:09,941  INFO  Epoch 1/1 | Step 52450/34883 | Loss 1.9204 | LR 1.53e-04
2026-05-14 23:58:14,837  INFO  Epoch 1/1 | Step 52460/34883 | Loss 1.9625 | LR 1.53e-04
2026-05-14 23:58:19,746  INFO  Epoch 1/1 | Step 52470/34883 | Loss 2.2311 | LR 1.53e-04
2026-05-14 23:58:24,653  INFO  Epoch 1/1 | Step 52480/34883 | Loss 2.0882 | LR 1.53e-04
2026-05-14 23:58:29,563  INFO  Epoch 1/1 | Step 52490/34883 | Loss 1.9740 | LR 1.52e-04
2026-05-14 23:58:34,471  INFO  Epoch 1/1 | Step 52500/34883 | Loss 1.8425 | LR 1.52e-04
2026-05-14 23:58:39,384  INFO  Epoch 1/1 | Step 52510/34883 | Loss 1.9730 | LR 1.52e-04
2026-05-14 23:58:44,309  INFO  Epoch 1/1 | Step 52520/34883 | Loss 2.0906 | LR 1.52e-04
2026-05-14 23:58:49,223  INFO  Epoch 1/1 | Step 52530/34883 | Loss 1.9535 | LR 1.52e-04
2026-05-14 23:58:54,147  INFO  Epoch 1/1 | Step 52540/34883 | Loss 1.8558 | LR 1.52e-04
2026-05-14 23:58:59,066  INFO  Epoch 1/1 | Step 52550/34883 | Loss 2.2195 | LR 1.51e-04
2026-05-14 23:59:03,974  INFO  Epoch 1/1 | Step 52560/34883 | Loss 1.9849 | LR 1.51e-04
2026-05-14 23:59:08,887  INFO  Epoch 1/1 | Step 52570/34883 | Loss 1.9502 | LR 1.51e-04
2026-05-14 23:59:13,800  INFO  Epoch 1/1 | Step 52580/34883 | Loss 2.0341 | LR 1.51e-04
2026-05-14 23:59:18,712  INFO  Epoch 1/1 | Step 52590/34883 | Loss 2.1732 | LR 1.51e-04
2026-05-14 23:59:23,632  INFO  Epoch 1/1 | Step 52600/34883 | Loss 2.0504 | LR 1.51e-04
2026-05-14 23:59:28,546  INFO  Epoch 1/1 | Step 52610/34883 | Loss 2.0622 | LR 1.50e-04
2026-05-14 23:59:33,466  INFO  Epoch 1/1 | Step 52620/34883 | Loss 2.0454 | LR 1.50e-04
2026-05-14 23:59:38,377  INFO  Epoch 1/1 | Step 52630/34883 | Loss 1.9375 | LR 1.50e-04
2026-05-14 23:59:43,290  INFO  Epoch 1/1 | Step 52640/34883 | Loss 2.1102 | LR 1.50e-04
2026-05-14 23:59:48,202  INFO  Epoch 1/1 | Step 52650/34883 | Loss 2.1744 | LR 1.50e-04
2026-05-14 23:59:53,109  INFO  Epoch 1/1 | Step 52660/34883 | Loss 2.0633 | LR 1.50e-04
2026-05-14 23:59:58,029  INFO  Epoch 1/1 | Step 52670/34883 | Loss 1.9674 | LR 1.49e-04
2026-05-15 00:00:02,934  INFO  Epoch 1/1 | Step 52680/34883 | Loss 2.0285 | LR 1.49e-04
2026-05-15 00:00:07,840  INFO  Epoch 1/1 | Step 52690/34883 | Loss 1.8020 | LR 1.49e-04
2026-05-15 00:00:12,748  INFO  Epoch 1/1 | Step 52700/34883 | Loss 1.9969 | LR 1.49e-04
2026-05-15 00:00:17,653  INFO  Epoch 1/1 | Step 52710/34883 | Loss 1.8780 | LR 1.49e-04
2026-05-15 00:00:22,560  INFO  Epoch 1/1 | Step 52720/34883 | Loss 2.1429 | LR 1.49e-04
2026-05-15 00:00:27,467  INFO  Epoch 1/1 | Step 52730/34883 | Loss 1.9819 | LR 1.48e-04
2026-05-15 00:00:32,369  INFO  Epoch 1/1 | Step 52740/34883 | Loss 1.8371 | LR 1.48e-04
2026-05-15 00:00:37,271  INFO  Epoch 1/1 | Step 52750/34883 | Loss 1.9166 | LR 1.48e-04
2026-05-15 00:00:42,174  INFO  Epoch 1/1 | Step 52760/34883 | Loss 2.0203 | LR 1.48e-04
2026-05-15 00:00:47,072  INFO  Epoch 1/1 | Step 52770/34883 | Loss 2.0719 | LR 1.48e-04
2026-05-15 00:00:51,974  INFO  Epoch 1/1 | Step 52780/34883 | Loss 2.1033 | LR 1.48e-04
2026-05-15 00:00:56,879  INFO  Epoch 1/1 | Step 52790/34883 | Loss 1.8837 | LR 1.47e-04
2026-05-15 00:01:01,783  INFO  Epoch 1/1 | Step 52800/34883 | Loss 1.9717 | LR 1.47e-04
2026-05-15 00:01:06,686  INFO  Epoch 1/1 | Step 52810/34883 | Loss 1.9064 | LR 1.47e-04
2026-05-15 00:01:11,586  INFO  Epoch 1/1 | Step 52820/34883 | Loss 2.1731 | LR 1.47e-04
2026-05-15 00:01:16,489  INFO  Epoch 1/1 | Step 52830/34883 | Loss 2.0602 | LR 1.47e-04
2026-05-15 00:01:21,400  INFO  Epoch 1/1 | Step 52840/34883 | Loss 2.0180 | LR 1.47e-04
2026-05-15 00:01:26,305  INFO  Epoch 1/1 | Step 52850/34883 | Loss 1.9238 | LR 1.46e-04
2026-05-15 00:01:31,209  INFO  Epoch 1/1 | Step 52860/34883 | Loss 2.1449 | LR 1.46e-04
2026-05-15 00:01:36,113  INFO  Epoch 1/1 | Step 52870/34883 | Loss 1.9736 | LR 1.46e-04
2026-05-15 00:01:41,029  INFO  Epoch 1/1 | Step 52880/34883 | Loss 1.9652 | LR 1.46e-04
2026-05-15 00:01:45,946  INFO  Epoch 1/1 | Step 52890/34883 | Loss 2.0514 | LR 1.46e-04
2026-05-15 00:01:50,853  INFO  Epoch 1/1 | Step 52900/34883 | Loss 1.8911 | LR 1.46e-04
2026-05-15 00:01:55,769  INFO  Epoch 1/1 | Step 52910/34883 | Loss 2.0332 | LR 1.45e-04
2026-05-15 00:02:00,691  INFO  Epoch 1/1 | Step 52920/34883 | Loss 2.0780 | LR 1.45e-04
2026-05-15 00:02:05,607  INFO  Epoch 1/1 | Step 52930/34883 | Loss 2.1802 | LR 1.45e-04
2026-05-15 00:02:10,518  INFO  Epoch 1/1 | Step 52940/34883 | Loss 1.9473 | LR 1.45e-04
2026-05-15 00:02:15,433  INFO  Epoch 1/1 | Step 52950/34883 | Loss 2.1730 | LR 1.45e-04
2026-05-15 00:02:20,354  INFO  Epoch 1/1 | Step 52960/34883 | Loss 1.9358 | LR 1.45e-04
2026-05-15 00:02:25,288  INFO  Epoch 1/1 | Step 52970/34883 | Loss 1.9283 | LR 1.44e-04
2026-05-15 00:02:30,225  INFO  Epoch 1/1 | Step 52980/34883 | Loss 1.9955 | LR 1.44e-04
2026-05-15 00:02:35,153  INFO  Epoch 1/1 | Step 52990/34883 | Loss 1.9555 | LR 1.44e-04
2026-05-15 00:02:40,087  INFO  Epoch 1/1 | Step 53000/34883 | Loss 2.2905 | LR 1.44e-04
2026-05-15 00:02:45,015  INFO  Epoch 1/1 | Step 53010/34883 | Loss 1.9591 | LR 1.44e-04
2026-05-15 00:02:49,932  INFO  Epoch 1/1 | Step 53020/34883 | Loss 2.0912 | LR 1.44e-04
2026-05-15 00:02:54,859  INFO  Epoch 1/1 | Step 53030/34883 | Loss 2.0740 | LR 1.43e-04
2026-05-15 00:02:59,776  INFO  Epoch 1/1 | Step 53040/34883 | Loss 2.0914 | LR 1.43e-04
2026-05-15 00:03:04,705  INFO  Epoch 1/1 | Step 53050/34883 | Loss 2.0793 | LR 1.43e-04
2026-05-15 00:03:09,634  INFO  Epoch 1/1 | Step 53060/34883 | Loss 2.1165 | LR 1.43e-04
2026-05-15 00:03:14,551  INFO  Epoch 1/1 | Step 53070/34883 | Loss 1.8553 | LR 1.43e-04
2026-05-15 00:03:19,478  INFO  Epoch 1/1 | Step 53080/34883 | Loss 2.1509 | LR 1.43e-04
2026-05-15 00:03:24,408  INFO  Epoch 1/1 | Step 53090/34883 | Loss 1.9910 | LR 1.42e-04
2026-05-15 00:03:29,342  INFO  Epoch 1/1 | Step 53100/34883 | Loss 2.0429 | LR 1.42e-04
2026-05-15 00:03:34,266  INFO  Epoch 1/1 | Step 53110/34883 | Loss 1.9622 | LR 1.42e-04
2026-05-15 00:03:39,188  INFO  Epoch 1/1 | Step 53120/34883 | Loss 1.9014 | LR 1.42e-04
2026-05-15 00:03:44,112  INFO  Epoch 1/1 | Step 53130/34883 | Loss 1.9668 | LR 1.42e-04
2026-05-15 00:03:49,035  INFO  Epoch 1/1 | Step 53140/34883 | Loss 2.0265 | LR 1.42e-04
2026-05-15 00:03:53,960  INFO  Epoch 1/1 | Step 53150/34883 | Loss 2.0277 | LR 1.42e-04
2026-05-15 00:03:58,896  INFO  Epoch 1/1 | Step 53160/34883 | Loss 2.0572 | LR 1.41e-04
2026-05-15 00:04:03,828  INFO  Epoch 1/1 | Step 53170/34883 | Loss 2.1321 | LR 1.41e-04
2026-05-15 00:04:08,750  INFO  Epoch 1/1 | Step 53180/34883 | Loss 2.1005 | LR 1.41e-04
2026-05-15 00:04:13,678  INFO  Epoch 1/1 | Step 53190/34883 | Loss 1.8740 | LR 1.41e-04
2026-05-15 00:04:18,613  INFO  Epoch 1/1 | Step 53200/34883 | Loss 2.0833 | LR 1.41e-04
2026-05-15 00:04:23,537  INFO  Epoch 1/1 | Step 53210/34883 | Loss 1.9439 | LR 1.41e-04
2026-05-15 00:04:28,465  INFO  Epoch 1/1 | Step 53220/34883 | Loss 2.0422 | LR 1.40e-04
2026-05-15 00:04:33,384  INFO  Epoch 1/1 | Step 53230/34883 | Loss 1.9807 | LR 1.40e-04
2026-05-15 00:04:38,306  INFO  Epoch 1/1 | Step 53240/34883 | Loss 1.8871 | LR 1.40e-04
2026-05-15 00:04:43,225  INFO  Epoch 1/1 | Step 53250/34883 | Loss 2.0829 | LR 1.40e-04
2026-05-15 00:04:48,142  INFO  Epoch 1/1 | Step 53260/34883 | Loss 2.1318 | LR 1.40e-04
2026-05-15 00:04:53,063  INFO  Epoch 1/1 | Step 53270/34883 | Loss 2.0426 | LR 1.40e-04
2026-05-15 00:04:57,979  INFO  Epoch 1/1 | Step 53280/34883 | Loss 1.9987 | LR 1.39e-04
2026-05-15 00:05:02,890  INFO  Epoch 1/1 | Step 53290/34883 | Loss 1.9787 | LR 1.39e-04
2026-05-15 00:05:07,801  INFO  Epoch 1/1 | Step 53300/34883 | Loss 2.1682 | LR 1.39e-04
2026-05-15 00:05:12,707  INFO  Epoch 1/1 | Step 53310/34883 | Loss 1.8814 | LR 1.39e-04
2026-05-15 00:05:17,622  INFO  Epoch 1/1 | Step 53320/34883 | Loss 2.1371 | LR 1.39e-04
2026-05-15 00:05:22,528  INFO  Epoch 1/1 | Step 53330/34883 | Loss 2.0327 | LR 1.39e-04
2026-05-15 00:05:27,435  INFO  Epoch 1/1 | Step 53340/34883 | Loss 2.0156 | LR 1.38e-04
2026-05-15 00:05:32,342  INFO  Epoch 1/1 | Step 53350/34883 | Loss 1.9801 | LR 1.38e-04
2026-05-15 00:05:37,251  INFO  Epoch 1/1 | Step 53360/34883 | Loss 1.8791 | LR 1.38e-04
2026-05-15 00:05:42,165  INFO  Epoch 1/1 | Step 53370/34883 | Loss 1.9553 | LR 1.38e-04
2026-05-15 00:05:47,077  INFO  Epoch 1/1 | Step 53380/34883 | Loss 1.9046 | LR 1.38e-04
2026-05-15 00:05:51,978  INFO  Epoch 1/1 | Step 53390/34883 | Loss 1.9814 | LR 1.38e-04
2026-05-15 00:05:56,894  INFO  Epoch 1/1 | Step 53400/34883 | Loss 2.1406 | LR 1.37e-04
2026-05-15 00:06:01,811  INFO  Epoch 1/1 | Step 53410/34883 | Loss 1.9587 | LR 1.37e-04
2026-05-15 00:06:06,727  INFO  Epoch 1/1 | Step 53420/34883 | Loss 2.0531 | LR 1.37e-04
2026-05-15 00:06:11,643  INFO  Epoch 1/1 | Step 53430/34883 | Loss 2.0151 | LR 1.37e-04
2026-05-15 00:06:16,566  INFO  Epoch 1/1 | Step 53440/34883 | Loss 2.0159 | LR 1.37e-04
2026-05-15 00:06:21,482  INFO  Epoch 1/1 | Step 53450/34883 | Loss 1.9682 | LR 1.37e-04
2026-05-15 00:06:26,407  INFO  Epoch 1/1 | Step 53460/34883 | Loss 1.8894 | LR 1.37e-04
2026-05-15 00:06:31,319  INFO  Epoch 1/1 | Step 53470/34883 | Loss 1.8742 | LR 1.36e-04
2026-05-15 00:06:36,244  INFO  Epoch 1/1 | Step 53480/34883 | Loss 1.9684 | LR 1.36e-04
2026-05-15 00:06:41,152  INFO  Epoch 1/1 | Step 53490/34883 | Loss 2.1464 | LR 1.36e-04
2026-05-15 00:06:46,072  INFO  Epoch 1/1 | Step 53500/34883 | Loss 2.1529 | LR 1.36e-04
2026-05-15 00:06:50,986  INFO  Epoch 1/1 | Step 53510/34883 | Loss 2.0471 | LR 1.36e-04
2026-05-15 00:06:55,902  INFO  Epoch 1/1 | Step 53520/34883 | Loss 2.0917 | LR 1.36e-04
2026-05-15 00:07:00,830  INFO  Epoch 1/1 | Step 53530/34883 | Loss 2.0031 | LR 1.35e-04
2026-05-15 00:07:05,747  INFO  Epoch 1/1 | Step 53540/34883 | Loss 1.8884 | LR 1.35e-04
2026-05-15 00:07:10,682  INFO  Epoch 1/1 | Step 53550/34883 | Loss 2.0675 | LR 1.35e-04
2026-05-15 00:07:15,608  INFO  Epoch 1/1 | Step 53560/34883 | Loss 2.0044 | LR 1.35e-04
2026-05-15 00:07:20,532  INFO  Epoch 1/1 | Step 53570/34883 | Loss 1.9908 | LR 1.35e-04
2026-05-15 00:07:25,458  INFO  Epoch 1/1 | Step 53580/34883 | Loss 1.9681 | LR 1.35e-04
2026-05-15 00:07:30,379  INFO  Epoch 1/1 | Step 53590/34883 | Loss 2.2172 | LR 1.34e-04
2026-05-15 00:07:35,315  INFO  Epoch 1/1 | Step 53600/34883 | Loss 2.0922 | LR 1.34e-04
2026-05-15 00:07:40,230  INFO  Epoch 1/1 | Step 53610/34883 | Loss 1.8236 | LR 1.34e-04
2026-05-15 00:07:45,151  INFO  Epoch 1/1 | Step 53620/34883 | Loss 2.0858 | LR 1.34e-04
2026-05-15 00:07:50,081  INFO  Epoch 1/1 | Step 53630/34883 | Loss 1.9303 | LR 1.34e-04
2026-05-15 00:07:55,014  INFO  Epoch 1/1 | Step 53640/34883 | Loss 2.0065 | LR 1.34e-04
2026-05-15 00:07:59,950  INFO  Epoch 1/1 | Step 53650/34883 | Loss 2.0973 | LR 1.34e-04
2026-05-15 00:08:04,877  INFO  Epoch 1/1 | Step 53660/34883 | Loss 1.8286 | LR 1.33e-04
2026-05-15 00:08:09,803  INFO  Epoch 1/1 | Step 53670/34883 | Loss 2.0072 | LR 1.33e-04
2026-05-15 00:08:14,733  INFO  Epoch 1/1 | Step 53680/34883 | Loss 2.0366 | LR 1.33e-04
2026-05-15 00:08:19,667  INFO  Epoch 1/1 | Step 53690/34883 | Loss 2.0866 | LR 1.33e-04
2026-05-15 00:08:24,598  INFO  Epoch 1/1 | Step 53700/34883 | Loss 1.8465 | LR 1.33e-04
2026-05-15 00:08:29,542  INFO  Epoch 1/1 | Step 53710/34883 | Loss 2.1323 | LR 1.33e-04
2026-05-15 00:08:34,482  INFO  Epoch 1/1 | Step 53720/34883 | Loss 1.9859 | LR 1.32e-04
2026-05-15 00:08:39,410  INFO  Epoch 1/1 | Step 53730/34883 | Loss 1.9600 | LR 1.32e-04
2026-05-15 00:08:44,348  INFO  Epoch 1/1 | Step 53740/34883 | Loss 2.0805 | LR 1.32e-04
2026-05-15 00:08:49,281  INFO  Epoch 1/1 | Step 53750/34883 | Loss 1.9346 | LR 1.32e-04
2026-05-15 00:08:54,219  INFO  Epoch 1/1 | Step 53760/34883 | Loss 1.9929 | LR 1.32e-04
2026-05-15 00:08:59,161  INFO  Epoch 1/1 | Step 53770/34883 | Loss 1.8690 | LR 1.32e-04
2026-05-15 00:09:04,093  INFO  Epoch 1/1 | Step 53780/34883 | Loss 2.1878 | LR 1.31e-04
2026-05-15 00:09:09,035  INFO  Epoch 1/1 | Step 53790/34883 | Loss 2.1043 | LR 1.31e-04
2026-05-15 00:09:13,979  INFO  Epoch 1/1 | Step 53800/34883 | Loss 2.0957 | LR 1.31e-04
2026-05-15 00:09:18,925  INFO  Epoch 1/1 | Step 53810/34883 | Loss 2.0780 | LR 1.31e-04
2026-05-15 00:09:23,869  INFO  Epoch 1/1 | Step 53820/34883 | Loss 2.0122 | LR 1.31e-04
2026-05-15 00:09:28,814  INFO  Epoch 1/1 | Step 53830/34883 | Loss 1.9476 | LR 1.31e-04
2026-05-15 00:09:33,765  INFO  Epoch 1/1 | Step 53840/34883 | Loss 2.1710 | LR 1.31e-04
2026-05-15 00:09:38,717  INFO  Epoch 1/1 | Step 53850/34883 | Loss 2.0478 | LR 1.30e-04
2026-05-15 00:09:43,679  INFO  Epoch 1/1 | Step 53860/34883 | Loss 2.0495 | LR 1.30e-04
2026-05-15 00:09:48,637  INFO  Epoch 1/1 | Step 53870/34883 | Loss 1.9423 | LR 1.30e-04
2026-05-15 00:09:53,598  INFO  Epoch 1/1 | Step 53880/34883 | Loss 1.9275 | LR 1.30e-04
2026-05-15 00:09:58,553  INFO  Epoch 1/1 | Step 53890/34883 | Loss 1.9859 | LR 1.30e-04
2026-05-15 00:10:03,506  INFO  Epoch 1/1 | Step 53900/34883 | Loss 2.0821 | LR 1.30e-04
2026-05-15 00:10:08,463  INFO  Epoch 1/1 | Step 53910/34883 | Loss 2.1392 | LR 1.29e-04
2026-05-15 00:10:13,405  INFO  Epoch 1/1 | Step 53920/34883 | Loss 1.9972 | LR 1.29e-04
2026-05-15 00:10:18,360  INFO  Epoch 1/1 | Step 53930/34883 | Loss 1.9696 | LR 1.29e-04
2026-05-15 00:10:23,302  INFO  Epoch 1/1 | Step 53940/34883 | Loss 1.9596 | LR 1.29e-04
2026-05-15 00:10:28,244  INFO  Epoch 1/1 | Step 53950/34883 | Loss 1.9699 | LR 1.29e-04
2026-05-15 00:10:33,196  INFO  Epoch 1/1 | Step 53960/34883 | Loss 1.9980 | LR 1.29e-04
2026-05-15 00:10:38,155  INFO  Epoch 1/1 | Step 53970/34883 | Loss 1.9924 | LR 1.29e-04
2026-05-15 00:10:43,103  INFO  Epoch 1/1 | Step 53980/34883 | Loss 1.9693 | LR 1.28e-04
2026-05-15 00:10:48,053  INFO  Epoch 1/1 | Step 53990/34883 | Loss 1.9278 | LR 1.28e-04
2026-05-15 00:10:53,004  INFO  Epoch 1/1 | Step 54000/34883 | Loss 2.0314 | LR 1.28e-04
2026-05-15 00:10:57,950  INFO  Epoch 1/1 | Step 54010/34883 | Loss 2.0669 | LR 1.28e-04
2026-05-15 00:11:02,904  INFO  Epoch 1/1 | Step 54020/34883 | Loss 2.0873 | LR 1.28e-04
2026-05-15 00:11:07,848  INFO  Epoch 1/1 | Step 54030/34883 | Loss 1.9525 | LR 1.28e-04
2026-05-15 00:11:12,798  INFO  Epoch 1/1 | Step 54040/34883 | Loss 1.8770 | LR 1.27e-04
2026-05-15 00:11:17,738  INFO  Epoch 1/1 | Step 54050/34883 | Loss 1.9797 | LR 1.27e-04
2026-05-15 00:11:22,672  INFO  Epoch 1/1 | Step 54060/34883 | Loss 2.0154 | LR 1.27e-04
2026-05-15 00:11:27,606  INFO  Epoch 1/1 | Step 54070/34883 | Loss 2.0012 | LR 1.27e-04
2026-05-15 00:11:32,539  INFO  Epoch 1/1 | Step 54080/34883 | Loss 1.9333 | LR 1.27e-04
2026-05-15 00:11:37,472  INFO  Epoch 1/1 | Step 54090/34883 | Loss 2.1212 | LR 1.27e-04
2026-05-15 00:11:42,399  INFO  Epoch 1/1 | Step 54100/34883 | Loss 2.0246 | LR 1.26e-04
2026-05-15 00:11:47,339  INFO  Epoch 1/1 | Step 54110/34883 | Loss 2.0221 | LR 1.26e-04
2026-05-15 00:11:52,271  INFO  Epoch 1/1 | Step 54120/34883 | Loss 1.9378 | LR 1.26e-04
2026-05-15 00:11:57,205  INFO  Epoch 1/1 | Step 54130/34883 | Loss 1.9910 | LR 1.26e-04
2026-05-15 00:12:02,138  INFO  Epoch 1/1 | Step 54140/34883 | Loss 2.0150 | LR 1.26e-04
2026-05-15 00:12:07,076  INFO  Epoch 1/1 | Step 54150/34883 | Loss 2.0540 | LR 1.26e-04
2026-05-15 00:12:12,018  INFO  Epoch 1/1 | Step 54160/34883 | Loss 2.0984 | LR 1.26e-04
2026-05-15 00:12:16,958  INFO  Epoch 1/1 | Step 54170/34883 | Loss 1.9092 | LR 1.25e-04
2026-05-15 00:12:21,905  INFO  Epoch 1/1 | Step 54180/34883 | Loss 1.8958 | LR 1.25e-04
2026-05-15 00:12:26,845  INFO  Epoch 1/1 | Step 54190/34883 | Loss 2.1589 | LR 1.25e-04
2026-05-15 00:12:31,792  INFO  Epoch 1/1 | Step 54200/34883 | Loss 2.0035 | LR 1.25e-04
2026-05-15 00:12:36,734  INFO  Epoch 1/1 | Step 54210/34883 | Loss 1.9742 | LR 1.25e-04
2026-05-15 00:12:41,671  INFO  Epoch 1/1 | Step 54220/34883 | Loss 1.9115 | LR 1.25e-04
2026-05-15 00:12:46,608  INFO  Epoch 1/1 | Step 54230/34883 | Loss 2.0304 | LR 1.24e-04
2026-05-15 00:12:51,553  INFO  Epoch 1/1 | Step 54240/34883 | Loss 1.9938 | LR 1.24e-04
2026-05-15 00:12:56,494  INFO  Epoch 1/1 | Step 54250/34883 | Loss 2.0873 | LR 1.24e-04
2026-05-15 00:13:01,438  INFO  Epoch 1/1 | Step 54260/34883 | Loss 2.0551 | LR 1.24e-04
2026-05-15 00:13:06,381  INFO  Epoch 1/1 | Step 54270/34883 | Loss 1.9620 | LR 1.24e-04
2026-05-15 00:13:11,325  INFO  Epoch 1/1 | Step 54280/34883 | Loss 2.0839 | LR 1.24e-04
2026-05-15 00:13:16,270  INFO  Epoch 1/1 | Step 54290/34883 | Loss 2.1489 | LR 1.24e-04
2026-05-15 00:13:21,206  INFO  Epoch 1/1 | Step 54300/34883 | Loss 1.9585 | LR 1.23e-04
2026-05-15 00:13:26,137  INFO  Epoch 1/1 | Step 54310/34883 | Loss 2.0622 | LR 1.23e-04
2026-05-15 00:13:31,062  INFO  Epoch 1/1 | Step 54320/34883 | Loss 2.0745 | LR 1.23e-04
2026-05-15 00:13:35,996  INFO  Epoch 1/1 | Step 54330/34883 | Loss 1.9892 | LR 1.23e-04
2026-05-15 00:13:40,927  INFO  Epoch 1/1 | Step 54340/34883 | Loss 1.9882 | LR 1.23e-04
2026-05-15 00:13:45,860  INFO  Epoch 1/1 | Step 54350/34883 | Loss 2.0350 | LR 1.23e-04
2026-05-15 00:13:50,793  INFO  Epoch 1/1 | Step 54360/34883 | Loss 2.1040 | LR 1.23e-04
2026-05-15 00:13:55,736  INFO  Epoch 1/1 | Step 54370/34883 | Loss 2.0183 | LR 1.22e-04
2026-05-15 00:14:00,666  INFO  Epoch 1/1 | Step 54380/34883 | Loss 2.1817 | LR 1.22e-04
2026-05-15 00:14:05,596  INFO  Epoch 1/1 | Step 54390/34883 | Loss 2.0651 | LR 1.22e-04
2026-05-15 00:14:10,527  INFO  Epoch 1/1 | Step 54400/34883 | Loss 1.9543 | LR 1.22e-04
2026-05-15 00:14:15,462  INFO  Epoch 1/1 | Step 54410/34883 | Loss 2.0746 | LR 1.22e-04
2026-05-15 00:14:20,399  INFO  Epoch 1/1 | Step 54420/34883 | Loss 1.9054 | LR 1.22e-04
2026-05-15 00:14:25,329  INFO  Epoch 1/1 | Step 54430/34883 | Loss 2.1902 | LR 1.21e-04
2026-05-15 00:14:30,261  INFO  Epoch 1/1 | Step 54440/34883 | Loss 1.9462 | LR 1.21e-04
2026-05-15 00:14:35,201  INFO  Epoch 1/1 | Step 54450/34883 | Loss 2.1308 | LR 1.21e-04
2026-05-15 00:14:40,138  INFO  Epoch 1/1 | Step 54460/34883 | Loss 2.1010 | LR 1.21e-04
2026-05-15 00:14:45,083  INFO  Epoch 1/1 | Step 54470/34883 | Loss 2.1134 | LR 1.21e-04
2026-05-15 00:14:50,025  INFO  Epoch 1/1 | Step 54480/34883 | Loss 2.0338 | LR 1.21e-04
2026-05-15 00:14:54,959  INFO  Epoch 1/1 | Step 54490/34883 | Loss 1.9936 | LR 1.21e-04
2026-05-15 00:14:59,906  INFO  Epoch 1/1 | Step 54500/34883 | Loss 1.8131 | LR 1.20e-04
2026-05-15 00:15:04,861  INFO  Epoch 1/1 | Step 54510/34883 | Loss 1.9786 | LR 1.20e-04
2026-05-15 00:15:09,804  INFO  Epoch 1/1 | Step 54520/34883 | Loss 1.9462 | LR 1.20e-04
2026-05-15 00:15:14,753  INFO  Epoch 1/1 | Step 54530/34883 | Loss 1.8414 | LR 1.20e-04
2026-05-15 00:15:19,709  INFO  Epoch 1/1 | Step 54540/34883 | Loss 1.9938 | LR 1.20e-04
2026-05-15 00:15:24,667  INFO  Epoch 1/1 | Step 54550/34883 | Loss 2.0522 | LR 1.20e-04
2026-05-15 00:15:29,621  INFO  Epoch 1/1 | Step 54560/34883 | Loss 2.0868 | LR 1.19e-04
2026-05-15 00:15:34,580  INFO  Epoch 1/1 | Step 54570/34883 | Loss 2.0100 | LR 1.19e-04
2026-05-15 00:15:39,546  INFO  Epoch 1/1 | Step 54580/34883 | Loss 1.9705 | LR 1.19e-04
2026-05-15 00:15:44,509  INFO  Epoch 1/1 | Step 54590/34883 | Loss 2.0845 | LR 1.19e-04
2026-05-15 00:15:49,484  INFO  Epoch 1/1 | Step 54600/34883 | Loss 1.9740 | LR 1.19e-04
2026-05-15 00:15:54,451  INFO  Epoch 1/1 | Step 54610/34883 | Loss 1.8356 | LR 1.19e-04
2026-05-15 00:15:59,413  INFO  Epoch 1/1 | Step 54620/34883 | Loss 2.0065 | LR 1.19e-04
2026-05-15 00:16:04,377  INFO  Epoch 1/1 | Step 54630/34883 | Loss 1.9106 | LR 1.18e-04
2026-05-15 00:16:09,330  INFO  Epoch 1/1 | Step 54640/34883 | Loss 2.1618 | LR 1.18e-04
2026-05-15 00:16:14,283  INFO  Epoch 1/1 | Step 54650/34883 | Loss 2.1388 | LR 1.18e-04
2026-05-15 00:16:19,233  INFO  Epoch 1/1 | Step 54660/34883 | Loss 2.0724 | LR 1.18e-04
2026-05-15 00:16:24,193  INFO  Epoch 1/1 | Step 54670/34883 | Loss 2.0595 | LR 1.18e-04
2026-05-15 00:16:29,163  INFO  Epoch 1/1 | Step 54680/34883 | Loss 2.0723 | LR 1.18e-04
2026-05-15 00:16:34,140  INFO  Epoch 1/1 | Step 54690/34883 | Loss 2.1497 | LR 1.18e-04
2026-05-15 00:16:39,110  INFO  Epoch 1/1 | Step 54700/34883 | Loss 2.0236 | LR 1.17e-04
2026-05-15 00:16:44,072  INFO  Epoch 1/1 | Step 54710/34883 | Loss 1.9146 | LR 1.17e-04
2026-05-15 00:16:49,042  INFO  Epoch 1/1 | Step 54720/34883 | Loss 1.9157 | LR 1.17e-04
2026-05-15 00:16:54,002  INFO  Epoch 1/1 | Step 54730/34883 | Loss 2.0911 | LR 1.17e-04
2026-05-15 00:16:58,954  INFO  Epoch 1/1 | Step 54740/34883 | Loss 1.9896 | LR 1.17e-04
2026-05-15 00:17:03,914  INFO  Epoch 1/1 | Step 54750/34883 | Loss 2.1287 | LR 1.17e-04
2026-05-15 00:17:08,864  INFO  Epoch 1/1 | Step 54760/34883 | Loss 1.9842 | LR 1.16e-04
2026-05-15 00:17:13,829  INFO  Epoch 1/1 | Step 54770/34883 | Loss 2.0383 | LR 1.16e-04
2026-05-15 00:17:18,796  INFO  Epoch 1/1 | Step 54780/34883 | Loss 1.9932 | LR 1.16e-04
2026-05-15 00:17:23,755  INFO  Epoch 1/1 | Step 54790/34883 | Loss 2.1227 | LR 1.16e-04
2026-05-15 00:17:28,727  INFO  Epoch 1/1 | Step 54800/34883 | Loss 2.0402 | LR 1.16e-04
2026-05-15 00:17:33,694  INFO  Epoch 1/1 | Step 54810/34883 | Loss 2.2898 | LR 1.16e-04
2026-05-15 00:17:38,670  INFO  Epoch 1/1 | Step 54820/34883 | Loss 1.7658 | LR 1.16e-04
2026-05-15 00:17:43,642  INFO  Epoch 1/1 | Step 54830/34883 | Loss 1.9107 | LR 1.15e-04
2026-05-15 00:17:48,623  INFO  Epoch 1/1 | Step 54840/34883 | Loss 1.9086 | LR 1.15e-04
2026-05-15 00:17:53,606  INFO  Epoch 1/1 | Step 54850/34883 | Loss 2.2123 | LR 1.15e-04
2026-05-15 00:17:58,579  INFO  Epoch 1/1 | Step 54860/34883 | Loss 2.0730 | LR 1.15e-04
2026-05-15 00:18:03,552  INFO  Epoch 1/1 | Step 54870/34883 | Loss 2.1326 | LR 1.15e-04
2026-05-15 00:18:08,520  INFO  Epoch 1/1 | Step 54880/34883 | Loss 2.0676 | LR 1.15e-04
2026-05-15 00:18:13,490  INFO  Epoch 1/1 | Step 54890/34883 | Loss 1.9280 | LR 1.15e-04
2026-05-15 00:18:18,453  INFO  Epoch 1/1 | Step 54900/34883 | Loss 2.0881 | LR 1.14e-04
2026-05-15 00:18:23,437  INFO  Epoch 1/1 | Step 54910/34883 | Loss 2.0853 | LR 1.14e-04
2026-05-15 00:18:28,410  INFO  Epoch 1/1 | Step 54920/34883 | Loss 1.9815 | LR 1.14e-04
2026-05-15 00:18:33,377  INFO  Epoch 1/1 | Step 54930/34883 | Loss 1.8943 | LR 1.14e-04
2026-05-15 00:18:38,351  INFO  Epoch 1/1 | Step 54940/34883 | Loss 2.0796 | LR 1.14e-04
2026-05-15 00:18:43,320  INFO  Epoch 1/1 | Step 54950/34883 | Loss 1.8980 | LR 1.14e-04
2026-05-15 00:18:48,279  INFO  Epoch 1/1 | Step 54960/34883 | Loss 1.8939 | LR 1.14e-04
2026-05-15 00:18:53,237  INFO  Epoch 1/1 | Step 54970/34883 | Loss 2.1313 | LR 1.13e-04
2026-05-15 00:18:58,197  INFO  Epoch 1/1 | Step 54980/34883 | Loss 2.0872 | LR 1.13e-04
2026-05-15 00:19:03,150  INFO  Epoch 1/1 | Step 54990/34883 | Loss 2.1019 | LR 1.13e-04
2026-05-15 00:19:08,107  INFO  Epoch 1/1 | Step 55000/34883 | Loss 1.9792 | LR 1.13e-04
2026-05-15 00:19:13,059  INFO  Epoch 1/1 | Step 55010/34883 | Loss 1.9326 | LR 1.13e-04
2026-05-15 00:19:18,015  INFO  Epoch 1/1 | Step 55020/34883 | Loss 1.9826 | LR 1.13e-04
2026-05-15 00:19:22,990  INFO  Epoch 1/1 | Step 55030/34883 | Loss 2.0794 | LR 1.12e-04
2026-05-15 00:19:27,952  INFO  Epoch 1/1 | Step 55040/34883 | Loss 1.9308 | LR 1.12e-04
2026-05-15 00:19:32,915  INFO  Epoch 1/1 | Step 55050/34883 | Loss 2.1263 | LR 1.12e-04
2026-05-15 00:19:37,888  INFO  Epoch 1/1 | Step 55060/34883 | Loss 2.0309 | LR 1.12e-04
2026-05-15 00:19:42,860  INFO  Epoch 1/1 | Step 55070/34883 | Loss 1.8449 | LR 1.12e-04
2026-05-15 00:19:47,828  INFO  Epoch 1/1 | Step 55080/34883 | Loss 1.9991 | LR 1.12e-04
2026-05-15 00:19:52,806  INFO  Epoch 1/1 | Step 55090/34883 | Loss 2.0766 | LR 1.12e-04
2026-05-15 00:19:57,787  INFO  Epoch 1/1 | Step 55100/34883 | Loss 2.1819 | LR 1.11e-04
2026-05-15 00:20:02,767  INFO  Epoch 1/1 | Step 55110/34883 | Loss 2.0094 | LR 1.11e-04
2026-05-15 00:20:07,746  INFO  Epoch 1/1 | Step 55120/34883 | Loss 1.8709 | LR 1.11e-04
2026-05-15 00:20:12,737  INFO  Epoch 1/1 | Step 55130/34883 | Loss 2.0726 | LR 1.11e-04
2026-05-15 00:20:17,714  INFO  Epoch 1/1 | Step 55140/34883 | Loss 2.0055 | LR 1.11e-04
2026-05-15 00:20:22,673  INFO  Epoch 1/1 | Step 55150/34883 | Loss 2.0348 | LR 1.11e-04
2026-05-15 00:20:27,645  INFO  Epoch 1/1 | Step 55160/34883 | Loss 1.9414 | LR 1.11e-04
2026-05-15 00:20:32,616  INFO  Epoch 1/1 | Step 55170/34883 | Loss 2.1220 | LR 1.10e-04
2026-05-15 00:20:37,594  INFO  Epoch 1/1 | Step 55180/34883 | Loss 2.0412 | LR 1.10e-04
2026-05-15 00:20:42,569  INFO  Epoch 1/1 | Step 55190/34883 | Loss 2.1427 | LR 1.10e-04
2026-05-15 00:20:47,536  INFO  Epoch 1/1 | Step 55200/34883 | Loss 1.9334 | LR 1.10e-04
2026-05-15 00:20:52,490  INFO  Epoch 1/1 | Step 55210/34883 | Loss 2.0727 | LR 1.10e-04
2026-05-15 00:20:57,464  INFO  Epoch 1/1 | Step 55220/34883 | Loss 1.9629 | LR 1.10e-04
2026-05-15 00:21:02,428  INFO  Epoch 1/1 | Step 55230/34883 | Loss 1.9033 | LR 1.10e-04
2026-05-15 00:21:07,402  INFO  Epoch 1/1 | Step 55240/34883 | Loss 1.8863 | LR 1.09e-04
2026-05-15 00:21:12,376  INFO  Epoch 1/1 | Step 55250/34883 | Loss 2.1885 | LR 1.09e-04
2026-05-15 00:21:17,357  INFO  Epoch 1/1 | Step 55260/34883 | Loss 1.8422 | LR 1.09e-04
2026-05-15 00:21:22,343  INFO  Epoch 1/1 | Step 55270/34883 | Loss 2.1890 | LR 1.09e-04
2026-05-15 00:21:27,323  INFO  Epoch 1/1 | Step 55280/34883 | Loss 1.9719 | LR 1.09e-04
2026-05-15 00:21:32,321  INFO  Epoch 1/1 | Step 55290/34883 | Loss 2.1497 | LR 1.09e-04
2026-05-15 00:21:37,316  INFO  Epoch 1/1 | Step 55300/34883 | Loss 2.2009 | LR 1.09e-04
2026-05-15 00:21:42,289  INFO  Epoch 1/1 | Step 55310/34883 | Loss 2.0720 | LR 1.08e-04
2026-05-15 00:21:47,260  INFO  Epoch 1/1 | Step 55320/34883 | Loss 2.0714 | LR 1.08e-04
2026-05-15 00:21:52,212  INFO  Epoch 1/1 | Step 55330/34883 | Loss 2.0463 | LR 1.08e-04
2026-05-15 00:21:57,184  INFO  Epoch 1/1 | Step 55340/34883 | Loss 1.9563 | LR 1.08e-04
2026-05-15 00:22:02,415  INFO  Epoch 1/1 | Step 55350/34883 | Loss 1.9011 | LR 1.08e-04
2026-05-15 00:22:07,388  INFO  Epoch 1/1 | Step 55360/34883 | Loss 2.1825 | LR 1.08e-04
2026-05-15 00:22:12,368  INFO  Epoch 1/1 | Step 55370/34883 | Loss 1.9496 | LR 1.08e-04
2026-05-15 00:22:17,341  INFO  Epoch 1/1 | Step 55380/34883 | Loss 1.9650 | LR 1.07e-04
2026-05-15 00:22:22,320  INFO  Epoch 1/1 | Step 55390/34883 | Loss 1.9138 | LR 1.07e-04
2026-05-15 00:22:27,315  INFO  Epoch 1/1 | Step 55400/34883 | Loss 2.0600 | LR 1.07e-04
2026-05-15 00:22:32,301  INFO  Epoch 1/1 | Step 55410/34883 | Loss 2.0626 | LR 1.07e-04
2026-05-15 00:22:37,289  INFO  Epoch 1/1 | Step 55420/34883 | Loss 1.9893 | LR 1.07e-04
2026-05-15 00:22:42,278  INFO  Epoch 1/1 | Step 55430/34883 | Loss 2.0438 | LR 1.07e-04
2026-05-15 00:22:47,270  INFO  Epoch 1/1 | Step 55440/34883 | Loss 2.0564 | LR 1.07e-04
2026-05-15 00:22:52,270  INFO  Epoch 1/1 | Step 55450/34883 | Loss 1.8980 | LR 1.06e-04
2026-05-15 00:22:57,266  INFO  Epoch 1/1 | Step 55460/34883 | Loss 1.9447 | LR 1.06e-04
2026-05-15 00:23:02,266  INFO  Epoch 1/1 | Step 55470/34883 | Loss 1.8204 | LR 1.06e-04
2026-05-15 00:23:07,265  INFO  Epoch 1/1 | Step 55480/34883 | Loss 2.0850 | LR 1.06e-04
2026-05-15 00:23:12,258  INFO  Epoch 1/1 | Step 55490/34883 | Loss 1.9158 | LR 1.06e-04
2026-05-15 00:23:17,245  INFO  Epoch 1/1 | Step 55500/34883 | Loss 2.2024 | LR 1.06e-04
2026-05-15 00:23:22,240  INFO  Epoch 1/1 | Step 55510/34883 | Loss 1.9034 | LR 1.06e-04
2026-05-15 00:23:27,225  INFO  Epoch 1/1 | Step 55520/34883 | Loss 1.9291 | LR 1.05e-04
2026-05-15 00:23:32,219  INFO  Epoch 1/1 | Step 55530/34883 | Loss 2.0169 | LR 1.05e-04
2026-05-15 00:23:37,199  INFO  Epoch 1/1 | Step 55540/34883 | Loss 1.8961 | LR 1.05e-04
2026-05-15 00:23:42,190  INFO  Epoch 1/1 | Step 55550/34883 | Loss 1.9819 | LR 1.05e-04
2026-05-15 00:23:47,171  INFO  Epoch 1/1 | Step 55560/34883 | Loss 1.9351 | LR 1.05e-04
2026-05-15 00:23:52,162  INFO  Epoch 1/1 | Step 55570/34883 | Loss 2.0780 | LR 1.05e-04
2026-05-15 00:23:57,138  INFO  Epoch 1/1 | Step 55580/34883 | Loss 2.1114 | LR 1.05e-04
2026-05-15 00:24:02,114  INFO  Epoch 1/1 | Step 55590/34883 | Loss 1.9894 | LR 1.04e-04
2026-05-15 00:24:07,106  INFO  Epoch 1/1 | Step 55600/34883 | Loss 1.8967 | LR 1.04e-04
2026-05-15 00:24:12,090  INFO  Epoch 1/1 | Step 55610/34883 | Loss 1.9926 | LR 1.04e-04
2026-05-15 00:24:17,081  INFO  Epoch 1/1 | Step 55620/34883 | Loss 2.1439 | LR 1.04e-04
2026-05-15 00:24:22,060  INFO  Epoch 1/1 | Step 55630/34883 | Loss 2.0054 | LR 1.04e-04
2026-05-15 00:24:27,059  INFO  Epoch 1/1 | Step 55640/34883 | Loss 1.9227 | LR 1.04e-04
2026-05-15 00:24:32,043  INFO  Epoch 1/1 | Step 55650/34883 | Loss 2.0206 | LR 1.04e-04
2026-05-15 00:24:37,025  INFO  Epoch 1/1 | Step 55660/34883 | Loss 2.2256 | LR 1.03e-04
2026-05-15 00:24:42,012  INFO  Epoch 1/1 | Step 55670/34883 | Loss 1.9451 | LR 1.03e-04
2026-05-15 00:24:46,992  INFO  Epoch 1/1 | Step 55680/34883 | Loss 1.9835 | LR 1.03e-04
2026-05-15 00:24:51,969  INFO  Epoch 1/1 | Step 55690/34883 | Loss 1.9851 | LR 1.03e-04
2026-05-15 00:24:56,955  INFO  Epoch 1/1 | Step 55700/34883 | Loss 1.9859 | LR 1.03e-04
2026-05-15 00:25:01,934  INFO  Epoch 1/1 | Step 55710/34883 | Loss 2.0848 | LR 1.03e-04
2026-05-15 00:25:06,911  INFO  Epoch 1/1 | Step 55720/34883 | Loss 1.8311 | LR 1.03e-04
2026-05-15 00:25:11,903  INFO  Epoch 1/1 | Step 55730/34883 | Loss 1.9684 | LR 1.02e-04
2026-05-15 00:25:16,869  INFO  Epoch 1/1 | Step 55740/34883 | Loss 2.0635 | LR 1.02e-04
2026-05-15 00:25:21,844  INFO  Epoch 1/1 | Step 55750/34883 | Loss 1.8904 | LR 1.02e-04
2026-05-15 00:25:26,799  INFO  Epoch 1/1 | Step 55760/34883 | Loss 1.8437 | LR 1.02e-04
2026-05-15 00:25:31,763  INFO  Epoch 1/1 | Step 55770/34883 | Loss 2.0218 | LR 1.02e-04
2026-05-15 00:25:36,737  INFO  Epoch 1/1 | Step 55780/34883 | Loss 1.9693 | LR 1.02e-04
2026-05-15 00:25:41,708  INFO  Epoch 1/1 | Step 55790/34883 | Loss 1.9016 | LR 1.02e-04
2026-05-15 00:25:46,680  INFO  Epoch 1/1 | Step 55800/34883 | Loss 2.0411 | LR 1.01e-04
2026-05-15 00:25:51,657  INFO  Epoch 1/1 | Step 55810/34883 | Loss 1.9832 | LR 1.01e-04
2026-05-15 00:25:56,632  INFO  Epoch 1/1 | Step 55820/34883 | Loss 2.1219 | LR 1.01e-04
2026-05-15 00:26:01,615  INFO  Epoch 1/1 | Step 55830/34883 | Loss 2.1460 | LR 1.01e-04
2026-05-15 00:26:06,603  INFO  Epoch 1/1 | Step 55840/34883 | Loss 2.1427 | LR 1.01e-04
2026-05-15 00:26:11,593  INFO  Epoch 1/1 | Step 55850/34883 | Loss 1.9743 | LR 1.01e-04
2026-05-15 00:26:16,573  INFO  Epoch 1/1 | Step 55860/34883 | Loss 2.1688 | LR 1.01e-04
2026-05-15 00:26:21,565  INFO  Epoch 1/1 | Step 55870/34883 | Loss 1.9986 | LR 1.00e-04
2026-05-15 00:26:26,555  INFO  Epoch 1/1 | Step 55880/34883 | Loss 2.2094 | LR 1.00e-04
2026-05-15 00:26:31,536  INFO  Epoch 1/1 | Step 55890/34883 | Loss 2.1127 | LR 1.00e-04
2026-05-15 00:26:36,513  INFO  Epoch 1/1 | Step 55900/34883 | Loss 1.9227 | LR 1.00e-04
2026-05-15 00:26:41,482  INFO  Epoch 1/1 | Step 55910/34883 | Loss 1.9888 | LR 9.99e-05
2026-05-15 00:26:46,463  INFO  Epoch 1/1 | Step 55920/34883 | Loss 1.9745 | LR 9.98e-05
2026-05-15 00:26:51,438  INFO  Epoch 1/1 | Step 55930/34883 | Loss 1.8878 | LR 9.96e-05
2026-05-15 00:26:56,419  INFO  Epoch 1/1 | Step 55940/34883 | Loss 1.9435 | LR 9.95e-05
2026-05-15 00:27:01,396  INFO  Epoch 1/1 | Step 55950/34883 | Loss 1.8361 | LR 9.94e-05
2026-05-15 00:27:06,372  INFO  Epoch 1/1 | Step 55960/34883 | Loss 1.8722 | LR 9.92e-05
2026-05-15 00:27:11,352  INFO  Epoch 1/1 | Step 55970/34883 | Loss 1.9132 | LR 9.91e-05
2026-05-15 00:27:16,334  INFO  Epoch 1/1 | Step 55980/34883 | Loss 2.0843 | LR 9.89e-05
2026-05-15 00:27:21,327  INFO  Epoch 1/1 | Step 55990/34883 | Loss 1.9173 | LR 9.88e-05
2026-05-15 00:27:26,312  INFO  Epoch 1/1 | Step 56000/34883 | Loss 1.9419 | LR 9.87e-05
2026-05-15 00:27:31,306  INFO  Epoch 1/1 | Step 56010/34883 | Loss 2.0709 | LR 9.85e-05
2026-05-15 00:27:36,284  INFO  Epoch 1/1 | Step 56020/34883 | Loss 2.0178 | LR 9.84e-05
2026-05-15 00:27:41,276  INFO  Epoch 1/1 | Step 56030/34883 | Loss 1.7966 | LR 9.83e-05
2026-05-15 00:27:46,275  INFO  Epoch 1/1 | Step 56040/34883 | Loss 2.0304 | LR 9.81e-05
2026-05-15 00:27:51,263  INFO  Epoch 1/1 | Step 56050/34883 | Loss 1.9011 | LR 9.80e-05
2026-05-15 00:27:56,261  INFO  Epoch 1/1 | Step 56060/34883 | Loss 2.0085 | LR 9.78e-05
2026-05-15 00:28:01,255  INFO  Epoch 1/1 | Step 56070/34883 | Loss 1.9297 | LR 9.77e-05
2026-05-15 00:28:06,250  INFO  Epoch 1/1 | Step 56080/34883 | Loss 2.1908 | LR 9.76e-05
2026-05-15 00:28:11,243  INFO  Epoch 1/1 | Step 56090/34883 | Loss 2.1424 | LR 9.74e-05
2026-05-15 00:28:16,218  INFO  Epoch 1/1 | Step 56100/34883 | Loss 2.0566 | LR 9.73e-05
2026-05-15 00:28:21,213  INFO  Epoch 1/1 | Step 56110/34883 | Loss 2.0005 | LR 9.72e-05
2026-05-15 00:28:26,211  INFO  Epoch 1/1 | Step 56120/34883 | Loss 2.1164 | LR 9.70e-05
2026-05-15 00:28:31,200  INFO  Epoch 1/1 | Step 56130/34883 | Loss 1.9818 | LR 9.69e-05
2026-05-15 00:28:36,169  INFO  Epoch 1/1 | Step 56140/34883 | Loss 1.9998 | LR 9.67e-05
2026-05-15 00:28:41,153  INFO  Epoch 1/1 | Step 56150/34883 | Loss 1.9917 | LR 9.66e-05
2026-05-15 00:28:46,123  INFO  Epoch 1/1 | Step 56160/34883 | Loss 2.0172 | LR 9.65e-05
2026-05-15 00:28:51,120  INFO  Epoch 1/1 | Step 56170/34883 | Loss 1.7568 | LR 9.63e-05
2026-05-15 00:28:56,116  INFO  Epoch 1/1 | Step 56180/34883 | Loss 2.0203 | LR 9.62e-05
2026-05-15 00:29:01,096  INFO  Epoch 1/1 | Step 56190/34883 | Loss 2.0040 | LR 9.61e-05
2026-05-15 00:29:06,083  INFO  Epoch 1/1 | Step 56200/34883 | Loss 2.0558 | LR 9.59e-05
2026-05-15 00:29:11,070  INFO  Epoch 1/1 | Step 56210/34883 | Loss 1.9034 | LR 9.58e-05
2026-05-15 00:29:16,067  INFO  Epoch 1/1 | Step 56220/34883 | Loss 2.1195 | LR 9.56e-05
2026-05-15 00:29:21,054  INFO  Epoch 1/1 | Step 56230/34883 | Loss 2.0623 | LR 9.55e-05
2026-05-15 00:29:26,039  INFO  Epoch 1/1 | Step 56240/34883 | Loss 2.0145 | LR 9.54e-05
2026-05-15 00:29:31,034  INFO  Epoch 1/1 | Step 56250/34883 | Loss 2.0651 | LR 9.52e-05
2026-05-15 00:29:36,030  INFO  Epoch 1/1 | Step 56260/34883 | Loss 2.1647 | LR 9.51e-05
2026-05-15 00:29:41,032  INFO  Epoch 1/1 | Step 56270/34883 | Loss 1.8625 | LR 9.50e-05
2026-05-15 00:29:46,026  INFO  Epoch 1/1 | Step 56280/34883 | Loss 1.9832 | LR 9.48e-05
2026-05-15 00:29:51,028  INFO  Epoch 1/1 | Step 56290/34883 | Loss 2.0805 | LR 9.47e-05
2026-05-15 00:29:56,027  INFO  Epoch 1/1 | Step 56300/34883 | Loss 2.0238 | LR 9.46e-05
2026-05-15 00:30:01,024  INFO  Epoch 1/1 | Step 56310/34883 | Loss 1.9977 | LR 9.44e-05
2026-05-15 00:30:06,022  INFO  Epoch 1/1 | Step 56320/34883 | Loss 1.9278 | LR 9.43e-05
2026-05-15 00:30:11,020  INFO  Epoch 1/1 | Step 56330/34883 | Loss 2.1073 | LR 9.41e-05
2026-05-15 00:30:16,017  INFO  Epoch 1/1 | Step 56340/34883 | Loss 1.7917 | LR 9.40e-05
2026-05-15 00:30:21,018  INFO  Epoch 1/1 | Step 56350/34883 | Loss 2.1354 | LR 9.39e-05
2026-05-15 00:30:26,018  INFO  Epoch 1/1 | Step 56360/34883 | Loss 2.1567 | LR 9.37e-05
2026-05-15 00:30:31,015  INFO  Epoch 1/1 | Step 56370/34883 | Loss 2.1223 | LR 9.36e-05
2026-05-15 00:30:36,014  INFO  Epoch 1/1 | Step 56380/34883 | Loss 1.9201 | LR 9.35e-05
2026-05-15 00:30:41,012  INFO  Epoch 1/1 | Step 56390/34883 | Loss 2.1016 | LR 9.33e-05
2026-05-15 00:30:46,009  INFO  Epoch 1/1 | Step 56400/34883 | Loss 2.1330 | LR 9.32e-05
2026-05-15 00:30:51,008  INFO  Epoch 1/1 | Step 56410/34883 | Loss 1.8529 | LR 9.31e-05
2026-05-15 00:30:56,005  INFO  Epoch 1/1 | Step 56420/34883 | Loss 1.9281 | LR 9.29e-05
2026-05-15 00:31:01,004  INFO  Epoch 1/1 | Step 56430/34883 | Loss 2.1029 | LR 9.28e-05
2026-05-15 00:31:06,003  INFO  Epoch 1/1 | Step 56440/34883 | Loss 2.1567 | LR 9.27e-05
2026-05-15 00:31:11,002  INFO  Epoch 1/1 | Step 56450/34883 | Loss 2.2562 | LR 9.25e-05
2026-05-15 00:31:15,997  INFO  Epoch 1/1 | Step 56460/34883 | Loss 2.1544 | LR 9.24e-05
2026-05-15 00:31:20,991  INFO  Epoch 1/1 | Step 56470/34883 | Loss 1.9238 | LR 9.23e-05
2026-05-15 00:31:25,978  INFO  Epoch 1/1 | Step 56480/34883 | Loss 1.9747 | LR 9.21e-05
2026-05-15 00:31:30,976  INFO  Epoch 1/1 | Step 56490/34883 | Loss 1.9614 | LR 9.20e-05
2026-05-15 00:31:35,973  INFO  Epoch 1/1 | Step 56500/34883 | Loss 2.0467 | LR 9.19e-05
2026-05-15 00:31:40,972  INFO  Epoch 1/1 | Step 56510/34883 | Loss 1.8312 | LR 9.17e-05
2026-05-15 00:31:45,971  INFO  Epoch 1/1 | Step 56520/34883 | Loss 2.1208 | LR 9.16e-05
2026-05-15 00:31:50,970  INFO  Epoch 1/1 | Step 56530/34883 | Loss 1.9320 | LR 9.15e-05
2026-05-15 00:31:55,965  INFO  Epoch 1/1 | Step 56540/34883 | Loss 2.0512 | LR 9.13e-05
2026-05-15 00:32:00,967  INFO  Epoch 1/1 | Step 56550/34883 | Loss 2.1429 | LR 9.12e-05
2026-05-15 00:32:05,967  INFO  Epoch 1/1 | Step 56560/34883 | Loss 1.9795 | LR 9.11e-05
2026-05-15 00:32:10,963  INFO  Epoch 1/1 | Step 56570/34883 | Loss 1.9328 | LR 9.09e-05
2026-05-15 00:32:15,962  INFO  Epoch 1/1 | Step 56580/34883 | Loss 1.9680 | LR 9.08e-05
2026-05-15 00:32:20,960  INFO  Epoch 1/1 | Step 56590/34883 | Loss 1.9388 | LR 9.07e-05
2026-05-15 00:32:25,958  INFO  Epoch 1/1 | Step 56600/34883 | Loss 1.9931 | LR 9.05e-05
2026-05-15 00:32:30,957  INFO  Epoch 1/1 | Step 56610/34883 | Loss 2.0233 | LR 9.04e-05
2026-05-15 00:32:35,951  INFO  Epoch 1/1 | Step 56620/34883 | Loss 1.9965 | LR 9.03e-05
2026-05-15 00:32:40,948  INFO  Epoch 1/1 | Step 56630/34883 | Loss 1.9956 | LR 9.01e-05
2026-05-15 00:32:45,952  INFO  Epoch 1/1 | Step 56640/34883 | Loss 1.9780 | LR 9.00e-05
2026-05-15 00:32:50,951  INFO  Epoch 1/1 | Step 56650/34883 | Loss 1.9583 | LR 8.99e-05
2026-05-15 00:32:55,949  INFO  Epoch 1/1 | Step 56660/34883 | Loss 2.0373 | LR 8.97e-05
2026-05-15 00:33:00,946  INFO  Epoch 1/1 | Step 56670/34883 | Loss 2.1433 | LR 8.96e-05
2026-05-15 00:33:05,946  INFO  Epoch 1/1 | Step 56680/34883 | Loss 1.9420 | LR 8.95e-05
2026-05-15 00:33:10,943  INFO  Epoch 1/1 | Step 56690/34883 | Loss 2.1014 | LR 8.93e-05
2026-05-15 00:33:15,940  INFO  Epoch 1/1 | Step 56700/34883 | Loss 2.0655 | LR 8.92e-05
2026-05-15 00:33:20,935  INFO  Epoch 1/1 | Step 56710/34883 | Loss 1.9686 | LR 8.91e-05
2026-05-15 00:33:25,919  INFO  Epoch 1/1 | Step 56720/34883 | Loss 2.0597 | LR 8.89e-05
2026-05-15 00:33:30,911  INFO  Epoch 1/1 | Step 56730/34883 | Loss 1.9108 | LR 8.88e-05
2026-05-15 00:33:35,891  INFO  Epoch 1/1 | Step 56740/34883 | Loss 1.9248 | LR 8.87e-05
2026-05-15 00:33:40,876  INFO  Epoch 1/1 | Step 56750/34883 | Loss 2.0299 | LR 8.85e-05
2026-05-15 00:33:45,870  INFO  Epoch 1/1 | Step 56760/34883 | Loss 2.1282 | LR 8.84e-05
2026-05-15 00:33:50,848  INFO  Epoch 1/1 | Step 56770/34883 | Loss 1.9636 | LR 8.83e-05
2026-05-15 00:33:55,830  INFO  Epoch 1/1 | Step 56780/34883 | Loss 1.8836 | LR 8.81e-05
2026-05-15 00:34:00,822  INFO  Epoch 1/1 | Step 56790/34883 | Loss 2.0133 | LR 8.80e-05
2026-05-15 00:34:05,820  INFO  Epoch 1/1 | Step 56800/34883 | Loss 2.0255 | LR 8.79e-05
2026-05-15 00:34:10,806  INFO  Epoch 1/1 | Step 56810/34883 | Loss 2.1546 | LR 8.77e-05
2026-05-15 00:34:15,804  INFO  Epoch 1/1 | Step 56820/34883 | Loss 1.8730 | LR 8.76e-05
2026-05-15 00:34:20,798  INFO  Epoch 1/1 | Step 56830/34883 | Loss 2.0151 | LR 8.75e-05
2026-05-15 00:34:25,775  INFO  Epoch 1/1 | Step 56840/34883 | Loss 1.9533 | LR 8.73e-05
2026-05-15 00:34:30,757  INFO  Epoch 1/1 | Step 56850/34883 | Loss 1.8870 | LR 8.72e-05
2026-05-15 00:34:35,748  INFO  Epoch 1/1 | Step 56860/34883 | Loss 2.0730 | LR 8.71e-05
2026-05-15 00:34:40,730  INFO  Epoch 1/1 | Step 56870/34883 | Loss 2.0001 | LR 8.70e-05
2026-05-15 00:34:45,700  INFO  Epoch 1/1 | Step 56880/34883 | Loss 2.1831 | LR 8.68e-05
2026-05-15 00:34:50,670  INFO  Epoch 1/1 | Step 56890/34883 | Loss 1.9830 | LR 8.67e-05
2026-05-15 00:34:55,648  INFO  Epoch 1/1 | Step 56900/34883 | Loss 2.0164 | LR 8.66e-05
2026-05-15 00:35:00,640  INFO  Epoch 1/1 | Step 56910/34883 | Loss 1.8929 | LR 8.64e-05
2026-05-15 00:35:05,622  INFO  Epoch 1/1 | Step 56920/34883 | Loss 1.9725 | LR 8.63e-05
2026-05-15 00:35:10,622  INFO  Epoch 1/1 | Step 56930/34883 | Loss 1.8749 | LR 8.62e-05
2026-05-15 00:35:15,623  INFO  Epoch 1/1 | Step 56940/34883 | Loss 2.0538 | LR 8.60e-05
2026-05-15 00:35:20,601  INFO  Epoch 1/1 | Step 56950/34883 | Loss 1.9549 | LR 8.59e-05
2026-05-15 00:35:25,594  INFO  Epoch 1/1 | Step 56960/34883 | Loss 2.1031 | LR 8.58e-05
2026-05-15 00:35:30,573  INFO  Epoch 1/1 | Step 56970/34883 | Loss 2.0012 | LR 8.57e-05
2026-05-15 00:35:35,543  INFO  Epoch 1/1 | Step 56980/34883 | Loss 1.9603 | LR 8.55e-05
2026-05-15 00:35:40,531  INFO  Epoch 1/1 | Step 56990/34883 | Loss 2.1008 | LR 8.54e-05
2026-05-15 00:35:45,508  INFO  Epoch 1/1 | Step 57000/34883 | Loss 2.0698 | LR 8.53e-05
2026-05-15 00:35:50,486  INFO  Epoch 1/1 | Step 57010/34883 | Loss 1.9085 | LR 8.51e-05
2026-05-15 00:35:55,486  INFO  Epoch 1/1 | Step 57020/34883 | Loss 2.0379 | LR 8.50e-05
2026-05-15 00:36:00,485  INFO  Epoch 1/1 | Step 57030/34883 | Loss 1.9877 | LR 8.49e-05
2026-05-15 00:36:05,482  INFO  Epoch 1/1 | Step 57040/34883 | Loss 2.1195 | LR 8.47e-05
2026-05-15 00:36:10,466  INFO  Epoch 1/1 | Step 57050/34883 | Loss 2.1379 | LR 8.46e-05
2026-05-15 00:36:15,456  INFO  Epoch 1/1 | Step 57060/34883 | Loss 1.9547 | LR 8.45e-05
2026-05-15 00:36:20,435  INFO  Epoch 1/1 | Step 57070/34883 | Loss 1.9582 | LR 8.44e-05
2026-05-15 00:36:25,417  INFO  Epoch 1/1 | Step 57080/34883 | Loss 2.0945 | LR 8.42e-05
2026-05-15 00:36:30,407  INFO  Epoch 1/1 | Step 57090/34883 | Loss 1.9767 | LR 8.41e-05
2026-05-15 00:36:35,401  INFO  Epoch 1/1 | Step 57100/34883 | Loss 1.7704 | LR 8.40e-05
2026-05-15 00:36:40,401  INFO  Epoch 1/1 | Step 57110/34883 | Loss 2.1119 | LR 8.38e-05
2026-05-15 00:36:45,397  INFO  Epoch 1/1 | Step 57120/34883 | Loss 2.1203 | LR 8.37e-05
2026-05-15 00:36:50,396  INFO  Epoch 1/1 | Step 57130/34883 | Loss 2.0022 | LR 8.36e-05
2026-05-15 00:36:55,397  INFO  Epoch 1/1 | Step 57140/34883 | Loss 1.9450 | LR 8.35e-05
2026-05-15 00:37:00,388  INFO  Epoch 1/1 | Step 57150/34883 | Loss 2.1884 | LR 8.33e-05
2026-05-15 00:37:05,393  INFO  Epoch 1/1 | Step 57160/34883 | Loss 1.9932 | LR 8.32e-05
2026-05-15 00:37:10,390  INFO  Epoch 1/1 | Step 57170/34883 | Loss 1.8760 | LR 8.31e-05
2026-05-15 00:37:15,389  INFO  Epoch 1/1 | Step 57180/34883 | Loss 1.7898 | LR 8.29e-05
2026-05-15 00:37:20,390  INFO  Epoch 1/1 | Step 57190/34883 | Loss 2.0288 | LR 8.28e-05
2026-05-15 00:37:25,385  INFO  Epoch 1/1 | Step 57200/34883 | Loss 1.9732 | LR 8.27e-05
2026-05-15 00:37:30,385  INFO  Epoch 1/1 | Step 57210/34883 | Loss 2.0392 | LR 8.26e-05
2026-05-15 00:37:35,382  INFO  Epoch 1/1 | Step 57220/34883 | Loss 2.0338 | LR 8.24e-05
2026-05-15 00:37:40,381  INFO  Epoch 1/1 | Step 57230/34883 | Loss 2.0074 | LR 8.23e-05
2026-05-15 00:37:45,379  INFO  Epoch 1/1 | Step 57240/34883 | Loss 2.0130 | LR 8.22e-05
2026-05-15 00:37:50,376  INFO  Epoch 1/1 | Step 57250/34883 | Loss 1.9653 | LR 8.20e-05
2026-05-15 00:37:55,375  INFO  Epoch 1/1 | Step 57260/34883 | Loss 2.0355 | LR 8.19e-05
2026-05-15 00:38:00,374  INFO  Epoch 1/1 | Step 57270/34883 | Loss 2.1050 | LR 8.18e-05
2026-05-15 00:38:05,366  INFO  Epoch 1/1 | Step 57280/34883 | Loss 2.0280 | LR 8.17e-05
2026-05-15 00:38:10,351  INFO  Epoch 1/1 | Step 57290/34883 | Loss 1.8826 | LR 8.15e-05
2026-05-15 00:38:15,348  INFO  Epoch 1/1 | Step 57300/34883 | Loss 1.9766 | LR 8.14e-05
2026-05-15 00:38:20,348  INFO  Epoch 1/1 | Step 57310/34883 | Loss 2.0444 | LR 8.13e-05
2026-05-15 00:38:25,348  INFO  Epoch 1/1 | Step 57320/34883 | Loss 1.9974 | LR 8.12e-05
2026-05-15 00:38:30,346  INFO  Epoch 1/1 | Step 57330/34883 | Loss 1.9779 | LR 8.10e-05
2026-05-15 00:38:35,345  INFO  Epoch 1/1 | Step 57340/34883 | Loss 1.9942 | LR 8.09e-05
2026-05-15 00:38:40,343  INFO  Epoch 1/1 | Step 57350/34883 | Loss 1.9305 | LR 8.08e-05
2026-05-15 00:38:45,343  INFO  Epoch 1/1 | Step 57360/34883 | Loss 2.1495 | LR 8.07e-05
2026-05-15 00:38:50,340  INFO  Epoch 1/1 | Step 57370/34883 | Loss 2.0368 | LR 8.05e-05
2026-05-15 00:38:55,338  INFO  Epoch 1/1 | Step 57380/34883 | Loss 2.1622 | LR 8.04e-05
2026-05-15 00:39:00,334  INFO  Epoch 1/1 | Step 57390/34883 | Loss 2.1359 | LR 8.03e-05
2026-05-15 00:39:05,335  INFO  Epoch 1/1 | Step 57400/34883 | Loss 1.8421 | LR 8.01e-05
2026-05-15 00:39:10,333  INFO  Epoch 1/1 | Step 57410/34883 | Loss 2.1740 | LR 8.00e-05
2026-05-15 00:39:15,330  INFO  Epoch 1/1 | Step 57420/34883 | Loss 1.9647 | LR 7.99e-05
2026-05-15 00:39:20,332  INFO  Epoch 1/1 | Step 57430/34883 | Loss 2.1336 | LR 7.98e-05
2026-05-15 00:39:25,329  INFO  Epoch 1/1 | Step 57440/34883 | Loss 2.0206 | LR 7.96e-05
2026-05-15 00:39:30,323  INFO  Epoch 1/1 | Step 57450/34883 | Loss 1.9857 | LR 7.95e-05
2026-05-15 00:39:35,322  INFO  Epoch 1/1 | Step 57460/34883 | Loss 1.9376 | LR 7.94e-05
2026-05-15 00:39:40,321  INFO  Epoch 1/1 | Step 57470/34883 | Loss 1.9370 | LR 7.93e-05
2026-05-15 00:39:45,308  INFO  Epoch 1/1 | Step 57480/34883 | Loss 2.0485 | LR 7.91e-05
2026-05-15 00:39:50,293  INFO  Epoch 1/1 | Step 57490/34883 | Loss 1.8444 | LR 7.90e-05
2026-05-15 00:39:55,286  INFO  Epoch 1/1 | Step 57500/34883 | Loss 2.0037 | LR 7.89e-05
2026-05-15 00:40:00,275  INFO  Epoch 1/1 | Step 57510/34883 | Loss 2.0128 | LR 7.88e-05
2026-05-15 00:40:05,268  INFO  Epoch 1/1 | Step 57520/34883 | Loss 2.0314 | LR 7.86e-05
2026-05-15 00:40:10,253  INFO  Epoch 1/1 | Step 57530/34883 | Loss 1.8750 | LR 7.85e-05
2026-05-15 00:40:15,251  INFO  Epoch 1/1 | Step 57540/34883 | Loss 1.9740 | LR 7.84e-05
2026-05-15 00:40:20,232  INFO  Epoch 1/1 | Step 57550/34883 | Loss 1.7468 | LR 7.83e-05
2026-05-15 00:40:25,220  INFO  Epoch 1/1 | Step 57560/34883 | Loss 2.1445 | LR 7.81e-05
2026-05-15 00:40:30,209  INFO  Epoch 1/1 | Step 57570/34883 | Loss 2.0026 | LR 7.80e-05
2026-05-15 00:40:35,204  INFO  Epoch 1/1 | Step 57580/34883 | Loss 2.1751 | LR 7.79e-05
2026-05-15 00:40:40,196  INFO  Epoch 1/1 | Step 57590/34883 | Loss 1.9293 | LR 7.78e-05
2026-05-15 00:40:45,193  INFO  Epoch 1/1 | Step 57600/34883 | Loss 1.9214 | LR 7.76e-05
2026-05-15 00:40:50,181  INFO  Epoch 1/1 | Step 57610/34883 | Loss 2.0381 | LR 7.75e-05
2026-05-15 00:40:55,177  INFO  Epoch 1/1 | Step 57620/34883 | Loss 2.0712 | LR 7.74e-05
2026-05-15 00:41:00,176  INFO  Epoch 1/1 | Step 57630/34883 | Loss 1.9665 | LR 7.73e-05
2026-05-15 00:41:05,170  INFO  Epoch 1/1 | Step 57640/34883 | Loss 1.9923 | LR 7.71e-05
2026-05-15 00:41:10,154  INFO  Epoch 1/1 | Step 57650/34883 | Loss 1.9475 | LR 7.70e-05
2026-05-15 00:41:15,133  INFO  Epoch 1/1 | Step 57660/34883 | Loss 1.9030 | LR 7.69e-05
2026-05-15 00:41:20,119  INFO  Epoch 1/1 | Step 57670/34883 | Loss 2.0750 | LR 7.68e-05
2026-05-15 00:41:25,101  INFO  Epoch 1/1 | Step 57680/34883 | Loss 1.9828 | LR 7.67e-05
2026-05-15 00:41:30,082  INFO  Epoch 1/1 | Step 57690/34883 | Loss 2.0023 | LR 7.65e-05
2026-05-15 00:41:35,065  INFO  Epoch 1/1 | Step 57700/34883 | Loss 1.9595 | LR 7.64e-05
2026-05-15 00:41:40,042  INFO  Epoch 1/1 | Step 57710/34883 | Loss 1.9812 | LR 7.63e-05
2026-05-15 00:41:45,021  INFO  Epoch 1/1 | Step 57720/34883 | Loss 2.0162 | LR 7.62e-05
2026-05-15 00:41:50,010  INFO  Epoch 1/1 | Step 57730/34883 | Loss 1.9202 | LR 7.60e-05
2026-05-15 00:41:54,987  INFO  Epoch 1/1 | Step 57740/34883 | Loss 2.0546 | LR 7.59e-05
2026-05-15 00:41:59,960  INFO  Epoch 1/1 | Step 57750/34883 | Loss 1.9706 | LR 7.58e-05
2026-05-15 00:42:04,937  INFO  Epoch 1/1 | Step 57760/34883 | Loss 2.1524 | LR 7.57e-05
2026-05-15 00:42:09,916  INFO  Epoch 1/1 | Step 57770/34883 | Loss 2.1787 | LR 7.55e-05
2026-05-15 00:42:14,892  INFO  Epoch 1/1 | Step 57780/34883 | Loss 1.9316 | LR 7.54e-05
2026-05-15 00:42:19,869  INFO  Epoch 1/1 | Step 57790/34883 | Loss 2.0514 | LR 7.53e-05
2026-05-15 00:42:24,844  INFO  Epoch 1/1 | Step 57800/34883 | Loss 2.1267 | LR 7.52e-05
2026-05-15 00:42:29,828  INFO  Epoch 1/1 | Step 57810/34883 | Loss 2.0278 | LR 7.51e-05
2026-05-15 00:42:34,824  INFO  Epoch 1/1 | Step 57820/34883 | Loss 1.9799 | LR 7.49e-05
2026-05-15 00:42:39,818  INFO  Epoch 1/1 | Step 57830/34883 | Loss 1.9890 | LR 7.48e-05
2026-05-15 00:42:44,799  INFO  Epoch 1/1 | Step 57840/34883 | Loss 2.0555 | LR 7.47e-05
2026-05-15 00:42:49,801  INFO  Epoch 1/1 | Step 57850/34883 | Loss 2.0924 | LR 7.46e-05
2026-05-15 00:42:54,803  INFO  Epoch 1/1 | Step 57860/34883 | Loss 2.0427 | LR 7.44e-05
2026-05-15 00:42:59,799  INFO  Epoch 1/1 | Step 57870/34883 | Loss 2.0285 | LR 7.43e-05
2026-05-15 00:43:04,794  INFO  Epoch 1/1 | Step 57880/34883 | Loss 1.8903 | LR 7.42e-05
2026-05-15 00:43:09,776  INFO  Epoch 1/1 | Step 57890/34883 | Loss 1.9522 | LR 7.41e-05
2026-05-15 00:43:14,765  INFO  Epoch 1/1 | Step 57900/34883 | Loss 1.9290 | LR 7.40e-05
2026-05-15 00:43:19,746  INFO  Epoch 1/1 | Step 57910/34883 | Loss 1.9827 | LR 7.38e-05
2026-05-15 00:43:24,741  INFO  Epoch 1/1 | Step 57920/34883 | Loss 1.9670 | LR 7.37e-05
2026-05-15 00:43:29,728  INFO  Epoch 1/1 | Step 57930/34883 | Loss 1.9522 | LR 7.36e-05
2026-05-15 00:43:34,722  INFO  Epoch 1/1 | Step 57940/34883 | Loss 1.9714 | LR 7.35e-05
2026-05-15 00:43:39,707  INFO  Epoch 1/1 | Step 57950/34883 | Loss 2.1334 | LR 7.34e-05
2026-05-15 00:43:44,688  INFO  Epoch 1/1 | Step 57960/34883 | Loss 2.0188 | LR 7.32e-05
2026-05-15 00:43:49,679  INFO  Epoch 1/1 | Step 57970/34883 | Loss 1.9197 | LR 7.31e-05
2026-05-15 00:43:54,664  INFO  Epoch 1/1 | Step 57980/34883 | Loss 2.1643 | LR 7.30e-05
2026-05-15 00:43:59,661  INFO  Epoch 1/1 | Step 57990/34883 | Loss 2.1216 | LR 7.29e-05
2026-05-15 00:44:04,661  INFO  Epoch 1/1 | Step 58000/34883 | Loss 1.9886 | LR 7.27e-05
2026-05-15 00:44:09,659  INFO  Epoch 1/1 | Step 58010/34883 | Loss 1.9164 | LR 7.26e-05
2026-05-15 00:44:14,656  INFO  Epoch 1/1 | Step 58020/34883 | Loss 2.0523 | LR 7.25e-05
2026-05-15 00:44:19,655  INFO  Epoch 1/1 | Step 58030/34883 | Loss 1.7988 | LR 7.24e-05
2026-05-15 00:44:24,655  INFO  Epoch 1/1 | Step 58040/34883 | Loss 2.0389 | LR 7.23e-05
2026-05-15 00:44:29,646  INFO  Epoch 1/1 | Step 58050/34883 | Loss 2.1297 | LR 7.21e-05
2026-05-15 00:44:34,631  INFO  Epoch 1/1 | Step 58060/34883 | Loss 2.0652 | LR 7.20e-05
2026-05-15 00:44:39,623  INFO  Epoch 1/1 | Step 58070/34883 | Loss 2.0584 | LR 7.19e-05
2026-05-15 00:44:44,617  INFO  Epoch 1/1 | Step 58080/34883 | Loss 1.9476 | LR 7.18e-05
2026-05-15 00:44:49,598  INFO  Epoch 1/1 | Step 58090/34883 | Loss 2.1811 | LR 7.17e-05
2026-05-15 00:44:54,582  INFO  Epoch 1/1 | Step 58100/34883 | Loss 1.9994 | LR 7.15e-05
2026-05-15 00:44:59,564  INFO  Epoch 1/1 | Step 58110/34883 | Loss 2.0815 | LR 7.14e-05
2026-05-15 00:45:04,554  INFO  Epoch 1/1 | Step 58120/34883 | Loss 1.8481 | LR 7.13e-05
2026-05-15 00:45:09,541  INFO  Epoch 1/1 | Step 58130/34883 | Loss 1.9901 | LR 7.12e-05
2026-05-15 00:45:14,521  INFO  Epoch 1/1 | Step 58140/34883 | Loss 1.9884 | LR 7.11e-05
2026-05-15 00:45:19,496  INFO  Epoch 1/1 | Step 58150/34883 | Loss 2.0797 | LR 7.10e-05
2026-05-15 00:45:24,473  INFO  Epoch 1/1 | Step 58160/34883 | Loss 2.1224 | LR 7.08e-05
2026-05-15 00:45:29,449  INFO  Epoch 1/1 | Step 58170/34883 | Loss 2.0394 | LR 7.07e-05
2026-05-15 00:45:34,428  INFO  Epoch 1/1 | Step 58180/34883 | Loss 2.0203 | LR 7.06e-05
2026-05-15 00:45:39,408  INFO  Epoch 1/1 | Step 58190/34883 | Loss 2.0295 | LR 7.05e-05
2026-05-15 00:45:44,379  INFO  Epoch 1/1 | Step 58200/34883 | Loss 1.9336 | LR 7.04e-05
2026-05-15 00:45:49,351  INFO  Epoch 1/1 | Step 58210/34883 | Loss 1.9147 | LR 7.02e-05
2026-05-15 00:45:54,327  INFO  Epoch 1/1 | Step 58220/34883 | Loss 1.8096 | LR 7.01e-05
2026-05-15 00:45:59,305  INFO  Epoch 1/1 | Step 58230/34883 | Loss 2.0695 | LR 7.00e-05
2026-05-15 00:46:04,276  INFO  Epoch 1/1 | Step 58240/34883 | Loss 1.9403 | LR 6.99e-05
2026-05-15 00:46:09,252  INFO  Epoch 1/1 | Step 58250/34883 | Loss 1.9937 | LR 6.98e-05
2026-05-15 00:46:14,222  INFO  Epoch 1/1 | Step 58260/34883 | Loss 2.0237 | LR 6.96e-05
2026-05-15 00:46:19,199  INFO  Epoch 1/1 | Step 58270/34883 | Loss 2.0048 | LR 6.95e-05
2026-05-15 00:46:24,183  INFO  Epoch 1/1 | Step 58280/34883 | Loss 2.0432 | LR 6.94e-05
2026-05-15 00:46:29,169  INFO  Epoch 1/1 | Step 58290/34883 | Loss 2.1121 | LR 6.93e-05
2026-05-15 00:46:34,134  INFO  Epoch 1/1 | Step 58300/34883 | Loss 1.9262 | LR 6.92e-05
2026-05-15 00:46:39,124  INFO  Epoch 1/1 | Step 58310/34883 | Loss 2.0255 | LR 6.91e-05
2026-05-15 00:46:44,103  INFO  Epoch 1/1 | Step 58320/34883 | Loss 2.1013 | LR 6.89e-05
2026-05-15 00:46:49,078  INFO  Epoch 1/1 | Step 58330/34883 | Loss 2.0492 | LR 6.88e-05
2026-05-15 00:46:54,047  INFO  Epoch 1/1 | Step 58340/34883 | Loss 1.9626 | LR 6.87e-05
2026-05-15 00:46:59,026  INFO  Epoch 1/1 | Step 58350/34883 | Loss 1.9868 | LR 6.86e-05
2026-05-15 00:47:04,025  INFO  Epoch 1/1 | Step 58360/34883 | Loss 1.9450 | LR 6.85e-05
2026-05-15 00:47:09,023  INFO  Epoch 1/1 | Step 58370/34883 | Loss 1.8275 | LR 6.84e-05
2026-05-15 00:47:14,022  INFO  Epoch 1/1 | Step 58380/34883 | Loss 1.8794 | LR 6.82e-05
2026-05-15 00:47:19,022  INFO  Epoch 1/1 | Step 58390/34883 | Loss 1.9635 | LR 6.81e-05
2026-05-15 00:47:24,020  INFO  Epoch 1/1 | Step 58400/34883 | Loss 1.9779 | LR 6.80e-05
2026-05-15 00:47:29,010  INFO  Epoch 1/1 | Step 58410/34883 | Loss 2.1026 | LR 6.79e-05
2026-05-15 00:47:33,988  INFO  Epoch 1/1 | Step 58420/34883 | Loss 2.0487 | LR 6.78e-05
2026-05-15 00:47:38,973  INFO  Epoch 1/1 | Step 58430/34883 | Loss 2.0108 | LR 6.77e-05
2026-05-15 00:47:43,971  INFO  Epoch 1/1 | Step 58440/34883 | Loss 2.0332 | LR 6.75e-05
2026-05-15 00:47:48,973  INFO  Epoch 1/1 | Step 58450/34883 | Loss 2.0313 | LR 6.74e-05
2026-05-15 00:47:53,968  INFO  Epoch 1/1 | Step 58460/34883 | Loss 2.1428 | LR 6.73e-05
2026-05-15 00:47:58,968  INFO  Epoch 1/1 | Step 58470/34883 | Loss 1.9395 | LR 6.72e-05
2026-05-15 00:48:03,959  INFO  Epoch 1/1 | Step 58480/34883 | Loss 1.8952 | LR 6.71e-05
2026-05-15 00:48:08,967  INFO  Epoch 1/1 | Step 58490/34883 | Loss 2.1017 | LR 6.70e-05
2026-05-15 00:48:13,964  INFO  Epoch 1/1 | Step 58500/34883 | Loss 2.0669 | LR 6.68e-05
2026-05-15 00:48:18,963  INFO  Epoch 1/1 | Step 58510/34883 | Loss 1.9719 | LR 6.67e-05
2026-05-15 00:48:23,958  INFO  Epoch 1/1 | Step 58520/34883 | Loss 1.8705 | LR 6.66e-05
2026-05-15 00:48:28,938  INFO  Epoch 1/1 | Step 58530/34883 | Loss 2.0696 | LR 6.65e-05
2026-05-15 00:48:33,936  INFO  Epoch 1/1 | Step 58540/34883 | Loss 2.0998 | LR 6.64e-05
2026-05-15 00:48:38,930  INFO  Epoch 1/1 | Step 58550/34883 | Loss 2.0660 | LR 6.63e-05
2026-05-15 00:48:43,914  INFO  Epoch 1/1 | Step 58560/34883 | Loss 2.0646 | LR 6.61e-05
2026-05-15 00:48:48,912  INFO  Epoch 1/1 | Step 58570/34883 | Loss 2.0850 | LR 6.60e-05
2026-05-15 00:48:53,889  INFO  Epoch 1/1 | Step 58580/34883 | Loss 2.1052 | LR 6.59e-05
2026-05-15 00:48:58,882  INFO  Epoch 1/1 | Step 58590/34883 | Loss 1.9447 | LR 6.58e-05
2026-05-15 00:49:03,869  INFO  Epoch 1/1 | Step 58600/34883 | Loss 1.9333 | LR 6.57e-05
2026-05-15 00:49:08,857  INFO  Epoch 1/1 | Step 58610/34883 | Loss 2.1450 | LR 6.56e-05
2026-05-15 00:49:13,844  INFO  Epoch 1/1 | Step 58620/34883 | Loss 1.9878 | LR 6.55e-05
2026-05-15 00:49:18,818  INFO  Epoch 1/1 | Step 58630/34883 | Loss 2.0644 | LR 6.53e-05
2026-05-15 00:49:23,794  INFO  Epoch 1/1 | Step 58640/34883 | Loss 1.9959 | LR 6.52e-05
2026-05-15 00:49:28,775  INFO  Epoch 1/1 | Step 58650/34883 | Loss 1.9499 | LR 6.51e-05
2026-05-15 00:49:33,744  INFO  Epoch 1/1 | Step 58660/34883 | Loss 2.1804 | LR 6.50e-05
2026-05-15 00:49:38,707  INFO  Epoch 1/1 | Step 58670/34883 | Loss 2.0765 | LR 6.49e-05
2026-05-15 00:49:43,670  INFO  Epoch 1/1 | Step 58680/34883 | Loss 1.8244 | LR 6.48e-05
2026-05-15 00:49:48,635  INFO  Epoch 1/1 | Step 58690/34883 | Loss 2.1764 | LR 6.47e-05
2026-05-15 00:49:53,607  INFO  Epoch 1/1 | Step 58700/34883 | Loss 1.8040 | LR 6.45e-05
2026-05-15 00:49:58,586  INFO  Epoch 1/1 | Step 58710/34883 | Loss 2.0269 | LR 6.44e-05
2026-05-15 00:50:03,564  INFO  Epoch 1/1 | Step 58720/34883 | Loss 2.1132 | LR 6.43e-05
2026-05-15 00:50:08,523  INFO  Epoch 1/1 | Step 58730/34883 | Loss 1.9261 | LR 6.42e-05
2026-05-15 00:50:13,493  INFO  Epoch 1/1 | Step 58740/34883 | Loss 1.9155 | LR 6.41e-05
2026-05-15 00:50:18,460  INFO  Epoch 1/1 | Step 58750/34883 | Loss 2.0434 | LR 6.40e-05
2026-05-15 00:50:23,421  INFO  Epoch 1/1 | Step 58760/34883 | Loss 2.0703 | LR 6.39e-05
2026-05-15 00:50:28,391  INFO  Epoch 1/1 | Step 58770/34883 | Loss 1.9889 | LR 6.37e-05
2026-05-15 00:50:33,349  INFO  Epoch 1/1 | Step 58780/34883 | Loss 2.0096 | LR 6.36e-05
2026-05-15 00:50:38,311  INFO  Epoch 1/1 | Step 58790/34883 | Loss 1.8070 | LR 6.35e-05
2026-05-15 00:50:43,274  INFO  Epoch 1/1 | Step 58800/34883 | Loss 2.0428 | LR 6.34e-05
2026-05-15 00:50:48,240  INFO  Epoch 1/1 | Step 58810/34883 | Loss 2.0248 | LR 6.33e-05
2026-05-15 00:50:53,205  INFO  Epoch 1/1 | Step 58820/34883 | Loss 1.9590 | LR 6.32e-05
2026-05-15 00:50:58,177  INFO  Epoch 1/1 | Step 58830/34883 | Loss 1.9302 | LR 6.31e-05
2026-05-15 00:51:03,142  INFO  Epoch 1/1 | Step 58840/34883 | Loss 2.1218 | LR 6.29e-05
2026-05-15 00:51:08,107  INFO  Epoch 1/1 | Step 58850/34883 | Loss 2.2157 | LR 6.28e-05
2026-05-15 00:51:13,081  INFO  Epoch 1/1 | Step 58860/34883 | Loss 1.9758 | LR 6.27e-05
2026-05-15 00:51:18,045  INFO  Epoch 1/1 | Step 58870/34883 | Loss 1.9336 | LR 6.26e-05
2026-05-15 00:51:23,006  INFO  Epoch 1/1 | Step 58880/34883 | Loss 2.1143 | LR 6.25e-05
2026-05-15 00:51:27,973  INFO  Epoch 1/1 | Step 58890/34883 | Loss 2.0225 | LR 6.24e-05
2026-05-15 00:51:32,934  INFO  Epoch 1/1 | Step 58900/34883 | Loss 1.9236 | LR 6.23e-05
2026-05-15 00:51:37,893  INFO  Epoch 1/1 | Step 58910/34883 | Loss 1.9596 | LR 6.22e-05
2026-05-15 00:51:42,855  INFO  Epoch 1/1 | Step 58920/34883 | Loss 2.0678 | LR 6.20e-05
2026-05-15 00:51:47,817  INFO  Epoch 1/1 | Step 58930/34883 | Loss 2.0636 | LR 6.19e-05
2026-05-15 00:51:52,780  INFO  Epoch 1/1 | Step 58940/34883 | Loss 1.9992 | LR 6.18e-05
2026-05-15 00:51:57,733  INFO  Epoch 1/1 | Step 58950/34883 | Loss 2.1137 | LR 6.17e-05
2026-05-15 00:52:02,689  INFO  Epoch 1/1 | Step 58960/34883 | Loss 2.0080 | LR 6.16e-05
2026-05-15 00:52:07,647  INFO  Epoch 1/1 | Step 58970/34883 | Loss 1.9767 | LR 6.15e-05
2026-05-15 00:52:12,616  INFO  Epoch 1/1 | Step 58980/34883 | Loss 1.8712 | LR 6.14e-05
2026-05-15 00:52:17,573  INFO  Epoch 1/1 | Step 58990/34883 | Loss 2.1620 | LR 6.13e-05
2026-05-15 00:52:22,528  INFO  Epoch 1/1 | Step 59000/34883 | Loss 2.0312 | LR 6.12e-05
2026-05-15 00:52:27,487  INFO  Epoch 1/1 | Step 59010/34883 | Loss 2.1306 | LR 6.10e-05
2026-05-15 00:52:32,450  INFO  Epoch 1/1 | Step 59020/34883 | Loss 2.0793 | LR 6.09e-05
2026-05-15 00:52:37,410  INFO  Epoch 1/1 | Step 59030/34883 | Loss 2.0647 | LR 6.08e-05
2026-05-15 00:52:42,370  INFO  Epoch 1/1 | Step 59040/34883 | Loss 1.9967 | LR 6.07e-05
2026-05-15 00:52:47,338  INFO  Epoch 1/1 | Step 59050/34883 | Loss 1.9690 | LR 6.06e-05
2026-05-15 00:52:52,302  INFO  Epoch 1/1 | Step 59060/34883 | Loss 2.0430 | LR 6.05e-05
2026-05-15 00:52:57,270  INFO  Epoch 1/1 | Step 59070/34883 | Loss 2.0477 | LR 6.04e-05
2026-05-15 00:53:02,246  INFO  Epoch 1/1 | Step 59080/34883 | Loss 2.0156 | LR 6.03e-05
2026-05-15 00:53:07,214  INFO  Epoch 1/1 | Step 59090/34883 | Loss 2.0465 | LR 6.02e-05
2026-05-15 00:53:12,185  INFO  Epoch 1/1 | Step 59100/34883 | Loss 2.0544 | LR 6.00e-05
2026-05-15 00:53:17,163  INFO  Epoch 1/1 | Step 59110/34883 | Loss 1.9797 | LR 5.99e-05
2026-05-15 00:53:22,147  INFO  Epoch 1/1 | Step 59120/34883 | Loss 1.9540 | LR 5.98e-05
2026-05-15 00:53:27,138  INFO  Epoch 1/1 | Step 59130/34883 | Loss 1.9131 | LR 5.97e-05
2026-05-15 00:53:32,132  INFO  Epoch 1/1 | Step 59140/34883 | Loss 2.1417 | LR 5.96e-05
2026-05-15 00:53:37,116  INFO  Epoch 1/1 | Step 59150/34883 | Loss 2.0713 | LR 5.95e-05
2026-05-15 00:53:42,094  INFO  Epoch 1/1 | Step 59160/34883 | Loss 2.1196 | LR 5.94e-05
2026-05-15 00:53:47,069  INFO  Epoch 1/1 | Step 59170/34883 | Loss 2.1665 | LR 5.93e-05
2026-05-15 00:53:52,036  INFO  Epoch 1/1 | Step 59180/34883 | Loss 2.0777 | LR 5.92e-05
2026-05-15 00:53:57,011  INFO  Epoch 1/1 | Step 59190/34883 | Loss 1.9750 | LR 5.91e-05
2026-05-15 00:54:01,988  INFO  Epoch 1/1 | Step 59200/34883 | Loss 2.0315 | LR 5.90e-05
2026-05-15 00:54:06,971  INFO  Epoch 1/1 | Step 59210/34883 | Loss 2.1408 | LR 5.88e-05
2026-05-15 00:54:11,948  INFO  Epoch 1/1 | Step 59220/34883 | Loss 1.9449 | LR 5.87e-05
2026-05-15 00:54:16,922  INFO  Epoch 1/1 | Step 59230/34883 | Loss 2.1751 | LR 5.86e-05
2026-05-15 00:54:21,900  INFO  Epoch 1/1 | Step 59240/34883 | Loss 1.9815 | LR 5.85e-05
2026-05-15 00:54:26,875  INFO  Epoch 1/1 | Step 59250/34883 | Loss 1.9791 | LR 5.84e-05
2026-05-15 00:54:31,857  INFO  Epoch 1/1 | Step 59260/34883 | Loss 1.9740 | LR 5.83e-05
2026-05-15 00:54:36,833  INFO  Epoch 1/1 | Step 59270/34883 | Loss 2.1456 | LR 5.82e-05
2026-05-15 00:54:41,816  INFO  Epoch 1/1 | Step 59280/34883 | Loss 1.9052 | LR 5.81e-05
2026-05-15 00:54:46,793  INFO  Epoch 1/1 | Step 59290/34883 | Loss 2.0234 | LR 5.80e-05
2026-05-15 00:54:51,772  INFO  Epoch 1/1 | Step 59300/34883 | Loss 1.8854 | LR 5.79e-05
2026-05-15 00:54:56,740  INFO  Epoch 1/1 | Step 59310/34883 | Loss 1.9135 | LR 5.78e-05
2026-05-15 00:55:01,705  INFO  Epoch 1/1 | Step 59320/34883 | Loss 2.0586 | LR 5.76e-05
2026-05-15 00:55:06,675  INFO  Epoch 1/1 | Step 59330/34883 | Loss 1.9225 | LR 5.75e-05
2026-05-15 00:55:11,647  INFO  Epoch 1/1 | Step 59340/34883 | Loss 1.9692 | LR 5.74e-05
2026-05-15 00:55:16,609  INFO  Epoch 1/1 | Step 59350/34883 | Loss 2.0688 | LR 5.73e-05
2026-05-15 00:55:21,579  INFO  Epoch 1/1 | Step 59360/34883 | Loss 1.9587 | LR 5.72e-05
2026-05-15 00:55:26,546  INFO  Epoch 1/1 | Step 59370/34883 | Loss 2.0601 | LR 5.71e-05
2026-05-15 00:55:31,518  INFO  Epoch 1/1 | Step 59380/34883 | Loss 1.8711 | LR 5.70e-05
2026-05-15 00:55:36,484  INFO  Epoch 1/1 | Step 59390/34883 | Loss 2.0257 | LR 5.69e-05
2026-05-15 00:55:41,441  INFO  Epoch 1/1 | Step 59400/34883 | Loss 2.0984 | LR 5.68e-05
2026-05-15 00:55:46,405  INFO  Epoch 1/1 | Step 59410/34883 | Loss 2.2777 | LR 5.67e-05
2026-05-15 00:55:51,360  INFO  Epoch 1/1 | Step 59420/34883 | Loss 2.0829 | LR 5.66e-05
2026-05-15 00:55:56,319  INFO  Epoch 1/1 | Step 59430/34883 | Loss 1.8782 | LR 5.65e-05
2026-05-15 00:56:01,284  INFO  Epoch 1/1 | Step 59440/34883 | Loss 1.9793 | LR 5.64e-05
2026-05-15 00:56:06,251  INFO  Epoch 1/1 | Step 59450/34883 | Loss 1.8546 | LR 5.62e-05
2026-05-15 00:56:11,210  INFO  Epoch 1/1 | Step 59460/34883 | Loss 1.9414 | LR 5.61e-05
2026-05-15 00:56:16,174  INFO  Epoch 1/1 | Step 59470/34883 | Loss 1.9802 | LR 5.60e-05
2026-05-15 00:56:21,125  INFO  Epoch 1/1 | Step 59480/34883 | Loss 1.8282 | LR 5.59e-05
2026-05-15 00:56:26,078  INFO  Epoch 1/1 | Step 59490/34883 | Loss 1.9604 | LR 5.58e-05
2026-05-15 00:56:31,039  INFO  Epoch 1/1 | Step 59500/34883 | Loss 2.0590 | LR 5.57e-05
2026-05-15 00:56:35,994  INFO  Epoch 1/1 | Step 59510/34883 | Loss 2.0200 | LR 5.56e-05
2026-05-15 00:56:40,958  INFO  Epoch 1/1 | Step 59520/34883 | Loss 2.0640 | LR 5.55e-05
2026-05-15 00:56:45,907  INFO  Epoch 1/1 | Step 59530/34883 | Loss 1.8665 | LR 5.54e-05
2026-05-15 00:56:50,855  INFO  Epoch 1/1 | Step 59540/34883 | Loss 2.0243 | LR 5.53e-05
2026-05-15 00:56:55,803  INFO  Epoch 1/1 | Step 59550/34883 | Loss 1.8619 | LR 5.52e-05
2026-05-15 00:57:00,768  INFO  Epoch 1/1 | Step 59560/34883 | Loss 2.0050 | LR 5.51e-05
2026-05-15 00:57:05,708  INFO  Epoch 1/1 | Step 59570/34883 | Loss 1.9173 | LR 5.50e-05
2026-05-15 00:57:10,656  INFO  Epoch 1/1 | Step 59580/34883 | Loss 1.9304 | LR 5.49e-05
2026-05-15 00:57:15,615  INFO  Epoch 1/1 | Step 59590/34883 | Loss 1.9907 | LR 5.48e-05
2026-05-15 00:57:20,564  INFO  Epoch 1/1 | Step 59600/34883 | Loss 2.1147 | LR 5.47e-05
2026-05-15 00:57:25,521  INFO  Epoch 1/1 | Step 59610/34883 | Loss 1.8957 | LR 5.45e-05
2026-05-15 00:57:30,466  INFO  Epoch 1/1 | Step 59620/34883 | Loss 1.8127 | LR 5.44e-05
2026-05-15 00:57:35,416  INFO  Epoch 1/1 | Step 59630/34883 | Loss 2.0318 | LR 5.43e-05
2026-05-15 00:57:40,373  INFO  Epoch 1/1 | Step 59640/34883 | Loss 1.9922 | LR 5.42e-05
2026-05-15 00:57:45,322  INFO  Epoch 1/1 | Step 59650/34883 | Loss 1.9543 | LR 5.41e-05
2026-05-15 00:57:50,275  INFO  Epoch 1/1 | Step 59660/34883 | Loss 1.9602 | LR 5.40e-05
2026-05-15 00:57:55,229  INFO  Epoch 1/1 | Step 59670/34883 | Loss 1.8998 | LR 5.39e-05
2026-05-15 00:58:00,169  INFO  Epoch 1/1 | Step 59680/34883 | Loss 1.8685 | LR 5.38e-05
2026-05-15 00:58:05,111  INFO  Epoch 1/1 | Step 59690/34883 | Loss 1.9610 | LR 5.37e-05
2026-05-15 00:58:10,065  INFO  Epoch 1/1 | Step 59700/34883 | Loss 1.9117 | LR 5.36e-05
2026-05-15 00:58:15,017  INFO  Epoch 1/1 | Step 59710/34883 | Loss 2.1596 | LR 5.35e-05
2026-05-15 00:58:19,970  INFO  Epoch 1/1 | Step 59720/34883 | Loss 1.8493 | LR 5.34e-05
2026-05-15 00:58:24,930  INFO  Epoch 1/1 | Step 59730/34883 | Loss 2.0903 | LR 5.33e-05
2026-05-15 00:58:29,887  INFO  Epoch 1/1 | Step 59740/34883 | Loss 1.9379 | LR 5.32e-05
2026-05-15 00:58:34,839  INFO  Epoch 1/1 | Step 59750/34883 | Loss 1.9447 | LR 5.31e-05
2026-05-15 00:58:39,782  INFO  Epoch 1/1 | Step 59760/34883 | Loss 2.1256 | LR 5.30e-05
2026-05-15 00:58:44,740  INFO  Epoch 1/1 | Step 59770/34883 | Loss 2.0122 | LR 5.29e-05
2026-05-15 00:58:49,686  INFO  Epoch 1/1 | Step 59780/34883 | Loss 1.8780 | LR 5.28e-05
2026-05-15 00:58:54,642  INFO  Epoch 1/1 | Step 59790/34883 | Loss 1.9799 | LR 5.27e-05
2026-05-15 00:58:59,597  INFO  Epoch 1/1 | Step 59800/34883 | Loss 1.9528 | LR 5.26e-05
2026-05-15 00:59:04,556  INFO  Epoch 1/1 | Step 59810/34883 | Loss 1.9679 | LR 5.25e-05
2026-05-15 00:59:09,506  INFO  Epoch 1/1 | Step 59820/34883 | Loss 1.9870 | LR 5.24e-05
2026-05-15 00:59:14,454  INFO  Epoch 1/1 | Step 59830/34883 | Loss 1.8906 | LR 5.23e-05
2026-05-15 00:59:19,411  INFO  Epoch 1/1 | Step 59840/34883 | Loss 1.9802 | LR 5.21e-05
2026-05-15 00:59:24,360  INFO  Epoch 1/1 | Step 59850/34883 | Loss 1.9338 | LR 5.20e-05
2026-05-15 00:59:29,315  INFO  Epoch 1/1 | Step 59860/34883 | Loss 2.2812 | LR 5.19e-05
2026-05-15 00:59:34,269  INFO  Epoch 1/1 | Step 59870/34883 | Loss 1.9162 | LR 5.18e-05
2026-05-15 00:59:39,221  INFO  Epoch 1/1 | Step 59880/34883 | Loss 1.9840 | LR 5.17e-05
2026-05-15 00:59:44,176  INFO  Epoch 1/1 | Step 59890/34883 | Loss 1.8214 | LR 5.16e-05
2026-05-15 00:59:49,129  INFO  Epoch 1/1 | Step 59900/34883 | Loss 2.0740 | LR 5.15e-05
2026-05-15 00:59:54,083  INFO  Epoch 1/1 | Step 59910/34883 | Loss 2.1281 | LR 5.14e-05
2026-05-15 00:59:59,044  INFO  Epoch 1/1 | Step 59920/34883 | Loss 1.8929 | LR 5.13e-05
2026-05-15 01:00:04,000  INFO  Epoch 1/1 | Step 59930/34883 | Loss 2.1528 | LR 5.12e-05
2026-05-15 01:00:08,948  INFO  Epoch 1/1 | Step 59940/34883 | Loss 1.9819 | LR 5.11e-05
2026-05-15 01:00:13,895  INFO  Epoch 1/1 | Step 59950/34883 | Loss 1.7908 | LR 5.10e-05
2026-05-15 01:00:18,842  INFO  Epoch 1/1 | Step 59960/34883 | Loss 2.0238 | LR 5.09e-05
2026-05-15 01:00:23,802  INFO  Epoch 1/1 | Step 59970/34883 | Loss 1.9412 | LR 5.08e-05
2026-05-15 01:00:28,754  INFO  Epoch 1/1 | Step 59980/34883 | Loss 1.8737 | LR 5.07e-05
2026-05-15 01:00:33,708  INFO  Epoch 1/1 | Step 59990/34883 | Loss 1.9308 | LR 5.06e-05
2026-05-15 01:00:38,664  INFO  Epoch 1/1 | Step 60000/34883 | Loss 2.1030 | LR 5.05e-05
2026-05-15 01:00:43,621  INFO  Epoch 1/1 | Step 60010/34883 | Loss 1.8636 | LR 5.04e-05
2026-05-15 01:00:48,577  INFO  Epoch 1/1 | Step 60020/34883 | Loss 1.9800 | LR 5.03e-05
2026-05-15 01:00:53,523  INFO  Epoch 1/1 | Step 60030/34883 | Loss 1.9944 | LR 5.02e-05
2026-05-15 01:00:58,478  INFO  Epoch 1/1 | Step 60040/34883 | Loss 2.0197 | LR 5.01e-05
2026-05-15 01:01:03,435  INFO  Epoch 1/1 | Step 60050/34883 | Loss 1.9715 | LR 5.00e-05
2026-05-15 01:01:08,376  INFO  Epoch 1/1 | Step 60060/34883 | Loss 1.9097 | LR 4.99e-05
2026-05-15 01:01:13,325  INFO  Epoch 1/1 | Step 60070/34883 | Loss 1.9754 | LR 4.98e-05
2026-05-15 01:01:18,279  INFO  Epoch 1/1 | Step 60080/34883 | Loss 2.0139 | LR 4.97e-05
2026-05-15 01:01:23,236  INFO  Epoch 1/1 | Step 60090/34883 | Loss 1.8791 | LR 4.96e-05
2026-05-15 01:01:28,185  INFO  Epoch 1/1 | Step 60100/34883 | Loss 2.1028 | LR 4.95e-05
2026-05-15 01:01:33,147  INFO  Epoch 1/1 | Step 60110/34883 | Loss 1.9435 | LR 4.94e-05
2026-05-15 01:01:38,108  INFO  Epoch 1/1 | Step 60120/34883 | Loss 1.8755 | LR 4.93e-05
2026-05-15 01:01:43,066  INFO  Epoch 1/1 | Step 60130/34883 | Loss 1.8896 | LR 4.92e-05
2026-05-15 01:01:48,023  INFO  Epoch 1/1 | Step 60140/34883 | Loss 1.8646 | LR 4.91e-05
2026-05-15 01:01:52,983  INFO  Epoch 1/1 | Step 60150/34883 | Loss 2.0613 | LR 4.90e-05
2026-05-15 01:01:57,942  INFO  Epoch 1/1 | Step 60160/34883 | Loss 2.0197 | LR 4.89e-05
2026-05-15 01:02:02,902  INFO  Epoch 1/1 | Step 60170/34883 | Loss 2.0417 | LR 4.88e-05
2026-05-15 01:02:07,873  INFO  Epoch 1/1 | Step 60180/34883 | Loss 2.1221 | LR 4.87e-05
2026-05-15 01:02:12,837  INFO  Epoch 1/1 | Step 60190/34883 | Loss 2.0137 | LR 4.86e-05
2026-05-15 01:02:17,799  INFO  Epoch 1/1 | Step 60200/34883 | Loss 1.8907 | LR 4.85e-05
2026-05-15 01:02:22,760  INFO  Epoch 1/1 | Step 60210/34883 | Loss 2.0825 | LR 4.84e-05
2026-05-15 01:02:27,721  INFO  Epoch 1/1 | Step 60220/34883 | Loss 1.9994 | LR 4.83e-05
2026-05-15 01:02:32,684  INFO  Epoch 1/1 | Step 60230/34883 | Loss 2.0794 | LR 4.82e-05
2026-05-15 01:02:37,650  INFO  Epoch 1/1 | Step 60240/34883 | Loss 1.8173 | LR 4.81e-05
2026-05-15 01:02:42,609  INFO  Epoch 1/1 | Step 60250/34883 | Loss 1.9520 | LR 4.80e-05
2026-05-15 01:02:47,569  INFO  Epoch 1/1 | Step 60260/34883 | Loss 1.9612 | LR 4.79e-05
2026-05-15 01:02:52,528  INFO  Epoch 1/1 | Step 60270/34883 | Loss 1.9945 | LR 4.78e-05
2026-05-15 01:02:57,484  INFO  Epoch 1/1 | Step 60280/34883 | Loss 2.0414 | LR 4.77e-05
2026-05-15 01:03:02,444  INFO  Epoch 1/1 | Step 60290/34883 | Loss 2.0596 | LR 4.76e-05
2026-05-15 01:03:07,403  INFO  Epoch 1/1 | Step 60300/34883 | Loss 2.0121 | LR 4.75e-05
2026-05-15 01:03:12,361  INFO  Epoch 1/1 | Step 60310/34883 | Loss 2.0680 | LR 4.74e-05
2026-05-15 01:03:17,321  INFO  Epoch 1/1 | Step 60320/34883 | Loss 1.9405 | LR 4.73e-05
2026-05-15 01:03:22,286  INFO  Epoch 1/1 | Step 60330/34883 | Loss 1.9903 | LR 4.72e-05
2026-05-15 01:03:27,248  INFO  Epoch 1/1 | Step 60340/34883 | Loss 2.0516 | LR 4.71e-05
2026-05-15 01:03:32,199  INFO  Epoch 1/1 | Step 60350/34883 | Loss 2.0791 | LR 4.70e-05
2026-05-15 01:03:37,180  INFO  Epoch 1/1 | Step 60360/34883 | Loss 2.1035 | LR 4.69e-05
2026-05-15 01:03:42,154  INFO  Epoch 1/1 | Step 60370/34883 | Loss 1.8669 | LR 4.68e-05
2026-05-15 01:03:47,122  INFO  Epoch 1/1 | Step 60380/34883 | Loss 1.8289 | LR 4.67e-05
2026-05-15 01:03:52,087  INFO  Epoch 1/1 | Step 60390/34883 | Loss 2.0641 | LR 4.66e-05
2026-05-15 01:03:57,063  INFO  Epoch 1/1 | Step 60400/34883 | Loss 2.1227 | LR 4.65e-05
2026-05-15 01:04:02,030  INFO  Epoch 1/1 | Step 60410/34883 | Loss 2.0312 | LR 4.64e-05
2026-05-15 01:04:06,994  INFO  Epoch 1/1 | Step 60420/34883 | Loss 1.9763 | LR 4.63e-05
2026-05-15 01:04:11,961  INFO  Epoch 1/1 | Step 60430/34883 | Loss 2.0662 | LR 4.62e-05
2026-05-15 01:04:16,933  INFO  Epoch 1/1 | Step 60440/34883 | Loss 1.8837 | LR 4.61e-05
2026-05-15 01:04:21,895  INFO  Epoch 1/1 | Step 60450/34883 | Loss 1.9886 | LR 4.60e-05
2026-05-15 01:04:26,849  INFO  Epoch 1/1 | Step 60460/34883 | Loss 1.9826 | LR 4.59e-05
2026-05-15 01:04:31,818  INFO  Epoch 1/1 | Step 60470/34883 | Loss 2.0099 | LR 4.58e-05
2026-05-15 01:04:36,785  INFO  Epoch 1/1 | Step 60480/34883 | Loss 2.0076 | LR 4.57e-05
2026-05-15 01:04:41,735  INFO  Epoch 1/1 | Step 60490/34883 | Loss 1.9942 | LR 4.56e-05
2026-05-15 01:04:46,690  INFO  Epoch 1/1 | Step 60500/34883 | Loss 2.1189 | LR 4.55e-05
2026-05-15 01:04:51,658  INFO  Epoch 1/1 | Step 60510/34883 | Loss 1.9919 | LR 4.55e-05
2026-05-15 01:04:56,623  INFO  Epoch 1/1 | Step 60520/34883 | Loss 1.9017 | LR 4.54e-05
2026-05-15 01:05:01,586  INFO  Epoch 1/1 | Step 60530/34883 | Loss 2.0993 | LR 4.53e-05
2026-05-15 01:05:06,552  INFO  Epoch 1/1 | Step 60540/34883 | Loss 1.9720 | LR 4.52e-05
2026-05-15 01:05:11,524  INFO  Epoch 1/1 | Step 60550/34883 | Loss 1.9504 | LR 4.51e-05
2026-05-15 01:05:16,498  INFO  Epoch 1/1 | Step 60560/34883 | Loss 2.0750 | LR 4.50e-05
2026-05-15 01:05:21,467  INFO  Epoch 1/1 | Step 60570/34883 | Loss 2.0237 | LR 4.49e-05
2026-05-15 01:05:26,425  INFO  Epoch 1/1 | Step 60580/34883 | Loss 1.9388 | LR 4.48e-05
2026-05-15 01:05:31,388  INFO  Epoch 1/1 | Step 60590/34883 | Loss 2.0476 | LR 4.47e-05
2026-05-15 01:05:36,367  INFO  Epoch 1/1 | Step 60600/34883 | Loss 2.0348 | LR 4.46e-05
2026-05-15 01:05:41,334  INFO  Epoch 1/1 | Step 60610/34883 | Loss 1.9945 | LR 4.45e-05
2026-05-15 01:05:46,311  INFO  Epoch 1/1 | Step 60620/34883 | Loss 2.0417 | LR 4.44e-05
2026-05-15 01:05:51,282  INFO  Epoch 1/1 | Step 60630/34883 | Loss 1.9556 | LR 4.43e-05
2026-05-15 01:05:56,248  INFO  Epoch 1/1 | Step 60640/34883 | Loss 2.0645 | LR 4.42e-05
2026-05-15 01:06:01,218  INFO  Epoch 1/1 | Step 60650/34883 | Loss 1.9937 | LR 4.41e-05
2026-05-15 01:06:06,184  INFO  Epoch 1/1 | Step 60660/34883 | Loss 2.0345 | LR 4.40e-05
2026-05-15 01:06:11,149  INFO  Epoch 1/1 | Step 60670/34883 | Loss 2.1017 | LR 4.39e-05
2026-05-15 01:06:16,122  INFO  Epoch 1/1 | Step 60680/34883 | Loss 1.9915 | LR 4.38e-05
2026-05-15 01:06:21,084  INFO  Epoch 1/1 | Step 60690/34883 | Loss 2.0437 | LR 4.37e-05
2026-05-15 01:06:26,074  INFO  Epoch 1/1 | Step 60700/34883 | Loss 2.0500 | LR 4.36e-05
2026-05-15 01:06:31,038  INFO  Epoch 1/1 | Step 60710/34883 | Loss 2.0066 | LR 4.35e-05
2026-05-15 01:06:36,004  INFO  Epoch 1/1 | Step 60720/34883 | Loss 2.1303 | LR 4.34e-05
2026-05-15 01:06:40,970  INFO  Epoch 1/1 | Step 60730/34883 | Loss 1.9607 | LR 4.33e-05
2026-05-15 01:06:45,935  INFO  Epoch 1/1 | Step 60740/34883 | Loss 2.0283 | LR 4.33e-05
2026-05-15 01:06:50,916  INFO  Epoch 1/1 | Step 60750/34883 | Loss 1.9628 | LR 4.32e-05
2026-05-15 01:06:55,887  INFO  Epoch 1/1 | Step 60760/34883 | Loss 2.1986 | LR 4.31e-05
2026-05-15 01:07:00,857  INFO  Epoch 1/1 | Step 60770/34883 | Loss 2.1209 | LR 4.30e-05
2026-05-15 01:07:05,830  INFO  Epoch 1/1 | Step 60780/34883 | Loss 2.0241 | LR 4.29e-05
2026-05-15 01:07:10,800  INFO  Epoch 1/1 | Step 60790/34883 | Loss 1.9412 | LR 4.28e-05
2026-05-15 01:07:15,769  INFO  Epoch 1/1 | Step 60800/34883 | Loss 2.0660 | LR 4.27e-05
2026-05-15 01:07:20,740  INFO  Epoch 1/1 | Step 60810/34883 | Loss 1.9416 | LR 4.26e-05
2026-05-15 01:07:25,718  INFO  Epoch 1/1 | Step 60820/34883 | Loss 1.9978 | LR 4.25e-05
2026-05-15 01:07:30,682  INFO  Epoch 1/1 | Step 60830/34883 | Loss 2.0863 | LR 4.24e-05
2026-05-15 01:07:35,645  INFO  Epoch 1/1 | Step 60840/34883 | Loss 2.1664 | LR 4.23e-05
2026-05-15 01:07:40,612  INFO  Epoch 1/1 | Step 60850/34883 | Loss 2.0409 | LR 4.22e-05
2026-05-15 01:07:45,586  INFO  Epoch 1/1 | Step 60860/34883 | Loss 2.1207 | LR 4.21e-05
2026-05-15 01:07:50,557  INFO  Epoch 1/1 | Step 60870/34883 | Loss 2.1573 | LR 4.20e-05
2026-05-15 01:07:55,515  INFO  Epoch 1/1 | Step 60880/34883 | Loss 2.1250 | LR 4.19e-05
2026-05-15 01:08:00,487  INFO  Epoch 1/1 | Step 60890/34883 | Loss 1.9616 | LR 4.18e-05
2026-05-15 01:08:05,460  INFO  Epoch 1/1 | Step 60900/34883 | Loss 1.9173 | LR 4.18e-05
2026-05-15 01:08:10,416  INFO  Epoch 1/1 | Step 60910/34883 | Loss 1.9224 | LR 4.17e-05
2026-05-15 01:08:15,383  INFO  Epoch 1/1 | Step 60920/34883 | Loss 1.9804 | LR 4.16e-05
2026-05-15 01:08:20,348  INFO  Epoch 1/1 | Step 60930/34883 | Loss 2.0143 | LR 4.15e-05
2026-05-15 01:08:25,308  INFO  Epoch 1/1 | Step 60940/34883 | Loss 1.9551 | LR 4.14e-05
2026-05-15 01:08:30,266  INFO  Epoch 1/1 | Step 60950/34883 | Loss 2.1225 | LR 4.13e-05
2026-05-15 01:08:35,249  INFO  Epoch 1/1 | Step 60960/34883 | Loss 1.8941 | LR 4.12e-05
2026-05-15 01:08:40,234  INFO  Epoch 1/1 | Step 60970/34883 | Loss 1.9626 | LR 4.11e-05
2026-05-15 01:08:45,199  INFO  Epoch 1/1 | Step 60980/34883 | Loss 2.0883 | LR 4.10e-05
2026-05-15 01:08:50,155  INFO  Epoch 1/1 | Step 60990/34883 | Loss 2.0895 | LR 4.09e-05
2026-05-15 01:08:55,123  INFO  Epoch 1/1 | Step 61000/34883 | Loss 2.0958 | LR 4.08e-05
2026-05-15 01:09:00,087  INFO  Epoch 1/1 | Step 61010/34883 | Loss 1.8786 | LR 4.07e-05
2026-05-15 01:09:05,053  INFO  Epoch 1/1 | Step 61020/34883 | Loss 2.1325 | LR 4.06e-05
2026-05-15 01:09:10,022  INFO  Epoch 1/1 | Step 61030/34883 | Loss 1.8740 | LR 4.06e-05
2026-05-15 01:09:14,975  INFO  Epoch 1/1 | Step 61040/34883 | Loss 2.2347 | LR 4.05e-05
2026-05-15 01:09:19,937  INFO  Epoch 1/1 | Step 61050/34883 | Loss 2.0706 | LR 4.04e-05
2026-05-15 01:09:24,886  INFO  Epoch 1/1 | Step 61060/34883 | Loss 1.9529 | LR 4.03e-05
2026-05-15 01:09:29,844  INFO  Epoch 1/1 | Step 61070/34883 | Loss 1.9652 | LR 4.02e-05
2026-05-15 01:09:34,800  INFO  Epoch 1/1 | Step 61080/34883 | Loss 2.0884 | LR 4.01e-05
2026-05-15 01:09:39,751  INFO  Epoch 1/1 | Step 61090/34883 | Loss 2.0180 | LR 4.00e-05
2026-05-15 01:09:44,705  INFO  Epoch 1/1 | Step 61100/34883 | Loss 2.0762 | LR 3.99e-05
2026-05-15 01:09:49,674  INFO  Epoch 1/1 | Step 61110/34883 | Loss 2.1588 | LR 3.98e-05
2026-05-15 01:09:54,631  INFO  Epoch 1/1 | Step 61120/34883 | Loss 1.9614 | LR 3.97e-05
2026-05-15 01:09:59,596  INFO  Epoch 1/1 | Step 61130/34883 | Loss 2.0718 | LR 3.96e-05
2026-05-15 01:10:04,551  INFO  Epoch 1/1 | Step 61140/34883 | Loss 2.0152 | LR 3.96e-05
2026-05-15 01:10:09,508  INFO  Epoch 1/1 | Step 61150/34883 | Loss 2.1568 | LR 3.95e-05
2026-05-15 01:10:14,471  INFO  Epoch 1/1 | Step 61160/34883 | Loss 2.0298 | LR 3.94e-05
2026-05-15 01:10:19,440  INFO  Epoch 1/1 | Step 61170/34883 | Loss 1.8775 | LR 3.93e-05
2026-05-15 01:10:24,391  INFO  Epoch 1/1 | Step 61180/34883 | Loss 1.8797 | LR 3.92e-05
2026-05-15 01:10:29,350  INFO  Epoch 1/1 | Step 61190/34883 | Loss 2.0097 | LR 3.91e-05
2026-05-15 01:10:34,305  INFO  Epoch 1/1 | Step 61200/34883 | Loss 2.0232 | LR 3.90e-05
2026-05-15 01:10:39,272  INFO  Epoch 1/1 | Step 61210/34883 | Loss 2.0341 | LR 3.89e-05
2026-05-15 01:10:44,232  INFO  Epoch 1/1 | Step 61220/34883 | Loss 2.0667 | LR 3.88e-05
2026-05-15 01:10:49,184  INFO  Epoch 1/1 | Step 61230/34883 | Loss 1.9267 | LR 3.87e-05
2026-05-15 01:10:54,158  INFO  Epoch 1/1 | Step 61240/34883 | Loss 2.0288 | LR 3.87e-05
2026-05-15 01:10:59,133  INFO  Epoch 1/1 | Step 61250/34883 | Loss 1.9280 | LR 3.86e-05
2026-05-15 01:11:04,099  INFO  Epoch 1/1 | Step 61260/34883 | Loss 1.9454 | LR 3.85e-05
2026-05-15 01:11:09,063  INFO  Epoch 1/1 | Step 61270/34883 | Loss 1.9925 | LR 3.84e-05
2026-05-15 01:11:14,018  INFO  Epoch 1/1 | Step 61280/34883 | Loss 2.0882 | LR 3.83e-05
2026-05-15 01:11:18,978  INFO  Epoch 1/1 | Step 61290/34883 | Loss 1.8860 | LR 3.82e-05
2026-05-15 01:11:23,944  INFO  Epoch 1/1 | Step 61300/34883 | Loss 2.0855 | LR 3.81e-05
2026-05-15 01:11:28,909  INFO  Epoch 1/1 | Step 61310/34883 | Loss 2.1649 | LR 3.80e-05
2026-05-15 01:11:33,869  INFO  Epoch 1/1 | Step 61320/34883 | Loss 2.0463 | LR 3.79e-05
2026-05-15 01:11:38,824  INFO  Epoch 1/1 | Step 61330/34883 | Loss 2.0152 | LR 3.79e-05
2026-05-15 01:11:43,791  INFO  Epoch 1/1 | Step 61340/34883 | Loss 1.9641 | LR 3.78e-05
2026-05-15 01:11:48,750  INFO  Epoch 1/1 | Step 61350/34883 | Loss 1.9304 | LR 3.77e-05
2026-05-15 01:11:53,709  INFO  Epoch 1/1 | Step 61360/34883 | Loss 1.9084 | LR 3.76e-05
2026-05-15 01:11:58,661  INFO  Epoch 1/1 | Step 61370/34883 | Loss 1.9491 | LR 3.75e-05
2026-05-15 01:12:03,620  INFO  Epoch 1/1 | Step 61380/34883 | Loss 2.1239 | LR 3.74e-05
2026-05-15 01:12:08,580  INFO  Epoch 1/1 | Step 61390/34883 | Loss 2.1019 | LR 3.73e-05
2026-05-15 01:12:13,536  INFO  Epoch 1/1 | Step 61400/34883 | Loss 2.0715 | LR 3.72e-05
2026-05-15 01:12:18,501  INFO  Epoch 1/1 | Step 61410/34883 | Loss 2.0352 | LR 3.71e-05
2026-05-15 01:12:23,456  INFO  Epoch 1/1 | Step 61420/34883 | Loss 1.8684 | LR 3.71e-05
2026-05-15 01:12:28,411  INFO  Epoch 1/1 | Step 61430/34883 | Loss 2.0610 | LR 3.70e-05
2026-05-15 01:12:33,365  INFO  Epoch 1/1 | Step 61440/34883 | Loss 1.8458 | LR 3.69e-05
2026-05-15 01:12:38,313  INFO  Epoch 1/1 | Step 61450/34883 | Loss 1.8704 | LR 3.68e-05
2026-05-15 01:12:43,270  INFO  Epoch 1/1 | Step 61460/34883 | Loss 2.1845 | LR 3.67e-05
2026-05-15 01:12:48,224  INFO  Epoch 1/1 | Step 61470/34883 | Loss 2.0392 | LR 3.66e-05
2026-05-15 01:12:53,176  INFO  Epoch 1/1 | Step 61480/34883 | Loss 1.9125 | LR 3.65e-05
2026-05-15 01:12:58,123  INFO  Epoch 1/1 | Step 61490/34883 | Loss 1.9830 | LR 3.64e-05
2026-05-15 01:13:03,083  INFO  Epoch 1/1 | Step 61500/34883 | Loss 1.8168 | LR 3.64e-05
2026-05-15 01:13:08,036  INFO  Epoch 1/1 | Step 61510/34883 | Loss 1.9349 | LR 3.63e-05
2026-05-15 01:13:12,991  INFO  Epoch 1/1 | Step 61520/34883 | Loss 2.0474 | LR 3.62e-05
2026-05-15 01:13:17,951  INFO  Epoch 1/1 | Step 61530/34883 | Loss 2.0100 | LR 3.61e-05
2026-05-15 01:13:22,910  INFO  Epoch 1/1 | Step 61540/34883 | Loss 2.0156 | LR 3.60e-05
2026-05-15 01:13:27,866  INFO  Epoch 1/1 | Step 61550/34883 | Loss 1.8729 | LR 3.59e-05
2026-05-15 01:13:32,829  INFO  Epoch 1/1 | Step 61560/34883 | Loss 2.0682 | LR 3.58e-05
2026-05-15 01:13:37,788  INFO  Epoch 1/1 | Step 61570/34883 | Loss 1.9233 | LR 3.58e-05
2026-05-15 01:13:42,751  INFO  Epoch 1/1 | Step 61580/34883 | Loss 2.0124 | LR 3.57e-05
2026-05-15 01:13:47,710  INFO  Epoch 1/1 | Step 61590/34883 | Loss 1.9374 | LR 3.56e-05
2026-05-15 01:13:52,666  INFO  Epoch 1/1 | Step 61600/34883 | Loss 1.8574 | LR 3.55e-05
2026-05-15 01:13:57,613  INFO  Epoch 1/1 | Step 61610/34883 | Loss 1.8516 | LR 3.54e-05
2026-05-15 01:14:02,569  INFO  Epoch 1/1 | Step 61620/34883 | Loss 2.0364 | LR 3.53e-05
2026-05-15 01:14:07,536  INFO  Epoch 1/1 | Step 61630/34883 | Loss 1.9840 | LR 3.52e-05
2026-05-15 01:14:12,504  INFO  Epoch 1/1 | Step 61640/34883 | Loss 1.9825 | LR 3.52e-05
2026-05-15 01:14:17,471  INFO  Epoch 1/1 | Step 61650/34883 | Loss 1.9441 | LR 3.51e-05
2026-05-15 01:14:22,443  INFO  Epoch 1/1 | Step 61660/34883 | Loss 2.0058 | LR 3.50e-05
2026-05-15 01:14:27,404  INFO  Epoch 1/1 | Step 61670/34883 | Loss 2.1580 | LR 3.49e-05
2026-05-15 01:14:32,371  INFO  Epoch 1/1 | Step 61680/34883 | Loss 2.1265 | LR 3.48e-05
2026-05-15 01:14:37,334  INFO  Epoch 1/1 | Step 61690/34883 | Loss 1.8990 | LR 3.47e-05
2026-05-15 01:14:42,301  INFO  Epoch 1/1 | Step 61700/34883 | Loss 2.0460 | LR 3.46e-05
2026-05-15 01:14:47,270  INFO  Epoch 1/1 | Step 61710/34883 | Loss 1.8334 | LR 3.46e-05
2026-05-15 01:14:52,239  INFO  Epoch 1/1 | Step 61720/34883 | Loss 2.0296 | LR 3.45e-05
2026-05-15 01:14:57,204  INFO  Epoch 1/1 | Step 61730/34883 | Loss 1.9289 | LR 3.44e-05
2026-05-15 01:15:02,184  INFO  Epoch 1/1 | Step 61740/34883 | Loss 1.8519 | LR 3.43e-05
2026-05-15 01:15:07,160  INFO  Epoch 1/1 | Step 61750/34883 | Loss 2.0197 | LR 3.42e-05
2026-05-15 01:15:12,141  INFO  Epoch 1/1 | Step 61760/34883 | Loss 1.7443 | LR 3.41e-05
2026-05-15 01:15:17,114  INFO  Epoch 1/1 | Step 61770/34883 | Loss 1.8285 | LR 3.41e-05
2026-05-15 01:15:22,092  INFO  Epoch 1/1 | Step 61780/34883 | Loss 2.0019 | LR 3.40e-05
2026-05-15 01:15:27,064  INFO  Epoch 1/1 | Step 61790/34883 | Loss 2.2781 | LR 3.39e-05
2026-05-15 01:15:32,028  INFO  Epoch 1/1 | Step 61800/34883 | Loss 2.0107 | LR 3.38e-05
2026-05-15 01:15:36,993  INFO  Epoch 1/1 | Step 61810/34883 | Loss 2.1001 | LR 3.37e-05
2026-05-15 01:15:41,966  INFO  Epoch 1/1 | Step 61820/34883 | Loss 1.9755 | LR 3.36e-05
2026-05-15 01:15:46,942  INFO  Epoch 1/1 | Step 61830/34883 | Loss 1.8159 | LR 3.35e-05
2026-05-15 01:15:51,904  INFO  Epoch 1/1 | Step 61840/34883 | Loss 1.9119 | LR 3.35e-05
2026-05-15 01:15:56,863  INFO  Epoch 1/1 | Step 61850/34883 | Loss 1.9257 | LR 3.34e-05
2026-05-15 01:16:01,851  INFO  Epoch 1/1 | Step 61860/34883 | Loss 2.0441 | LR 3.33e-05
2026-05-15 01:16:06,834  INFO  Epoch 1/1 | Step 61870/34883 | Loss 1.8978 | LR 3.32e-05
2026-05-15 01:16:11,817  INFO  Epoch 1/1 | Step 61880/34883 | Loss 2.0244 | LR 3.31e-05
2026-05-15 01:16:16,812  INFO  Epoch 1/1 | Step 61890/34883 | Loss 1.8993 | LR 3.30e-05
2026-05-15 01:16:21,794  INFO  Epoch 1/1 | Step 61900/34883 | Loss 2.0148 | LR 3.30e-05
2026-05-15 01:16:26,770  INFO  Epoch 1/1 | Step 61910/34883 | Loss 2.0123 | LR 3.29e-05
2026-05-15 01:16:31,755  INFO  Epoch 1/1 | Step 61920/34883 | Loss 1.9353 | LR 3.28e-05
2026-05-15 01:16:36,732  INFO  Epoch 1/1 | Step 61930/34883 | Loss 1.9281 | LR 3.27e-05
2026-05-15 01:16:41,717  INFO  Epoch 1/1 | Step 61940/34883 | Loss 2.1056 | LR 3.26e-05
2026-05-15 01:16:46,703  INFO  Epoch 1/1 | Step 61950/34883 | Loss 1.8616 | LR 3.26e-05
2026-05-15 01:16:51,687  INFO  Epoch 1/1 | Step 61960/34883 | Loss 2.0661 | LR 3.25e-05
2026-05-15 01:16:56,656  INFO  Epoch 1/1 | Step 61970/34883 | Loss 1.9162 | LR 3.24e-05
2026-05-15 01:17:01,626  INFO  Epoch 1/1 | Step 61980/34883 | Loss 2.0144 | LR 3.23e-05
2026-05-15 01:17:06,600  INFO  Epoch 1/1 | Step 61990/34883 | Loss 2.0764 | LR 3.22e-05
2026-05-15 01:17:11,570  INFO  Epoch 1/1 | Step 62000/34883 | Loss 1.9561 | LR 3.21e-05
2026-05-15 01:17:16,556  INFO  Epoch 1/1 | Step 62010/34883 | Loss 2.0356 | LR 3.21e-05
2026-05-15 01:17:21,529  INFO  Epoch 1/1 | Step 62020/34883 | Loss 1.8692 | LR 3.20e-05
2026-05-15 01:17:26,497  INFO  Epoch 1/1 | Step 62030/34883 | Loss 1.9469 | LR 3.19e-05
2026-05-15 01:17:31,472  INFO  Epoch 1/1 | Step 62040/34883 | Loss 2.0047 | LR 3.18e-05
2026-05-15 01:17:36,432  INFO  Epoch 1/1 | Step 62050/34883 | Loss 2.0501 | LR 3.17e-05
2026-05-15 01:17:41,403  INFO  Epoch 1/1 | Step 62060/34883 | Loss 1.9847 | LR 3.17e-05
2026-05-15 01:17:46,375  INFO  Epoch 1/1 | Step 62070/34883 | Loss 1.9876 | LR 3.16e-05
2026-05-15 01:17:51,345  INFO  Epoch 1/1 | Step 62080/34883 | Loss 1.8084 | LR 3.15e-05
2026-05-15 01:17:56,321  INFO  Epoch 1/1 | Step 62090/34883 | Loss 1.9065 | LR 3.14e-05
2026-05-15 01:18:01,286  INFO  Epoch 1/1 | Step 62100/34883 | Loss 1.8259 | LR 3.13e-05
2026-05-15 01:18:06,247  INFO  Epoch 1/1 | Step 62110/34883 | Loss 1.9483 | LR 3.12e-05
2026-05-15 01:18:11,222  INFO  Epoch 1/1 | Step 62120/34883 | Loss 2.0952 | LR 3.12e-05
2026-05-15 01:18:16,178  INFO  Epoch 1/1 | Step 62130/34883 | Loss 1.9283 | LR 3.11e-05
2026-05-15 01:18:21,139  INFO  Epoch 1/1 | Step 62140/34883 | Loss 2.0469 | LR 3.10e-05
2026-05-15 01:18:26,108  INFO  Epoch 1/1 | Step 62150/34883 | Loss 2.0644 | LR 3.09e-05
2026-05-15 01:18:31,079  INFO  Epoch 1/1 | Step 62160/34883 | Loss 1.9651 | LR 3.08e-05
2026-05-15 01:18:36,044  INFO  Epoch 1/1 | Step 62170/34883 | Loss 1.9134 | LR 3.08e-05
2026-05-15 01:18:41,016  INFO  Epoch 1/1 | Step 62180/34883 | Loss 1.9798 | LR 3.07e-05
2026-05-15 01:18:45,985  INFO  Epoch 1/1 | Step 62190/34883 | Loss 1.9634 | LR 3.06e-05
2026-05-15 01:18:50,956  INFO  Epoch 1/1 | Step 62200/34883 | Loss 2.2186 | LR 3.05e-05
2026-05-15 01:18:55,924  INFO  Epoch 1/1 | Step 62210/34883 | Loss 2.1728 | LR 3.04e-05
2026-05-15 01:19:00,892  INFO  Epoch 1/1 | Step 62220/34883 | Loss 2.0113 | LR 3.04e-05
2026-05-15 01:19:05,871  INFO  Epoch 1/1 | Step 62230/34883 | Loss 1.7859 | LR 3.03e-05
2026-05-15 01:19:10,838  INFO  Epoch 1/1 | Step 62240/34883 | Loss 2.1224 | LR 3.02e-05
2026-05-15 01:19:15,817  INFO  Epoch 1/1 | Step 62250/34883 | Loss 1.8860 | LR 3.01e-05
2026-05-15 01:19:20,787  INFO  Epoch 1/1 | Step 62260/34883 | Loss 2.1745 | LR 3.00e-05
2026-05-15 01:19:25,761  INFO  Epoch 1/1 | Step 62270/34883 | Loss 1.9623 | LR 3.00e-05
2026-05-15 01:19:30,713  INFO  Epoch 1/1 | Step 62280/34883 | Loss 1.9876 | LR 2.99e-05
2026-05-15 01:19:35,674  INFO  Epoch 1/1 | Step 62290/34883 | Loss 2.0413 | LR 2.98e-05
2026-05-15 01:19:40,637  INFO  Epoch 1/1 | Step 62300/34883 | Loss 2.1131 | LR 2.97e-05
2026-05-15 01:19:45,596  INFO  Epoch 1/1 | Step 62310/34883 | Loss 1.9864 | LR 2.97e-05
2026-05-15 01:19:50,556  INFO  Epoch 1/1 | Step 62320/34883 | Loss 1.9046 | LR 2.96e-05
2026-05-15 01:19:55,524  INFO  Epoch 1/1 | Step 62330/34883 | Loss 1.8714 | LR 2.95e-05
2026-05-15 01:20:00,484  INFO  Epoch 1/1 | Step 62340/34883 | Loss 1.9126 | LR 2.94e-05
2026-05-15 01:20:05,436  INFO  Epoch 1/1 | Step 62350/34883 | Loss 2.1261 | LR 2.93e-05
2026-05-15 01:20:10,389  INFO  Epoch 1/1 | Step 62360/34883 | Loss 2.1008 | LR 2.93e-05
2026-05-15 01:20:15,353  INFO  Epoch 1/1 | Step 62370/34883 | Loss 2.0819 | LR 2.92e-05
2026-05-15 01:20:20,317  INFO  Epoch 1/1 | Step 62380/34883 | Loss 2.0276 | LR 2.91e-05
2026-05-15 01:20:25,281  INFO  Epoch 1/1 | Step 62390/34883 | Loss 1.8923 | LR 2.90e-05
2026-05-15 01:20:30,242  INFO  Epoch 1/1 | Step 62400/34883 | Loss 1.9793 | LR 2.89e-05
2026-05-15 01:20:35,212  INFO  Epoch 1/1 | Step 62410/34883 | Loss 2.1619 | LR 2.89e-05
2026-05-15 01:20:40,179  INFO  Epoch 1/1 | Step 62420/34883 | Loss 1.8913 | LR 2.88e-05
2026-05-15 01:20:45,151  INFO  Epoch 1/1 | Step 62430/34883 | Loss 1.9371 | LR 2.87e-05
2026-05-15 01:20:50,123  INFO  Epoch 1/1 | Step 62440/34883 | Loss 1.8996 | LR 2.86e-05
2026-05-15 01:20:55,096  INFO  Epoch 1/1 | Step 62450/34883 | Loss 1.9192 | LR 2.86e-05
2026-05-15 01:21:00,062  INFO  Epoch 1/1 | Step 62460/34883 | Loss 2.1071 | LR 2.85e-05
2026-05-15 01:21:05,029  INFO  Epoch 1/1 | Step 62470/34883 | Loss 2.0199 | LR 2.84e-05
2026-05-15 01:21:10,004  INFO  Epoch 1/1 | Step 62480/34883 | Loss 1.9236 | LR 2.83e-05
2026-05-15 01:21:14,971  INFO  Epoch 1/1 | Step 62490/34883 | Loss 2.0109 | LR 2.83e-05
2026-05-15 01:21:19,930  INFO  Epoch 1/1 | Step 62500/34883 | Loss 1.9283 | LR 2.82e-05
2026-05-15 01:21:24,898  INFO  Epoch 1/1 | Step 62510/34883 | Loss 2.2654 | LR 2.81e-05
2026-05-15 01:21:29,860  INFO  Epoch 1/1 | Step 62520/34883 | Loss 2.0586 | LR 2.80e-05
2026-05-15 01:21:34,819  INFO  Epoch 1/1 | Step 62530/34883 | Loss 2.0259 | LR 2.79e-05
2026-05-15 01:21:39,785  INFO  Epoch 1/1 | Step 62540/34883 | Loss 1.9952 | LR 2.79e-05
2026-05-15 01:21:44,754  INFO  Epoch 1/1 | Step 62550/34883 | Loss 2.1110 | LR 2.78e-05
2026-05-15 01:21:49,709  INFO  Epoch 1/1 | Step 62560/34883 | Loss 2.1189 | LR 2.77e-05
2026-05-15 01:21:54,686  INFO  Epoch 1/1 | Step 62570/34883 | Loss 2.0790 | LR 2.76e-05
2026-05-15 01:21:59,650  INFO  Epoch 1/1 | Step 62580/34883 | Loss 2.0335 | LR 2.76e-05
2026-05-15 01:22:04,614  INFO  Epoch 1/1 | Step 62590/34883 | Loss 1.8483 | LR 2.75e-05
2026-05-15 01:22:09,588  INFO  Epoch 1/1 | Step 62600/34883 | Loss 2.0591 | LR 2.74e-05
2026-05-15 01:22:14,550  INFO  Epoch 1/1 | Step 62610/34883 | Loss 2.0716 | LR 2.73e-05
2026-05-15 01:22:19,523  INFO  Epoch 1/1 | Step 62620/34883 | Loss 1.9506 | LR 2.73e-05
2026-05-15 01:22:24,499  INFO  Epoch 1/1 | Step 62630/34883 | Loss 1.9602 | LR 2.72e-05
2026-05-15 01:22:29,481  INFO  Epoch 1/1 | Step 62640/34883 | Loss 1.9009 | LR 2.71e-05
2026-05-15 01:22:34,453  INFO  Epoch 1/1 | Step 62650/34883 | Loss 2.0972 | LR 2.70e-05
2026-05-15 01:22:39,421  INFO  Epoch 1/1 | Step 62660/34883 | Loss 2.0808 | LR 2.70e-05
2026-05-15 01:22:44,392  INFO  Epoch 1/1 | Step 62670/34883 | Loss 1.9062 | LR 2.69e-05
2026-05-15 01:22:49,359  INFO  Epoch 1/1 | Step 62680/34883 | Loss 2.1844 | LR 2.68e-05
2026-05-15 01:22:54,332  INFO  Epoch 1/1 | Step 62690/34883 | Loss 1.9931 | LR 2.67e-05
2026-05-15 01:22:59,308  INFO  Epoch 1/1 | Step 62700/34883 | Loss 2.1209 | LR 2.67e-05
2026-05-15 01:23:04,293  INFO  Epoch 1/1 | Step 62710/34883 | Loss 1.9920 | LR 2.66e-05
2026-05-15 01:23:09,286  INFO  Epoch 1/1 | Step 62720/34883 | Loss 1.9192 | LR 2.65e-05
2026-05-15 01:23:14,265  INFO  Epoch 1/1 | Step 62730/34883 | Loss 2.1266 | LR 2.64e-05
2026-05-15 01:23:19,247  INFO  Epoch 1/1 | Step 62740/34883 | Loss 1.9692 | LR 2.64e-05
2026-05-15 01:23:24,235  INFO  Epoch 1/1 | Step 62750/34883 | Loss 2.1113 | LR 2.63e-05
2026-05-15 01:23:29,220  INFO  Epoch 1/1 | Step 62760/34883 | Loss 2.2001 | LR 2.62e-05
2026-05-15 01:23:34,188  INFO  Epoch 1/1 | Step 62770/34883 | Loss 2.1165 | LR 2.61e-05
2026-05-15 01:23:39,173  INFO  Epoch 1/1 | Step 62780/34883 | Loss 2.0119 | LR 2.61e-05
2026-05-15 01:23:44,141  INFO  Epoch 1/1 | Step 62790/34883 | Loss 1.9537 | LR 2.60e-05
2026-05-15 01:23:49,117  INFO  Epoch 1/1 | Step 62800/34883 | Loss 1.9482 | LR 2.59e-05
2026-05-15 01:23:54,090  INFO  Epoch 1/1 | Step 62810/34883 | Loss 1.8318 | LR 2.58e-05
2026-05-15 01:23:59,065  INFO  Epoch 1/1 | Step 62820/34883 | Loss 2.2622 | LR 2.58e-05
2026-05-15 01:24:04,031  INFO  Epoch 1/1 | Step 62830/34883 | Loss 1.9925 | LR 2.57e-05
2026-05-15 01:24:08,994  INFO  Epoch 1/1 | Step 62840/34883 | Loss 2.0526 | LR 2.56e-05
2026-05-15 01:24:13,958  INFO  Epoch 1/1 | Step 62850/34883 | Loss 1.9088 | LR 2.55e-05
2026-05-15 01:24:18,943  INFO  Epoch 1/1 | Step 62860/34883 | Loss 1.8963 | LR 2.55e-05
2026-05-15 01:24:23,921  INFO  Epoch 1/1 | Step 62870/34883 | Loss 1.9998 | LR 2.54e-05
2026-05-15 01:24:28,888  INFO  Epoch 1/1 | Step 62880/34883 | Loss 1.8478 | LR 2.53e-05
2026-05-15 01:24:33,845  INFO  Epoch 1/1 | Step 62890/34883 | Loss 2.0480 | LR 2.53e-05
2026-05-15 01:24:38,805  INFO  Epoch 1/1 | Step 62900/34883 | Loss 2.1232 | LR 2.52e-05
2026-05-15 01:24:43,784  INFO  Epoch 1/1 | Step 62910/34883 | Loss 1.7457 | LR 2.51e-05
2026-05-15 01:24:48,751  INFO  Epoch 1/1 | Step 62920/34883 | Loss 1.9574 | LR 2.50e-05
2026-05-15 01:24:53,715  INFO  Epoch 1/1 | Step 62930/34883 | Loss 2.0423 | LR 2.50e-05
2026-05-15 01:24:58,696  INFO  Epoch 1/1 | Step 62940/34883 | Loss 1.9199 | LR 2.49e-05
2026-05-15 01:25:03,672  INFO  Epoch 1/1 | Step 62950/34883 | Loss 2.2392 | LR 2.48e-05
2026-05-15 01:25:08,648  INFO  Epoch 1/1 | Step 62960/34883 | Loss 2.0650 | LR 2.47e-05
2026-05-15 01:25:13,613  INFO  Epoch 1/1 | Step 62970/34883 | Loss 2.1139 | LR 2.47e-05
2026-05-15 01:25:18,586  INFO  Epoch 1/1 | Step 62980/34883 | Loss 1.9130 | LR 2.46e-05
2026-05-15 01:25:23,550  INFO  Epoch 1/1 | Step 62990/34883 | Loss 2.0297 | LR 2.45e-05
2026-05-15 01:25:28,522  INFO  Epoch 1/1 | Step 63000/34883 | Loss 1.9808 | LR 2.45e-05
2026-05-15 01:25:33,482  INFO  Epoch 1/1 | Step 63010/34883 | Loss 2.0032 | LR 2.44e-05
2026-05-15 01:25:38,447  INFO  Epoch 1/1 | Step 63020/34883 | Loss 1.9911 | LR 2.43e-05
2026-05-15 01:25:43,415  INFO  Epoch 1/1 | Step 63030/34883 | Loss 2.0197 | LR 2.42e-05
2026-05-15 01:25:48,376  INFO  Epoch 1/1 | Step 63040/34883 | Loss 1.9559 | LR 2.42e-05
2026-05-15 01:25:53,335  INFO  Epoch 1/1 | Step 63050/34883 | Loss 2.0381 | LR 2.41e-05
2026-05-15 01:25:58,299  INFO  Epoch 1/1 | Step 63060/34883 | Loss 1.9874 | LR 2.40e-05
2026-05-15 01:26:03,267  INFO  Epoch 1/1 | Step 63070/34883 | Loss 1.9482 | LR 2.40e-05
2026-05-15 01:26:08,234  INFO  Epoch 1/1 | Step 63080/34883 | Loss 1.9613 | LR 2.39e-05
2026-05-15 01:26:13,199  INFO  Epoch 1/1 | Step 63090/34883 | Loss 2.0635 | LR 2.38e-05
2026-05-15 01:26:18,160  INFO  Epoch 1/1 | Step 63100/34883 | Loss 1.9983 | LR 2.37e-05
2026-05-15 01:26:23,126  INFO  Epoch 1/1 | Step 63110/34883 | Loss 1.8220 | LR 2.37e-05
2026-05-15 01:26:28,092  INFO  Epoch 1/1 | Step 63120/34883 | Loss 1.8676 | LR 2.36e-05
2026-05-15 01:26:33,049  INFO  Epoch 1/1 | Step 63130/34883 | Loss 2.1025 | LR 2.35e-05
2026-05-15 01:26:38,020  INFO  Epoch 1/1 | Step 63140/34883 | Loss 2.0107 | LR 2.35e-05
2026-05-15 01:26:42,981  INFO  Epoch 1/1 | Step 63150/34883 | Loss 2.1430 | LR 2.34e-05
2026-05-15 01:26:47,941  INFO  Epoch 1/1 | Step 63160/34883 | Loss 2.1227 | LR 2.33e-05
2026-05-15 01:26:52,906  INFO  Epoch 1/1 | Step 63170/34883 | Loss 2.0356 | LR 2.33e-05
2026-05-15 01:26:57,879  INFO  Epoch 1/1 | Step 63180/34883 | Loss 1.9825 | LR 2.32e-05
2026-05-15 01:27:02,853  INFO  Epoch 1/1 | Step 63190/34883 | Loss 1.9962 | LR 2.31e-05
2026-05-15 01:27:07,819  INFO  Epoch 1/1 | Step 63200/34883 | Loss 2.0214 | LR 2.30e-05
2026-05-15 01:27:12,790  INFO  Epoch 1/1 | Step 63210/34883 | Loss 2.0269 | LR 2.30e-05
2026-05-15 01:27:17,758  INFO  Epoch 1/1 | Step 63220/34883 | Loss 2.0493 | LR 2.29e-05
2026-05-15 01:27:22,727  INFO  Epoch 1/1 | Step 63230/34883 | Loss 2.0863 | LR 2.28e-05
2026-05-15 01:27:27,691  INFO  Epoch 1/1 | Step 63240/34883 | Loss 1.9989 | LR 2.28e-05
2026-05-15 01:27:32,660  INFO  Epoch 1/1 | Step 63250/34883 | Loss 1.9589 | LR 2.27e-05
2026-05-15 01:27:37,636  INFO  Epoch 1/1 | Step 63260/34883 | Loss 2.0260 | LR 2.26e-05
2026-05-15 01:27:42,609  INFO  Epoch 1/1 | Step 63270/34883 | Loss 1.9972 | LR 2.26e-05
2026-05-15 01:27:47,577  INFO  Epoch 1/1 | Step 63280/34883 | Loss 2.0160 | LR 2.25e-05
2026-05-15 01:27:52,550  INFO  Epoch 1/1 | Step 63290/34883 | Loss 1.9678 | LR 2.24e-05
2026-05-15 01:27:57,516  INFO  Epoch 1/1 | Step 63300/34883 | Loss 2.0824 | LR 2.24e-05
2026-05-15 01:28:02,479  INFO  Epoch 1/1 | Step 63310/34883 | Loss 2.0876 | LR 2.23e-05
2026-05-15 01:28:07,443  INFO  Epoch 1/1 | Step 63320/34883 | Loss 2.0259 | LR 2.22e-05
2026-05-15 01:28:12,402  INFO  Epoch 1/1 | Step 63330/34883 | Loss 1.9308 | LR 2.22e-05
2026-05-15 01:28:17,375  INFO  Epoch 1/1 | Step 63340/34883 | Loss 2.0229 | LR 2.21e-05
2026-05-15 01:28:22,349  INFO  Epoch 1/1 | Step 63350/34883 | Loss 1.8512 | LR 2.20e-05
2026-05-15 01:28:27,314  INFO  Epoch 1/1 | Step 63360/34883 | Loss 1.9893 | LR 2.19e-05
2026-05-15 01:28:32,283  INFO  Epoch 1/1 | Step 63370/34883 | Loss 1.9868 | LR 2.19e-05
2026-05-15 01:28:37,249  INFO  Epoch 1/1 | Step 63380/34883 | Loss 2.0991 | LR 2.18e-05
2026-05-15 01:28:42,224  INFO  Epoch 1/1 | Step 63390/34883 | Loss 2.0008 | LR 2.17e-05
2026-05-15 01:28:47,186  INFO  Epoch 1/1 | Step 63400/34883 | Loss 1.9996 | LR 2.17e-05
2026-05-15 01:28:52,148  INFO  Epoch 1/1 | Step 63410/34883 | Loss 2.1165 | LR 2.16e-05
2026-05-15 01:28:57,117  INFO  Epoch 1/1 | Step 63420/34883 | Loss 1.9450 | LR 2.15e-05
2026-05-15 01:29:02,075  INFO  Epoch 1/1 | Step 63430/34883 | Loss 1.8889 | LR 2.15e-05
2026-05-15 01:29:07,045  INFO  Epoch 1/1 | Step 63440/34883 | Loss 1.9478 | LR 2.14e-05
2026-05-15 01:29:12,014  INFO  Epoch 1/1 | Step 63450/34883 | Loss 1.9736 | LR 2.13e-05
2026-05-15 01:29:16,978  INFO  Epoch 1/1 | Step 63460/34883 | Loss 1.9998 | LR 2.13e-05
2026-05-15 01:29:21,955  INFO  Epoch 1/1 | Step 63470/34883 | Loss 2.0624 | LR 2.12e-05
2026-05-15 01:29:26,927  INFO  Epoch 1/1 | Step 63480/34883 | Loss 1.8957 | LR 2.11e-05
2026-05-15 01:29:31,885  INFO  Epoch 1/1 | Step 63490/34883 | Loss 2.0290 | LR 2.11e-05
2026-05-15 01:29:36,844  INFO  Epoch 1/1 | Step 63500/34883 | Loss 1.9542 | LR 2.10e-05
2026-05-15 01:29:41,801  INFO  Epoch 1/1 | Step 63510/34883 | Loss 1.8494 | LR 2.09e-05
2026-05-15 01:29:46,761  INFO  Epoch 1/1 | Step 63520/34883 | Loss 2.0223 | LR 2.09e-05
2026-05-15 01:29:51,715  INFO  Epoch 1/1 | Step 63530/34883 | Loss 2.0026 | LR 2.08e-05
2026-05-15 01:29:56,678  INFO  Epoch 1/1 | Step 63540/34883 | Loss 1.8160 | LR 2.07e-05
2026-05-15 01:30:01,643  INFO  Epoch 1/1 | Step 63550/34883 | Loss 2.0556 | LR 2.07e-05
2026-05-15 01:30:06,612  INFO  Epoch 1/1 | Step 63560/34883 | Loss 1.8849 | LR 2.06e-05
2026-05-15 01:30:11,574  INFO  Epoch 1/1 | Step 63570/34883 | Loss 2.0637 | LR 2.05e-05
2026-05-15 01:30:16,537  INFO  Epoch 1/1 | Step 63580/34883 | Loss 2.1874 | LR 2.05e-05
2026-05-15 01:30:21,485  INFO  Epoch 1/1 | Step 63590/34883 | Loss 2.0149 | LR 2.04e-05
2026-05-15 01:30:26,452  INFO  Epoch 1/1 | Step 63600/34883 | Loss 2.0995 | LR 2.03e-05
2026-05-15 01:30:31,410  INFO  Epoch 1/1 | Step 63610/34883 | Loss 1.9924 | LR 2.03e-05
2026-05-15 01:30:36,363  INFO  Epoch 1/1 | Step 63620/34883 | Loss 2.0949 | LR 2.02e-05
2026-05-15 01:30:41,327  INFO  Epoch 1/1 | Step 63630/34883 | Loss 1.9799 | LR 2.01e-05
2026-05-15 01:30:46,280  INFO  Epoch 1/1 | Step 63640/34883 | Loss 1.9508 | LR 2.01e-05
2026-05-15 01:30:51,242  INFO  Epoch 1/1 | Step 63650/34883 | Loss 1.9304 | LR 2.00e-05
2026-05-15 01:30:56,208  INFO  Epoch 1/1 | Step 63660/34883 | Loss 1.9912 | LR 2.00e-05
2026-05-15 01:31:01,169  INFO  Epoch 1/1 | Step 63670/34883 | Loss 1.8828 | LR 1.99e-05
2026-05-15 01:31:06,121  INFO  Epoch 1/1 | Step 63680/34883 | Loss 1.7679 | LR 1.98e-05
2026-05-15 01:31:11,080  INFO  Epoch 1/1 | Step 63690/34883 | Loss 1.9302 | LR 1.98e-05
2026-05-15 01:31:16,039  INFO  Epoch 1/1 | Step 63700/34883 | Loss 2.0256 | LR 1.97e-05
2026-05-15 01:31:21,011  INFO  Epoch 1/1 | Step 63710/34883 | Loss 1.9186 | LR 1.96e-05
2026-05-15 01:31:25,979  INFO  Epoch 1/1 | Step 63720/34883 | Loss 2.2031 | LR 1.96e-05
2026-05-15 01:31:30,956  INFO  Epoch 1/1 | Step 63730/34883 | Loss 1.9519 | LR 1.95e-05
2026-05-15 01:31:35,929  INFO  Epoch 1/1 | Step 63740/34883 | Loss 1.9504 | LR 1.94e-05
2026-05-15 01:31:40,887  INFO  Epoch 1/1 | Step 63750/34883 | Loss 2.0312 | LR 1.94e-05
2026-05-15 01:31:45,847  INFO  Epoch 1/1 | Step 63760/34883 | Loss 1.9147 | LR 1.93e-05
2026-05-15 01:31:50,802  INFO  Epoch 1/1 | Step 63770/34883 | Loss 2.0168 | LR 1.92e-05
2026-05-15 01:31:55,767  INFO  Epoch 1/1 | Step 63780/34883 | Loss 1.8527 | LR 1.92e-05
2026-05-15 01:32:00,734  INFO  Epoch 1/1 | Step 63790/34883 | Loss 1.9790 | LR 1.91e-05
2026-05-15 01:32:05,700  INFO  Epoch 1/1 | Step 63800/34883 | Loss 2.0078 | LR 1.91e-05
2026-05-15 01:32:10,662  INFO  Epoch 1/1 | Step 63810/34883 | Loss 1.8885 | LR 1.90e-05
2026-05-15 01:32:15,624  INFO  Epoch 1/1 | Step 63820/34883 | Loss 2.0228 | LR 1.89e-05
2026-05-15 01:32:20,585  INFO  Epoch 1/1 | Step 63830/34883 | Loss 1.9845 | LR 1.89e-05
2026-05-15 01:32:25,551  INFO  Epoch 1/1 | Step 63840/34883 | Loss 2.0638 | LR 1.88e-05
2026-05-15 01:32:30,507  INFO  Epoch 1/1 | Step 63850/34883 | Loss 2.0997 | LR 1.87e-05
2026-05-15 01:32:35,472  INFO  Epoch 1/1 | Step 63860/34883 | Loss 1.9139 | LR 1.87e-05
2026-05-15 01:32:40,434  INFO  Epoch 1/1 | Step 63870/34883 | Loss 2.0476 | LR 1.86e-05
2026-05-15 01:32:45,409  INFO  Epoch 1/1 | Step 63880/34883 | Loss 2.1630 | LR 1.85e-05
2026-05-15 01:32:50,385  INFO  Epoch 1/1 | Step 63890/34883 | Loss 1.9691 | LR 1.85e-05
2026-05-15 01:32:55,342  INFO  Epoch 1/1 | Step 63900/34883 | Loss 2.0172 | LR 1.84e-05
2026-05-15 01:33:00,295  INFO  Epoch 1/1 | Step 63910/34883 | Loss 1.8676 | LR 1.84e-05
2026-05-15 01:33:05,262  INFO  Epoch 1/1 | Step 63920/34883 | Loss 2.0642 | LR 1.83e-05
2026-05-15 01:33:10,219  INFO  Epoch 1/1 | Step 63930/34883 | Loss 2.2139 | LR 1.82e-05
2026-05-15 01:33:15,182  INFO  Epoch 1/1 | Step 63940/34883 | Loss 1.9852 | LR 1.82e-05
2026-05-15 01:33:20,143  INFO  Epoch 1/1 | Step 63950/34883 | Loss 1.9338 | LR 1.81e-05
2026-05-15 01:33:25,104  INFO  Epoch 1/1 | Step 63960/34883 | Loss 1.9711 | LR 1.81e-05
2026-05-15 01:33:30,073  INFO  Epoch 1/1 | Step 63970/34883 | Loss 2.0724 | LR 1.80e-05
2026-05-15 01:33:35,038  INFO  Epoch 1/1 | Step 63980/34883 | Loss 1.9619 | LR 1.79e-05
2026-05-15 01:33:40,010  INFO  Epoch 1/1 | Step 63990/34883 | Loss 2.0349 | LR 1.79e-05
2026-05-15 01:33:44,970  INFO  Epoch 1/1 | Step 64000/34883 | Loss 2.0135 | LR 1.78e-05
2026-05-15 01:33:49,925  INFO  Epoch 1/1 | Step 64010/34883 | Loss 1.9864 | LR 1.77e-05
2026-05-15 01:33:54,889  INFO  Epoch 1/1 | Step 64020/34883 | Loss 2.0744 | LR 1.77e-05
2026-05-15 01:33:59,848  INFO  Epoch 1/1 | Step 64030/34883 | Loss 2.1634 | LR 1.76e-05
2026-05-15 01:34:04,804  INFO  Epoch 1/1 | Step 64040/34883 | Loss 1.9179 | LR 1.76e-05
2026-05-15 01:34:09,782  INFO  Epoch 1/1 | Step 64050/34883 | Loss 2.0085 | LR 1.75e-05
2026-05-15 01:34:14,757  INFO  Epoch 1/1 | Step 64060/34883 | Loss 2.0146 | LR 1.74e-05
2026-05-15 01:34:19,723  INFO  Epoch 1/1 | Step 64070/34883 | Loss 2.1268 | LR 1.74e-05
2026-05-15 01:34:24,693  INFO  Epoch 1/1 | Step 64080/34883 | Loss 2.1710 | LR 1.73e-05
2026-05-15 01:34:29,674  INFO  Epoch 1/1 | Step 64090/34883 | Loss 1.9644 | LR 1.73e-05
2026-05-15 01:34:34,648  INFO  Epoch 1/1 | Step 64100/34883 | Loss 2.1086 | LR 1.72e-05
2026-05-15 01:34:39,620  INFO  Epoch 1/1 | Step 64110/34883 | Loss 1.9667 | LR 1.71e-05
2026-05-15 01:34:44,604  INFO  Epoch 1/1 | Step 64120/34883 | Loss 2.0866 | LR 1.71e-05
2026-05-15 01:34:49,587  INFO  Epoch 1/1 | Step 64130/34883 | Loss 2.1974 | LR 1.70e-05
2026-05-15 01:34:54,560  INFO  Epoch 1/1 | Step 64140/34883 | Loss 2.1009 | LR 1.70e-05
2026-05-15 01:34:59,535  INFO  Epoch 1/1 | Step 64150/34883 | Loss 1.9654 | LR 1.69e-05
2026-05-15 01:35:04,508  INFO  Epoch 1/1 | Step 64160/34883 | Loss 1.8912 | LR 1.68e-05
2026-05-15 01:35:09,485  INFO  Epoch 1/1 | Step 64170/34883 | Loss 1.9254 | LR 1.68e-05
2026-05-15 01:35:14,463  INFO  Epoch 1/1 | Step 64180/34883 | Loss 2.3283 | LR 1.67e-05
2026-05-15 01:35:19,436  INFO  Epoch 1/1 | Step 64190/34883 | Loss 2.0499 | LR 1.67e-05
2026-05-15 01:35:24,405  INFO  Epoch 1/1 | Step 64200/34883 | Loss 1.8752 | LR 1.66e-05
2026-05-15 01:35:29,385  INFO  Epoch 1/1 | Step 64210/34883 | Loss 1.9942 | LR 1.65e-05
2026-05-15 01:35:34,356  INFO  Epoch 1/1 | Step 64220/34883 | Loss 2.0488 | LR 1.65e-05
2026-05-15 01:35:39,319  INFO  Epoch 1/1 | Step 64230/34883 | Loss 2.0409 | LR 1.64e-05
2026-05-15 01:35:44,296  INFO  Epoch 1/1 | Step 64240/34883 | Loss 1.9218 | LR 1.64e-05
2026-05-15 01:35:49,275  INFO  Epoch 1/1 | Step 64250/34883 | Loss 2.2171 | LR 1.63e-05
2026-05-15 01:35:54,251  INFO  Epoch 1/1 | Step 64260/34883 | Loss 1.9326 | LR 1.62e-05
2026-05-15 01:35:59,230  INFO  Epoch 1/1 | Step 64270/34883 | Loss 2.0681 | LR 1.62e-05
2026-05-15 01:36:04,191  INFO  Epoch 1/1 | Step 64280/34883 | Loss 2.1871 | LR 1.61e-05
2026-05-15 01:36:09,169  INFO  Epoch 1/1 | Step 64290/34883 | Loss 2.1319 | LR 1.61e-05
2026-05-15 01:36:14,142  INFO  Epoch 1/1 | Step 64300/34883 | Loss 2.2026 | LR 1.60e-05
2026-05-15 01:36:19,125  INFO  Epoch 1/1 | Step 64310/34883 | Loss 2.0010 | LR 1.60e-05
2026-05-15 01:36:24,108  INFO  Epoch 1/1 | Step 64320/34883 | Loss 2.1387 | LR 1.59e-05
2026-05-15 01:36:29,080  INFO  Epoch 1/1 | Step 64330/34883 | Loss 1.9573 | LR 1.58e-05
2026-05-15 01:36:34,054  INFO  Epoch 1/1 | Step 64340/34883 | Loss 2.0995 | LR 1.58e-05
2026-05-15 01:36:39,030  INFO  Epoch 1/1 | Step 64350/34883 | Loss 1.9211 | LR 1.57e-05
2026-05-15 01:36:43,998  INFO  Epoch 1/1 | Step 64360/34883 | Loss 1.9262 | LR 1.57e-05
2026-05-15 01:36:48,965  INFO  Epoch 1/1 | Step 64370/34883 | Loss 2.1648 | LR 1.56e-05
2026-05-15 01:36:53,935  INFO  Epoch 1/1 | Step 64380/34883 | Loss 1.9979 | LR 1.55e-05
2026-05-15 01:36:58,910  INFO  Epoch 1/1 | Step 64390/34883 | Loss 2.0834 | LR 1.55e-05
2026-05-15 01:37:03,874  INFO  Epoch 1/1 | Step 64400/34883 | Loss 2.0714 | LR 1.54e-05
2026-05-15 01:37:08,850  INFO  Epoch 1/1 | Step 64410/34883 | Loss 2.1094 | LR 1.54e-05
2026-05-15 01:37:13,823  INFO  Epoch 1/1 | Step 64420/34883 | Loss 2.1389 | LR 1.53e-05
2026-05-15 01:37:18,786  INFO  Epoch 1/1 | Step 64430/34883 | Loss 2.1495 | LR 1.53e-05
2026-05-15 01:37:23,747  INFO  Epoch 1/1 | Step 64440/34883 | Loss 2.0738 | LR 1.52e-05
2026-05-15 01:37:28,707  INFO  Epoch 1/1 | Step 64450/34883 | Loss 2.1179 | LR 1.51e-05
2026-05-15 01:37:33,674  INFO  Epoch 1/1 | Step 64460/34883 | Loss 1.9143 | LR 1.51e-05
2026-05-15 01:37:38,642  INFO  Epoch 1/1 | Step 64470/34883 | Loss 1.9929 | LR 1.50e-05
2026-05-15 01:37:43,608  INFO  Epoch 1/1 | Step 64480/34883 | Loss 2.1095 | LR 1.50e-05
2026-05-15 01:37:48,573  INFO  Epoch 1/1 | Step 64490/34883 | Loss 2.1922 | LR 1.49e-05
2026-05-15 01:37:53,536  INFO  Epoch 1/1 | Step 64500/34883 | Loss 1.9493 | LR 1.49e-05
2026-05-15 01:37:58,500  INFO  Epoch 1/1 | Step 64510/34883 | Loss 2.0837 | LR 1.48e-05
2026-05-15 01:38:03,467  INFO  Epoch 1/1 | Step 64520/34883 | Loss 2.0068 | LR 1.48e-05
2026-05-15 01:38:08,442  INFO  Epoch 1/1 | Step 64530/34883 | Loss 2.0055 | LR 1.47e-05
2026-05-15 01:38:13,403  INFO  Epoch 1/1 | Step 64540/34883 | Loss 2.0851 | LR 1.46e-05
2026-05-15 01:38:18,366  INFO  Epoch 1/1 | Step 64550/34883 | Loss 2.0327 | LR 1.46e-05
2026-05-15 01:38:23,320  INFO  Epoch 1/1 | Step 64560/34883 | Loss 1.8827 | LR 1.45e-05
2026-05-15 01:38:28,283  INFO  Epoch 1/1 | Step 64570/34883 | Loss 2.0472 | LR 1.45e-05
2026-05-15 01:38:33,251  INFO  Epoch 1/1 | Step 64580/34883 | Loss 2.0531 | LR 1.44e-05
2026-05-15 01:38:38,201  INFO  Epoch 1/1 | Step 64590/34883 | Loss 2.0614 | LR 1.44e-05
2026-05-15 01:38:43,162  INFO  Epoch 1/1 | Step 64600/34883 | Loss 2.0455 | LR 1.43e-05
2026-05-15 01:38:48,136  INFO  Epoch 1/1 | Step 64610/34883 | Loss 2.0305 | LR 1.43e-05
2026-05-15 01:38:53,111  INFO  Epoch 1/1 | Step 64620/34883 | Loss 2.0413 | LR 1.42e-05
2026-05-15 01:38:58,077  INFO  Epoch 1/1 | Step 64630/34883 | Loss 2.1252 | LR 1.41e-05
2026-05-15 01:39:03,043  INFO  Epoch 1/1 | Step 64640/34883 | Loss 2.1173 | LR 1.41e-05
2026-05-15 01:39:08,014  INFO  Epoch 1/1 | Step 64650/34883 | Loss 1.9148 | LR 1.40e-05
2026-05-15 01:39:12,969  INFO  Epoch 1/1 | Step 64660/34883 | Loss 2.0975 | LR 1.40e-05
2026-05-15 01:39:17,933  INFO  Epoch 1/1 | Step 64670/34883 | Loss 1.9272 | LR 1.39e-05
2026-05-15 01:39:22,902  INFO  Epoch 1/1 | Step 64680/34883 | Loss 2.0640 | LR 1.39e-05
2026-05-15 01:39:27,868  INFO  Epoch 1/1 | Step 64690/34883 | Loss 2.0624 | LR 1.38e-05
2026-05-15 01:39:32,841  INFO  Epoch 1/1 | Step 64700/34883 | Loss 1.9786 | LR 1.38e-05
2026-05-15 01:39:37,801  INFO  Epoch 1/1 | Step 64710/34883 | Loss 1.8528 | LR 1.37e-05
2026-05-15 01:39:42,758  INFO  Epoch 1/1 | Step 64720/34883 | Loss 2.0043 | LR 1.37e-05
2026-05-15 01:39:47,724  INFO  Epoch 1/1 | Step 64730/34883 | Loss 1.9389 | LR 1.36e-05
2026-05-15 01:39:52,693  INFO  Epoch 1/1 | Step 64740/34883 | Loss 1.9556 | LR 1.35e-05
2026-05-15 01:39:57,659  INFO  Epoch 1/1 | Step 64750/34883 | Loss 1.9503 | LR 1.35e-05
2026-05-15 01:40:02,615  INFO  Epoch 1/1 | Step 64760/34883 | Loss 2.0908 | LR 1.34e-05
2026-05-15 01:40:07,580  INFO  Epoch 1/1 | Step 64770/34883 | Loss 1.9676 | LR 1.34e-05
2026-05-15 01:40:12,545  INFO  Epoch 1/1 | Step 64780/34883 | Loss 2.0068 | LR 1.33e-05
2026-05-15 01:40:17,504  INFO  Epoch 1/1 | Step 64790/34883 | Loss 2.0617 | LR 1.33e-05
2026-05-15 01:40:22,469  INFO  Epoch 1/1 | Step 64800/34883 | Loss 1.9344 | LR 1.32e-05
2026-05-15 01:40:27,436  INFO  Epoch 1/1 | Step 64810/34883 | Loss 1.9088 | LR 1.32e-05
2026-05-15 01:40:32,406  INFO  Epoch 1/1 | Step 64820/34883 | Loss 2.0470 | LR 1.31e-05
2026-05-15 01:40:37,361  INFO  Epoch 1/1 | Step 64830/34883 | Loss 2.0389 | LR 1.31e-05
2026-05-15 01:40:42,321  INFO  Epoch 1/1 | Step 64840/34883 | Loss 2.0892 | LR 1.30e-05
2026-05-15 01:40:47,270  INFO  Epoch 1/1 | Step 64850/34883 | Loss 2.0729 | LR 1.30e-05
2026-05-15 01:40:52,239  INFO  Epoch 1/1 | Step 64860/34883 | Loss 1.7968 | LR 1.29e-05
2026-05-15 01:40:57,187  INFO  Epoch 1/1 | Step 64870/34883 | Loss 1.9155 | LR 1.29e-05
2026-05-15 01:41:02,144  INFO  Epoch 1/1 | Step 64880/34883 | Loss 2.0091 | LR 1.28e-05
2026-05-15 01:41:07,117  INFO  Epoch 1/1 | Step 64890/34883 | Loss 2.0055 | LR 1.28e-05
2026-05-15 01:41:12,081  INFO  Epoch 1/1 | Step 64900/34883 | Loss 2.0009 | LR 1.27e-05
2026-05-15 01:41:17,036  INFO  Epoch 1/1 | Step 64910/34883 | Loss 2.1558 | LR 1.27e-05
2026-05-15 01:41:21,999  INFO  Epoch 1/1 | Step 64920/34883 | Loss 2.0382 | LR 1.26e-05
2026-05-15 01:41:26,956  INFO  Epoch 1/1 | Step 64930/34883 | Loss 2.1147 | LR 1.25e-05
2026-05-15 01:41:31,908  INFO  Epoch 1/1 | Step 64940/34883 | Loss 2.1152 | LR 1.25e-05
2026-05-15 01:41:36,875  INFO  Epoch 1/1 | Step 64950/34883 | Loss 1.9971 | LR 1.24e-05
2026-05-15 01:41:41,828  INFO  Epoch 1/1 | Step 64960/34883 | Loss 2.0152 | LR 1.24e-05
2026-05-15 01:41:46,786  INFO  Epoch 1/1 | Step 64970/34883 | Loss 1.9619 | LR 1.23e-05
2026-05-15 01:41:51,745  INFO  Epoch 1/1 | Step 64980/34883 | Loss 2.0033 | LR 1.23e-05
2026-05-15 01:41:56,698  INFO  Epoch 1/1 | Step 64990/34883 | Loss 1.8921 | LR 1.22e-05
2026-05-15 01:42:01,660  INFO  Epoch 1/1 | Step 65000/34883 | Loss 1.9845 | LR 1.22e-05
2026-05-15 01:42:06,620  INFO  Epoch 1/1 | Step 65010/34883 | Loss 1.9960 | LR 1.21e-05
2026-05-15 01:42:11,577  INFO  Epoch 1/1 | Step 65020/34883 | Loss 1.9644 | LR 1.21e-05
2026-05-15 01:42:16,538  INFO  Epoch 1/1 | Step 65030/34883 | Loss 1.9716 | LR 1.20e-05
2026-05-15 01:42:21,487  INFO  Epoch 1/1 | Step 65040/34883 | Loss 1.9736 | LR 1.20e-05
2026-05-15 01:42:26,440  INFO  Epoch 1/1 | Step 65050/34883 | Loss 2.0184 | LR 1.19e-05
2026-05-15 01:42:31,402  INFO  Epoch 1/1 | Step 65060/34883 | Loss 2.1464 | LR 1.19e-05
2026-05-15 01:42:36,351  INFO  Epoch 1/1 | Step 65070/34883 | Loss 2.0776 | LR 1.18e-05
2026-05-15 01:42:41,322  INFO  Epoch 1/1 | Step 65080/34883 | Loss 1.9416 | LR 1.18e-05
2026-05-15 01:42:46,276  INFO  Epoch 1/1 | Step 65090/34883 | Loss 1.9488 | LR 1.17e-05
2026-05-15 01:42:51,233  INFO  Epoch 1/1 | Step 65100/34883 | Loss 1.9389 | LR 1.17e-05
2026-05-15 01:42:56,183  INFO  Epoch 1/1 | Step 65110/34883 | Loss 2.0319 | LR 1.16e-05
2026-05-15 01:43:01,148  INFO  Epoch 1/1 | Step 65120/34883 | Loss 1.9990 | LR 1.16e-05
2026-05-15 01:43:06,104  INFO  Epoch 1/1 | Step 65130/34883 | Loss 2.0468 | LR 1.15e-05
2026-05-15 01:43:11,060  INFO  Epoch 1/1 | Step 65140/34883 | Loss 2.0606 | LR 1.15e-05
2026-05-15 01:43:16,015  INFO  Epoch 1/1 | Step 65150/34883 | Loss 1.7762 | LR 1.14e-05
2026-05-15 01:43:20,975  INFO  Epoch 1/1 | Step 65160/34883 | Loss 1.7915 | LR 1.14e-05
2026-05-15 01:43:25,921  INFO  Epoch 1/1 | Step 65170/34883 | Loss 2.0797 | LR 1.13e-05
2026-05-15 01:43:30,885  INFO  Epoch 1/1 | Step 65180/34883 | Loss 1.9447 | LR 1.13e-05
2026-05-15 01:43:35,840  INFO  Epoch 1/1 | Step 65190/34883 | Loss 1.9779 | LR 1.12e-05
2026-05-15 01:43:40,806  INFO  Epoch 1/1 | Step 65200/34883 | Loss 2.1550 | LR 1.12e-05
2026-05-15 01:43:45,764  INFO  Epoch 1/1 | Step 65210/34883 | Loss 2.0323 | LR 1.11e-05
2026-05-15 01:43:50,718  INFO  Epoch 1/1 | Step 65220/34883 | Loss 1.9579 | LR 1.11e-05
2026-05-15 01:43:55,673  INFO  Epoch 1/1 | Step 65230/34883 | Loss 1.9708 | LR 1.10e-05
2026-05-15 01:44:00,620  INFO  Epoch 1/1 | Step 65240/34883 | Loss 1.9131 | LR 1.10e-05
2026-05-15 01:44:05,575  INFO  Epoch 1/1 | Step 65250/34883 | Loss 1.9196 | LR 1.09e-05
2026-05-15 01:44:10,538  INFO  Epoch 1/1 | Step 65260/34883 | Loss 1.9662 | LR 1.09e-05
2026-05-15 01:44:15,498  INFO  Epoch 1/1 | Step 65270/34883 | Loss 1.9314 | LR 1.09e-05
2026-05-15 01:44:20,459  INFO  Epoch 1/1 | Step 65280/34883 | Loss 2.0952 | LR 1.08e-05
2026-05-15 01:44:25,423  INFO  Epoch 1/1 | Step 65290/34883 | Loss 2.1364 | LR 1.08e-05
2026-05-15 01:44:30,374  INFO  Epoch 1/1 | Step 65300/34883 | Loss 2.0848 | LR 1.07e-05
2026-05-15 01:44:35,329  INFO  Epoch 1/1 | Step 65310/34883 | Loss 2.0961 | LR 1.07e-05
2026-05-15 01:44:40,283  INFO  Epoch 1/1 | Step 65320/34883 | Loss 1.9689 | LR 1.06e-05
2026-05-15 01:44:45,237  INFO  Epoch 1/1 | Step 65330/34883 | Loss 2.0126 | LR 1.06e-05
2026-05-15 01:44:50,186  INFO  Epoch 1/1 | Step 65340/34883 | Loss 1.9560 | LR 1.05e-05
2026-05-15 01:44:55,138  INFO  Epoch 1/1 | Step 65350/34883 | Loss 1.9972 | LR 1.05e-05
2026-05-15 01:45:00,098  INFO  Epoch 1/1 | Step 65360/34883 | Loss 2.0682 | LR 1.04e-05
2026-05-15 01:45:05,054  INFO  Epoch 1/1 | Step 65370/34883 | Loss 1.9968 | LR 1.04e-05
2026-05-15 01:45:10,003  INFO  Epoch 1/1 | Step 65380/34883 | Loss 2.1670 | LR 1.03e-05
2026-05-15 01:45:14,954  INFO  Epoch 1/1 | Step 65390/34883 | Loss 1.9390 | LR 1.03e-05
2026-05-15 01:45:19,901  INFO  Epoch 1/1 | Step 65400/34883 | Loss 1.8661 | LR 1.02e-05
2026-05-15 01:45:24,851  INFO  Epoch 1/1 | Step 65410/34883 | Loss 1.8557 | LR 1.02e-05
2026-05-15 01:45:29,808  INFO  Epoch 1/1 | Step 65420/34883 | Loss 2.1144 | LR 1.01e-05
2026-05-15 01:45:34,758  INFO  Epoch 1/1 | Step 65430/34883 | Loss 1.9354 | LR 1.01e-05
2026-05-15 01:45:39,710  INFO  Epoch 1/1 | Step 65440/34883 | Loss 2.0865 | LR 1.00e-05
2026-05-15 01:45:44,664  INFO  Epoch 1/1 | Step 65450/34883 | Loss 1.8649 | LR 1.00e-05
2026-05-15 01:45:49,621  INFO  Epoch 1/1 | Step 65460/34883 | Loss 1.9609 | LR 9.96e-06
2026-05-15 01:45:54,570  INFO  Epoch 1/1 | Step 65470/34883 | Loss 2.1979 | LR 9.91e-06
2026-05-15 01:45:59,523  INFO  Epoch 1/1 | Step 65480/34883 | Loss 2.0740 | LR 9.86e-06
2026-05-15 01:46:04,473  INFO  Epoch 1/1 | Step 65490/34883 | Loss 2.2081 | LR 9.82e-06
2026-05-15 01:46:09,419  INFO  Epoch 1/1 | Step 65500/34883 | Loss 2.0493 | LR 9.77e-06
2026-05-15 01:46:14,370  INFO  Epoch 1/1 | Step 65510/34883 | Loss 2.1153 | LR 9.73e-06
2026-05-15 01:46:19,321  INFO  Epoch 1/1 | Step 65520/34883 | Loss 2.0152 | LR 9.68e-06
2026-05-15 01:46:24,273  INFO  Epoch 1/1 | Step 65530/34883 | Loss 1.7644 | LR 9.64e-06
2026-05-15 01:46:29,232  INFO  Epoch 1/1 | Step 65540/34883 | Loss 1.9358 | LR 9.59e-06
2026-05-15 01:46:34,179  INFO  Epoch 1/1 | Step 65550/34883 | Loss 2.0401 | LR 9.55e-06
2026-05-15 01:46:39,131  INFO  Epoch 1/1 | Step 65560/34883 | Loss 2.1312 | LR 9.50e-06
2026-05-15 01:46:44,088  INFO  Epoch 1/1 | Step 65570/34883 | Loss 2.0551 | LR 9.46e-06
2026-05-15 01:46:49,033  INFO  Epoch 1/1 | Step 65580/34883 | Loss 2.0417 | LR 9.41e-06
2026-05-15 01:46:53,987  INFO  Epoch 1/1 | Step 65590/34883 | Loss 1.9673 | LR 9.37e-06
2026-05-15 01:46:58,949  INFO  Epoch 1/1 | Step 65600/34883 | Loss 2.1929 | LR 9.32e-06
2026-05-15 01:47:03,902  INFO  Epoch 1/1 | Step 65610/34883 | Loss 1.9318 | LR 9.28e-06
2026-05-15 01:47:08,857  INFO  Epoch 1/1 | Step 65620/34883 | Loss 1.9547 | LR 9.23e-06
2026-05-15 01:47:13,818  INFO  Epoch 1/1 | Step 65630/34883 | Loss 2.0124 | LR 9.19e-06
2026-05-15 01:47:18,774  INFO  Epoch 1/1 | Step 65640/34883 | Loss 1.9624 | LR 9.14e-06
2026-05-15 01:47:23,737  INFO  Epoch 1/1 | Step 65650/34883 | Loss 1.9388 | LR 9.10e-06
2026-05-15 01:47:28,687  INFO  Epoch 1/1 | Step 65660/34883 | Loss 2.0378 | LR 9.06e-06
2026-05-15 01:47:33,648  INFO  Epoch 1/1 | Step 65670/34883 | Loss 2.0568 | LR 9.01e-06
2026-05-15 01:47:38,596  INFO  Epoch 1/1 | Step 65680/34883 | Loss 1.9495 | LR 8.97e-06
2026-05-15 01:47:43,535  INFO  Epoch 1/1 | Step 65690/34883 | Loss 2.0985 | LR 8.92e-06
2026-05-15 01:47:48,489  INFO  Epoch 1/1 | Step 65700/34883 | Loss 1.9066 | LR 8.88e-06
2026-05-15 01:47:53,450  INFO  Epoch 1/1 | Step 65710/34883 | Loss 2.0461 | LR 8.84e-06
2026-05-15 01:47:58,408  INFO  Epoch 1/1 | Step 65720/34883 | Loss 2.0209 | LR 8.79e-06
2026-05-15 01:48:03,362  INFO  Epoch 1/1 | Step 65730/34883 | Loss 2.1786 | LR 8.75e-06
2026-05-15 01:48:08,325  INFO  Epoch 1/1 | Step 65740/34883 | Loss 2.0907 | LR 8.71e-06
2026-05-15 01:48:13,283  INFO  Epoch 1/1 | Step 65750/34883 | Loss 1.9674 | LR 8.66e-06
2026-05-15 01:48:18,240  INFO  Epoch 1/1 | Step 65760/34883 | Loss 2.1248 | LR 8.62e-06
2026-05-15 01:48:23,200  INFO  Epoch 1/1 | Step 65770/34883 | Loss 1.9708 | LR 8.58e-06
2026-05-15 01:48:28,155  INFO  Epoch 1/1 | Step 65780/34883 | Loss 1.9018 | LR 8.54e-06
2026-05-15 01:48:33,110  INFO  Epoch 1/1 | Step 65790/34883 | Loss 2.0557 | LR 8.49e-06
2026-05-15 01:48:38,058  INFO  Epoch 1/1 | Step 65800/34883 | Loss 1.9027 | LR 8.45e-06
2026-05-15 01:48:43,013  INFO  Epoch 1/1 | Step 65810/34883 | Loss 1.8838 | LR 8.41e-06
2026-05-15 01:48:47,964  INFO  Epoch 1/1 | Step 65820/34883 | Loss 2.0043 | LR 8.37e-06
2026-05-15 01:48:52,907  INFO  Epoch 1/1 | Step 65830/34883 | Loss 2.0495 | LR 8.32e-06
2026-05-15 01:48:57,851  INFO  Epoch 1/1 | Step 65840/34883 | Loss 2.1793 | LR 8.28e-06
2026-05-15 01:49:02,805  INFO  Epoch 1/1 | Step 65850/34883 | Loss 2.0247 | LR 8.24e-06
2026-05-15 01:49:07,752  INFO  Epoch 1/1 | Step 65860/34883 | Loss 1.9516 | LR 8.20e-06
2026-05-15 01:49:12,705  INFO  Epoch 1/1 | Step 65870/34883 | Loss 1.8754 | LR 8.16e-06
2026-05-15 01:49:17,663  INFO  Epoch 1/1 | Step 65880/34883 | Loss 1.9686 | LR 8.11e-06
2026-05-15 01:49:22,621  INFO  Epoch 1/1 | Step 65890/34883 | Loss 1.9134 | LR 8.07e-06
2026-05-15 01:49:27,586  INFO  Epoch 1/1 | Step 65900/34883 | Loss 1.9931 | LR 8.03e-06
2026-05-15 01:49:32,542  INFO  Epoch 1/1 | Step 65910/34883 | Loss 1.9943 | LR 7.99e-06
2026-05-15 01:49:37,519  INFO  Epoch 1/1 | Step 65920/34883 | Loss 2.0237 | LR 7.95e-06
2026-05-15 01:49:42,491  INFO  Epoch 1/1 | Step 65930/34883 | Loss 2.0012 | LR 7.91e-06
2026-05-15 01:49:47,448  INFO  Epoch 1/1 | Step 65940/34883 | Loss 2.0497 | LR 7.87e-06
2026-05-15 01:49:52,413  INFO  Epoch 1/1 | Step 65950/34883 | Loss 2.0588 | LR 7.82e-06
2026-05-15 01:49:57,383  INFO  Epoch 1/1 | Step 65960/34883 | Loss 2.0214 | LR 7.78e-06
2026-05-15 01:50:02,348  INFO  Epoch 1/1 | Step 65970/34883 | Loss 2.0056 | LR 7.74e-06
2026-05-15 01:50:07,309  INFO  Epoch 1/1 | Step 65980/34883 | Loss 2.0260 | LR 7.70e-06
2026-05-15 01:50:12,281  INFO  Epoch 1/1 | Step 65990/34883 | Loss 2.0041 | LR 7.66e-06
2026-05-15 01:50:17,251  INFO  Epoch 1/1 | Step 66000/34883 | Loss 1.9553 | LR 7.62e-06
2026-05-15 01:50:22,223  INFO  Epoch 1/1 | Step 66010/34883 | Loss 1.9347 | LR 7.58e-06
2026-05-15 01:50:27,195  INFO  Epoch 1/1 | Step 66020/34883 | Loss 1.9729 | LR 7.54e-06
2026-05-15 01:50:32,156  INFO  Epoch 1/1 | Step 66030/34883 | Loss 2.1667 | LR 7.50e-06
2026-05-15 01:50:37,134  INFO  Epoch 1/1 | Step 66040/34883 | Loss 2.1315 | LR 7.46e-06
2026-05-15 01:50:42,098  INFO  Epoch 1/1 | Step 66050/34883 | Loss 1.9316 | LR 7.42e-06
2026-05-15 01:50:47,072  INFO  Epoch 1/1 | Step 66060/34883 | Loss 2.1090 | LR 7.38e-06
2026-05-15 01:50:52,036  INFO  Epoch 1/1 | Step 66070/34883 | Loss 2.0610 | LR 7.34e-06
2026-05-15 01:50:57,013  INFO  Epoch 1/1 | Step 66080/34883 | Loss 1.9260 | LR 7.30e-06
2026-05-15 01:51:01,972  INFO  Epoch 1/1 | Step 66090/34883 | Loss 1.8915 | LR 7.26e-06
2026-05-15 01:51:06,959  INFO  Epoch 1/1 | Step 66100/34883 | Loss 2.0502 | LR 7.22e-06
2026-05-15 01:51:11,928  INFO  Epoch 1/1 | Step 66110/34883 | Loss 2.0225 | LR 7.18e-06
2026-05-15 01:51:16,899  INFO  Epoch 1/1 | Step 66120/34883 | Loss 2.0232 | LR 7.14e-06
2026-05-15 01:51:21,868  INFO  Epoch 1/1 | Step 66130/34883 | Loss 2.0712 | LR 7.11e-06
2026-05-15 01:51:26,833  INFO  Epoch 1/1 | Step 66140/34883 | Loss 1.9019 | LR 7.07e-06
2026-05-15 01:51:31,786  INFO  Epoch 1/1 | Step 66150/34883 | Loss 2.0059 | LR 7.03e-06
2026-05-15 01:51:36,759  INFO  Epoch 1/1 | Step 66160/34883 | Loss 1.7977 | LR 6.99e-06
2026-05-15 01:51:41,721  INFO  Epoch 1/1 | Step 66170/34883 | Loss 1.8658 | LR 6.95e-06
2026-05-15 01:51:46,690  INFO  Epoch 1/1 | Step 66180/34883 | Loss 2.1317 | LR 6.91e-06
2026-05-15 01:51:51,654  INFO  Epoch 1/1 | Step 66190/34883 | Loss 1.9070 | LR 6.87e-06
2026-05-15 01:51:56,617  INFO  Epoch 1/1 | Step 66200/34883 | Loss 1.9590 | LR 6.84e-06
2026-05-15 01:52:01,591  INFO  Epoch 1/1 | Step 66210/34883 | Loss 1.9509 | LR 6.80e-06
2026-05-15 01:52:06,561  INFO  Epoch 1/1 | Step 66220/34883 | Loss 2.0149 | LR 6.76e-06
2026-05-15 01:52:11,541  INFO  Epoch 1/1 | Step 66230/34883 | Loss 2.1450 | LR 6.72e-06
2026-05-15 01:52:16,507  INFO  Epoch 1/1 | Step 66240/34883 | Loss 2.0713 | LR 6.68e-06
2026-05-15 01:52:21,458  INFO  Epoch 1/1 | Step 66250/34883 | Loss 2.2125 | LR 6.65e-06
2026-05-15 01:52:26,415  INFO  Epoch 1/1 | Step 66260/34883 | Loss 2.0185 | LR 6.61e-06
2026-05-15 01:52:31,380  INFO  Epoch 1/1 | Step 66270/34883 | Loss 2.0460 | LR 6.57e-06
2026-05-15 01:52:36,342  INFO  Epoch 1/1 | Step 66280/34883 | Loss 2.0455 | LR 6.53e-06
2026-05-15 01:52:41,309  INFO  Epoch 1/1 | Step 66290/34883 | Loss 2.0318 | LR 6.50e-06
2026-05-15 01:52:46,274  INFO  Epoch 1/1 | Step 66300/34883 | Loss 1.9985 | LR 6.46e-06
2026-05-15 01:52:51,231  INFO  Epoch 1/1 | Step 66310/34883 | Loss 1.9800 | LR 6.42e-06
2026-05-15 01:52:56,194  INFO  Epoch 1/1 | Step 66320/34883 | Loss 1.9402 | LR 6.38e-06
2026-05-15 01:53:01,151  INFO  Epoch 1/1 | Step 66330/34883 | Loss 2.1311 | LR 6.35e-06
2026-05-15 01:53:06,131  INFO  Epoch 1/1 | Step 66340/34883 | Loss 1.9222 | LR 6.31e-06
2026-05-15 01:53:11,097  INFO  Epoch 1/1 | Step 66350/34883 | Loss 1.9304 | LR 6.27e-06
2026-05-15 01:53:16,065  INFO  Epoch 1/1 | Step 66360/34883 | Loss 1.9417 | LR 6.24e-06
2026-05-15 01:53:21,038  INFO  Epoch 1/1 | Step 66370/34883 | Loss 2.0812 | LR 6.20e-06
2026-05-15 01:53:26,003  INFO  Epoch 1/1 | Step 66380/34883 | Loss 2.0150 | LR 6.16e-06
2026-05-15 01:53:30,965  INFO  Epoch 1/1 | Step 66390/34883 | Loss 1.9358 | LR 6.13e-06
2026-05-15 01:53:35,932  INFO  Epoch 1/1 | Step 66400/34883 | Loss 2.0632 | LR 6.09e-06
2026-05-15 01:53:40,895  INFO  Epoch 1/1 | Step 66410/34883 | Loss 2.0129 | LR 6.06e-06
2026-05-15 01:53:45,860  INFO  Epoch 1/1 | Step 66420/34883 | Loss 2.0084 | LR 6.02e-06
2026-05-15 01:53:50,819  INFO  Epoch 1/1 | Step 66430/34883 | Loss 2.1443 | LR 5.98e-06
2026-05-15 01:53:55,788  INFO  Epoch 1/1 | Step 66440/34883 | Loss 2.1389 | LR 5.95e-06
2026-05-15 01:54:00,752  INFO  Epoch 1/1 | Step 66450/34883 | Loss 2.1124 | LR 5.91e-06
2026-05-15 01:54:05,712  INFO  Epoch 1/1 | Step 66460/34883 | Loss 2.0085 | LR 5.88e-06
2026-05-15 01:54:10,671  INFO  Epoch 1/1 | Step 66470/34883 | Loss 2.1462 | LR 5.84e-06
2026-05-15 01:54:15,630  INFO  Epoch 1/1 | Step 66480/34883 | Loss 1.9632 | LR 5.81e-06
2026-05-15 01:54:20,583  INFO  Epoch 1/1 | Step 66490/34883 | Loss 1.9681 | LR 5.77e-06
2026-05-15 01:54:25,544  INFO  Epoch 1/1 | Step 66500/34883 | Loss 2.0904 | LR 5.74e-06
2026-05-15 01:54:30,496  INFO  Epoch 1/1 | Step 66510/34883 | Loss 1.8680 | LR 5.70e-06
2026-05-15 01:54:35,459  INFO  Epoch 1/1 | Step 66520/34883 | Loss 1.8283 | LR 5.67e-06
2026-05-15 01:54:40,418  INFO  Epoch 1/1 | Step 66530/34883 | Loss 2.0313 | LR 5.63e-06
2026-05-15 01:54:45,378  INFO  Epoch 1/1 | Step 66540/34883 | Loss 1.8933 | LR 5.60e-06
2026-05-15 01:54:50,335  INFO  Epoch 1/1 | Step 66550/34883 | Loss 2.2097 | LR 5.56e-06
2026-05-15 01:54:55,287  INFO  Epoch 1/1 | Step 66560/34883 | Loss 1.9209 | LR 5.53e-06
2026-05-15 01:55:00,247  INFO  Epoch 1/1 | Step 66570/34883 | Loss 2.0351 | LR 5.49e-06
2026-05-15 01:55:05,200  INFO  Epoch 1/1 | Step 66580/34883 | Loss 2.0198 | LR 5.46e-06
2026-05-15 01:55:10,157  INFO  Epoch 1/1 | Step 66590/34883 | Loss 1.8903 | LR 5.42e-06
2026-05-15 01:55:15,112  INFO  Epoch 1/1 | Step 66600/34883 | Loss 1.9151 | LR 5.39e-06
2026-05-15 01:55:20,080  INFO  Epoch 1/1 | Step 66610/34883 | Loss 1.9825 | LR 5.36e-06
2026-05-15 01:55:25,045  INFO  Epoch 1/1 | Step 66620/34883 | Loss 1.9319 | LR 5.32e-06
2026-05-15 01:55:30,003  INFO  Epoch 1/1 | Step 66630/34883 | Loss 1.9301 | LR 5.29e-06
2026-05-15 01:55:34,960  INFO  Epoch 1/1 | Step 66640/34883 | Loss 1.9875 | LR 5.26e-06
2026-05-15 01:55:39,923  INFO  Epoch 1/1 | Step 66650/34883 | Loss 2.1633 | LR 5.22e-06
2026-05-15 01:55:44,884  INFO  Epoch 1/1 | Step 66660/34883 | Loss 1.9332 | LR 5.19e-06
2026-05-15 01:55:49,841  INFO  Epoch 1/1 | Step 66670/34883 | Loss 2.0630 | LR 5.16e-06
2026-05-15 01:55:54,799  INFO  Epoch 1/1 | Step 66680/34883 | Loss 2.1082 | LR 5.12e-06
2026-05-15 01:55:59,753  INFO  Epoch 1/1 | Step 66690/34883 | Loss 2.0450 | LR 5.09e-06
2026-05-15 01:56:04,712  INFO  Epoch 1/1 | Step 66700/34883 | Loss 1.9791 | LR 5.06e-06
2026-05-15 01:56:09,664  INFO  Epoch 1/1 | Step 66710/34883 | Loss 2.0605 | LR 5.02e-06
2026-05-15 01:56:14,624  INFO  Epoch 1/1 | Step 66720/34883 | Loss 1.9075 | LR 4.99e-06
2026-05-15 01:56:19,588  INFO  Epoch 1/1 | Step 66730/34883 | Loss 2.1721 | LR 4.96e-06
2026-05-15 01:56:24,548  INFO  Epoch 1/1 | Step 66740/34883 | Loss 1.9026 | LR 4.93e-06
2026-05-15 01:56:29,510  INFO  Epoch 1/1 | Step 66750/34883 | Loss 2.0547 | LR 4.89e-06
2026-05-15 01:56:34,472  INFO  Epoch 1/1 | Step 66760/34883 | Loss 1.9144 | LR 4.86e-06
2026-05-15 01:56:39,442  INFO  Epoch 1/1 | Step 66770/34883 | Loss 1.9064 | LR 4.83e-06
2026-05-15 01:56:44,407  INFO  Epoch 1/1 | Step 66780/34883 | Loss 1.9788 | LR 4.80e-06
2026-05-15 01:56:49,367  INFO  Epoch 1/1 | Step 66790/34883 | Loss 1.9312 | LR 4.76e-06
2026-05-15 01:56:54,336  INFO  Epoch 1/1 | Step 66800/34883 | Loss 2.0641 | LR 4.73e-06
2026-05-15 01:56:59,295  INFO  Epoch 1/1 | Step 66810/34883 | Loss 2.1595 | LR 4.70e-06
2026-05-15 01:57:04,254  INFO  Epoch 1/1 | Step 66820/34883 | Loss 1.9598 | LR 4.67e-06
2026-05-15 01:57:09,215  INFO  Epoch 1/1 | Step 66830/34883 | Loss 1.9449 | LR 4.64e-06
2026-05-15 01:57:14,197  INFO  Epoch 1/1 | Step 66840/34883 | Loss 2.1619 | LR 4.61e-06
2026-05-15 01:57:19,176  INFO  Epoch 1/1 | Step 66850/34883 | Loss 1.9391 | LR 4.57e-06
2026-05-15 01:57:24,140  INFO  Epoch 1/1 | Step 66860/34883 | Loss 2.0790 | LR 4.54e-06
2026-05-15 01:57:29,108  INFO  Epoch 1/1 | Step 66870/34883 | Loss 1.9839 | LR 4.51e-06
2026-05-15 01:57:34,069  INFO  Epoch 1/1 | Step 66880/34883 | Loss 1.9535 | LR 4.48e-06
2026-05-15 01:57:39,025  INFO  Epoch 1/1 | Step 66890/34883 | Loss 2.0339 | LR 4.45e-06
2026-05-15 01:57:43,995  INFO  Epoch 1/1 | Step 66900/34883 | Loss 2.0667 | LR 4.42e-06
2026-05-15 01:57:48,965  INFO  Epoch 1/1 | Step 66910/34883 | Loss 1.9571 | LR 4.39e-06
2026-05-15 01:57:53,923  INFO  Epoch 1/1 | Step 66920/34883 | Loss 1.9141 | LR 4.36e-06
2026-05-15 01:57:58,883  INFO  Epoch 1/1 | Step 66930/34883 | Loss 1.9832 | LR 4.33e-06
2026-05-15 01:58:03,834  INFO  Epoch 1/1 | Step 66940/34883 | Loss 1.9282 | LR 4.30e-06
2026-05-15 01:58:08,796  INFO  Epoch 1/1 | Step 66950/34883 | Loss 1.9704 | LR 4.27e-06
2026-05-15 01:58:13,771  INFO  Epoch 1/1 | Step 66960/34883 | Loss 1.7978 | LR 4.24e-06
2026-05-15 01:58:18,732  INFO  Epoch 1/1 | Step 66970/34883 | Loss 2.0315 | LR 4.21e-06
2026-05-15 01:58:23,683  INFO  Epoch 1/1 | Step 66980/34883 | Loss 2.0367 | LR 4.18e-06
2026-05-15 01:58:28,637  INFO  Epoch 1/1 | Step 66990/34883 | Loss 1.8484 | LR 4.15e-06
2026-05-15 01:58:33,595  INFO  Epoch 1/1 | Step 67000/34883 | Loss 1.8947 | LR 4.12e-06
2026-05-15 01:58:38,566  INFO  Epoch 1/1 | Step 67010/34883 | Loss 2.0196 | LR 4.09e-06
2026-05-15 01:58:43,527  INFO  Epoch 1/1 | Step 67020/34883 | Loss 2.0581 | LR 4.06e-06
2026-05-15 01:58:48,499  INFO  Epoch 1/1 | Step 67030/34883 | Loss 1.9682 | LR 4.03e-06
2026-05-15 01:58:53,461  INFO  Epoch 1/1 | Step 67040/34883 | Loss 1.9969 | LR 4.00e-06
2026-05-15 01:58:58,425  INFO  Epoch 1/1 | Step 67050/34883 | Loss 2.0276 | LR 3.97e-06
2026-05-15 01:59:03,384  INFO  Epoch 1/1 | Step 67060/34883 | Loss 2.0686 | LR 3.94e-06
2026-05-15 01:59:08,351  INFO  Epoch 1/1 | Step 67070/34883 | Loss 1.9449 | LR 3.91e-06
2026-05-15 01:59:13,314  INFO  Epoch 1/1 | Step 67080/34883 | Loss 1.9924 | LR 3.88e-06
2026-05-15 01:59:18,277  INFO  Epoch 1/1 | Step 67090/34883 | Loss 1.9853 | LR 3.85e-06
2026-05-15 01:59:23,240  INFO  Epoch 1/1 | Step 67100/34883 | Loss 2.0313 | LR 3.82e-06
2026-05-15 01:59:28,202  INFO  Epoch 1/1 | Step 67110/34883 | Loss 2.0560 | LR 3.80e-06
2026-05-15 01:59:33,169  INFO  Epoch 1/1 | Step 67120/34883 | Loss 2.0274 | LR 3.77e-06
2026-05-15 01:59:38,119  INFO  Epoch 1/1 | Step 67130/34883 | Loss 2.0369 | LR 3.74e-06
2026-05-15 01:59:43,083  INFO  Epoch 1/1 | Step 67140/34883 | Loss 2.1347 | LR 3.71e-06
2026-05-15 01:59:48,049  INFO  Epoch 1/1 | Step 67150/34883 | Loss 2.1280 | LR 3.68e-06
2026-05-15 01:59:53,018  INFO  Epoch 1/1 | Step 67160/34883 | Loss 2.0883 | LR 3.65e-06
2026-05-15 01:59:57,998  INFO  Epoch 1/1 | Step 67170/34883 | Loss 1.9445 | LR 3.63e-06
2026-05-15 02:00:02,963  INFO  Epoch 1/1 | Step 67180/34883 | Loss 2.1158 | LR 3.60e-06
2026-05-15 02:00:07,922  INFO  Epoch 1/1 | Step 67190/34883 | Loss 1.9785 | LR 3.57e-06
2026-05-15 02:00:12,886  INFO  Epoch 1/1 | Step 67200/34883 | Loss 1.9563 | LR 3.54e-06
2026-05-15 02:00:17,860  INFO  Epoch 1/1 | Step 67210/34883 | Loss 2.0207 | LR 3.52e-06
2026-05-15 02:00:22,835  INFO  Epoch 1/1 | Step 67220/34883 | Loss 1.9902 | LR 3.49e-06
2026-05-15 02:00:27,810  INFO  Epoch 1/1 | Step 67230/34883 | Loss 2.0093 | LR 3.46e-06
2026-05-15 02:00:32,775  INFO  Epoch 1/1 | Step 67240/34883 | Loss 2.0844 | LR 3.43e-06
2026-05-15 02:00:37,746  INFO  Epoch 1/1 | Step 67250/34883 | Loss 2.0099 | LR 3.41e-06
2026-05-15 02:00:42,708  INFO  Epoch 1/1 | Step 67260/34883 | Loss 2.1069 | LR 3.38e-06
2026-05-15 02:00:47,673  INFO  Epoch 1/1 | Step 67270/34883 | Loss 2.0435 | LR 3.35e-06
2026-05-15 02:00:52,645  INFO  Epoch 1/1 | Step 67280/34883 | Loss 1.8961 | LR 3.33e-06
2026-05-15 02:00:57,615  INFO  Epoch 1/1 | Step 67290/34883 | Loss 1.9766 | LR 3.30e-06
2026-05-15 02:01:02,585  INFO  Epoch 1/1 | Step 67300/34883 | Loss 1.9781 | LR 3.27e-06
2026-05-15 02:01:07,561  INFO  Epoch 1/1 | Step 67310/34883 | Loss 2.0511 | LR 3.25e-06
2026-05-15 02:01:12,522  INFO  Epoch 1/1 | Step 67320/34883 | Loss 1.8371 | LR 3.22e-06
2026-05-15 02:01:17,490  INFO  Epoch 1/1 | Step 67330/34883 | Loss 2.0137 | LR 3.19e-06
2026-05-15 02:01:22,456  INFO  Epoch 1/1 | Step 67340/34883 | Loss 2.0477 | LR 3.17e-06
2026-05-15 02:01:27,422  INFO  Epoch 1/1 | Step 67350/34883 | Loss 2.0054 | LR 3.14e-06
2026-05-15 02:01:32,390  INFO  Epoch 1/1 | Step 67360/34883 | Loss 2.0387 | LR 3.12e-06
2026-05-15 02:01:37,354  INFO  Epoch 1/1 | Step 67370/34883 | Loss 2.1185 | LR 3.09e-06
2026-05-15 02:01:42,319  INFO  Epoch 1/1 | Step 67380/34883 | Loss 2.0147 | LR 3.06e-06
2026-05-15 02:01:47,288  INFO  Epoch 1/1 | Step 67390/34883 | Loss 2.0888 | LR 3.04e-06
2026-05-15 02:01:52,255  INFO  Epoch 1/1 | Step 67400/34883 | Loss 2.1350 | LR 3.01e-06
2026-05-15 02:01:57,222  INFO  Epoch 1/1 | Step 67410/34883 | Loss 1.9299 | LR 2.99e-06
2026-05-15 02:02:02,184  INFO  Epoch 1/1 | Step 67420/34883 | Loss 2.1685 | LR 2.96e-06
2026-05-15 02:02:07,154  INFO  Epoch 1/1 | Step 67430/34883 | Loss 2.0182 | LR 2.94e-06
2026-05-15 02:02:12,120  INFO  Epoch 1/1 | Step 67440/34883 | Loss 1.9420 | LR 2.91e-06
2026-05-15 02:02:17,076  INFO  Epoch 1/1 | Step 67450/34883 | Loss 1.9957 | LR 2.89e-06
2026-05-15 02:02:22,034  INFO  Epoch 1/1 | Step 67460/34883 | Loss 1.9527 | LR 2.86e-06
2026-05-15 02:02:26,997  INFO  Epoch 1/1 | Step 67470/34883 | Loss 2.0316 | LR 2.84e-06
2026-05-15 02:02:31,962  INFO  Epoch 1/1 | Step 67480/34883 | Loss 1.9921 | LR 2.81e-06
2026-05-15 02:02:36,924  INFO  Epoch 1/1 | Step 67490/34883 | Loss 1.9966 | LR 2.79e-06
2026-05-15 02:02:41,892  INFO  Epoch 1/1 | Step 67500/34883 | Loss 2.1054 | LR 2.76e-06
2026-05-15 02:02:46,866  INFO  Epoch 1/1 | Step 67510/34883 | Loss 1.9447 | LR 2.74e-06
2026-05-15 02:02:51,843  INFO  Epoch 1/1 | Step 67520/34883 | Loss 1.9490 | LR 2.72e-06
2026-05-15 02:02:56,821  INFO  Epoch 1/1 | Step 67530/34883 | Loss 1.8913 | LR 2.69e-06
2026-05-15 02:03:01,802  INFO  Epoch 1/1 | Step 67540/34883 | Loss 2.1577 | LR 2.67e-06
2026-05-15 02:03:06,768  INFO  Epoch 1/1 | Step 67550/34883 | Loss 2.0478 | LR 2.64e-06
2026-05-15 02:03:11,739  INFO  Epoch 1/1 | Step 67560/34883 | Loss 2.0757 | LR 2.62e-06
2026-05-15 02:03:16,701  INFO  Epoch 1/1 | Step 67570/34883 | Loss 2.0635 | LR 2.60e-06
2026-05-15 02:03:21,672  INFO  Epoch 1/1 | Step 67580/34883 | Loss 1.9718 | LR 2.57e-06
2026-05-15 02:03:26,635  INFO  Epoch 1/1 | Step 67590/34883 | Loss 1.9358 | LR 2.55e-06
2026-05-15 02:03:31,609  INFO  Epoch 1/1 | Step 67600/34883 | Loss 1.9948 | LR 2.53e-06
2026-05-15 02:03:36,564  INFO  Epoch 1/1 | Step 67610/34883 | Loss 2.1843 | LR 2.50e-06
2026-05-15 02:03:41,531  INFO  Epoch 1/1 | Step 67620/34883 | Loss 2.0712 | LR 2.48e-06
2026-05-15 02:03:46,494  INFO  Epoch 1/1 | Step 67630/34883 | Loss 1.9696 | LR 2.46e-06
2026-05-15 02:03:51,460  INFO  Epoch 1/1 | Step 67640/34883 | Loss 1.8881 | LR 2.43e-06
2026-05-15 02:03:56,429  INFO  Epoch 1/1 | Step 67650/34883 | Loss 2.0613 | LR 2.41e-06
2026-05-15 02:04:01,395  INFO  Epoch 1/1 | Step 67660/34883 | Loss 1.9405 | LR 2.39e-06
2026-05-15 02:04:06,364  INFO  Epoch 1/1 | Step 67670/34883 | Loss 1.9573 | LR 2.37e-06
2026-05-15 02:04:11,327  INFO  Epoch 1/1 | Step 67680/34883 | Loss 2.0094 | LR 2.34e-06
2026-05-15 02:04:16,282  INFO  Epoch 1/1 | Step 67690/34883 | Loss 1.9978 | LR 2.32e-06
2026-05-15 02:04:21,240  INFO  Epoch 1/1 | Step 67700/34883 | Loss 1.8998 | LR 2.30e-06
2026-05-15 02:04:26,207  INFO  Epoch 1/1 | Step 67710/34883 | Loss 2.0476 | LR 2.28e-06
2026-05-15 02:04:31,171  INFO  Epoch 1/1 | Step 67720/34883 | Loss 1.9460 | LR 2.25e-06
2026-05-15 02:04:36,129  INFO  Epoch 1/1 | Step 67730/34883 | Loss 1.9434 | LR 2.23e-06
2026-05-15 02:04:41,094  INFO  Epoch 1/1 | Step 67740/34883 | Loss 1.7779 | LR 2.21e-06
2026-05-15 02:04:46,050  INFO  Epoch 1/1 | Step 67750/34883 | Loss 1.9057 | LR 2.19e-06
2026-05-15 02:04:51,000  INFO  Epoch 1/1 | Step 67760/34883 | Loss 2.0827 | LR 2.17e-06
2026-05-15 02:04:55,960  INFO  Epoch 1/1 | Step 67770/34883 | Loss 2.1263 | LR 2.14e-06
2026-05-15 02:05:00,925  INFO  Epoch 1/1 | Step 67780/34883 | Loss 1.9328 | LR 2.12e-06
2026-05-15 02:05:05,890  INFO  Epoch 1/1 | Step 67790/34883 | Loss 2.0011 | LR 2.10e-06
2026-05-15 02:05:10,848  INFO  Epoch 1/1 | Step 67800/34883 | Loss 2.0273 | LR 2.08e-06
2026-05-15 02:05:15,809  INFO  Epoch 1/1 | Step 67810/34883 | Loss 2.1727 | LR 2.06e-06
2026-05-15 02:05:20,768  INFO  Epoch 1/1 | Step 67820/34883 | Loss 1.8131 | LR 2.04e-06
2026-05-15 02:05:25,734  INFO  Epoch 1/1 | Step 67830/34883 | Loss 2.0522 | LR 2.02e-06
2026-05-15 02:05:30,679  INFO  Epoch 1/1 | Step 67840/34883 | Loss 1.9582 | LR 2.00e-06
2026-05-15 02:05:35,637  INFO  Epoch 1/1 | Step 67850/34883 | Loss 1.8605 | LR 1.98e-06
2026-05-15 02:05:40,599  INFO  Epoch 1/1 | Step 67860/34883 | Loss 1.8985 | LR 1.96e-06
2026-05-15 02:05:45,559  INFO  Epoch 1/1 | Step 67870/34883 | Loss 2.0757 | LR 1.94e-06
2026-05-15 02:05:50,531  INFO  Epoch 1/1 | Step 67880/34883 | Loss 2.0086 | LR 1.92e-06
2026-05-15 02:05:55,485  INFO  Epoch 1/1 | Step 67890/34883 | Loss 1.9175 | LR 1.89e-06
2026-05-15 02:06:00,447  INFO  Epoch 1/1 | Step 67900/34883 | Loss 1.9998 | LR 1.87e-06
2026-05-15 02:06:05,413  INFO  Epoch 1/1 | Step 67910/34883 | Loss 2.0218 | LR 1.85e-06
2026-05-15 02:06:10,369  INFO  Epoch 1/1 | Step 67920/34883 | Loss 1.8851 | LR 1.83e-06
2026-05-15 02:06:15,329  INFO  Epoch 1/1 | Step 67930/34883 | Loss 1.9548 | LR 1.82e-06
2026-05-15 02:06:20,289  INFO  Epoch 1/1 | Step 67940/34883 | Loss 2.0685 | LR 1.80e-06
2026-05-15 02:06:25,243  INFO  Epoch 1/1 | Step 67950/34883 | Loss 2.0306 | LR 1.78e-06
2026-05-15 02:06:30,200  INFO  Epoch 1/1 | Step 67960/34883 | Loss 2.0065 | LR 1.76e-06
2026-05-15 02:06:35,155  INFO  Epoch 1/1 | Step 67970/34883 | Loss 2.0264 | LR 1.74e-06
2026-05-15 02:06:40,114  INFO  Epoch 1/1 | Step 67980/34883 | Loss 1.9396 | LR 1.72e-06
2026-05-15 02:06:45,064  INFO  Epoch 1/1 | Step 67990/34883 | Loss 1.9338 | LR 1.70e-06
2026-05-15 02:06:50,013  INFO  Epoch 1/1 | Step 68000/34883 | Loss 2.0272 | LR 1.68e-06
2026-05-15 02:06:54,968  INFO  Epoch 1/1 | Step 68010/34883 | Loss 2.1497 | LR 1.66e-06
2026-05-15 02:06:59,929  INFO  Epoch 1/1 | Step 68020/34883 | Loss 1.9993 | LR 1.64e-06
2026-05-15 02:07:04,887  INFO  Epoch 1/1 | Step 68030/34883 | Loss 2.0297 | LR 1.62e-06
2026-05-15 02:07:09,836  INFO  Epoch 1/1 | Step 68040/34883 | Loss 2.0637 | LR 1.60e-06
2026-05-15 02:07:14,798  INFO  Epoch 1/1 | Step 68050/34883 | Loss 2.0280 | LR 1.59e-06
2026-05-15 02:07:19,752  INFO  Epoch 1/1 | Step 68060/34883 | Loss 1.8931 | LR 1.57e-06
2026-05-15 02:07:24,711  INFO  Epoch 1/1 | Step 68070/34883 | Loss 1.9804 | LR 1.55e-06
2026-05-15 02:07:29,664  INFO  Epoch 1/1 | Step 68080/34883 | Loss 1.9435 | LR 1.53e-06
2026-05-15 02:07:34,617  INFO  Epoch 1/1 | Step 68090/34883 | Loss 2.0150 | LR 1.51e-06
2026-05-15 02:07:39,564  INFO  Epoch 1/1 | Step 68100/34883 | Loss 1.7537 | LR 1.49e-06
2026-05-15 02:07:44,521  INFO  Epoch 1/1 | Step 68110/34883 | Loss 1.8847 | LR 1.48e-06
2026-05-15 02:07:49,478  INFO  Epoch 1/1 | Step 68120/34883 | Loss 2.0250 | LR 1.46e-06
2026-05-15 02:07:54,427  INFO  Epoch 1/1 | Step 68130/34883 | Loss 1.9024 | LR 1.44e-06
2026-05-15 02:07:59,390  INFO  Epoch 1/1 | Step 68140/34883 | Loss 1.9541 | LR 1.42e-06
2026-05-15 02:08:04,348  INFO  Epoch 1/1 | Step 68150/34883 | Loss 2.0776 | LR 1.41e-06
2026-05-15 02:08:09,298  INFO  Epoch 1/1 | Step 68160/34883 | Loss 1.9888 | LR 1.39e-06
2026-05-15 02:08:14,245  INFO  Epoch 1/1 | Step 68170/34883 | Loss 2.1230 | LR 1.37e-06
2026-05-15 02:08:19,199  INFO  Epoch 1/1 | Step 68180/34883 | Loss 2.0213 | LR 1.35e-06
2026-05-15 02:08:24,153  INFO  Epoch 1/1 | Step 68190/34883 | Loss 1.8096 | LR 1.34e-06
2026-05-15 02:08:29,098  INFO  Epoch 1/1 | Step 68200/34883 | Loss 1.9953 | LR 1.32e-06
2026-05-15 02:08:34,049  INFO  Epoch 1/1 | Step 68210/34883 | Loss 2.0787 | LR 1.30e-06
2026-05-15 02:08:38,993  INFO  Epoch 1/1 | Step 68220/34883 | Loss 1.7867 | LR 1.29e-06
2026-05-15 02:08:43,941  INFO  Epoch 1/1 | Step 68230/34883 | Loss 2.0228 | LR 1.27e-06
2026-05-15 02:08:48,886  INFO  Epoch 1/1 | Step 68240/34883 | Loss 1.9911 | LR 1.25e-06
2026-05-15 02:08:53,816  INFO  Epoch 1/1 | Step 68250/34883 | Loss 1.9019 | LR 1.24e-06
2026-05-15 02:08:58,765  INFO  Epoch 1/1 | Step 68260/34883 | Loss 1.9691 | LR 1.22e-06
2026-05-15 02:09:03,706  INFO  Epoch 1/1 | Step 68270/34883 | Loss 2.0570 | LR 1.21e-06
2026-05-15 02:09:08,664  INFO  Epoch 1/1 | Step 68280/34883 | Loss 2.1329 | LR 1.19e-06
2026-05-15 02:09:13,612  INFO  Epoch 1/1 | Step 68290/34883 | Loss 1.9073 | LR 1.17e-06
2026-05-15 02:09:18,559  INFO  Epoch 1/1 | Step 68300/34883 | Loss 1.9828 | LR 1.16e-06
2026-05-15 02:09:23,518  INFO  Epoch 1/1 | Step 68310/34883 | Loss 2.1658 | LR 1.14e-06
2026-05-15 02:09:28,480  INFO  Epoch 1/1 | Step 68320/34883 | Loss 1.8056 | LR 1.13e-06
2026-05-15 02:09:33,427  INFO  Epoch 1/1 | Step 68330/34883 | Loss 1.8484 | LR 1.11e-06
2026-05-15 02:09:38,381  INFO  Epoch 1/1 | Step 68340/34883 | Loss 2.0160 | LR 1.10e-06
2026-05-15 02:09:43,340  INFO  Epoch 1/1 | Step 68350/34883 | Loss 1.9232 | LR 1.08e-06
2026-05-15 02:09:48,297  INFO  Epoch 1/1 | Step 68360/34883 | Loss 1.9717 | LR 1.06e-06
2026-05-15 02:09:53,255  INFO  Epoch 1/1 | Step 68370/34883 | Loss 1.9171 | LR 1.05e-06
2026-05-15 02:09:58,201  INFO  Epoch 1/1 | Step 68380/34883 | Loss 1.9979 | LR 1.03e-06
2026-05-15 02:10:03,163  INFO  Epoch 1/1 | Step 68390/34883 | Loss 1.9623 | LR 1.02e-06
2026-05-15 02:10:08,116  INFO  Epoch 1/1 | Step 68400/34883 | Loss 1.9793 | LR 1.00e-06
2026-05-15 02:10:13,077  INFO  Epoch 1/1 | Step 68410/34883 | Loss 2.0118 | LR 9.90e-07
2026-05-15 02:10:18,030  INFO  Epoch 1/1 | Step 68420/34883 | Loss 1.9736 | LR 9.76e-07
2026-05-15 02:10:22,987  INFO  Epoch 1/1 | Step 68430/34883 | Loss 2.0616 | LR 9.61e-07
2026-05-15 02:10:27,934  INFO  Epoch 1/1 | Step 68440/34883 | Loss 2.0048 | LR 9.47e-07
2026-05-15 02:10:32,882  INFO  Epoch 1/1 | Step 68450/34883 | Loss 1.9895 | LR 9.33e-07
2026-05-15 02:10:37,838  INFO  Epoch 1/1 | Step 68460/34883 | Loss 1.9257 | LR 9.19e-07
2026-05-15 02:10:42,798  INFO  Epoch 1/1 | Step 68470/34883 | Loss 2.0179 | LR 9.05e-07
2026-05-15 02:10:47,756  INFO  Epoch 1/1 | Step 68480/34883 | Loss 2.2551 | LR 8.91e-07
2026-05-15 02:10:52,711  INFO  Epoch 1/1 | Step 68490/34883 | Loss 2.0683 | LR 8.77e-07
2026-05-15 02:10:57,664  INFO  Epoch 1/1 | Step 68500/34883 | Loss 1.9091 | LR 8.63e-07
2026-05-15 02:11:02,624  INFO  Epoch 1/1 | Step 68510/34883 | Loss 2.0647 | LR 8.50e-07
2026-05-15 02:11:07,575  INFO  Epoch 1/1 | Step 68520/34883 | Loss 1.9811 | LR 8.36e-07
2026-05-15 02:11:12,532  INFO  Epoch 1/1 | Step 68530/34883 | Loss 2.0328 | LR 8.23e-07
2026-05-15 02:11:17,490  INFO  Epoch 1/1 | Step 68540/34883 | Loss 1.9819 | LR 8.10e-07
2026-05-15 02:11:22,441  INFO  Epoch 1/1 | Step 68550/34883 | Loss 2.0115 | LR 7.96e-07
2026-05-15 02:11:27,392  INFO  Epoch 1/1 | Step 68560/34883 | Loss 2.1528 | LR 7.83e-07
2026-05-15 02:11:32,342  INFO  Epoch 1/1 | Step 68570/34883 | Loss 2.1221 | LR 7.70e-07
2026-05-15 02:11:37,292  INFO  Epoch 1/1 | Step 68580/34883 | Loss 2.0445 | LR 7.58e-07
2026-05-15 02:11:42,243  INFO  Epoch 1/1 | Step 68590/34883 | Loss 1.9022 | LR 7.45e-07
2026-05-15 02:11:47,210  INFO  Epoch 1/1 | Step 68600/34883 | Loss 1.9184 | LR 7.32e-07
2026-05-15 02:11:52,168  INFO  Epoch 1/1 | Step 68610/34883 | Loss 1.9632 | LR 7.20e-07
2026-05-15 02:11:57,125  INFO  Epoch 1/1 | Step 68620/34883 | Loss 2.1378 | LR 7.07e-07
2026-05-15 02:12:02,094  INFO  Epoch 1/1 | Step 68630/34883 | Loss 1.9197 | LR 6.95e-07
2026-05-15 02:12:07,051  INFO  Epoch 1/1 | Step 68640/34883 | Loss 2.2170 | LR 6.83e-07
2026-05-15 02:12:12,011  INFO  Epoch 1/1 | Step 68650/34883 | Loss 2.1162 | LR 6.71e-07
2026-05-15 02:12:16,966  INFO  Epoch 1/1 | Step 68660/34883 | Loss 1.8716 | LR 6.59e-07
2026-05-15 02:12:21,916  INFO  Epoch 1/1 | Step 68670/34883 | Loss 2.1365 | LR 6.47e-07
2026-05-15 02:12:26,872  INFO  Epoch 1/1 | Step 68680/34883 | Loss 1.9780 | LR 6.35e-07
2026-05-15 02:12:31,827  INFO  Epoch 1/1 | Step 68690/34883 | Loss 1.8529 | LR 6.24e-07
2026-05-15 02:12:36,788  INFO  Epoch 1/1 | Step 68700/34883 | Loss 1.8512 | LR 6.12e-07
2026-05-15 02:12:41,732  INFO  Epoch 1/1 | Step 68710/34883 | Loss 1.7965 | LR 6.01e-07
2026-05-15 02:12:46,685  INFO  Epoch 1/1 | Step 68720/34883 | Loss 2.0724 | LR 5.89e-07
2026-05-15 02:12:51,632  INFO  Epoch 1/1 | Step 68730/34883 | Loss 1.9500 | LR 5.78e-07
2026-05-15 02:12:56,593  INFO  Epoch 1/1 | Step 68740/34883 | Loss 2.1260 | LR 5.67e-07
2026-05-15 02:13:01,538  INFO  Epoch 1/1 | Step 68750/34883 | Loss 1.8532 | LR 5.56e-07
2026-05-15 02:13:06,494  INFO  Epoch 1/1 | Step 68760/34883 | Loss 2.0311 | LR 5.45e-07
2026-05-15 02:13:11,441  INFO  Epoch 1/1 | Step 68770/34883 | Loss 2.0428 | LR 5.34e-07
2026-05-15 02:13:16,393  INFO  Epoch 1/1 | Step 68780/34883 | Loss 1.9197 | LR 5.24e-07
2026-05-15 02:13:21,342  INFO  Epoch 1/1 | Step 68790/34883 | Loss 2.0357 | LR 5.13e-07
2026-05-15 02:13:26,304  INFO  Epoch 1/1 | Step 68800/34883 | Loss 1.9315 | LR 5.03e-07
2026-05-15 02:13:31,252  INFO  Epoch 1/1 | Step 68810/34883 | Loss 2.1115 | LR 4.92e-07
2026-05-15 02:13:36,211  INFO  Epoch 1/1 | Step 68820/34883 | Loss 1.9881 | LR 4.82e-07
2026-05-15 02:13:41,164  INFO  Epoch 1/1 | Step 68830/34883 | Loss 1.9350 | LR 4.72e-07
2026-05-15 02:13:46,116  INFO  Epoch 1/1 | Step 68840/34883 | Loss 1.9626 | LR 4.62e-07
2026-05-15 02:13:51,061  INFO  Epoch 1/1 | Step 68850/34883 | Loss 1.9706 | LR 4.52e-07
2026-05-15 02:13:56,006  INFO  Epoch 1/1 | Step 68860/34883 | Loss 1.9831 | LR 4.42e-07
2026-05-15 02:14:00,955  INFO  Epoch 1/1 | Step 68870/34883 | Loss 1.8305 | LR 4.32e-07
2026-05-15 02:14:05,897  INFO  Epoch 1/1 | Step 68880/34883 | Loss 1.8708 | LR 4.23e-07
2026-05-15 02:14:10,839  INFO  Epoch 1/1 | Step 68890/34883 | Loss 2.0364 | LR 4.13e-07
2026-05-15 02:14:15,784  INFO  Epoch 1/1 | Step 68900/34883 | Loss 1.9503 | LR 4.04e-07
2026-05-15 02:14:20,732  INFO  Epoch 1/1 | Step 68910/34883 | Loss 2.0683 | LR 3.95e-07
2026-05-15 02:14:25,682  INFO  Epoch 1/1 | Step 68920/34883 | Loss 2.0798 | LR 3.86e-07
2026-05-15 02:14:30,628  INFO  Epoch 1/1 | Step 68930/34883 | Loss 2.0109 | LR 3.76e-07
2026-05-15 02:14:35,582  INFO  Epoch 1/1 | Step 68940/34883 | Loss 2.0448 | LR 3.68e-07
2026-05-15 02:14:40,531  INFO  Epoch 1/1 | Step 68950/34883 | Loss 2.0705 | LR 3.59e-07
2026-05-15 02:14:45,485  INFO  Epoch 1/1 | Step 68960/34883 | Loss 1.9655 | LR 3.50e-07
2026-05-15 02:14:50,431  INFO  Epoch 1/1 | Step 68970/34883 | Loss 1.8384 | LR 3.41e-07
2026-05-15 02:14:55,389  INFO  Epoch 1/1 | Step 68980/34883 | Loss 2.2419 | LR 3.33e-07
2026-05-15 02:15:00,337  INFO  Epoch 1/1 | Step 68990/34883 | Loss 2.1859 | LR 3.24e-07
2026-05-15 02:15:05,277  INFO  Epoch 1/1 | Step 69000/34883 | Loss 1.7597 | LR 3.16e-07
2026-05-15 02:15:10,232  INFO  Epoch 1/1 | Step 69010/34883 | Loss 2.0274 | LR 3.08e-07
2026-05-15 02:15:15,180  INFO  Epoch 1/1 | Step 69020/34883 | Loss 2.1249 | LR 3.00e-07
2026-05-15 02:15:20,131  INFO  Epoch 1/1 | Step 69030/34883 | Loss 1.9742 | LR 2.92e-07
2026-05-15 02:15:25,083  INFO  Epoch 1/1 | Step 69040/34883 | Loss 1.9530 | LR 2.84e-07
2026-05-15 02:15:30,022  INFO  Epoch 1/1 | Step 69050/34883 | Loss 1.8623 | LR 2.76e-07
2026-05-15 02:15:34,972  INFO  Epoch 1/1 | Step 69060/34883 | Loss 1.9087 | LR 2.69e-07
2026-05-15 02:15:39,921  INFO  Epoch 1/1 | Step 69070/34883 | Loss 2.0845 | LR 2.61e-07
2026-05-15 02:15:44,855  INFO  Epoch 1/1 | Step 69080/34883 | Loss 2.0454 | LR 2.54e-07
2026-05-15 02:15:49,793  INFO  Epoch 1/1 | Step 69090/34883 | Loss 2.0977 | LR 2.46e-07
2026-05-15 02:15:54,739  INFO  Epoch 1/1 | Step 69100/34883 | Loss 2.0678 | LR 2.39e-07
2026-05-15 02:15:59,680  INFO  Epoch 1/1 | Step 69110/34883 | Loss 2.1157 | LR 2.32e-07
2026-05-15 02:16:04,624  INFO  Epoch 1/1 | Step 69120/34883 | Loss 1.9511 | LR 2.25e-07
2026-05-15 02:16:09,560  INFO  Epoch 1/1 | Step 69130/34883 | Loss 1.7910 | LR 2.18e-07
2026-05-15 02:16:14,504  INFO  Epoch 1/1 | Step 69140/34883 | Loss 2.0169 | LR 2.11e-07
2026-05-15 02:16:19,455  INFO  Epoch 1/1 | Step 69150/34883 | Loss 1.9700 | LR 2.04e-07
2026-05-15 02:16:24,398  INFO  Epoch 1/1 | Step 69160/34883 | Loss 1.9274 | LR 1.98e-07
2026-05-15 02:16:29,345  INFO  Epoch 1/1 | Step 69170/34883 | Loss 1.9158 | LR 1.91e-07
2026-05-15 02:16:34,294  INFO  Epoch 1/1 | Step 69180/34883 | Loss 1.8830 | LR 1.85e-07
2026-05-15 02:16:39,237  INFO  Epoch 1/1 | Step 69190/34883 | Loss 2.1022 | LR 1.79e-07
2026-05-15 02:16:44,188  INFO  Epoch 1/1 | Step 69200/34883 | Loss 2.0087 | LR 1.73e-07
2026-05-15 02:16:49,136  INFO  Epoch 1/1 | Step 69210/34883 | Loss 1.8523 | LR 1.67e-07
2026-05-15 02:16:54,082  INFO  Epoch 1/1 | Step 69220/34883 | Loss 2.0103 | LR 1.61e-07
2026-05-15 02:16:59,028  INFO  Epoch 1/1 | Step 69230/34883 | Loss 1.9872 | LR 1.55e-07
2026-05-15 02:17:03,981  INFO  Epoch 1/1 | Step 69240/34883 | Loss 1.9093 | LR 1.49e-07
2026-05-15 02:17:08,926  INFO  Epoch 1/1 | Step 69250/34883 | Loss 2.0216 | LR 1.43e-07
2026-05-15 02:17:13,874  INFO  Epoch 1/1 | Step 69260/34883 | Loss 2.0729 | LR 1.38e-07
2026-05-15 02:17:18,817  INFO  Epoch 1/1 | Step 69270/34883 | Loss 2.0381 | LR 1.33e-07
2026-05-15 02:17:23,774  INFO  Epoch 1/1 | Step 69280/34883 | Loss 1.9551 | LR 1.27e-07
2026-05-15 02:17:28,723  INFO  Epoch 1/1 | Step 69290/34883 | Loss 2.0398 | LR 1.22e-07
2026-05-15 02:17:33,677  INFO  Epoch 1/1 | Step 69300/34883 | Loss 2.0624 | LR 1.17e-07
2026-05-15 02:17:38,631  INFO  Epoch 1/1 | Step 69310/34883 | Loss 2.1626 | LR 1.12e-07
2026-05-15 02:17:43,588  INFO  Epoch 1/1 | Step 69320/34883 | Loss 1.9967 | LR 1.07e-07
2026-05-15 02:17:48,542  INFO  Epoch 1/1 | Step 69330/34883 | Loss 1.9205 | LR 1.02e-07
2026-05-15 02:17:53,489  INFO  Epoch 1/1 | Step 69340/34883 | Loss 2.1096 | LR 9.78e-08
2026-05-15 02:17:58,443  INFO  Epoch 1/1 | Step 69350/34883 | Loss 1.8786 | LR 9.32e-08
2026-05-15 02:18:03,393  INFO  Epoch 1/1 | Step 69360/34883 | Loss 1.8996 | LR 8.88e-08
2026-05-15 02:18:08,344  INFO  Epoch 1/1 | Step 69370/34883 | Loss 2.1713 | LR 8.45e-08
2026-05-15 02:18:13,294  INFO  Epoch 1/1 | Step 69380/34883 | Loss 1.9605 | LR 8.03e-08
2026-05-15 02:18:18,237  INFO  Epoch 1/1 | Step 69390/34883 | Loss 1.9394 | LR 7.62e-08
2026-05-15 02:18:23,185  INFO  Epoch 1/1 | Step 69400/34883 | Loss 2.0651 | LR 7.22e-08
2026-05-15 02:18:28,136  INFO  Epoch 1/1 | Step 69410/34883 | Loss 1.8582 | LR 6.83e-08
2026-05-15 02:18:33,090  INFO  Epoch 1/1 | Step 69420/34883 | Loss 1.9178 | LR 6.45e-08
2026-05-15 02:18:38,038  INFO  Epoch 1/1 | Step 69430/34883 | Loss 1.9234 | LR 6.08e-08
2026-05-15 02:18:42,990  INFO  Epoch 1/1 | Step 69440/34883 | Loss 1.9411 | LR 5.73e-08
2026-05-15 02:18:47,940  INFO  Epoch 1/1 | Step 69450/34883 | Loss 1.9106 | LR 5.38e-08
2026-05-15 02:18:52,898  INFO  Epoch 1/1 | Step 69460/34883 | Loss 2.0849 | LR 5.04e-08
2026-05-15 02:18:57,850  INFO  Epoch 1/1 | Step 69470/34883 | Loss 1.8741 | LR 4.72e-08
2026-05-15 02:19:02,803  INFO  Epoch 1/1 | Step 69480/34883 | Loss 1.9266 | LR 4.41e-08
2026-05-15 02:19:07,750  INFO  Epoch 1/1 | Step 69490/34883 | Loss 1.9597 | LR 4.10e-08
2026-05-15 02:19:12,697  INFO  Epoch 1/1 | Step 69500/34883 | Loss 2.0514 | LR 3.81e-08
2026-05-15 02:19:17,649  INFO  Epoch 1/1 | Step 69510/34883 | Loss 1.9669 | LR 3.53e-08
2026-05-15 02:19:22,600  INFO  Epoch 1/1 | Step 69520/34883 | Loss 2.0518 | LR 3.26e-08
2026-05-15 02:19:27,558  INFO  Epoch 1/1 | Step 69530/34883 | Loss 1.8754 | LR 3.00e-08
2026-05-15 02:19:32,518  INFO  Epoch 1/1 | Step 69540/34883 | Loss 2.0019 | LR 2.75e-08
2026-05-15 02:19:37,458  INFO  Epoch 1/1 | Step 69550/34883 | Loss 2.1575 | LR 2.51e-08
2026-05-15 02:19:42,405  INFO  Epoch 1/1 | Step 69560/34883 | Loss 2.0606 | LR 2.29e-08
2026-05-15 02:19:47,359  INFO  Epoch 1/1 | Step 69570/34883 | Loss 2.1054 | LR 2.07e-08
2026-05-15 02:19:52,314  INFO  Epoch 1/1 | Step 69580/34883 | Loss 1.9911 | LR 1.86e-08
2026-05-15 02:19:57,277  INFO  Epoch 1/1 | Step 69590/34883 | Loss 2.0797 | LR 1.67e-08
2026-05-15 02:20:02,232  INFO  Epoch 1/1 | Step 69600/34883 | Loss 2.0194 | LR 1.48e-08
2026-05-15 02:20:07,193  INFO  Epoch 1/1 | Step 69610/34883 | Loss 2.1064 | LR 1.31e-08
2026-05-15 02:20:12,150  INFO  Epoch 1/1 | Step 69620/34883 | Loss 1.9954 | LR 1.15e-08
2026-05-15 02:20:17,106  INFO  Epoch 1/1 | Step 69630/34883 | Loss 1.9250 | LR 9.96e-09
2026-05-15 02:20:22,068  INFO  Epoch 1/1 | Step 69640/34883 | Loss 2.1163 | LR 8.55e-09
2026-05-15 02:20:27,033  INFO  Epoch 1/1 | Step 69650/34883 | Loss 2.0629 | LR 7.25e-09
2026-05-15 02:20:32,004  INFO  Epoch 1/1 | Step 69660/34883 | Loss 1.8793 | LR 6.05e-09
2026-05-15 02:20:36,979  INFO  Epoch 1/1 | Step 69670/34883 | Loss 1.8873 | LR 4.97e-09
2026-05-15 02:20:41,953  INFO  Epoch 1/1 | Step 69680/34883 | Loss 1.8597 | LR 3.98e-09
2026-05-15 02:20:46,918  INFO  Epoch 1/1 | Step 69690/34883 | Loss 1.9821 | LR 3.11e-09
2026-05-15 02:20:51,886  INFO  Epoch 1/1 | Step 69700/34883 | Loss 2.0895 | LR 2.35e-09
2026-05-15 02:20:56,857  INFO  Epoch 1/1 | Step 69710/34883 | Loss 2.1341 | LR 1.69e-09
2026-05-15 02:21:01,827  INFO  Epoch 1/1 | Step 69720/34883 | Loss 1.9621 | LR 1.14e-09
2026-05-15 02:21:06,790  INFO  Epoch 1/1 | Step 69730/34883 | Loss 1.9177 | LR 6.98e-10
2026-05-15 02:21:11,761  INFO  Epoch 1/1 | Step 69740/34883 | Loss 2.0380 | LR 3.64e-10
2026-05-15 02:21:16,729  INFO  Epoch 1/1 | Step 69750/34883 | Loss 1.9422 | LR 1.38e-10
2026-05-15 02:21:21,706  INFO  Epoch 1/1 | Step 69760/34883 | Loss 2.0927 | LR 1.94e-11
2026-05-15 02:21:24,727  INFO  Epoch 1 DONE | Avg Loss 2.1753 | Time 9h 39m 53s | Total 9h 39m 53s
2026-05-15 02:21:25,030  INFO  Projector checkpoint saved → ../checkpoints/stage1/projector_epoch1.pt
2026-05-15 02:21:25,030  INFO  Stage 1 pre-training complete. Total time: 9h 39m 54s
