2026-05-16 08:28:07,692  INFO  Auto-detected H100 checkpoint: ../checkpoints/stage2_h100/step15754 (step=15754)
2026-05-16 08:28:24,627  INFO  Resuming: step=15754 phase=visualweb phase_samples=0
2026-05-16 08:28:32,803  INFO  [VWI] Loading parquet: ../data/visualwebinstruct/mixed_conversation.parquet
2026-05-16 08:28:46,069  INFO  [VWI] After single-image filter: 381829
2026-05-16 08:31:13,999  INFO  [VWI] After image-exists filter: 381827
2026-05-16 08:31:14,760  INFO  [VWI] Dataset ready: 381827 samples
2026-05-16 08:31:14,929  INFO  Phase visualweb start | batches=47728 | global_step=15754
2026-05-16 08:31:34,960  INFO  [visualweb] Step 15760/26578 | Loss 1.6782 | LR 1.05e-05 | phase_samples=192
2026-05-16 08:31:35,599  INFO  [visualweb] Step 15760/26578 | Loss 0.0659 | LR 1.05e-05 | phase_samples=200
2026-05-16 08:31:36,329  INFO  [visualweb] Step 15760/26578 | Loss 0.0508 | LR 1.05e-05 | phase_samples=208
2026-05-16 08:31:36,988  INFO  [visualweb] Step 15760/26578 | Loss 0.0512 | LR 1.05e-05 | phase_samples=216
2026-05-16 08:32:09,669  INFO  [visualweb] Step 15770/26578 | Loss 2.4256 | LR 1.05e-05 | phase_samples=512
2026-05-16 08:32:10,162  INFO  [visualweb] Step 15770/26578 | Loss 0.0703 | LR 1.05e-05 | phase_samples=520
2026-05-16 08:32:10,624  INFO  [visualweb] Step 15770/26578 | Loss 0.1114 | LR 1.05e-05 | phase_samples=528
2026-05-16 08:32:11,539  INFO  [visualweb] Step 15770/26578 | Loss 0.0684 | LR 1.05e-05 | phase_samples=536
2026-05-16 08:32:43,340  INFO  [visualweb] Step 15780/26578 | Loss 2.5579 | LR 1.05e-05 | phase_samples=832
2026-05-16 08:32:44,003  INFO  [visualweb] Step 15780/26578 | Loss 0.0583 | LR 1.05e-05 | phase_samples=840
2026-05-16 08:32:44,586  INFO  [visualweb] Step 15780/26578 | Loss 0.0657 | LR 1.05e-05 | phase_samples=848
2026-05-16 08:32:45,706  INFO  [visualweb] Step 15780/26578 | Loss 0.0392 | LR 1.05e-05 | phase_samples=856
2026-05-16 08:33:17,306  INFO  [visualweb] Step 15790/26578 | Loss 2.5126 | LR 1.05e-05 | phase_samples=1152
2026-05-16 08:33:18,312  INFO  [visualweb] Step 15790/26578 | Loss 0.0628 | LR 1.05e-05 | phase_samples=1160
2026-05-16 08:33:18,809  INFO  [visualweb] Step 15790/26578 | Loss 0.0793 | LR 1.05e-05 | phase_samples=1168
2026-05-16 08:33:19,313  INFO  [visualweb] Step 15790/26578 | Loss 0.0809 | LR 1.05e-05 | phase_samples=1176
2026-05-16 08:33:50,123  INFO  [visualweb] Step 15800/26578 | Loss 2.5003 | LR 1.05e-05 | phase_samples=1472
2026-05-16 08:33:51,580  INFO  [visualweb] Step 15800/26578 | Loss 0.0904 | LR 1.05e-05 | phase_samples=1480
2026-05-16 08:33:52,341  INFO  [visualweb] Step 15800/26578 | Loss 0.0533 | LR 1.05e-05 | phase_samples=1488
2026-05-16 08:33:53,377  INFO  [visualweb] Step 15800/26578 | Loss 0.0476 | LR 1.05e-05 | phase_samples=1496
2026-05-16 08:34:25,676  INFO  [visualweb] Step 15810/26578 | Loss 2.4676 | LR 1.05e-05 | phase_samples=1792
2026-05-16 08:34:26,150  INFO  [visualweb] Step 15810/26578 | Loss 0.0923 | LR 1.05e-05 | phase_samples=1800
2026-05-16 08:34:26,651  INFO  [visualweb] Step 15810/26578 | Loss 0.0565 | LR 1.05e-05 | phase_samples=1808
2026-05-16 08:34:27,663  INFO  [visualweb] Step 15810/26578 | Loss 0.0972 | LR 1.05e-05 | phase_samples=1816
2026-05-16 08:34:57,744  INFO  [visualweb] Step 15820/26578 | Loss 2.5516 | LR 1.04e-05 | phase_samples=2112
2026-05-16 08:34:58,666  INFO  [visualweb] Step 15820/26578 | Loss 0.0611 | LR 1.04e-05 | phase_samples=2120
2026-05-16 08:34:59,995  INFO  [visualweb] Step 15820/26578 | Loss 0.0626 | LR 1.04e-05 | phase_samples=2128
2026-05-16 08:35:00,993  INFO  [visualweb] Step 15820/26578 | Loss 0.0736 | LR 1.04e-05 | phase_samples=2136
2026-05-16 08:35:34,306  INFO  [visualweb] Step 15830/26578 | Loss 2.2427 | LR 1.04e-05 | phase_samples=2432
2026-05-16 08:35:34,777  INFO  [visualweb] Step 15830/26578 | Loss 0.0779 | LR 1.04e-05 | phase_samples=2440
2026-05-16 08:35:35,466  INFO  [visualweb] Step 15830/26578 | Loss 0.0704 | LR 1.04e-05 | phase_samples=2448
2026-05-16 08:35:36,230  INFO  [visualweb] Step 15830/26578 | Loss 0.0625 | LR 1.04e-05 | phase_samples=2456
2026-05-16 08:36:04,023  INFO  [visualweb] Step 15840/26578 | Loss 2.6601 | LR 1.04e-05 | phase_samples=2752
2026-05-16 08:36:05,032  INFO  [visualweb] Step 15840/26578 | Loss 0.0679 | LR 1.04e-05 | phase_samples=2760
2026-05-16 08:36:05,952  INFO  [visualweb] Step 15840/26578 | Loss 0.0505 | LR 1.04e-05 | phase_samples=2768
2026-05-16 08:36:07,091  INFO  [visualweb] Step 15840/26578 | Loss 0.0492 | LR 1.04e-05 | phase_samples=2776
2026-05-16 08:36:39,019  INFO  [visualweb] Step 15850/26578 | Loss 2.3957 | LR 1.04e-05 | phase_samples=3072
2026-05-16 08:36:39,817  INFO  [visualweb] Step 15850/26578 | Loss 0.0554 | LR 1.04e-05 | phase_samples=3080
2026-05-16 08:36:40,928  INFO  [visualweb] Step 15850/26578 | Loss 0.0586 | LR 1.04e-05 | phase_samples=3088
2026-05-16 08:36:41,498  INFO  [visualweb] Step 15850/26578 | Loss 0.0679 | LR 1.04e-05 | phase_samples=3096
2026-05-16 08:37:15,403  INFO  [visualweb] Step 15860/26578 | Loss 2.4778 | LR 1.04e-05 | phase_samples=3392
2026-05-16 08:37:16,028  INFO  [visualweb] Step 15860/26578 | Loss 0.0627 | LR 1.04e-05 | phase_samples=3400
2026-05-16 08:37:16,905  INFO  [visualweb] Step 15860/26578 | Loss 0.0537 | LR 1.04e-05 | phase_samples=3408
2026-05-16 08:37:17,940  INFO  [visualweb] Step 15860/26578 | Loss 0.0674 | LR 1.04e-05 | phase_samples=3416
2026-05-16 08:37:50,273  INFO  [visualweb] Step 15870/26578 | Loss 2.5521 | LR 1.04e-05 | phase_samples=3712
2026-05-16 08:37:50,905  INFO  [visualweb] Step 15870/26578 | Loss 0.0593 | LR 1.04e-05 | phase_samples=3720
2026-05-16 08:37:51,630  INFO  [visualweb] Step 15870/26578 | Loss 0.0470 | LR 1.04e-05 | phase_samples=3728
2026-05-16 08:37:52,433  INFO  [visualweb] Step 15870/26578 | Loss 0.0610 | LR 1.04e-05 | phase_samples=3736
2026-05-16 08:38:24,205  INFO  [visualweb] Step 15880/26578 | Loss 2.3371 | LR 1.04e-05 | phase_samples=4032
2026-05-16 08:38:25,116  INFO  [visualweb] Step 15880/26578 | Loss 0.0463 | LR 1.04e-05 | phase_samples=4040
2026-05-16 08:38:25,729  INFO  [visualweb] Step 15880/26578 | Loss 0.0780 | LR 1.04e-05 | phase_samples=4048
2026-05-16 08:38:26,588  INFO  [visualweb] Step 15880/26578 | Loss 0.0428 | LR 1.04e-05 | phase_samples=4056
2026-05-16 08:38:54,941  INFO  [visualweb] Step 15890/26578 | Loss 2.3088 | LR 1.04e-05 | phase_samples=4352
2026-05-16 08:38:55,863  INFO  [visualweb] Step 15890/26578 | Loss 0.0524 | LR 1.04e-05 | phase_samples=4360
2026-05-16 08:38:56,776  INFO  [visualweb] Step 15890/26578 | Loss 0.0791 | LR 1.04e-05 | phase_samples=4368
2026-05-16 08:38:57,804  INFO  [visualweb] Step 15890/26578 | Loss 0.0786 | LR 1.04e-05 | phase_samples=4376
2026-05-16 08:39:27,833  INFO  [visualweb] Step 15900/26578 | Loss 2.3429 | LR 1.04e-05 | phase_samples=4672
2026-05-16 08:39:28,741  INFO  [visualweb] Step 15900/26578 | Loss 0.0549 | LR 1.04e-05 | phase_samples=4680
2026-05-16 08:39:29,652  INFO  [visualweb] Step 15900/26578 | Loss 0.0540 | LR 1.04e-05 | phase_samples=4688
2026-05-16 08:39:30,458  INFO  [visualweb] Step 15900/26578 | Loss 0.0640 | LR 1.04e-05 | phase_samples=4696
2026-05-16 08:40:04,020  INFO  [visualweb] Step 15910/26578 | Loss 2.3574 | LR 1.03e-05 | phase_samples=4992
2026-05-16 08:40:04,807  INFO  [visualweb] Step 15910/26578 | Loss 0.0347 | LR 1.03e-05 | phase_samples=5000
2026-05-16 08:40:05,692  INFO  [visualweb] Step 15910/26578 | Loss 0.0471 | LR 1.03e-05 | phase_samples=5008
2026-05-16 08:40:06,335  INFO  [visualweb] Step 15910/26578 | Loss 0.0480 | LR 1.03e-05 | phase_samples=5016
2026-05-16 08:40:37,761  INFO  [visualweb] Step 15920/26578 | Loss 2.2547 | LR 1.03e-05 | phase_samples=5312
2026-05-16 08:40:38,204  INFO  [visualweb] Step 15920/26578 | Loss 0.1051 | LR 1.03e-05 | phase_samples=5320
2026-05-16 08:40:38,732  INFO  [visualweb] Step 15920/26578 | Loss 0.0547 | LR 1.03e-05 | phase_samples=5328
2026-05-16 08:40:39,539  INFO  [visualweb] Step 15920/26578 | Loss 0.0912 | LR 1.03e-05 | phase_samples=5336
2026-05-16 08:41:10,624  INFO  [visualweb] Step 15930/26578 | Loss 2.3929 | LR 1.03e-05 | phase_samples=5632
2026-05-16 08:41:11,391  INFO  [visualweb] Step 15930/26578 | Loss 0.0760 | LR 1.03e-05 | phase_samples=5640
2026-05-16 08:41:12,151  INFO  [visualweb] Step 15930/26578 | Loss 0.0400 | LR 1.03e-05 | phase_samples=5648
2026-05-16 08:41:13,075  INFO  [visualweb] Step 15930/26578 | Loss 0.0737 | LR 1.03e-05 | phase_samples=5656
2026-05-16 08:41:46,593  INFO  [visualweb] Step 15940/26578 | Loss 2.3580 | LR 1.03e-05 | phase_samples=5952
2026-05-16 08:41:47,262  INFO  [visualweb] Step 15940/26578 | Loss 0.0407 | LR 1.03e-05 | phase_samples=5960
2026-05-16 08:41:48,345  INFO  [visualweb] Step 15940/26578 | Loss 0.0504 | LR 1.03e-05 | phase_samples=5968
2026-05-16 08:41:49,206  INFO  [visualweb] Step 15940/26578 | Loss 0.0462 | LR 1.03e-05 | phase_samples=5976
2026-05-16 08:42:22,928  INFO  [visualweb] Step 15950/26578 | Loss 2.2555 | LR 1.03e-05 | phase_samples=6272
2026-05-16 08:42:24,296  INFO  [visualweb] Step 15950/26578 | Loss 0.0607 | LR 1.03e-05 | phase_samples=6280
2026-05-16 08:42:25,680  INFO  [visualweb] Step 15950/26578 | Loss 0.0377 | LR 1.03e-05 | phase_samples=6288
2026-05-16 08:42:26,141  INFO  [visualweb] Step 15950/26578 | Loss 0.0830 | LR 1.03e-05 | phase_samples=6296
2026-05-16 08:43:00,081  INFO  [visualweb] Step 15960/26578 | Loss 2.3651 | LR 1.03e-05 | phase_samples=6592
2026-05-16 08:43:00,803  INFO  [visualweb] Step 15960/26578 | Loss 0.0544 | LR 1.03e-05 | phase_samples=6600
2026-05-16 08:43:01,789  INFO  [visualweb] Step 15960/26578 | Loss 0.0776 | LR 1.03e-05 | phase_samples=6608
2026-05-16 08:43:03,184  INFO  [visualweb] Step 15960/26578 | Loss 0.0978 | LR 1.03e-05 | phase_samples=6616
2026-05-16 08:43:31,846  INFO  [visualweb] Step 15970/26578 | Loss 2.2850 | LR 1.03e-05 | phase_samples=6912
2026-05-16 08:43:32,858  INFO  [visualweb] Step 15970/26578 | Loss 0.0562 | LR 1.03e-05 | phase_samples=6920
2026-05-16 08:43:33,835  INFO  [visualweb] Step 15970/26578 | Loss 0.0684 | LR 1.03e-05 | phase_samples=6928
2026-05-16 08:43:34,440  INFO  [visualweb] Step 15970/26578 | Loss 0.0808 | LR 1.03e-05 | phase_samples=6936
2026-05-16 08:44:06,640  INFO  [visualweb] Step 15980/26578 | Loss 2.6964 | LR 1.03e-05 | phase_samples=7232
2026-05-16 08:44:07,799  INFO  [visualweb] Step 15980/26578 | Loss 0.0519 | LR 1.03e-05 | phase_samples=7240
2026-05-16 08:44:08,398  INFO  [visualweb] Step 15980/26578 | Loss 0.0694 | LR 1.03e-05 | phase_samples=7248
2026-05-16 08:44:09,241  INFO  [visualweb] Step 15980/26578 | Loss 0.0744 | LR 1.03e-05 | phase_samples=7256
2026-05-16 08:44:41,850  INFO  [visualweb] Step 15990/26578 | Loss 2.4721 | LR 1.02e-05 | phase_samples=7552
2026-05-16 08:44:42,568  INFO  [visualweb] Step 15990/26578 | Loss 0.0560 | LR 1.02e-05 | phase_samples=7560
2026-05-16 08:44:43,949  INFO  [visualweb] Step 15990/26578 | Loss 0.1519 | LR 1.02e-05 | phase_samples=7568
2026-05-16 08:44:44,603  INFO  [visualweb] Step 15990/26578 | Loss 0.0530 | LR 1.02e-05 | phase_samples=7576
2026-05-16 08:45:15,338  INFO  [visualweb] Step 16000/26578 | Loss 2.1771 | LR 1.02e-05 | phase_samples=7872
2026-05-16 08:45:16,129  INFO  [visualweb] Step 16000/26578 | Loss 0.0684 | LR 1.02e-05 | phase_samples=7880
2026-05-16 08:45:16,794  INFO  [visualweb] Step 16000/26578 | Loss 0.0423 | LR 1.02e-05 | phase_samples=7888
2026-05-16 08:45:17,530  INFO  [visualweb] Step 16000/26578 | Loss 0.0571 | LR 1.02e-05 | phase_samples=7896
2026-05-16 08:45:46,085  INFO  [visualweb] Step 16010/26578 | Loss 2.6574 | LR 1.02e-05 | phase_samples=8192
2026-05-16 08:45:46,704  INFO  [visualweb] Step 16010/26578 | Loss 0.0817 | LR 1.02e-05 | phase_samples=8200
2026-05-16 08:45:47,194  INFO  [visualweb] Step 16010/26578 | Loss 0.0852 | LR 1.02e-05 | phase_samples=8208
2026-05-16 08:45:48,065  INFO  [visualweb] Step 16010/26578 | Loss 0.0408 | LR 1.02e-05 | phase_samples=8216
2026-05-16 08:46:20,486  INFO  [visualweb] Step 16020/26578 | Loss 2.8886 | LR 1.02e-05 | phase_samples=8512
2026-05-16 08:46:21,244  INFO  [visualweb] Step 16020/26578 | Loss 0.0579 | LR 1.02e-05 | phase_samples=8520
2026-05-16 08:46:22,127  INFO  [visualweb] Step 16020/26578 | Loss 0.0641 | LR 1.02e-05 | phase_samples=8528
2026-05-16 08:46:22,932  INFO  [visualweb] Step 16020/26578 | Loss 0.0503 | LR 1.02e-05 | phase_samples=8536
2026-05-16 08:46:54,008  INFO  [visualweb] Step 16030/26578 | Loss 2.5627 | LR 1.02e-05 | phase_samples=8832
2026-05-16 08:46:54,677  INFO  [visualweb] Step 16030/26578 | Loss 0.0520 | LR 1.02e-05 | phase_samples=8840
2026-05-16 08:46:55,205  INFO  [visualweb] Step 16030/26578 | Loss 0.0601 | LR 1.02e-05 | phase_samples=8848
2026-05-16 08:46:55,771  INFO  [visualweb] Step 16030/26578 | Loss 0.0949 | LR 1.02e-05 | phase_samples=8856
2026-05-16 08:47:27,701  INFO  [visualweb] Step 16040/26578 | Loss 2.5141 | LR 1.02e-05 | phase_samples=9152
2026-05-16 08:47:28,881  INFO  [visualweb] Step 16040/26578 | Loss 0.0841 | LR 1.02e-05 | phase_samples=9160
2026-05-16 08:47:29,392  INFO  [visualweb] Step 16040/26578 | Loss 0.1038 | LR 1.02e-05 | phase_samples=9168
2026-05-16 08:47:30,270  INFO  [visualweb] Step 16040/26578 | Loss 0.0596 | LR 1.02e-05 | phase_samples=9176
2026-05-16 08:48:00,645  INFO  [visualweb] Step 16050/26578 | Loss 2.3909 | LR 1.02e-05 | phase_samples=9472
2026-05-16 08:48:01,759  INFO  [visualweb] Step 16050/26578 | Loss 0.0604 | LR 1.02e-05 | phase_samples=9480
2026-05-16 08:48:02,452  INFO  [visualweb] Step 16050/26578 | Loss 0.0534 | LR 1.02e-05 | phase_samples=9488
2026-05-16 08:48:02,970  INFO  [visualweb] Step 16050/26578 | Loss 0.0911 | LR 1.02e-05 | phase_samples=9496
2026-05-16 08:48:34,437  INFO  [visualweb] Step 16060/26578 | Loss 2.3519 | LR 1.02e-05 | phase_samples=9792
2026-05-16 08:48:35,560  INFO  [visualweb] Step 16060/26578 | Loss 0.0646 | LR 1.02e-05 | phase_samples=9800
2026-05-16 08:48:36,049  INFO  [visualweb] Step 16060/26578 | Loss 0.0727 | LR 1.02e-05 | phase_samples=9808
2026-05-16 08:48:36,775  INFO  [visualweb] Step 16060/26578 | Loss 0.0552 | LR 1.02e-05 | phase_samples=9816
2026-05-16 08:49:05,816  INFO  [visualweb] Step 16070/26578 | Loss 2.4838 | LR 1.01e-05 | phase_samples=10112
2026-05-16 08:49:06,296  INFO  [visualweb] Step 16070/26578 | Loss 0.0974 | LR 1.01e-05 | phase_samples=10120
2026-05-16 08:49:07,177  INFO  [visualweb] Step 16070/26578 | Loss 0.0511 | LR 1.01e-05 | phase_samples=10128
2026-05-16 08:49:07,722  INFO  [visualweb] Step 16070/26578 | Loss 0.0744 | LR 1.01e-05 | phase_samples=10136
2026-05-16 08:49:39,465  INFO  [visualweb] Step 16080/26578 | Loss 2.7091 | LR 1.01e-05 | phase_samples=10432
2026-05-16 08:49:40,319  INFO  [visualweb] Step 16080/26578 | Loss 0.0517 | LR 1.01e-05 | phase_samples=10440
2026-05-16 08:49:41,795  INFO  [visualweb] Step 16080/26578 | Loss 0.0784 | LR 1.01e-05 | phase_samples=10448
2026-05-16 08:49:42,671  INFO  [visualweb] Step 16080/26578 | Loss 0.0651 | LR 1.01e-05 | phase_samples=10456
2026-05-16 08:50:12,573  INFO  [visualweb] Step 16090/26578 | Loss 2.4058 | LR 1.01e-05 | phase_samples=10752
2026-05-16 08:50:13,309  INFO  [visualweb] Step 16090/26578 | Loss 0.0421 | LR 1.01e-05 | phase_samples=10760
2026-05-16 08:50:14,047  INFO  [visualweb] Step 16090/26578 | Loss 0.0581 | LR 1.01e-05 | phase_samples=10768
2026-05-16 08:50:14,557  INFO  [visualweb] Step 16090/26578 | Loss 0.0893 | LR 1.01e-05 | phase_samples=10776
2026-05-16 08:50:45,872  INFO  [visualweb] Step 16100/26578 | Loss 2.3801 | LR 1.01e-05 | phase_samples=11072
2026-05-16 08:50:46,629  INFO  [visualweb] Step 16100/26578 | Loss 0.0378 | LR 1.01e-05 | phase_samples=11080
2026-05-16 08:50:47,508  INFO  [visualweb] Step 16100/26578 | Loss 0.0470 | LR 1.01e-05 | phase_samples=11088
2026-05-16 08:50:48,351  INFO  [visualweb] Step 16100/26578 | Loss 0.0614 | LR 1.01e-05 | phase_samples=11096
2026-05-16 08:51:18,682  INFO  [visualweb] Step 16110/26578 | Loss 2.5382 | LR 1.01e-05 | phase_samples=11392
2026-05-16 08:51:19,130  INFO  [visualweb] Step 16110/26578 | Loss 0.0849 | LR 1.01e-05 | phase_samples=11400
2026-05-16 08:51:19,875  INFO  [visualweb] Step 16110/26578 | Loss 0.0384 | LR 1.01e-05 | phase_samples=11408
2026-05-16 08:51:20,517  INFO  [visualweb] Step 16110/26578 | Loss 0.0543 | LR 1.01e-05 | phase_samples=11416
2026-05-16 08:51:50,350  INFO  [visualweb] Step 16120/26578 | Loss 2.5867 | LR 1.01e-05 | phase_samples=11712
2026-05-16 08:51:51,129  INFO  [visualweb] Step 16120/26578 | Loss 0.0527 | LR 1.01e-05 | phase_samples=11720
2026-05-16 08:51:51,703  INFO  [visualweb] Step 16120/26578 | Loss 0.0688 | LR 1.01e-05 | phase_samples=11728
2026-05-16 08:51:52,203  INFO  [visualweb] Step 16120/26578 | Loss 0.0661 | LR 1.01e-05 | phase_samples=11736
2026-05-16 08:52:24,663  INFO  [visualweb] Step 16130/26578 | Loss 2.4623 | LR 1.01e-05 | phase_samples=12032
2026-05-16 08:52:25,762  INFO  [visualweb] Step 16130/26578 | Loss 0.0446 | LR 1.01e-05 | phase_samples=12040
2026-05-16 08:52:26,404  INFO  [visualweb] Step 16130/26578 | Loss 0.0692 | LR 1.01e-05 | phase_samples=12048
2026-05-16 08:52:27,085  INFO  [visualweb] Step 16130/26578 | Loss 0.0928 | LR 1.01e-05 | phase_samples=12056
2026-05-16 08:52:54,870  INFO  [visualweb] Step 16140/26578 | Loss 2.3772 | LR 1.01e-05 | phase_samples=12352
2026-05-16 08:52:55,391  INFO  [visualweb] Step 16140/26578 | Loss 0.0728 | LR 1.01e-05 | phase_samples=12360
2026-05-16 08:52:55,830  INFO  [visualweb] Step 16140/26578 | Loss 0.0842 | LR 1.01e-05 | phase_samples=12368
2026-05-16 08:52:56,815  INFO  [visualweb] Step 16140/26578 | Loss 0.0545 | LR 1.01e-05 | phase_samples=12376
2026-05-16 08:53:29,543  INFO  [visualweb] Step 16150/26578 | Loss 2.5523 | LR 1.00e-05 | phase_samples=12672
2026-05-16 08:53:30,647  INFO  [visualweb] Step 16150/26578 | Loss 0.0719 | LR 1.00e-05 | phase_samples=12680
2026-05-16 08:53:31,555  INFO  [visualweb] Step 16150/26578 | Loss 0.0652 | LR 1.00e-05 | phase_samples=12688
2026-05-16 08:53:32,043  INFO  [visualweb] Step 16150/26578 | Loss 0.0932 | LR 1.00e-05 | phase_samples=12696
2026-05-16 08:54:04,172  INFO  [visualweb] Step 16160/26578 | Loss 2.5182 | LR 1.00e-05 | phase_samples=12992
2026-05-16 08:54:05,556  INFO  [visualweb] Step 16160/26578 | Loss 0.0879 | LR 1.00e-05 | phase_samples=13000
2026-05-16 08:54:06,815  INFO  [visualweb] Step 16160/26578 | Loss 0.0640 | LR 1.00e-05 | phase_samples=13008
2026-05-16 08:54:07,686  INFO  [visualweb] Step 16160/26578 | Loss 0.0683 | LR 1.00e-05 | phase_samples=13016
2026-05-16 08:54:37,404  INFO  [visualweb] Step 16170/26578 | Loss 2.4425 | LR 1.00e-05 | phase_samples=13312
2026-05-16 08:54:37,702  INFO  [visualweb] Step 16170/26578 | Loss 0.1330 | LR 1.00e-05 | phase_samples=13320
2026-05-16 08:54:38,703  INFO  [visualweb] Step 16170/26578 | Loss 0.0806 | LR 1.00e-05 | phase_samples=13328
2026-05-16 08:54:39,568  INFO  [visualweb] Step 16170/26578 | Loss 0.0608 | LR 1.00e-05 | phase_samples=13336
2026-05-16 08:55:08,788  INFO  [visualweb] Step 16180/26578 | Loss 2.4460 | LR 1.00e-05 | phase_samples=13632
2026-05-16 08:55:09,608  INFO  [visualweb] Step 16180/26578 | Loss 0.0453 | LR 1.00e-05 | phase_samples=13640
2026-05-16 08:55:10,349  INFO  [visualweb] Step 16180/26578 | Loss 0.0430 | LR 1.00e-05 | phase_samples=13648
2026-05-16 08:55:11,379  INFO  [visualweb] Step 16180/26578 | Loss 0.0568 | LR 1.00e-05 | phase_samples=13656
2026-05-16 08:55:41,840  INFO  [visualweb] Step 16190/26578 | Loss 2.4307 | LR 1.00e-05 | phase_samples=13952
2026-05-16 08:55:42,606  INFO  [visualweb] Step 16190/26578 | Loss 0.0413 | LR 1.00e-05 | phase_samples=13960
2026-05-16 08:55:43,219  INFO  [visualweb] Step 16190/26578 | Loss 0.0528 | LR 1.00e-05 | phase_samples=13968
2026-05-16 08:55:43,743  INFO  [visualweb] Step 16190/26578 | Loss 0.0868 | LR 1.00e-05 | phase_samples=13976
2026-05-16 08:56:13,082  INFO  [visualweb] Step 16200/26578 | Loss 2.5894 | LR 9.98e-06 | phase_samples=14272
2026-05-16 08:56:13,612  INFO  [visualweb] Step 16200/26578 | Loss 0.0691 | LR 9.98e-06 | phase_samples=14280
2026-05-16 08:56:14,408  INFO  [visualweb] Step 16200/26578 | Loss 0.0555 | LR 9.98e-06 | phase_samples=14288
2026-05-16 08:56:15,777  INFO  [visualweb] Step 16200/26578 | Loss 0.0572 | LR 9.98e-06 | phase_samples=14296
2026-05-16 08:56:45,679  INFO  [visualweb] Step 16210/26578 | Loss 2.4979 | LR 9.97e-06 | phase_samples=14592
2026-05-16 08:56:46,180  INFO  [visualweb] Step 16210/26578 | Loss 0.0843 | LR 9.97e-06 | phase_samples=14600
2026-05-16 08:56:47,420  INFO  [visualweb] Step 16210/26578 | Loss 0.0772 | LR 9.97e-06 | phase_samples=14608
2026-05-16 08:56:48,160  INFO  [visualweb] Step 16210/26578 | Loss 0.0488 | LR 9.97e-06 | phase_samples=14616
2026-05-16 08:57:20,259  INFO  [visualweb] Step 16220/26578 | Loss 2.4162 | LR 9.96e-06 | phase_samples=14912
2026-05-16 08:57:21,173  INFO  [visualweb] Step 16220/26578 | Loss 0.0707 | LR 9.96e-06 | phase_samples=14920
2026-05-16 08:57:22,287  INFO  [visualweb] Step 16220/26578 | Loss 0.0510 | LR 9.96e-06 | phase_samples=14928
2026-05-16 08:57:23,411  INFO  [visualweb] Step 16220/26578 | Loss 0.0585 | LR 9.96e-06 | phase_samples=14936
2026-05-16 08:57:54,898  INFO  [visualweb] Step 16230/26578 | Loss 2.5167 | LR 9.95e-06 | phase_samples=15232
2026-05-16 08:57:56,069  INFO  [visualweb] Step 16230/26578 | Loss 0.0677 | LR 9.95e-06 | phase_samples=15240
2026-05-16 08:57:56,639  INFO  [visualweb] Step 16230/26578 | Loss 0.0758 | LR 9.95e-06 | phase_samples=15248
2026-05-16 08:57:57,575  INFO  [visualweb] Step 16230/26578 | Loss 0.0526 | LR 9.95e-06 | phase_samples=15256
2026-05-16 08:58:29,917  INFO  [visualweb] Step 16240/26578 | Loss 2.4903 | LR 9.94e-06 | phase_samples=15552
2026-05-16 08:58:30,360  INFO  [visualweb] Step 16240/26578 | Loss 0.0975 | LR 9.94e-06 | phase_samples=15560
2026-05-16 08:58:30,897  INFO  [visualweb] Step 16240/26578 | Loss 0.1050 | LR 9.94e-06 | phase_samples=15568
2026-05-16 08:58:31,620  INFO  [visualweb] Step 16240/26578 | Loss 0.0525 | LR 9.94e-06 | phase_samples=15576
2026-05-16 09:02:06,619  INFO  Checkpoint saved → ../checkpoints/stage2_h100/step16241 | step=16241 | phase=visualweb | samples_seen_phase=15592 | total=382888
2026-05-16 09:02:36,175  INFO  [visualweb] Step 16250/26578 | Loss 2.3632 | LR 9.92e-06 | phase_samples=15872
2026-05-16 09:02:37,104  INFO  [visualweb] Step 16250/26578 | Loss 0.0456 | LR 9.92e-06 | phase_samples=15880
2026-05-16 09:02:37,792  INFO  [visualweb] Step 16250/26578 | Loss 0.0786 | LR 9.92e-06 | phase_samples=15888
2026-05-16 09:02:38,914  INFO  [visualweb] Step 16250/26578 | Loss 0.0744 | LR 9.92e-06 | phase_samples=15896
2026-05-16 09:03:10,966  INFO  [visualweb] Step 16260/26578 | Loss 2.2720 | LR 9.91e-06 | phase_samples=16192
2026-05-16 09:03:12,374  INFO  [visualweb] Step 16260/26578 | Loss 0.0683 | LR 9.91e-06 | phase_samples=16200
2026-05-16 09:03:13,255  INFO  [visualweb] Step 16260/26578 | Loss 0.0658 | LR 9.91e-06 | phase_samples=16208
2026-05-16 09:03:14,249  INFO  [visualweb] Step 16260/26578 | Loss 0.0351 | LR 9.91e-06 | phase_samples=16216
2026-05-16 09:03:44,800  INFO  [visualweb] Step 16270/26578 | Loss 2.4277 | LR 9.90e-06 | phase_samples=16512
2026-05-16 09:03:46,084  INFO  [visualweb] Step 16270/26578 | Loss 0.0747 | LR 9.90e-06 | phase_samples=16520
2026-05-16 09:03:46,611  INFO  [visualweb] Step 16270/26578 | Loss 0.1147 | LR 9.90e-06 | phase_samples=16528
2026-05-16 09:03:47,515  INFO  [visualweb] Step 16270/26578 | Loss 0.0523 | LR 9.90e-06 | phase_samples=16536
2026-05-16 09:04:17,990  INFO  [visualweb] Step 16280/26578 | Loss 2.5365 | LR 9.89e-06 | phase_samples=16832
2026-05-16 09:04:18,940  INFO  [visualweb] Step 16280/26578 | Loss 0.0554 | LR 9.89e-06 | phase_samples=16840
2026-05-16 09:04:19,409  INFO  [visualweb] Step 16280/26578 | Loss 0.0776 | LR 9.89e-06 | phase_samples=16848
2026-05-16 09:04:19,948  INFO  [visualweb] Step 16280/26578 | Loss 0.1005 | LR 9.89e-06 | phase_samples=16856
2026-05-16 09:04:51,124  INFO  [visualweb] Step 16290/26578 | Loss 2.4242 | LR 9.88e-06 | phase_samples=17152
2026-05-16 09:04:52,095  INFO  [visualweb] Step 16290/26578 | Loss 0.0792 | LR 9.88e-06 | phase_samples=17160
2026-05-16 09:04:53,035  INFO  [visualweb] Step 16290/26578 | Loss 0.0475 | LR 9.88e-06 | phase_samples=17168
2026-05-16 09:04:53,538  INFO  [visualweb] Step 16290/26578 | Loss 0.0936 | LR 9.88e-06 | phase_samples=17176
2026-05-16 09:05:25,924  INFO  [visualweb] Step 16300/26578 | Loss 2.3925 | LR 9.86e-06 | phase_samples=17472
2026-05-16 09:05:26,447  INFO  [visualweb] Step 16300/26578 | Loss 0.0741 | LR 9.86e-06 | phase_samples=17480
2026-05-16 09:05:27,487  INFO  [visualweb] Step 16300/26578 | Loss 0.0376 | LR 9.86e-06 | phase_samples=17488
2026-05-16 09:05:28,070  INFO  [visualweb] Step 16300/26578 | Loss 0.0467 | LR 9.86e-06 | phase_samples=17496
2026-05-16 09:05:58,819  INFO  [visualweb] Step 16310/26578 | Loss 2.5375 | LR 9.85e-06 | phase_samples=17792
2026-05-16 09:05:59,321  INFO  [visualweb] Step 16310/26578 | Loss 0.0744 | LR 9.85e-06 | phase_samples=17800
2026-05-16 09:05:59,888  INFO  [visualweb] Step 16310/26578 | Loss 0.1012 | LR 9.85e-06 | phase_samples=17808
2026-05-16 09:06:00,632  INFO  [visualweb] Step 16310/26578 | Loss 0.0467 | LR 9.85e-06 | phase_samples=17816
2026-05-16 09:06:27,308  INFO  [visualweb] Step 16320/26578 | Loss 2.3352 | LR 9.84e-06 | phase_samples=18112
2026-05-16 09:06:27,960  INFO  [visualweb] Step 16320/26578 | Loss 0.0556 | LR 9.84e-06 | phase_samples=18120
2026-05-16 09:06:28,497  INFO  [visualweb] Step 16320/26578 | Loss 0.0673 | LR 9.84e-06 | phase_samples=18128
2026-05-16 09:06:29,221  INFO  [visualweb] Step 16320/26578 | Loss 0.0707 | LR 9.84e-06 | phase_samples=18136
2026-05-16 09:06:58,549  INFO  [visualweb] Step 16330/26578 | Loss 2.6836 | LR 9.83e-06 | phase_samples=18432
2026-05-16 09:06:59,947  INFO  [visualweb] Step 16330/26578 | Loss 0.0770 | LR 9.83e-06 | phase_samples=18440
2026-05-16 09:07:00,809  INFO  [visualweb] Step 16330/26578 | Loss 0.0454 | LR 9.83e-06 | phase_samples=18448
2026-05-16 09:07:01,239  INFO  [visualweb] Step 16330/26578 | Loss 0.0836 | LR 9.83e-06 | phase_samples=18456
2026-05-16 09:07:36,209  INFO  [visualweb] Step 16340/26578 | Loss 2.4688 | LR 9.81e-06 | phase_samples=18752
2026-05-16 09:07:37,598  INFO  [visualweb] Step 16340/26578 | Loss 0.0551 | LR 9.81e-06 | phase_samples=18760
2026-05-16 09:07:38,148  INFO  [visualweb] Step 16340/26578 | Loss 0.0703 | LR 9.81e-06 | phase_samples=18768
2026-05-16 09:07:38,906  INFO  [visualweb] Step 16340/26578 | Loss 0.0503 | LR 9.81e-06 | phase_samples=18776
2026-05-16 09:08:12,235  INFO  [visualweb] Step 16350/26578 | Loss 2.4646 | LR 9.80e-06 | phase_samples=19072
2026-05-16 09:08:13,121  INFO  [visualweb] Step 16350/26578 | Loss 0.0625 | LR 9.80e-06 | phase_samples=19080
2026-05-16 09:08:14,385  INFO  [visualweb] Step 16350/26578 | Loss 0.0518 | LR 9.80e-06 | phase_samples=19088
2026-05-16 09:08:14,820  INFO  [visualweb] Step 16350/26578 | Loss 0.1126 | LR 9.80e-06 | phase_samples=19096
2026-05-16 09:08:47,317  INFO  [visualweb] Step 16360/26578 | Loss 2.4369 | LR 9.79e-06 | phase_samples=19392
2026-05-16 09:08:48,047  INFO  [visualweb] Step 16360/26578 | Loss 0.0381 | LR 9.79e-06 | phase_samples=19400
2026-05-16 09:08:48,806  INFO  [visualweb] Step 16360/26578 | Loss 0.0260 | LR 9.79e-06 | phase_samples=19408
2026-05-16 09:08:49,685  INFO  [visualweb] Step 16360/26578 | Loss 0.0666 | LR 9.79e-06 | phase_samples=19416
2026-05-16 09:09:20,288  INFO  [visualweb] Step 16370/26578 | Loss 2.6130 | LR 9.78e-06 | phase_samples=19712
2026-05-16 09:09:21,539  INFO  [visualweb] Step 16370/26578 | Loss 0.0535 | LR 9.78e-06 | phase_samples=19720
2026-05-16 09:09:22,149  INFO  [visualweb] Step 16370/26578 | Loss 0.0585 | LR 9.78e-06 | phase_samples=19728
2026-05-16 09:09:23,520  INFO  [visualweb] Step 16370/26578 | Loss 0.0842 | LR 9.78e-06 | phase_samples=19736
2026-05-16 09:09:54,804  INFO  [visualweb] Step 16380/26578 | Loss 2.3937 | LR 9.77e-06 | phase_samples=20032
2026-05-16 09:09:55,357  INFO  [visualweb] Step 16380/26578 | Loss 0.0599 | LR 9.77e-06 | phase_samples=20040
2026-05-16 09:09:56,482  INFO  [visualweb] Step 16380/26578 | Loss 0.0700 | LR 9.77e-06 | phase_samples=20048
2026-05-16 09:09:57,257  INFO  [visualweb] Step 16380/26578 | Loss 0.0488 | LR 9.77e-06 | phase_samples=20056
2026-05-16 09:10:30,552  INFO  [visualweb] Step 16390/26578 | Loss 2.5809 | LR 9.75e-06 | phase_samples=20352
2026-05-16 09:10:31,166  INFO  [visualweb] Step 16390/26578 | Loss 0.0691 | LR 9.75e-06 | phase_samples=20360
2026-05-16 09:10:32,220  INFO  [visualweb] Step 16390/26578 | Loss 0.0916 | LR 9.75e-06 | phase_samples=20368
2026-05-16 09:10:33,081  INFO  [visualweb] Step 16390/26578 | Loss 0.0617 | LR 9.75e-06 | phase_samples=20376
2026-05-16 09:11:03,179  INFO  [visualweb] Step 16400/26578 | Loss 2.3703 | LR 9.74e-06 | phase_samples=20672
2026-05-16 09:11:03,884  INFO  [visualweb] Step 16400/26578 | Loss 0.0728 | LR 9.74e-06 | phase_samples=20680
2026-05-16 09:11:04,746  INFO  [visualweb] Step 16400/26578 | Loss 0.0533 | LR 9.74e-06 | phase_samples=20688
2026-05-16 09:11:05,293  INFO  [visualweb] Step 16400/26578 | Loss 0.0971 | LR 9.74e-06 | phase_samples=20696
2026-05-16 09:11:38,152  INFO  [visualweb] Step 16410/26578 | Loss 2.4063 | LR 9.73e-06 | phase_samples=20992
2026-05-16 09:11:38,825  INFO  [visualweb] Step 16410/26578 | Loss 0.0626 | LR 9.73e-06 | phase_samples=21000
2026-05-16 09:11:39,598  INFO  [visualweb] Step 16410/26578 | Loss 0.0402 | LR 9.73e-06 | phase_samples=21008
2026-05-16 09:11:40,637  INFO  [visualweb] Step 16410/26578 | Loss 0.0531 | LR 9.73e-06 | phase_samples=21016
2026-05-16 09:12:09,094  INFO  [visualweb] Step 16420/26578 | Loss 2.4941 | LR 9.72e-06 | phase_samples=21312
2026-05-16 09:12:09,950  INFO  [visualweb] Step 16420/26578 | Loss 0.0416 | LR 9.72e-06 | phase_samples=21320
2026-05-16 09:12:10,701  INFO  [visualweb] Step 16420/26578 | Loss 0.0435 | LR 9.72e-06 | phase_samples=21328
2026-05-16 09:12:11,559  INFO  [visualweb] Step 16420/26578 | Loss 0.0503 | LR 9.72e-06 | phase_samples=21336
2026-05-16 09:12:40,937  INFO  [visualweb] Step 16430/26578 | Loss 2.6037 | LR 9.70e-06 | phase_samples=21632
2026-05-16 09:12:41,898  INFO  [visualweb] Step 16430/26578 | Loss 0.0838 | LR 9.70e-06 | phase_samples=21640
2026-05-16 09:12:42,333  INFO  [visualweb] Step 16430/26578 | Loss 0.0978 | LR 9.70e-06 | phase_samples=21648
2026-05-16 09:12:43,578  INFO  [visualweb] Step 16430/26578 | Loss 0.0556 | LR 9.70e-06 | phase_samples=21656
2026-05-16 09:13:18,127  INFO  [visualweb] Step 16440/26578 | Loss 2.2262 | LR 9.69e-06 | phase_samples=21952
2026-05-16 09:13:18,833  INFO  [visualweb] Step 16440/26578 | Loss 0.0424 | LR 9.69e-06 | phase_samples=21960
2026-05-16 09:13:19,769  INFO  [visualweb] Step 16440/26578 | Loss 0.0854 | LR 9.69e-06 | phase_samples=21968
2026-05-16 09:13:21,019  INFO  [visualweb] Step 16440/26578 | Loss 0.0709 | LR 9.69e-06 | phase_samples=21976
2026-05-16 09:13:53,109  INFO  [visualweb] Step 16450/26578 | Loss 2.4539 | LR 9.68e-06 | phase_samples=22272
2026-05-16 09:13:53,729  INFO  [visualweb] Step 16450/26578 | Loss 0.0695 | LR 9.68e-06 | phase_samples=22280
2026-05-16 09:13:54,376  INFO  [visualweb] Step 16450/26578 | Loss 0.0577 | LR 9.68e-06 | phase_samples=22288
2026-05-16 09:13:54,912  INFO  [visualweb] Step 16450/26578 | Loss 0.0580 | LR 9.68e-06 | phase_samples=22296
2026-05-16 09:14:26,340  INFO  [visualweb] Step 16460/26578 | Loss 2.3112 | LR 9.67e-06 | phase_samples=22592
2026-05-16 09:14:26,862  INFO  [visualweb] Step 16460/26578 | Loss 0.0633 | LR 9.67e-06 | phase_samples=22600
2026-05-16 09:14:27,896  INFO  [visualweb] Step 16460/26578 | Loss 0.0738 | LR 9.67e-06 | phase_samples=22608
2026-05-16 09:14:28,338  INFO  [visualweb] Step 16460/26578 | Loss 0.0846 | LR 9.67e-06 | phase_samples=22616
2026-05-16 09:14:57,604  INFO  [visualweb] Step 16470/26578 | Loss 2.4805 | LR 9.66e-06 | phase_samples=22912
2026-05-16 09:14:58,596  INFO  [visualweb] Step 16470/26578 | Loss 0.0693 | LR 9.66e-06 | phase_samples=22920
2026-05-16 09:14:59,501  INFO  [visualweb] Step 16470/26578 | Loss 0.0447 | LR 9.66e-06 | phase_samples=22928
2026-05-16 09:15:00,658  INFO  [visualweb] Step 16470/26578 | Loss 0.0724 | LR 9.66e-06 | phase_samples=22936
2026-05-16 09:15:31,157  INFO  [visualweb] Step 16480/26578 | Loss 2.3697 | LR 9.64e-06 | phase_samples=23232
2026-05-16 09:15:31,813  INFO  [visualweb] Step 16480/26578 | Loss 0.0515 | LR 9.64e-06 | phase_samples=23240
2026-05-16 09:15:32,383  INFO  [visualweb] Step 16480/26578 | Loss 0.0563 | LR 9.64e-06 | phase_samples=23248
2026-05-16 09:15:32,875  INFO  [visualweb] Step 16480/26578 | Loss 0.0836 | LR 9.64e-06 | phase_samples=23256
2026-05-16 09:16:05,968  INFO  [visualweb] Step 16490/26578 | Loss 2.4812 | LR 9.63e-06 | phase_samples=23552
2026-05-16 09:16:06,991  INFO  [visualweb] Step 16490/26578 | Loss 0.0509 | LR 9.63e-06 | phase_samples=23560
2026-05-16 09:16:07,887  INFO  [visualweb] Step 16490/26578 | Loss 0.0639 | LR 9.63e-06 | phase_samples=23568
2026-05-16 09:16:08,683  INFO  [visualweb] Step 16490/26578 | Loss 0.0538 | LR 9.63e-06 | phase_samples=23576
2026-05-16 09:16:39,647  INFO  [visualweb] Step 16500/26578 | Loss 2.5648 | LR 9.62e-06 | phase_samples=23872
2026-05-16 09:16:40,482  INFO  [visualweb] Step 16500/26578 | Loss 0.0411 | LR 9.62e-06 | phase_samples=23880
2026-05-16 09:16:41,367  INFO  [visualweb] Step 16500/26578 | Loss 0.0539 | LR 9.62e-06 | phase_samples=23888
2026-05-16 09:16:42,168  INFO  [visualweb] Step 16500/26578 | Loss 0.0592 | LR 9.62e-06 | phase_samples=23896
2026-05-16 09:17:12,001  INFO  [visualweb] Step 16510/26578 | Loss 2.4922 | LR 9.61e-06 | phase_samples=24192
2026-05-16 09:17:12,674  INFO  [visualweb] Step 16510/26578 | Loss 0.0564 | LR 9.61e-06 | phase_samples=24200
2026-05-16 09:17:13,788  INFO  [visualweb] Step 16510/26578 | Loss 0.0616 | LR 9.61e-06 | phase_samples=24208
2026-05-16 09:17:14,460  INFO  [visualweb] Step 16510/26578 | Loss 0.0509 | LR 9.61e-06 | phase_samples=24216
2026-05-16 09:17:45,980  INFO  [visualweb] Step 16520/26578 | Loss 2.3305 | LR 9.59e-06 | phase_samples=24512
2026-05-16 09:17:46,648  INFO  [visualweb] Step 16520/26578 | Loss 0.0600 | LR 9.59e-06 | phase_samples=24520
2026-05-16 09:17:47,651  INFO  [visualweb] Step 16520/26578 | Loss 0.0491 | LR 9.59e-06 | phase_samples=24528
2026-05-16 09:17:48,797  INFO  [visualweb] Step 16520/26578 | Loss 0.0792 | LR 9.59e-06 | phase_samples=24536
2026-05-16 09:18:22,666  INFO  [visualweb] Step 16530/26578 | Loss 2.3379 | LR 9.58e-06 | phase_samples=24832
2026-05-16 09:18:23,316  INFO  [visualweb] Step 16530/26578 | Loss 0.0468 | LR 9.58e-06 | phase_samples=24840
2026-05-16 09:18:24,157  INFO  [visualweb] Step 16530/26578 | Loss 0.0526 | LR 9.58e-06 | phase_samples=24848
2026-05-16 09:18:24,798  INFO  [visualweb] Step 16530/26578 | Loss 0.0519 | LR 9.58e-06 | phase_samples=24856
2026-05-16 09:18:55,756  INFO  [visualweb] Step 16540/26578 | Loss 2.5856 | LR 9.57e-06 | phase_samples=25152
2026-05-16 09:18:56,542  INFO  [visualweb] Step 16540/26578 | Loss 0.0496 | LR 9.57e-06 | phase_samples=25160
2026-05-16 09:18:57,651  INFO  [visualweb] Step 16540/26578 | Loss 0.0767 | LR 9.57e-06 | phase_samples=25168
2026-05-16 09:18:58,637  INFO  [visualweb] Step 16540/26578 | Loss 0.0517 | LR 9.57e-06 | phase_samples=25176
2026-05-16 09:19:27,300  INFO  [visualweb] Step 16550/26578 | Loss 2.4556 | LR 9.56e-06 | phase_samples=25472
2026-05-16 09:19:27,724  INFO  [visualweb] Step 16550/26578 | Loss 0.0599 | LR 9.56e-06 | phase_samples=25480
2026-05-16 09:19:29,192  INFO  [visualweb] Step 16550/26578 | Loss 0.0703 | LR 9.56e-06 | phase_samples=25488
2026-05-16 09:19:29,751  INFO  [visualweb] Step 16550/26578 | Loss 0.0627 | LR 9.56e-06 | phase_samples=25496
2026-05-16 09:19:59,804  INFO  [visualweb] Step 16560/26578 | Loss 2.3207 | LR 9.55e-06 | phase_samples=25792
2026-05-16 09:20:00,777  INFO  [visualweb] Step 16560/26578 | Loss 0.0353 | LR 9.55e-06 | phase_samples=25800
2026-05-16 09:20:01,840  INFO  [visualweb] Step 16560/26578 | Loss 0.0721 | LR 9.55e-06 | phase_samples=25808
2026-05-16 09:20:02,529  INFO  [visualweb] Step 16560/26578 | Loss 0.0572 | LR 9.55e-06 | phase_samples=25816
2026-05-16 09:20:33,781  INFO  [visualweb] Step 16570/26578 | Loss 2.3923 | LR 9.53e-06 | phase_samples=26112
2026-05-16 09:20:34,636  INFO  [visualweb] Step 16570/26578 | Loss 0.0477 | LR 9.53e-06 | phase_samples=26120
2026-05-16 09:20:35,122  INFO  [visualweb] Step 16570/26578 | Loss 0.0950 | LR 9.53e-06 | phase_samples=26128
2026-05-16 09:20:36,297  INFO  [visualweb] Step 16570/26578 | Loss 0.0651 | LR 9.53e-06 | phase_samples=26136
2026-05-16 09:21:04,617  INFO  [visualweb] Step 16580/26578 | Loss 2.4320 | LR 9.52e-06 | phase_samples=26432
2026-05-16 09:21:05,605  INFO  [visualweb] Step 16580/26578 | Loss 0.0584 | LR 9.52e-06 | phase_samples=26440
2026-05-16 09:21:06,272  INFO  [visualweb] Step 16580/26578 | Loss 0.0653 | LR 9.52e-06 | phase_samples=26448
2026-05-16 09:21:06,844  INFO  [visualweb] Step 16580/26578 | Loss 0.0942 | LR 9.52e-06 | phase_samples=26456
2026-05-16 09:21:37,885  INFO  [visualweb] Step 16590/26578 | Loss 2.4582 | LR 9.51e-06 | phase_samples=26752
2026-05-16 09:21:38,991  INFO  [visualweb] Step 16590/26578 | Loss 0.0599 | LR 9.51e-06 | phase_samples=26760
2026-05-16 09:21:39,980  INFO  [visualweb] Step 16590/26578 | Loss 0.0642 | LR 9.51e-06 | phase_samples=26768
2026-05-16 09:21:40,779  INFO  [visualweb] Step 16590/26578 | Loss 0.0452 | LR 9.51e-06 | phase_samples=26776
2026-05-16 09:22:12,431  INFO  [visualweb] Step 16600/26578 | Loss 2.4081 | LR 9.50e-06 | phase_samples=27072
2026-05-16 09:22:12,846  INFO  [visualweb] Step 16600/26578 | Loss 0.0995 | LR 9.50e-06 | phase_samples=27080
2026-05-16 09:22:13,650  INFO  [visualweb] Step 16600/26578 | Loss 0.0521 | LR 9.50e-06 | phase_samples=27088
2026-05-16 09:22:14,652  INFO  [visualweb] Step 16600/26578 | Loss 0.0713 | LR 9.50e-06 | phase_samples=27096
2026-05-16 09:22:47,928  INFO  [visualweb] Step 16610/26578 | Loss 2.5320 | LR 9.49e-06 | phase_samples=27392
2026-05-16 09:22:48,604  INFO  [visualweb] Step 16610/26578 | Loss 0.0525 | LR 9.49e-06 | phase_samples=27400
2026-05-16 09:22:49,509  INFO  [visualweb] Step 16610/26578 | Loss 0.0484 | LR 9.49e-06 | phase_samples=27408
2026-05-16 09:22:50,121  INFO  [visualweb] Step 16610/26578 | Loss 0.0571 | LR 9.49e-06 | phase_samples=27416
2026-05-16 09:23:20,654  INFO  [visualweb] Step 16620/26578 | Loss 2.2992 | LR 9.47e-06 | phase_samples=27712
2026-05-16 09:23:21,537  INFO  [visualweb] Step 16620/26578 | Loss 0.0573 | LR 9.47e-06 | phase_samples=27720
2026-05-16 09:23:22,188  INFO  [visualweb] Step 16620/26578 | Loss 0.0937 | LR 9.47e-06 | phase_samples=27728
2026-05-16 09:23:23,193  INFO  [visualweb] Step 16620/26578 | Loss 0.0584 | LR 9.47e-06 | phase_samples=27736
2026-05-16 09:23:54,948  INFO  [visualweb] Step 16630/26578 | Loss 2.4013 | LR 9.46e-06 | phase_samples=28032
2026-05-16 09:23:55,946  INFO  [visualweb] Step 16630/26578 | Loss 0.0543 | LR 9.46e-06 | phase_samples=28040
2026-05-16 09:23:56,632  INFO  [visualweb] Step 16630/26578 | Loss 0.0633 | LR 9.46e-06 | phase_samples=28048
2026-05-16 09:23:57,195  INFO  [visualweb] Step 16630/26578 | Loss 0.0722 | LR 9.46e-06 | phase_samples=28056
2026-05-16 09:24:30,364  INFO  [visualweb] Step 16640/26578 | Loss 2.3180 | LR 9.45e-06 | phase_samples=28352
2026-05-16 09:24:30,953  INFO  [visualweb] Step 16640/26578 | Loss 0.0704 | LR 9.45e-06 | phase_samples=28360
2026-05-16 09:24:31,714  INFO  [visualweb] Step 16640/26578 | Loss 0.0607 | LR 9.45e-06 | phase_samples=28368
2026-05-16 09:24:32,486  INFO  [visualweb] Step 16640/26578 | Loss 0.0800 | LR 9.45e-06 | phase_samples=28376
2026-05-16 09:25:04,056  INFO  [visualweb] Step 16650/26578 | Loss 2.6271 | LR 9.44e-06 | phase_samples=28672
2026-05-16 09:25:05,078  INFO  [visualweb] Step 16650/26578 | Loss 0.1153 | LR 9.44e-06 | phase_samples=28680
2026-05-16 09:25:05,749  INFO  [visualweb] Step 16650/26578 | Loss 0.0581 | LR 9.44e-06 | phase_samples=28688
2026-05-16 09:25:06,660  INFO  [visualweb] Step 16650/26578 | Loss 0.0568 | LR 9.44e-06 | phase_samples=28696
2026-05-16 09:25:36,421  INFO  [visualweb] Step 16660/26578 | Loss 2.4792 | LR 9.42e-06 | phase_samples=28992
2026-05-16 09:25:37,874  INFO  [visualweb] Step 16660/26578 | Loss 0.0455 | LR 9.42e-06 | phase_samples=29000
2026-05-16 09:25:38,881  INFO  [visualweb] Step 16660/26578 | Loss 0.0757 | LR 9.42e-06 | phase_samples=29008
2026-05-16 09:25:39,637  INFO  [visualweb] Step 16660/26578 | Loss 0.0363 | LR 9.42e-06 | phase_samples=29016
2026-05-16 09:26:08,971  INFO  [visualweb] Step 16670/26578 | Loss 2.3793 | LR 9.41e-06 | phase_samples=29312
2026-05-16 09:26:09,734  INFO  [visualweb] Step 16670/26578 | Loss 0.0370 | LR 9.41e-06 | phase_samples=29320
2026-05-16 09:26:10,196  INFO  [visualweb] Step 16670/26578 | Loss 0.0975 | LR 9.41e-06 | phase_samples=29328
2026-05-16 09:26:11,665  INFO  [visualweb] Step 16670/26578 | Loss 0.0675 | LR 9.41e-06 | phase_samples=29336
2026-05-16 09:26:41,226  INFO  [visualweb] Step 16680/26578 | Loss 2.5022 | LR 9.40e-06 | phase_samples=29632
2026-05-16 09:26:42,056  INFO  [visualweb] Step 16680/26578 | Loss 0.0733 | LR 9.40e-06 | phase_samples=29640
2026-05-16 09:26:42,927  INFO  [visualweb] Step 16680/26578 | Loss 0.0507 | LR 9.40e-06 | phase_samples=29648
2026-05-16 09:26:43,782  INFO  [visualweb] Step 16680/26578 | Loss 0.0479 | LR 9.40e-06 | phase_samples=29656
2026-05-16 09:27:15,262  INFO  [visualweb] Step 16690/26578 | Loss 2.7822 | LR 9.39e-06 | phase_samples=29952
2026-05-16 09:27:15,974  INFO  [visualweb] Step 16690/26578 | Loss 0.0533 | LR 9.39e-06 | phase_samples=29960
2026-05-16 09:27:16,742  INFO  [visualweb] Step 16690/26578 | Loss 0.0788 | LR 9.39e-06 | phase_samples=29968
2026-05-16 09:27:17,292  INFO  [visualweb] Step 16690/26578 | Loss 0.0640 | LR 9.39e-06 | phase_samples=29976
2026-05-16 09:27:45,718  INFO  [visualweb] Step 16700/26578 | Loss 2.4114 | LR 9.38e-06 | phase_samples=30272
2026-05-16 09:27:46,254  INFO  [visualweb] Step 16700/26578 | Loss 0.0703 | LR 9.38e-06 | phase_samples=30280
2026-05-16 09:27:46,941  INFO  [visualweb] Step 16700/26578 | Loss 0.0407 | LR 9.38e-06 | phase_samples=30288
2026-05-16 09:27:47,577  INFO  [visualweb] Step 16700/26578 | Loss 0.0622 | LR 9.38e-06 | phase_samples=30296
2026-05-16 09:28:18,318  INFO  [visualweb] Step 16710/26578 | Loss 2.4704 | LR 9.36e-06 | phase_samples=30592
2026-05-16 09:28:19,027  INFO  [visualweb] Step 16710/26578 | Loss 0.0460 | LR 9.36e-06 | phase_samples=30600
2026-05-16 09:28:19,691  INFO  [visualweb] Step 16710/26578 | Loss 0.0935 | LR 9.36e-06 | phase_samples=30608
2026-05-16 09:28:21,060  INFO  [visualweb] Step 16710/26578 | Loss 0.0716 | LR 9.36e-06 | phase_samples=30616
2026-05-16 09:28:51,252  INFO  [visualweb] Step 16720/26578 | Loss 2.4270 | LR 9.35e-06 | phase_samples=30912
2026-05-16 09:28:52,401  INFO  [visualweb] Step 16720/26578 | Loss 0.0763 | LR 9.35e-06 | phase_samples=30920
2026-05-16 09:28:53,240  INFO  [visualweb] Step 16720/26578 | Loss 0.0715 | LR 9.35e-06 | phase_samples=30928
2026-05-16 09:28:54,549  INFO  [visualweb] Step 16720/26578 | Loss 0.0732 | LR 9.35e-06 | phase_samples=30936
2026-05-16 09:29:25,520  INFO  [visualweb] Step 16730/26578 | Loss 2.5546 | LR 9.34e-06 | phase_samples=31232
2026-05-16 09:29:26,259  INFO  [visualweb] Step 16730/26578 | Loss 0.0456 | LR 9.34e-06 | phase_samples=31240
2026-05-16 09:29:27,202  INFO  [visualweb] Step 16730/26578 | Loss 0.0497 | LR 9.34e-06 | phase_samples=31248
2026-05-16 09:29:28,343  INFO  [visualweb] Step 16730/26578 | Loss 0.1063 | LR 9.34e-06 | phase_samples=31256
2026-05-16 09:29:58,703  INFO  [visualweb] Step 16740/26578 | Loss 2.3999 | LR 9.33e-06 | phase_samples=31552
2026-05-16 09:29:59,552  INFO  [visualweb] Step 16740/26578 | Loss 0.0594 | LR 9.33e-06 | phase_samples=31560
2026-05-16 09:30:01,022  INFO  [visualweb] Step 16740/26578 | Loss 0.0755 | LR 9.33e-06 | phase_samples=31568
2026-05-16 09:30:01,758  INFO  [visualweb] Step 16740/26578 | Loss 0.0443 | LR 9.33e-06 | phase_samples=31576
2026-05-16 09:30:33,217  INFO  [visualweb] Step 16750/26578 | Loss 2.5509 | LR 9.32e-06 | phase_samples=31872
2026-05-16 09:30:33,552  INFO  [visualweb] Step 16750/26578 | Loss 0.1443 | LR 9.32e-06 | phase_samples=31880
2026-05-16 09:30:34,244  INFO  [visualweb] Step 16750/26578 | Loss 0.0393 | LR 9.32e-06 | phase_samples=31888
2026-05-16 09:30:35,041  INFO  [visualweb] Step 16750/26578 | Loss 0.0488 | LR 9.32e-06 | phase_samples=31896
2026-05-16 09:31:05,690  INFO  [visualweb] Step 16760/26578 | Loss 2.5449 | LR 9.30e-06 | phase_samples=32192
2026-05-16 09:31:06,554  INFO  [visualweb] Step 16760/26578 | Loss 0.0612 | LR 9.30e-06 | phase_samples=32200
2026-05-16 09:31:07,889  INFO  [visualweb] Step 16760/26578 | Loss 0.0749 | LR 9.30e-06 | phase_samples=32208
2026-05-16 09:31:08,486  INFO  [visualweb] Step 16760/26578 | Loss 0.0937 | LR 9.30e-06 | phase_samples=32216
2026-05-16 09:31:36,577  INFO  [visualweb] Step 16770/26578 | Loss 2.4684 | LR 9.29e-06 | phase_samples=32512
2026-05-16 09:31:37,358  INFO  [visualweb] Step 16770/26578 | Loss 0.0697 | LR 9.29e-06 | phase_samples=32520
2026-05-16 09:31:38,007  INFO  [visualweb] Step 16770/26578 | Loss 0.0568 | LR 9.29e-06 | phase_samples=32528
2026-05-16 09:31:38,646  INFO  [visualweb] Step 16770/26578 | Loss 0.0564 | LR 9.29e-06 | phase_samples=32536
2026-05-16 09:35:50,742  INFO  Checkpoint saved → ../checkpoints/stage2_h100/step16779 | step=16779 | phase=visualweb | samples_seen_phase=32816 | total=400112
2026-05-16 09:35:52,405  INFO  [visualweb] Step 16780/26578 | Loss 2.3480 | LR 9.28e-06 | phase_samples=32832
2026-05-16 09:35:53,397  INFO  [visualweb] Step 16780/26578 | Loss 0.0637 | LR 9.28e-06 | phase_samples=32840
2026-05-16 09:35:54,236  INFO  [visualweb] Step 16780/26578 | Loss 0.0472 | LR 9.28e-06 | phase_samples=32848
2026-05-16 09:35:55,678  INFO  [visualweb] Step 16780/26578 | Loss 0.0439 | LR 9.28e-06 | phase_samples=32856
2026-05-16 09:36:26,794  INFO  [visualweb] Step 16790/26578 | Loss 2.4725 | LR 9.27e-06 | phase_samples=33152
2026-05-16 09:36:27,392  INFO  [visualweb] Step 16790/26578 | Loss 0.0489 | LR 9.27e-06 | phase_samples=33160
2026-05-16 09:36:28,508  INFO  [visualweb] Step 16790/26578 | Loss 0.0754 | LR 9.27e-06 | phase_samples=33168
2026-05-16 09:36:29,376  INFO  [visualweb] Step 16790/26578 | Loss 0.0592 | LR 9.27e-06 | phase_samples=33176
2026-05-16 09:37:02,316  INFO  [visualweb] Step 16800/26578 | Loss 2.5770 | LR 9.25e-06 | phase_samples=33472
2026-05-16 09:37:02,912  INFO  [visualweb] Step 16800/26578 | Loss 0.0628 | LR 9.25e-06 | phase_samples=33480
2026-05-16 09:37:03,812  INFO  [visualweb] Step 16800/26578 | Loss 0.0678 | LR 9.25e-06 | phase_samples=33488
2026-05-16 09:37:04,895  INFO  [visualweb] Step 16800/26578 | Loss 0.0762 | LR 9.25e-06 | phase_samples=33496
2026-05-16 09:37:37,776  INFO  [visualweb] Step 16810/26578 | Loss 2.3850 | LR 9.24e-06 | phase_samples=33792
2026-05-16 09:37:38,940  INFO  [visualweb] Step 16810/26578 | Loss 0.0796 | LR 9.24e-06 | phase_samples=33800
2026-05-16 09:37:39,556  INFO  [visualweb] Step 16810/26578 | Loss 0.0566 | LR 9.24e-06 | phase_samples=33808
2026-05-16 09:37:40,170  INFO  [visualweb] Step 16810/26578 | Loss 0.0623 | LR 9.24e-06 | phase_samples=33816
2026-05-16 09:38:10,583  INFO  [visualweb] Step 16820/26578 | Loss 2.5991 | LR 9.23e-06 | phase_samples=34112
2026-05-16 09:38:11,448  INFO  [visualweb] Step 16820/26578 | Loss 0.0600 | LR 9.23e-06 | phase_samples=34120
2026-05-16 09:38:12,020  INFO  [visualweb] Step 16820/26578 | Loss 0.0636 | LR 9.23e-06 | phase_samples=34128
2026-05-16 09:38:12,589  INFO  [visualweb] Step 16820/26578 | Loss 0.0797 | LR 9.23e-06 | phase_samples=34136
2026-05-16 09:38:43,170  INFO  [visualweb] Step 16830/26578 | Loss 2.4196 | LR 9.22e-06 | phase_samples=34432
2026-05-16 09:38:44,543  INFO  [visualweb] Step 16830/26578 | Loss 0.0684 | LR 9.22e-06 | phase_samples=34440
2026-05-16 09:38:45,270  INFO  [visualweb] Step 16830/26578 | Loss 0.0481 | LR 9.22e-06 | phase_samples=34448
2026-05-16 09:38:45,560  INFO  [visualweb] Step 16830/26578 | Loss 0.0952 | LR 9.22e-06 | phase_samples=34456
2026-05-16 09:39:13,829  INFO  [visualweb] Step 16840/26578 | Loss 2.5873 | LR 9.21e-06 | phase_samples=34752
2026-05-16 09:39:14,617  INFO  [visualweb] Step 16840/26578 | Loss 0.0303 | LR 9.21e-06 | phase_samples=34760
2026-05-16 09:39:15,281  INFO  [visualweb] Step 16840/26578 | Loss 0.0521 | LR 9.21e-06 | phase_samples=34768
2026-05-16 09:39:16,265  INFO  [visualweb] Step 16840/26578 | Loss 0.0765 | LR 9.21e-06 | phase_samples=34776
2026-05-16 09:39:46,719  INFO  [visualweb] Step 16850/26578 | Loss 2.4023 | LR 9.19e-06 | phase_samples=35072
2026-05-16 09:39:47,453  INFO  [visualweb] Step 16850/26578 | Loss 0.0598 | LR 9.19e-06 | phase_samples=35080
2026-05-16 09:39:48,120  INFO  [visualweb] Step 16850/26578 | Loss 0.0514 | LR 9.19e-06 | phase_samples=35088
2026-05-16 09:39:49,426  INFO  [visualweb] Step 16850/26578 | Loss 0.0716 | LR 9.19e-06 | phase_samples=35096
2026-05-16 09:40:19,424  INFO  [visualweb] Step 16860/26578 | Loss 2.3815 | LR 9.18e-06 | phase_samples=35392
2026-05-16 09:40:20,165  INFO  [visualweb] Step 16860/26578 | Loss 0.0504 | LR 9.18e-06 | phase_samples=35400
2026-05-16 09:40:21,140  INFO  [visualweb] Step 16860/26578 | Loss 0.0498 | LR 9.18e-06 | phase_samples=35408
2026-05-16 09:40:22,007  INFO  [visualweb] Step 16860/26578 | Loss 0.0566 | LR 9.18e-06 | phase_samples=35416
2026-05-16 09:40:53,674  INFO  [visualweb] Step 16870/26578 | Loss 2.5354 | LR 9.17e-06 | phase_samples=35712
2026-05-16 09:40:54,297  INFO  [visualweb] Step 16870/26578 | Loss 0.0711 | LR 9.17e-06 | phase_samples=35720
2026-05-16 09:40:54,872  INFO  [visualweb] Step 16870/26578 | Loss 0.0452 | LR 9.17e-06 | phase_samples=35728
2026-05-16 09:40:55,512  INFO  [visualweb] Step 16870/26578 | Loss 0.0831 | LR 9.17e-06 | phase_samples=35736
2026-05-16 09:41:28,165  INFO  [visualweb] Step 16880/26578 | Loss 2.3953 | LR 9.16e-06 | phase_samples=36032
2026-05-16 09:41:28,781  INFO  [visualweb] Step 16880/26578 | Loss 0.0656 | LR 9.16e-06 | phase_samples=36040
2026-05-16 09:41:29,329  INFO  [visualweb] Step 16880/26578 | Loss 0.1054 | LR 9.16e-06 | phase_samples=36048
2026-05-16 09:41:29,904  INFO  [visualweb] Step 16880/26578 | Loss 0.0547 | LR 9.16e-06 | phase_samples=36056
2026-05-16 09:41:58,578  INFO  [visualweb] Step 16890/26578 | Loss 2.5398 | LR 9.15e-06 | phase_samples=36352
2026-05-16 09:41:59,417  INFO  [visualweb] Step 16890/26578 | Loss 0.0580 | LR 9.15e-06 | phase_samples=36360
2026-05-16 09:42:00,219  INFO  [visualweb] Step 16890/26578 | Loss 0.0522 | LR 9.15e-06 | phase_samples=36368
2026-05-16 09:42:01,134  INFO  [visualweb] Step 16890/26578 | Loss 0.0543 | LR 9.15e-06 | phase_samples=36376
2026-05-16 09:42:28,705  INFO  [visualweb] Step 16900/26578 | Loss 2.6153 | LR 9.13e-06 | phase_samples=36672
2026-05-16 09:42:29,437  INFO  [visualweb] Step 16900/26578 | Loss 0.0744 | LR 9.13e-06 | phase_samples=36680
2026-05-16 09:42:30,854  INFO  [visualweb] Step 16900/26578 | Loss 0.0582 | LR 9.13e-06 | phase_samples=36688
2026-05-16 09:42:31,972  INFO  [visualweb] Step 16900/26578 | Loss 0.0577 | LR 9.13e-06 | phase_samples=36696
2026-05-16 09:43:04,036  INFO  [visualweb] Step 16910/26578 | Loss 2.3644 | LR 9.12e-06 | phase_samples=36992
2026-05-16 09:43:04,769  INFO  [visualweb] Step 16910/26578 | Loss 0.0702 | LR 9.12e-06 | phase_samples=37000
2026-05-16 09:43:05,942  INFO  [visualweb] Step 16910/26578 | Loss 0.0746 | LR 9.12e-06 | phase_samples=37008
2026-05-16 09:43:06,457  INFO  [visualweb] Step 16910/26578 | Loss 0.0917 | LR 9.12e-06 | phase_samples=37016
2026-05-16 09:43:37,800  INFO  [visualweb] Step 16920/26578 | Loss 2.4826 | LR 9.11e-06 | phase_samples=37312
2026-05-16 09:43:38,521  INFO  [visualweb] Step 16920/26578 | Loss 0.0662 | LR 9.11e-06 | phase_samples=37320
2026-05-16 09:43:39,325  INFO  [visualweb] Step 16920/26578 | Loss 0.0648 | LR 9.11e-06 | phase_samples=37328
2026-05-16 09:43:40,107  INFO  [visualweb] Step 16920/26578 | Loss 0.0707 | LR 9.11e-06 | phase_samples=37336
2026-05-16 09:44:11,591  INFO  [visualweb] Step 16930/26578 | Loss 2.5646 | LR 9.10e-06 | phase_samples=37632
2026-05-16 09:44:12,013  INFO  [visualweb] Step 16930/26578 | Loss 0.1093 | LR 9.10e-06 | phase_samples=37640
2026-05-16 09:44:12,613  INFO  [visualweb] Step 16930/26578 | Loss 0.0513 | LR 9.10e-06 | phase_samples=37648
2026-05-16 09:44:13,257  INFO  [visualweb] Step 16930/26578 | Loss 0.0634 | LR 9.10e-06 | phase_samples=37656
2026-05-16 09:44:43,331  INFO  [visualweb] Step 16940/26578 | Loss 2.3743 | LR 9.08e-06 | phase_samples=37952
2026-05-16 09:44:43,755  INFO  [visualweb] Step 16940/26578 | Loss 0.1061 | LR 9.08e-06 | phase_samples=37960
2026-05-16 09:44:44,547  INFO  [visualweb] Step 16940/26578 | Loss 0.0801 | LR 9.08e-06 | phase_samples=37968
2026-05-16 09:44:45,202  INFO  [visualweb] Step 16940/26578 | Loss 0.0681 | LR 9.08e-06 | phase_samples=37976
2026-05-16 09:45:14,123  INFO  [visualweb] Step 16950/26578 | Loss 2.4333 | LR 9.07e-06 | phase_samples=38272
2026-05-16 09:45:15,347  INFO  [visualweb] Step 16950/26578 | Loss 0.0637 | LR 9.07e-06 | phase_samples=38280
2026-05-16 09:45:16,175  INFO  [visualweb] Step 16950/26578 | Loss 0.0981 | LR 9.07e-06 | phase_samples=38288
2026-05-16 09:45:17,050  INFO  [visualweb] Step 16950/26578 | Loss 0.0560 | LR 9.07e-06 | phase_samples=38296
2026-05-16 09:45:47,637  INFO  [visualweb] Step 16960/26578 | Loss 2.4421 | LR 9.06e-06 | phase_samples=38592
2026-05-16 09:45:48,524  INFO  [visualweb] Step 16960/26578 | Loss 0.0474 | LR 9.06e-06 | phase_samples=38600
2026-05-16 09:45:49,533  INFO  [visualweb] Step 16960/26578 | Loss 0.0641 | LR 9.06e-06 | phase_samples=38608
2026-05-16 09:45:50,207  INFO  [visualweb] Step 16960/26578 | Loss 0.0455 | LR 9.06e-06 | phase_samples=38616
2026-05-16 09:46:23,394  INFO  [visualweb] Step 16970/26578 | Loss 2.3954 | LR 9.05e-06 | phase_samples=38912
2026-05-16 09:46:23,940  INFO  [visualweb] Step 16970/26578 | Loss 0.0778 | LR 9.05e-06 | phase_samples=38920
2026-05-16 09:46:24,819  INFO  [visualweb] Step 16970/26578 | Loss 0.1144 | LR 9.05e-06 | phase_samples=38928
2026-05-16 09:46:25,450  INFO  [visualweb] Step 16970/26578 | Loss 0.0677 | LR 9.05e-06 | phase_samples=38936
2026-05-16 09:46:57,330  INFO  [visualweb] Step 16980/26578 | Loss 2.3691 | LR 9.04e-06 | phase_samples=39232
2026-05-16 09:46:58,104  INFO  [visualweb] Step 16980/26578 | Loss 0.0671 | LR 9.04e-06 | phase_samples=39240
2026-05-16 09:46:58,790  INFO  [visualweb] Step 16980/26578 | Loss 0.0633 | LR 9.04e-06 | phase_samples=39248
2026-05-16 09:46:59,432  INFO  [visualweb] Step 16980/26578 | Loss 0.0767 | LR 9.04e-06 | phase_samples=39256
2026-05-16 09:47:30,838  INFO  [visualweb] Step 16990/26578 | Loss 2.3999 | LR 9.02e-06 | phase_samples=39552
2026-05-16 09:47:31,342  INFO  [visualweb] Step 16990/26578 | Loss 0.0667 | LR 9.02e-06 | phase_samples=39560
2026-05-16 09:47:32,089  INFO  [visualweb] Step 16990/26578 | Loss 0.0425 | LR 9.02e-06 | phase_samples=39568
2026-05-16 09:47:32,901  INFO  [visualweb] Step 16990/26578 | Loss 0.0699 | LR 9.02e-06 | phase_samples=39576
2026-05-16 09:48:04,535  INFO  [visualweb] Step 17000/26578 | Loss 2.3424 | LR 9.01e-06 | phase_samples=39872
2026-05-16 09:48:05,089  INFO  [visualweb] Step 17000/26578 | Loss 0.0675 | LR 9.01e-06 | phase_samples=39880
2026-05-16 09:48:05,895  INFO  [visualweb] Step 17000/26578 | Loss 0.0544 | LR 9.01e-06 | phase_samples=39888
2026-05-16 09:48:06,816  INFO  [visualweb] Step 17000/26578 | Loss 0.0508 | LR 9.01e-06 | phase_samples=39896
2026-05-16 09:48:35,860  INFO  [visualweb] Step 17010/26578 | Loss 2.5033 | LR 9.00e-06 | phase_samples=40192
2026-05-16 09:48:36,393  INFO  [visualweb] Step 17010/26578 | Loss 0.0849 | LR 9.00e-06 | phase_samples=40200
2026-05-16 09:48:37,251  INFO  [visualweb] Step 17010/26578 | Loss 0.0420 | LR 9.00e-06 | phase_samples=40208
2026-05-16 09:48:37,982  INFO  [visualweb] Step 17010/26578 | Loss 0.0581 | LR 9.00e-06 | phase_samples=40216
2026-05-16 09:49:06,910  INFO  [visualweb] Step 17020/26578 | Loss 2.2511 | LR 8.99e-06 | phase_samples=40512
2026-05-16 09:49:07,432  INFO  [visualweb] Step 17020/26578 | Loss 0.0722 | LR 8.99e-06 | phase_samples=40520
2026-05-16 09:49:08,105  INFO  [visualweb] Step 17020/26578 | Loss 0.0543 | LR 8.99e-06 | phase_samples=40528
2026-05-16 09:49:08,797  INFO  [visualweb] Step 17020/26578 | Loss 0.0480 | LR 8.99e-06 | phase_samples=40536
2026-05-16 09:49:40,672  INFO  [visualweb] Step 17030/26578 | Loss 2.5674 | LR 8.98e-06 | phase_samples=40832
2026-05-16 09:49:41,302  INFO  [visualweb] Step 17030/26578 | Loss 0.0630 | LR 8.98e-06 | phase_samples=40840
2026-05-16 09:49:42,640  INFO  [visualweb] Step 17030/26578 | Loss 0.0507 | LR 8.98e-06 | phase_samples=40848
2026-05-16 09:49:44,069  INFO  [visualweb] Step 17030/26578 | Loss 0.0622 | LR 8.98e-06 | phase_samples=40856
2026-05-16 09:50:15,095  INFO  [visualweb] Step 17040/26578 | Loss 2.5278 | LR 8.96e-06 | phase_samples=41152
2026-05-16 09:50:15,538  INFO  [visualweb] Step 17040/26578 | Loss 0.1084 | LR 8.96e-06 | phase_samples=41160
2026-05-16 09:50:16,216  INFO  [visualweb] Step 17040/26578 | Loss 0.0603 | LR 8.96e-06 | phase_samples=41168
2026-05-16 09:50:17,342  INFO  [visualweb] Step 17040/26578 | Loss 0.0612 | LR 8.96e-06 | phase_samples=41176
2026-05-16 09:50:46,671  INFO  [visualweb] Step 17050/26578 | Loss 2.4432 | LR 8.95e-06 | phase_samples=41472
2026-05-16 09:50:47,559  INFO  [visualweb] Step 17050/26578 | Loss 0.0753 | LR 8.95e-06 | phase_samples=41480
2026-05-16 09:50:48,071  INFO  [visualweb] Step 17050/26578 | Loss 0.0655 | LR 8.95e-06 | phase_samples=41488
2026-05-16 09:50:48,999  INFO  [visualweb] Step 17050/26578 | Loss 0.0762 | LR 8.95e-06 | phase_samples=41496
2026-05-16 09:51:22,660  INFO  [visualweb] Step 17060/26578 | Loss 2.3965 | LR 8.94e-06 | phase_samples=41792
2026-05-16 09:51:23,304  INFO  [visualweb] Step 17060/26578 | Loss 0.0481 | LR 8.94e-06 | phase_samples=41800
2026-05-16 09:51:24,421  INFO  [visualweb] Step 17060/26578 | Loss 0.0671 | LR 8.94e-06 | phase_samples=41808
2026-05-16 09:51:25,712  INFO  [visualweb] Step 17060/26578 | Loss 0.0954 | LR 8.94e-06 | phase_samples=41816
2026-05-16 09:51:55,746  INFO  [visualweb] Step 17070/26578 | Loss 2.4358 | LR 8.93e-06 | phase_samples=42112
2026-05-16 09:51:56,903  INFO  [visualweb] Step 17070/26578 | Loss 0.0714 | LR 8.93e-06 | phase_samples=42120
2026-05-16 09:51:57,704  INFO  [visualweb] Step 17070/26578 | Loss 0.0440 | LR 8.93e-06 | phase_samples=42128
2026-05-16 09:51:58,600  INFO  [visualweb] Step 17070/26578 | Loss 0.0643 | LR 8.93e-06 | phase_samples=42136
2026-05-16 09:52:27,648  INFO  [visualweb] Step 17080/26578 | Loss 2.5031 | LR 8.91e-06 | phase_samples=42432
2026-05-16 09:52:28,237  INFO  [visualweb] Step 17080/26578 | Loss 0.0549 | LR 8.91e-06 | phase_samples=42440
2026-05-16 09:52:28,987  INFO  [visualweb] Step 17080/26578 | Loss 0.1061 | LR 8.91e-06 | phase_samples=42448
2026-05-16 09:52:29,555  INFO  [visualweb] Step 17080/26578 | Loss 0.0458 | LR 8.91e-06 | phase_samples=42456
2026-05-16 09:52:59,592  INFO  [visualweb] Step 17090/26578 | Loss 2.4491 | LR 8.90e-06 | phase_samples=42752
2026-05-16 09:53:00,127  INFO  [visualweb] Step 17090/26578 | Loss 0.0878 | LR 8.90e-06 | phase_samples=42760
2026-05-16 09:53:00,774  INFO  [visualweb] Step 17090/26578 | Loss 0.0652 | LR 8.90e-06 | phase_samples=42768
2026-05-16 09:53:01,674  INFO  [visualweb] Step 17090/26578 | Loss 0.0885 | LR 8.90e-06 | phase_samples=42776
2026-05-16 09:53:33,332  INFO  [visualweb] Step 17100/26578 | Loss 2.5971 | LR 8.89e-06 | phase_samples=43072
2026-05-16 09:53:33,715  INFO  [visualweb] Step 17100/26578 | Loss 0.1040 | LR 8.89e-06 | phase_samples=43080
2026-05-16 09:53:34,121  INFO  [visualweb] Step 17100/26578 | Loss 0.1080 | LR 8.89e-06 | phase_samples=43088
2026-05-16 09:53:35,031  INFO  [visualweb] Step 17100/26578 | Loss 0.0728 | LR 8.89e-06 | phase_samples=43096
2026-05-16 09:54:02,690  INFO  [visualweb] Step 17110/26578 | Loss 2.3832 | LR 8.88e-06 | phase_samples=43392
2026-05-16 09:54:03,191  INFO  [visualweb] Step 17110/26578 | Loss 0.0631 | LR 8.88e-06 | phase_samples=43400
2026-05-16 09:54:04,348  INFO  [visualweb] Step 17110/26578 | Loss 0.0755 | LR 8.88e-06 | phase_samples=43408
2026-05-16 09:54:04,804  INFO  [visualweb] Step 17110/26578 | Loss 0.0900 | LR 8.88e-06 | phase_samples=43416
2026-05-16 09:54:38,304  INFO  [visualweb] Step 17120/26578 | Loss 2.3475 | LR 8.87e-06 | phase_samples=43712
2026-05-16 09:54:38,887  INFO  [visualweb] Step 17120/26578 | Loss 0.0790 | LR 8.87e-06 | phase_samples=43720
2026-05-16 09:54:39,321  INFO  [visualweb] Step 17120/26578 | Loss 0.1000 | LR 8.87e-06 | phase_samples=43728
2026-05-16 09:54:39,978  INFO  [visualweb] Step 17120/26578 | Loss 0.0629 | LR 8.87e-06 | phase_samples=43736
2026-05-16 09:55:11,153  INFO  [visualweb] Step 17130/26578 | Loss 2.3688 | LR 8.85e-06 | phase_samples=44032
2026-05-16 09:55:12,036  INFO  [visualweb] Step 17130/26578 | Loss 0.0574 | LR 8.85e-06 | phase_samples=44040
2026-05-16 09:55:13,144  INFO  [visualweb] Step 17130/26578 | Loss 0.0517 | LR 8.85e-06 | phase_samples=44048
2026-05-16 09:55:13,951  INFO  [visualweb] Step 17130/26578 | Loss 0.0781 | LR 8.85e-06 | phase_samples=44056
2026-05-16 09:55:43,418  INFO  [visualweb] Step 17140/26578 | Loss 2.4533 | LR 8.84e-06 | phase_samples=44352
2026-05-16 09:55:44,173  INFO  [visualweb] Step 17140/26578 | Loss 0.0608 | LR 8.84e-06 | phase_samples=44360
2026-05-16 09:55:45,032  INFO  [visualweb] Step 17140/26578 | Loss 0.0795 | LR 8.84e-06 | phase_samples=44368
2026-05-16 09:55:45,771  INFO  [visualweb] Step 17140/26578 | Loss 0.0519 | LR 8.84e-06 | phase_samples=44376
2026-05-16 09:56:14,312  INFO  [visualweb] Step 17150/26578 | Loss 2.2567 | LR 8.83e-06 | phase_samples=44672
2026-05-16 09:56:15,424  INFO  [visualweb] Step 17150/26578 | Loss 0.0726 | LR 8.83e-06 | phase_samples=44680
2026-05-16 09:56:16,197  INFO  [visualweb] Step 17150/26578 | Loss 0.0487 | LR 8.83e-06 | phase_samples=44688
2026-05-16 09:56:16,767  INFO  [visualweb] Step 17150/26578 | Loss 0.0626 | LR 8.83e-06 | phase_samples=44696
2026-05-16 09:56:48,482  INFO  [visualweb] Step 17160/26578 | Loss 2.3086 | LR 8.82e-06 | phase_samples=44992
2026-05-16 09:56:49,939  INFO  [visualweb] Step 17160/26578 | Loss 0.0732 | LR 8.82e-06 | phase_samples=45000
2026-05-16 09:56:50,737  INFO  [visualweb] Step 17160/26578 | Loss 0.0344 | LR 8.82e-06 | phase_samples=45008
2026-05-16 09:56:51,522  INFO  [visualweb] Step 17160/26578 | Loss 0.0641 | LR 8.82e-06 | phase_samples=45016
2026-05-16 09:57:23,607  INFO  [visualweb] Step 17170/26578 | Loss 2.5659 | LR 8.81e-06 | phase_samples=45312
2026-05-16 09:57:24,706  INFO  [visualweb] Step 17170/26578 | Loss 0.0507 | LR 8.81e-06 | phase_samples=45320
2026-05-16 09:57:25,277  INFO  [visualweb] Step 17170/26578 | Loss 0.0578 | LR 8.81e-06 | phase_samples=45328
2026-05-16 09:57:26,163  INFO  [visualweb] Step 17170/26578 | Loss 0.0488 | LR 8.81e-06 | phase_samples=45336
2026-05-16 09:57:59,446  INFO  [visualweb] Step 17180/26578 | Loss 2.4933 | LR 8.79e-06 | phase_samples=45632
2026-05-16 09:58:00,884  INFO  [visualweb] Step 17180/26578 | Loss 0.0658 | LR 8.79e-06 | phase_samples=45640
2026-05-16 09:58:01,489  INFO  [visualweb] Step 17180/26578 | Loss 0.0851 | LR 8.79e-06 | phase_samples=45648
2026-05-16 09:58:02,318  INFO  [visualweb] Step 17180/26578 | Loss 0.0572 | LR 8.79e-06 | phase_samples=45656
2026-05-16 09:58:31,194  INFO  [visualweb] Step 17190/26578 | Loss 2.4818 | LR 8.78e-06 | phase_samples=45952
2026-05-16 09:58:32,217  INFO  [visualweb] Step 17190/26578 | Loss 0.0828 | LR 8.78e-06 | phase_samples=45960
2026-05-16 09:58:32,913  INFO  [visualweb] Step 17190/26578 | Loss 0.0438 | LR 8.78e-06 | phase_samples=45968
2026-05-16 09:58:33,658  INFO  [visualweb] Step 17190/26578 | Loss 0.0740 | LR 8.78e-06 | phase_samples=45976
2026-05-16 09:59:05,512  INFO  [visualweb] Step 17200/26578 | Loss 2.3425 | LR 8.77e-06 | phase_samples=46272
2026-05-16 09:59:06,398  INFO  [visualweb] Step 17200/26578 | Loss 0.0445 | LR 8.77e-06 | phase_samples=46280
2026-05-16 09:59:07,532  INFO  [visualweb] Step 17200/26578 | Loss 0.0577 | LR 8.77e-06 | phase_samples=46288
2026-05-16 09:59:08,058  INFO  [visualweb] Step 17200/26578 | Loss 0.0816 | LR 8.77e-06 | phase_samples=46296
2026-05-16 09:59:34,908  INFO  [visualweb] Step 17210/26578 | Loss 2.6177 | LR 8.76e-06 | phase_samples=46592
2026-05-16 09:59:35,946  INFO  [visualweb] Step 17210/26578 | Loss 0.0554 | LR 8.76e-06 | phase_samples=46600
2026-05-16 09:59:37,255  INFO  [visualweb] Step 17210/26578 | Loss 0.0927 | LR 8.76e-06 | phase_samples=46608
2026-05-16 09:59:37,828  INFO  [visualweb] Step 17210/26578 | Loss 0.0733 | LR 8.76e-06 | phase_samples=46616
2026-05-16 10:00:06,587  INFO  [visualweb] Step 17220/26578 | Loss 2.6654 | LR 8.75e-06 | phase_samples=46912
2026-05-16 10:00:07,083  INFO  [visualweb] Step 17220/26578 | Loss 0.1068 | LR 8.75e-06 | phase_samples=46920
2026-05-16 10:00:07,650  INFO  [visualweb] Step 17220/26578 | Loss 0.0806 | LR 8.75e-06 | phase_samples=46928
2026-05-16 10:00:08,089  INFO  [visualweb] Step 17220/26578 | Loss 0.0909 | LR 8.75e-06 | phase_samples=46936
2026-05-16 10:00:38,782  INFO  [visualweb] Step 17230/26578 | Loss 2.4387 | LR 8.73e-06 | phase_samples=47232
2026-05-16 10:00:39,542  INFO  [visualweb] Step 17230/26578 | Loss 0.0522 | LR 8.73e-06 | phase_samples=47240
2026-05-16 10:00:40,182  INFO  [visualweb] Step 17230/26578 | Loss 0.0757 | LR 8.73e-06 | phase_samples=47248
2026-05-16 10:00:40,726  INFO  [visualweb] Step 17230/26578 | Loss 0.0819 | LR 8.73e-06 | phase_samples=47256
2026-05-16 10:01:13,593  INFO  [visualweb] Step 17240/26578 | Loss 2.2271 | LR 8.72e-06 | phase_samples=47552
2026-05-16 10:01:14,557  INFO  [visualweb] Step 17240/26578 | Loss 0.0759 | LR 8.72e-06 | phase_samples=47560
2026-05-16 10:01:15,238  INFO  [visualweb] Step 17240/26578 | Loss 0.0712 | LR 8.72e-06 | phase_samples=47568
2026-05-16 10:01:15,809  INFO  [visualweb] Step 17240/26578 | Loss 0.0833 | LR 8.72e-06 | phase_samples=47576
2026-05-16 10:01:45,848  INFO  [visualweb] Step 17250/26578 | Loss 2.6170 | LR 8.71e-06 | phase_samples=47872
2026-05-16 10:01:46,999  INFO  [visualweb] Step 17250/26578 | Loss 0.0623 | LR 8.71e-06 | phase_samples=47880
2026-05-16 10:01:47,796  INFO  [visualweb] Step 17250/26578 | Loss 0.0413 | LR 8.71e-06 | phase_samples=47888
2026-05-16 10:01:48,321  INFO  [visualweb] Step 17250/26578 | Loss 0.0849 | LR 8.71e-06 | phase_samples=47896
2026-05-16 10:02:15,383  INFO  [visualweb] Step 17260/26578 | Loss 2.6774 | LR 8.70e-06 | phase_samples=48192
2026-05-16 10:02:16,394  INFO  [visualweb] Step 17260/26578 | Loss 0.0505 | LR 8.70e-06 | phase_samples=48200
2026-05-16 10:02:17,030  INFO  [visualweb] Step 17260/26578 | Loss 0.0434 | LR 8.70e-06 | phase_samples=48208
2026-05-16 10:02:17,870  INFO  [visualweb] Step 17260/26578 | Loss 0.0691 | LR 8.70e-06 | phase_samples=48216
2026-05-16 10:02:47,831  INFO  [visualweb] Step 17270/26578 | Loss 2.3099 | LR 8.68e-06 | phase_samples=48512
2026-05-16 10:02:49,001  INFO  [visualweb] Step 17270/26578 | Loss 0.0654 | LR 8.68e-06 | phase_samples=48520
2026-05-16 10:02:50,029  INFO  [visualweb] Step 17270/26578 | Loss 0.0843 | LR 8.68e-06 | phase_samples=48528
2026-05-16 10:02:50,712  INFO  [visualweb] Step 17270/26578 | Loss 0.0584 | LR 8.68e-06 | phase_samples=48536
2026-05-16 10:03:24,303  INFO  [visualweb] Step 17280/26578 | Loss 2.5220 | LR 8.67e-06 | phase_samples=48832
2026-05-16 10:03:25,080  INFO  [visualweb] Step 17280/26578 | Loss 0.0510 | LR 8.67e-06 | phase_samples=48840
2026-05-16 10:03:25,934  INFO  [visualweb] Step 17280/26578 | Loss 0.0722 | LR 8.67e-06 | phase_samples=48848
2026-05-16 10:03:26,791  INFO  [visualweb] Step 17280/26578 | Loss 0.0533 | LR 8.67e-06 | phase_samples=48856
2026-05-16 10:03:54,541  INFO  [visualweb] Step 17290/26578 | Loss 2.5816 | LR 8.66e-06 | phase_samples=49152
2026-05-16 10:03:55,528  INFO  [visualweb] Step 17290/26578 | Loss 0.0454 | LR 8.66e-06 | phase_samples=49160
2026-05-16 10:03:56,104  INFO  [visualweb] Step 17290/26578 | Loss 0.0630 | LR 8.66e-06 | phase_samples=49168
2026-05-16 10:03:57,567  INFO  [visualweb] Step 17290/26578 | Loss 0.0557 | LR 8.66e-06 | phase_samples=49176
2026-05-16 10:04:27,003  INFO  [visualweb] Step 17300/26578 | Loss 2.5250 | LR 8.65e-06 | phase_samples=49472
2026-05-16 10:04:27,476  INFO  [visualweb] Step 17300/26578 | Loss 0.0979 | LR 8.65e-06 | phase_samples=49480
2026-05-16 10:04:28,273  INFO  [visualweb] Step 17300/26578 | Loss 0.0662 | LR 8.65e-06 | phase_samples=49488
2026-05-16 10:04:28,806  INFO  [visualweb] Step 17300/26578 | Loss 0.0804 | LR 8.65e-06 | phase_samples=49496
2026-05-16 10:05:00,220  INFO  [visualweb] Step 17310/26578 | Loss 2.6199 | LR 8.64e-06 | phase_samples=49792
2026-05-16 10:05:00,848  INFO  [visualweb] Step 17310/26578 | Loss 0.0493 | LR 8.64e-06 | phase_samples=49800
2026-05-16 10:05:02,285  INFO  [visualweb] Step 17310/26578 | Loss 0.0536 | LR 8.64e-06 | phase_samples=49808
2026-05-16 10:05:03,154  INFO  [visualweb] Step 17310/26578 | Loss 0.0514 | LR 8.64e-06 | phase_samples=49816
2026-05-16 10:05:33,083  INFO  [visualweb] Step 17320/26578 | Loss 2.4079 | LR 8.62e-06 | phase_samples=50112
2026-05-16 10:05:33,702  INFO  [visualweb] Step 17320/26578 | Loss 0.0619 | LR 8.62e-06 | phase_samples=50120
2026-05-16 10:05:34,221  INFO  [visualweb] Step 17320/26578 | Loss 0.0585 | LR 8.62e-06 | phase_samples=50128
2026-05-16 10:05:34,705  INFO  [visualweb] Step 17320/26578 | Loss 0.0924 | LR 8.62e-06 | phase_samples=50136
2026-05-16 10:09:28,418  INFO  Checkpoint saved → ../checkpoints/stage2_h100/step17326 | step=17326 | phase=visualweb | samples_seen_phase=50312 | total=417608
2026-05-16 10:09:41,526  INFO  [visualweb] Step 17330/26578 | Loss 2.5005 | LR 8.61e-06 | phase_samples=50432
2026-05-16 10:09:42,112  INFO  [visualweb] Step 17330/26578 | Loss 0.0660 | LR 8.61e-06 | phase_samples=50440
2026-05-16 10:09:43,300  INFO  [visualweb] Step 17330/26578 | Loss 0.0615 | LR 8.61e-06 | phase_samples=50448
2026-05-16 10:09:43,972  INFO  [visualweb] Step 17330/26578 | Loss 0.0522 | LR 8.61e-06 | phase_samples=50456
2026-05-16 10:10:15,822  INFO  [visualweb] Step 17340/26578 | Loss 2.4813 | LR 8.60e-06 | phase_samples=50752
2026-05-16 10:10:16,484  INFO  [visualweb] Step 17340/26578 | Loss 0.0363 | LR 8.60e-06 | phase_samples=50760
2026-05-16 10:10:17,693  INFO  [visualweb] Step 17340/26578 | Loss 0.0836 | LR 8.60e-06 | phase_samples=50768
2026-05-16 10:10:18,960  INFO  [visualweb] Step 17340/26578 | Loss 0.0727 | LR 8.60e-06 | phase_samples=50776
2026-05-16 10:10:51,365  INFO  [visualweb] Step 17350/26578 | Loss 2.3285 | LR 8.59e-06 | phase_samples=51072
2026-05-16 10:10:52,266  INFO  [visualweb] Step 17350/26578 | Loss 0.0586 | LR 8.59e-06 | phase_samples=51080
2026-05-16 10:10:53,212  INFO  [visualweb] Step 17350/26578 | Loss 0.0690 | LR 8.59e-06 | phase_samples=51088
2026-05-16 10:10:54,064  INFO  [visualweb] Step 17350/26578 | Loss 0.0863 | LR 8.59e-06 | phase_samples=51096
2026-05-16 10:11:22,813  INFO  [visualweb] Step 17360/26578 | Loss 2.5575 | LR 8.58e-06 | phase_samples=51392
2026-05-16 10:11:23,825  INFO  [visualweb] Step 17360/26578 | Loss 0.0793 | LR 8.58e-06 | phase_samples=51400
2026-05-16 10:11:24,217  INFO  [visualweb] Step 17360/26578 | Loss 0.1044 | LR 8.58e-06 | phase_samples=51408
2026-05-16 10:11:25,098  INFO  [visualweb] Step 17360/26578 | Loss 0.0503 | LR 8.58e-06 | phase_samples=51416
2026-05-16 10:11:53,062  INFO  [visualweb] Step 17370/26578 | Loss 2.3310 | LR 8.56e-06 | phase_samples=51712
2026-05-16 10:11:53,620  INFO  [visualweb] Step 17370/26578 | Loss 0.0713 | LR 8.56e-06 | phase_samples=51720
2026-05-16 10:11:54,140  INFO  [visualweb] Step 17370/26578 | Loss 0.0716 | LR 8.56e-06 | phase_samples=51728
2026-05-16 10:11:54,690  INFO  [visualweb] Step 17370/26578 | Loss 0.0807 | LR 8.56e-06 | phase_samples=51736
2026-05-16 10:12:25,158  INFO  [visualweb] Step 17380/26578 | Loss 2.4686 | LR 8.55e-06 | phase_samples=52032
2026-05-16 10:12:25,525  INFO  [visualweb] Step 17380/26578 | Loss 0.1222 | LR 8.55e-06 | phase_samples=52040
2026-05-16 10:12:26,557  INFO  [visualweb] Step 17380/26578 | Loss 0.0710 | LR 8.55e-06 | phase_samples=52048
2026-05-16 10:12:27,463  INFO  [visualweb] Step 17380/26578 | Loss 0.0446 | LR 8.55e-06 | phase_samples=52056
2026-05-16 10:12:58,157  INFO  [visualweb] Step 17390/26578 | Loss 2.2868 | LR 8.54e-06 | phase_samples=52352
2026-05-16 10:12:59,194  INFO  [visualweb] Step 17390/26578 | Loss 0.0430 | LR 8.54e-06 | phase_samples=52360
2026-05-16 10:12:59,955  INFO  [visualweb] Step 17390/26578 | Loss 0.0343 | LR 8.54e-06 | phase_samples=52368
2026-05-16 10:13:01,422  INFO  [visualweb] Step 17390/26578 | Loss 0.0934 | LR 8.54e-06 | phase_samples=52376
2026-05-16 10:13:31,422  INFO  [visualweb] Step 17400/26578 | Loss 2.3754 | LR 8.53e-06 | phase_samples=52672
2026-05-16 10:13:31,973  INFO  [visualweb] Step 17400/26578 | Loss 0.0623 | LR 8.53e-06 | phase_samples=52680
2026-05-16 10:13:32,437  INFO  [visualweb] Step 17400/26578 | Loss 0.0631 | LR 8.53e-06 | phase_samples=52688
2026-05-16 10:13:33,111  INFO  [visualweb] Step 17400/26578 | Loss 0.0372 | LR 8.53e-06 | phase_samples=52696
2026-05-16 10:14:05,324  INFO  [visualweb] Step 17410/26578 | Loss 2.5125 | LR 8.52e-06 | phase_samples=52992
2026-05-16 10:14:06,573  INFO  [visualweb] Step 17410/26578 | Loss 0.0693 | LR 8.52e-06 | phase_samples=53000
2026-05-16 10:14:07,121  INFO  [visualweb] Step 17410/26578 | Loss 0.0781 | LR 8.52e-06 | phase_samples=53008
2026-05-16 10:14:07,684  INFO  [visualweb] Step 17410/26578 | Loss 0.0554 | LR 8.52e-06 | phase_samples=53016
2026-05-16 10:14:38,776  INFO  [visualweb] Step 17420/26578 | Loss 2.3784 | LR 8.50e-06 | phase_samples=53312
2026-05-16 10:14:39,836  INFO  [visualweb] Step 17420/26578 | Loss 0.0737 | LR 8.50e-06 | phase_samples=53320
2026-05-16 10:14:40,391  INFO  [visualweb] Step 17420/26578 | Loss 0.1150 | LR 8.50e-06 | phase_samples=53328
2026-05-16 10:14:41,024  INFO  [visualweb] Step 17420/26578 | Loss 0.0578 | LR 8.50e-06 | phase_samples=53336
2026-05-16 10:15:10,224  INFO  [visualweb] Step 17430/26578 | Loss 2.3673 | LR 8.49e-06 | phase_samples=53632
2026-05-16 10:15:10,980  INFO  [visualweb] Step 17430/26578 | Loss 0.0579 | LR 8.49e-06 | phase_samples=53640
2026-05-16 10:15:11,961  INFO  [visualweb] Step 17430/26578 | Loss 0.0625 | LR 8.49e-06 | phase_samples=53648
2026-05-16 10:15:13,427  INFO  [visualweb] Step 17430/26578 | Loss 0.0574 | LR 8.49e-06 | phase_samples=53656
2026-05-16 10:15:44,035  INFO  [visualweb] Step 17440/26578 | Loss 2.5356 | LR 8.48e-06 | phase_samples=53952
2026-05-16 10:15:44,864  INFO  [visualweb] Step 17440/26578 | Loss 0.0484 | LR 8.48e-06 | phase_samples=53960
2026-05-16 10:15:45,476  INFO  [visualweb] Step 17440/26578 | Loss 0.0617 | LR 8.48e-06 | phase_samples=53968
2026-05-16 10:15:46,162  INFO  [visualweb] Step 17440/26578 | Loss 0.0509 | LR 8.48e-06 | phase_samples=53976
2026-05-16 10:16:13,664  INFO  [visualweb] Step 17450/26578 | Loss 2.7059 | LR 8.47e-06 | phase_samples=54272
2026-05-16 10:16:15,117  INFO  [visualweb] Step 17450/26578 | Loss 0.1046 | LR 8.47e-06 | phase_samples=54280
2026-05-16 10:16:15,687  INFO  [visualweb] Step 17450/26578 | Loss 0.0989 | LR 8.47e-06 | phase_samples=54288
2026-05-16 10:16:15,963  INFO  [visualweb] Step 17450/26578 | Loss 0.1271 | LR 8.47e-06 | phase_samples=54296
2026-05-16 10:16:48,984  INFO  [visualweb] Step 17460/26578 | Loss 2.4270 | LR 8.46e-06 | phase_samples=54592
2026-05-16 10:16:49,425  INFO  [visualweb] Step 17460/26578 | Loss 0.1144 | LR 8.46e-06 | phase_samples=54600
2026-05-16 10:16:50,263  INFO  [visualweb] Step 17460/26578 | Loss 0.0503 | LR 8.46e-06 | phase_samples=54608
2026-05-16 10:16:51,161  INFO  [visualweb] Step 17460/26578 | Loss 0.0643 | LR 8.46e-06 | phase_samples=54616
2026-05-16 10:17:21,256  INFO  [visualweb] Step 17470/26578 | Loss 2.5829 | LR 8.44e-06 | phase_samples=54912
2026-05-16 10:17:22,316  INFO  [visualweb] Step 17470/26578 | Loss 0.0558 | LR 8.44e-06 | phase_samples=54920
2026-05-16 10:17:22,877  INFO  [visualweb] Step 17470/26578 | Loss 0.0733 | LR 8.44e-06 | phase_samples=54928
2026-05-16 10:17:24,173  INFO  [visualweb] Step 17470/26578 | Loss 0.0501 | LR 8.44e-06 | phase_samples=54936
2026-05-16 10:17:56,289  INFO  [visualweb] Step 17480/26578 | Loss 2.3721 | LR 8.43e-06 | phase_samples=55232
2026-05-16 10:17:57,450  INFO  [visualweb] Step 17480/26578 | Loss 0.0425 | LR 8.43e-06 | phase_samples=55240
2026-05-16 10:17:58,112  INFO  [visualweb] Step 17480/26578 | Loss 0.0491 | LR 8.43e-06 | phase_samples=55248
2026-05-16 10:17:59,177  INFO  [visualweb] Step 17480/26578 | Loss 0.0329 | LR 8.43e-06 | phase_samples=55256
2026-05-16 10:18:27,532  INFO  [visualweb] Step 17490/26578 | Loss 2.5604 | LR 8.42e-06 | phase_samples=55552
2026-05-16 10:18:28,353  INFO  [visualweb] Step 17490/26578 | Loss 0.0705 | LR 8.42e-06 | phase_samples=55560
2026-05-16 10:18:28,911  INFO  [visualweb] Step 17490/26578 | Loss 0.1015 | LR 8.42e-06 | phase_samples=55568
2026-05-16 10:18:29,667  INFO  [visualweb] Step 17490/26578 | Loss 0.0466 | LR 8.42e-06 | phase_samples=55576
2026-05-16 10:19:02,669  INFO  [visualweb] Step 17500/26578 | Loss 2.5077 | LR 8.41e-06 | phase_samples=55872
2026-05-16 10:19:03,699  INFO  [visualweb] Step 17500/26578 | Loss 0.0820 | LR 8.41e-06 | phase_samples=55880
2026-05-16 10:19:04,746  INFO  [visualweb] Step 17500/26578 | Loss 0.0607 | LR 8.41e-06 | phase_samples=55888
2026-05-16 10:19:05,647  INFO  [visualweb] Step 17500/26578 | Loss 0.0594 | LR 8.41e-06 | phase_samples=55896
2026-05-16 10:19:36,180  INFO  [visualweb] Step 17510/26578 | Loss 2.3486 | LR 8.40e-06 | phase_samples=56192
2026-05-16 10:19:37,632  INFO  [visualweb] Step 17510/26578 | Loss 0.0922 | LR 8.40e-06 | phase_samples=56200
2026-05-16 10:19:38,374  INFO  [visualweb] Step 17510/26578 | Loss 0.0533 | LR 8.40e-06 | phase_samples=56208
2026-05-16 10:19:39,053  INFO  [visualweb] Step 17510/26578 | Loss 0.0610 | LR 8.40e-06 | phase_samples=56216
2026-05-16 10:20:08,186  INFO  [visualweb] Step 17520/26578 | Loss 2.4547 | LR 8.38e-06 | phase_samples=56512
2026-05-16 10:20:08,695  INFO  [visualweb] Step 17520/26578 | Loss 0.0715 | LR 8.38e-06 | phase_samples=56520
2026-05-16 10:20:09,675  INFO  [visualweb] Step 17520/26578 | Loss 0.0425 | LR 8.38e-06 | phase_samples=56528
2026-05-16 10:20:10,855  INFO  [visualweb] Step 17520/26578 | Loss 0.1019 | LR 8.38e-06 | phase_samples=56536
2026-05-16 10:20:41,896  INFO  [visualweb] Step 17530/26578 | Loss 2.4571 | LR 8.37e-06 | phase_samples=56832
2026-05-16 10:20:42,626  INFO  [visualweb] Step 17530/26578 | Loss 0.0453 | LR 8.37e-06 | phase_samples=56840
2026-05-16 10:20:43,373  INFO  [visualweb] Step 17530/26578 | Loss 0.0446 | LR 8.37e-06 | phase_samples=56848
2026-05-16 10:20:44,246  INFO  [visualweb] Step 17530/26578 | Loss 0.0431 | LR 8.37e-06 | phase_samples=56856
2026-05-16 10:21:15,375  INFO  [visualweb] Step 17540/26578 | Loss 2.2135 | LR 8.36e-06 | phase_samples=57152
2026-05-16 10:21:16,019  INFO  [visualweb] Step 17540/26578 | Loss 0.0394 | LR 8.36e-06 | phase_samples=57160
2026-05-16 10:21:16,957  INFO  [visualweb] Step 17540/26578 | Loss 0.0449 | LR 8.36e-06 | phase_samples=57168
2026-05-16 10:21:17,946  INFO  [visualweb] Step 17540/26578 | Loss 0.0560 | LR 8.36e-06 | phase_samples=57176
2026-05-16 10:21:44,234  INFO  [visualweb] Step 17550/26578 | Loss 2.6312 | LR 8.35e-06 | phase_samples=57472
2026-05-16 10:21:45,686  INFO  [visualweb] Step 17550/26578 | Loss 0.0462 | LR 8.35e-06 | phase_samples=57480
2026-05-16 10:21:46,242  INFO  [visualweb] Step 17550/26578 | Loss 0.0712 | LR 8.35e-06 | phase_samples=57488
2026-05-16 10:21:47,052  INFO  [visualweb] Step 17550/26578 | Loss 0.0520 | LR 8.35e-06 | phase_samples=57496
2026-05-16 10:22:17,616  INFO  [visualweb] Step 17560/26578 | Loss 2.1631 | LR 8.34e-06 | phase_samples=57792
2026-05-16 10:22:18,579  INFO  [visualweb] Step 17560/26578 | Loss 0.0960 | LR 8.34e-06 | phase_samples=57800
2026-05-16 10:22:19,041  INFO  [visualweb] Step 17560/26578 | Loss 0.0808 | LR 8.34e-06 | phase_samples=57808
2026-05-16 10:22:19,480  INFO  [visualweb] Step 17560/26578 | Loss 0.1141 | LR 8.34e-06 | phase_samples=57816
2026-05-16 10:22:48,625  INFO  [visualweb] Step 17570/26578 | Loss 2.3082 | LR 8.32e-06 | phase_samples=58112
2026-05-16 10:22:49,342  INFO  [visualweb] Step 17570/26578 | Loss 0.0820 | LR 8.32e-06 | phase_samples=58120
2026-05-16 10:22:49,990  INFO  [visualweb] Step 17570/26578 | Loss 0.0532 | LR 8.32e-06 | phase_samples=58128
2026-05-16 10:22:50,509  INFO  [visualweb] Step 17570/26578 | Loss 0.0938 | LR 8.32e-06 | phase_samples=58136
2026-05-16 10:23:20,420  INFO  [visualweb] Step 17580/26578 | Loss 2.4019 | LR 8.31e-06 | phase_samples=58432
2026-05-16 10:23:20,915  INFO  [visualweb] Step 17580/26578 | Loss 0.0709 | LR 8.31e-06 | phase_samples=58440
2026-05-16 10:23:21,552  INFO  [visualweb] Step 17580/26578 | Loss 0.0668 | LR 8.31e-06 | phase_samples=58448
2026-05-16 10:23:22,108  INFO  [visualweb] Step 17580/26578 | Loss 0.0663 | LR 8.31e-06 | phase_samples=58456
2026-05-16 10:23:51,706  INFO  [visualweb] Step 17590/26578 | Loss 2.3729 | LR 8.30e-06 | phase_samples=58752
2026-05-16 10:23:52,418  INFO  [visualweb] Step 17590/26578 | Loss 0.0388 | LR 8.30e-06 | phase_samples=58760
2026-05-16 10:23:53,403  INFO  [visualweb] Step 17590/26578 | Loss 0.0556 | LR 8.30e-06 | phase_samples=58768
2026-05-16 10:23:54,561  INFO  [visualweb] Step 17590/26578 | Loss 0.0435 | LR 8.30e-06 | phase_samples=58776
2026-05-16 10:24:25,244  INFO  [visualweb] Step 17600/26578 | Loss 2.3939 | LR 8.29e-06 | phase_samples=59072
2026-05-16 10:24:25,797  INFO  [visualweb] Step 17600/26578 | Loss 0.0541 | LR 8.29e-06 | phase_samples=59080
2026-05-16 10:24:26,261  INFO  [visualweb] Step 17600/26578 | Loss 0.0777 | LR 8.29e-06 | phase_samples=59088
2026-05-16 10:24:26,810  INFO  [visualweb] Step 17600/26578 | Loss 0.0958 | LR 8.29e-06 | phase_samples=59096
2026-05-16 10:24:59,239  INFO  [visualweb] Step 17610/26578 | Loss 2.3553 | LR 8.28e-06 | phase_samples=59392
2026-05-16 10:25:00,625  INFO  [visualweb] Step 17610/26578 | Loss 0.0507 | LR 8.28e-06 | phase_samples=59400
2026-05-16 10:25:02,093  INFO  [visualweb] Step 17610/26578 | Loss 0.1661 | LR 8.28e-06 | phase_samples=59408
2026-05-16 10:25:03,419  INFO  [visualweb] Step 17610/26578 | Loss 0.0731 | LR 8.28e-06 | phase_samples=59416
2026-05-16 10:25:33,613  INFO  [visualweb] Step 17620/26578 | Loss 2.5276 | LR 8.26e-06 | phase_samples=59712
2026-05-16 10:25:34,198  INFO  [visualweb] Step 17620/26578 | Loss 0.0506 | LR 8.26e-06 | phase_samples=59720
2026-05-16 10:25:34,745  INFO  [visualweb] Step 17620/26578 | Loss 0.0684 | LR 8.26e-06 | phase_samples=59728
2026-05-16 10:25:35,481  INFO  [visualweb] Step 17620/26578 | Loss 0.0535 | LR 8.26e-06 | phase_samples=59736
2026-05-16 10:26:06,906  INFO  [visualweb] Step 17630/26578 | Loss 2.5760 | LR 8.25e-06 | phase_samples=60032
2026-05-16 10:26:07,283  INFO  [visualweb] Step 17630/26578 | Loss 0.0887 | LR 8.25e-06 | phase_samples=60040
2026-05-16 10:26:08,362  INFO  [visualweb] Step 17630/26578 | Loss 0.0751 | LR 8.25e-06 | phase_samples=60048
2026-05-16 10:26:08,874  INFO  [visualweb] Step 17630/26578 | Loss 0.0635 | LR 8.25e-06 | phase_samples=60056
2026-05-16 10:26:41,428  INFO  [visualweb] Step 17640/26578 | Loss 2.2647 | LR 8.24e-06 | phase_samples=60352
2026-05-16 10:26:42,817  INFO  [visualweb] Step 17640/26578 | Loss 0.0691 | LR 8.24e-06 | phase_samples=60360
2026-05-16 10:26:43,643  INFO  [visualweb] Step 17640/26578 | Loss 0.0436 | LR 8.24e-06 | phase_samples=60368
2026-05-16 10:26:44,218  INFO  [visualweb] Step 17640/26578 | Loss 0.0467 | LR 8.24e-06 | phase_samples=60376
2026-05-16 10:27:15,052  INFO  [visualweb] Step 17650/26578 | Loss 2.5694 | LR 8.23e-06 | phase_samples=60672
2026-05-16 10:27:15,559  INFO  [visualweb] Step 17650/26578 | Loss 0.0898 | LR 8.23e-06 | phase_samples=60680
2026-05-16 10:27:16,266  INFO  [visualweb] Step 17650/26578 | Loss 0.0787 | LR 8.23e-06 | phase_samples=60688
2026-05-16 10:27:16,911  INFO  [visualweb] Step 17650/26578 | Loss 0.0669 | LR 8.23e-06 | phase_samples=60696
2026-05-16 10:27:48,263  INFO  [visualweb] Step 17660/26578 | Loss 2.5195 | LR 8.22e-06 | phase_samples=60992
2026-05-16 10:27:49,091  INFO  [visualweb] Step 17660/26578 | Loss 0.0621 | LR 8.22e-06 | phase_samples=61000
2026-05-16 10:27:49,969  INFO  [visualweb] Step 17660/26578 | Loss 0.0696 | LR 8.22e-06 | phase_samples=61008
2026-05-16 10:27:50,371  INFO  [visualweb] Step 17660/26578 | Loss 0.0926 | LR 8.22e-06 | phase_samples=61016
2026-05-16 10:28:21,029  INFO  [visualweb] Step 17670/26578 | Loss 2.4490 | LR 8.20e-06 | phase_samples=61312
2026-05-16 10:28:21,759  INFO  [visualweb] Step 17670/26578 | Loss 0.0438 | LR 8.20e-06 | phase_samples=61320
2026-05-16 10:28:23,080  INFO  [visualweb] Step 17670/26578 | Loss 0.0769 | LR 8.20e-06 | phase_samples=61328
2026-05-16 10:28:23,574  INFO  [visualweb] Step 17670/26578 | Loss 0.0856 | LR 8.20e-06 | phase_samples=61336
2026-05-16 10:28:55,394  INFO  [visualweb] Step 17680/26578 | Loss 2.4496 | LR 8.19e-06 | phase_samples=61632
2026-05-16 10:28:56,367  INFO  [visualweb] Step 17680/26578 | Loss 0.0528 | LR 8.19e-06 | phase_samples=61640
2026-05-16 10:28:57,367  INFO  [visualweb] Step 17680/26578 | Loss 0.0653 | LR 8.19e-06 | phase_samples=61648
2026-05-16 10:28:58,347  INFO  [visualweb] Step 17680/26578 | Loss 0.0570 | LR 8.19e-06 | phase_samples=61656
2026-05-16 10:29:31,223  INFO  [visualweb] Step 17690/26578 | Loss 2.7100 | LR 8.18e-06 | phase_samples=61952
2026-05-16 10:29:32,131  INFO  [visualweb] Step 17690/26578 | Loss 0.0634 | LR 8.18e-06 | phase_samples=61960
2026-05-16 10:29:32,913  INFO  [visualweb] Step 17690/26578 | Loss 0.0745 | LR 8.18e-06 | phase_samples=61968
2026-05-16 10:29:33,901  INFO  [visualweb] Step 17690/26578 | Loss 0.0899 | LR 8.18e-06 | phase_samples=61976
2026-05-16 10:30:07,211  INFO  [visualweb] Step 17700/26578 | Loss 2.4255 | LR 8.17e-06 | phase_samples=62272
2026-05-16 10:30:07,856  INFO  [visualweb] Step 17700/26578 | Loss 0.0664 | LR 8.17e-06 | phase_samples=62280
2026-05-16 10:30:09,091  INFO  [visualweb] Step 17700/26578 | Loss 0.1778 | LR 8.17e-06 | phase_samples=62288
2026-05-16 10:30:10,099  INFO  [visualweb] Step 17700/26578 | Loss 0.0669 | LR 8.17e-06 | phase_samples=62296
2026-05-16 10:30:42,169  INFO  [visualweb] Step 17710/26578 | Loss 2.2141 | LR 8.16e-06 | phase_samples=62592
2026-05-16 10:30:43,622  INFO  [visualweb] Step 17710/26578 | Loss 0.0663 | LR 8.16e-06 | phase_samples=62600
2026-05-16 10:30:44,257  INFO  [visualweb] Step 17710/26578 | Loss 0.0767 | LR 8.16e-06 | phase_samples=62608
2026-05-16 10:30:44,807  INFO  [visualweb] Step 17710/26578 | Loss 0.0567 | LR 8.16e-06 | phase_samples=62616
2026-05-16 10:31:15,872  INFO  [visualweb] Step 17720/26578 | Loss 2.3120 | LR 8.14e-06 | phase_samples=62912
2026-05-16 10:31:17,117  INFO  [visualweb] Step 17720/26578 | Loss 0.0658 | LR 8.14e-06 | phase_samples=62920
2026-05-16 10:31:17,692  INFO  [visualweb] Step 17720/26578 | Loss 0.0545 | LR 8.14e-06 | phase_samples=62928
2026-05-16 10:31:18,618  INFO  [visualweb] Step 17720/26578 | Loss 0.0635 | LR 8.14e-06 | phase_samples=62936
2026-05-16 10:31:49,180  INFO  [visualweb] Step 17730/26578 | Loss 2.4543 | LR 8.13e-06 | phase_samples=63232
2026-05-16 10:31:50,422  INFO  [visualweb] Step 17730/26578 | Loss 0.0641 | LR 8.13e-06 | phase_samples=63240
2026-05-16 10:31:50,935  INFO  [visualweb] Step 17730/26578 | Loss 0.0856 | LR 8.13e-06 | phase_samples=63248
2026-05-16 10:31:51,492  INFO  [visualweb] Step 17730/26578 | Loss 0.0882 | LR 8.13e-06 | phase_samples=63256
2026-05-16 10:32:21,774  INFO  [visualweb] Step 17740/26578 | Loss 2.5237 | LR 8.12e-06 | phase_samples=63552
2026-05-16 10:32:22,995  INFO  [visualweb] Step 17740/26578 | Loss 0.0714 | LR 8.12e-06 | phase_samples=63560
2026-05-16 10:32:23,517  INFO  [visualweb] Step 17740/26578 | Loss 0.0555 | LR 8.12e-06 | phase_samples=63568
2026-05-16 10:32:24,030  INFO  [visualweb] Step 17740/26578 | Loss 0.1073 | LR 8.12e-06 | phase_samples=63576
2026-05-16 10:32:56,378  INFO  [visualweb] Step 17750/26578 | Loss 2.4829 | LR 8.11e-06 | phase_samples=63872
2026-05-16 10:32:57,434  INFO  [visualweb] Step 17750/26578 | Loss 0.0533 | LR 8.11e-06 | phase_samples=63880
2026-05-16 10:32:57,921  INFO  [visualweb] Step 17750/26578 | Loss 0.0692 | LR 8.11e-06 | phase_samples=63888
2026-05-16 10:32:58,652  INFO  [visualweb] Step 17750/26578 | Loss 0.0753 | LR 8.11e-06 | phase_samples=63896
2026-05-16 10:33:30,400  INFO  [visualweb] Step 17760/26578 | Loss 2.4725 | LR 8.10e-06 | phase_samples=64192
2026-05-16 10:33:31,284  INFO  [visualweb] Step 17760/26578 | Loss 0.0496 | LR 8.10e-06 | phase_samples=64200
2026-05-16 10:33:32,229  INFO  [visualweb] Step 17760/26578 | Loss 0.0781 | LR 8.10e-06 | phase_samples=64208
2026-05-16 10:33:33,210  INFO  [visualweb] Step 17760/26578 | Loss 0.0516 | LR 8.10e-06 | phase_samples=64216
2026-05-16 10:34:06,092  INFO  [visualweb] Step 17770/26578 | Loss 2.3444 | LR 8.08e-06 | phase_samples=64512
2026-05-16 10:34:07,061  INFO  [visualweb] Step 17770/26578 | Loss 0.0480 | LR 8.08e-06 | phase_samples=64520
2026-05-16 10:34:07,733  INFO  [visualweb] Step 17770/26578 | Loss 0.0528 | LR 8.08e-06 | phase_samples=64528
2026-05-16 10:34:08,306  INFO  [visualweb] Step 17770/26578 | Loss 0.0811 | LR 8.08e-06 | phase_samples=64536
2026-05-16 10:34:38,754  INFO  [visualweb] Step 17780/26578 | Loss 2.3313 | LR 8.07e-06 | phase_samples=64832
2026-05-16 10:34:39,312  INFO  [visualweb] Step 17780/26578 | Loss 0.0562 | LR 8.07e-06 | phase_samples=64840
2026-05-16 10:34:39,805  INFO  [visualweb] Step 17780/26578 | Loss 0.0814 | LR 8.07e-06 | phase_samples=64848
2026-05-16 10:34:40,459  INFO  [visualweb] Step 17780/26578 | Loss 0.0572 | LR 8.07e-06 | phase_samples=64856
2026-05-16 10:35:11,328  INFO  [visualweb] Step 17790/26578 | Loss 2.4874 | LR 8.06e-06 | phase_samples=65152
2026-05-16 10:35:11,907  INFO  [visualweb] Step 17790/26578 | Loss 0.0555 | LR 8.06e-06 | phase_samples=65160
2026-05-16 10:35:12,752  INFO  [visualweb] Step 17790/26578 | Loss 0.0366 | LR 8.06e-06 | phase_samples=65168
2026-05-16 10:35:13,993  INFO  [visualweb] Step 17790/26578 | Loss 0.0391 | LR 8.06e-06 | phase_samples=65176
2026-05-16 10:35:44,622  INFO  [visualweb] Step 17800/26578 | Loss 2.3820 | LR 8.05e-06 | phase_samples=65472
2026-05-16 10:35:45,355  INFO  [visualweb] Step 17800/26578 | Loss 0.0647 | LR 8.05e-06 | phase_samples=65480
2026-05-16 10:35:45,927  INFO  [visualweb] Step 17800/26578 | Loss 0.0656 | LR 8.05e-06 | phase_samples=65488
2026-05-16 10:35:47,182  INFO  [visualweb] Step 17800/26578 | Loss 0.0634 | LR 8.05e-06 | phase_samples=65496
2026-05-16 10:36:16,802  INFO  [visualweb] Step 17810/26578 | Loss 2.4119 | LR 8.04e-06 | phase_samples=65792
2026-05-16 10:36:17,710  INFO  [visualweb] Step 17810/26578 | Loss 0.0548 | LR 8.04e-06 | phase_samples=65800
2026-05-16 10:36:18,205  INFO  [visualweb] Step 17810/26578 | Loss 0.0658 | LR 8.04e-06 | phase_samples=65808
2026-05-16 10:36:18,930  INFO  [visualweb] Step 17810/26578 | Loss 0.0465 | LR 8.04e-06 | phase_samples=65816
2026-05-16 10:36:49,601  INFO  [visualweb] Step 17820/26578 | Loss 2.6194 | LR 8.02e-06 | phase_samples=66112
2026-05-16 10:36:50,242  INFO  [visualweb] Step 17820/26578 | Loss 0.0609 | LR 8.02e-06 | phase_samples=66120
2026-05-16 10:36:50,969  INFO  [visualweb] Step 17820/26578 | Loss 0.0586 | LR 8.02e-06 | phase_samples=66128
2026-05-16 10:36:51,425  INFO  [visualweb] Step 17820/26578 | Loss 0.1001 | LR 8.02e-06 | phase_samples=66136
2026-05-16 10:37:20,734  INFO  [visualweb] Step 17830/26578 | Loss 2.3428 | LR 8.01e-06 | phase_samples=66432
2026-05-16 10:37:21,760  INFO  [visualweb] Step 17830/26578 | Loss 0.0858 | LR 8.01e-06 | phase_samples=66440
2026-05-16 10:37:23,229  INFO  [visualweb] Step 17830/26578 | Loss 0.0768 | LR 8.01e-06 | phase_samples=66448
2026-05-16 10:37:23,748  INFO  [visualweb] Step 17830/26578 | Loss 0.0694 | LR 8.01e-06 | phase_samples=66456
2026-05-16 10:37:56,566  INFO  [visualweb] Step 17840/26578 | Loss 2.3392 | LR 8.00e-06 | phase_samples=66752
2026-05-16 10:37:57,285  INFO  [visualweb] Step 17840/26578 | Loss 0.0614 | LR 8.00e-06 | phase_samples=66760
2026-05-16 10:37:58,406  INFO  [visualweb] Step 17840/26578 | Loss 0.0535 | LR 8.00e-06 | phase_samples=66768
2026-05-16 10:37:58,926  INFO  [visualweb] Step 17840/26578 | Loss 0.0887 | LR 8.00e-06 | phase_samples=66776
2026-05-16 10:38:27,718  INFO  [visualweb] Step 17850/26578 | Loss 2.3977 | LR 7.99e-06 | phase_samples=67072
2026-05-16 10:38:28,139  INFO  [visualweb] Step 17850/26578 | Loss 0.1024 | LR 7.99e-06 | phase_samples=67080
2026-05-16 10:38:28,939  INFO  [visualweb] Step 17850/26578 | Loss 0.1077 | LR 7.99e-06 | phase_samples=67088
2026-05-16 10:38:29,843  INFO  [visualweb] Step 17850/26578 | Loss 0.0547 | LR 7.99e-06 | phase_samples=67096
2026-05-16 10:38:59,904  INFO  [visualweb] Step 17860/26578 | Loss 2.4084 | LR 7.98e-06 | phase_samples=67392
2026-05-16 10:39:00,388  INFO  [visualweb] Step 17860/26578 | Loss 0.0700 | LR 7.98e-06 | phase_samples=67400
2026-05-16 10:39:01,223  INFO  [visualweb] Step 17860/26578 | Loss 0.0526 | LR 7.98e-06 | phase_samples=67408
2026-05-16 10:39:02,328  INFO  [visualweb] Step 17860/26578 | Loss 0.0818 | LR 7.98e-06 | phase_samples=67416
2026-05-16 10:43:15,600  INFO  Checkpoint saved → ../checkpoints/stage2_h100/step17868 | step=17868 | phase=visualweb | samples_seen_phase=67664 | total=434960
2026-05-16 10:43:20,151  INFO  [visualweb] Step 17870/26578 | Loss 2.1924 | LR 7.96e-06 | phase_samples=67712
2026-05-16 10:43:21,335  INFO  [visualweb] Step 17870/26578 | Loss 0.0641 | LR 7.96e-06 | phase_samples=67720
2026-05-16 10:43:22,063  INFO  [visualweb] Step 17870/26578 | Loss 0.0581 | LR 7.96e-06 | phase_samples=67728
2026-05-16 10:43:23,059  INFO  [visualweb] Step 17870/26578 | Loss 0.0370 | LR 7.96e-06 | phase_samples=67736
2026-05-16 10:43:55,522  INFO  [visualweb] Step 17880/26578 | Loss 2.3143 | LR 7.95e-06 | phase_samples=68032
2026-05-16 10:43:56,927  INFO  [visualweb] Step 17880/26578 | Loss 0.0743 | LR 7.95e-06 | phase_samples=68040
2026-05-16 10:43:57,666  INFO  [visualweb] Step 17880/26578 | Loss 0.0693 | LR 7.95e-06 | phase_samples=68048
2026-05-16 10:43:58,483  INFO  [visualweb] Step 17880/26578 | Loss 0.0569 | LR 7.95e-06 | phase_samples=68056
2026-05-16 10:44:29,063  INFO  [visualweb] Step 17890/26578 | Loss 2.4696 | LR 7.94e-06 | phase_samples=68352
2026-05-16 10:44:29,934  INFO  [visualweb] Step 17890/26578 | Loss 0.0671 | LR 7.94e-06 | phase_samples=68360
2026-05-16 10:44:30,576  INFO  [visualweb] Step 17890/26578 | Loss 0.0569 | LR 7.94e-06 | phase_samples=68368
2026-05-16 10:44:31,099  INFO  [visualweb] Step 17890/26578 | Loss 0.0532 | LR 7.94e-06 | phase_samples=68376
2026-05-16 10:45:02,698  INFO  [visualweb] Step 17900/26578 | Loss 2.5100 | LR 7.93e-06 | phase_samples=68672
2026-05-16 10:45:03,698  INFO  [visualweb] Step 17900/26578 | Loss 0.0680 | LR 7.93e-06 | phase_samples=68680
2026-05-16 10:45:04,587  INFO  [visualweb] Step 17900/26578 | Loss 0.0501 | LR 7.93e-06 | phase_samples=68688
2026-05-16 10:45:05,115  INFO  [visualweb] Step 17900/26578 | Loss 0.0701 | LR 7.93e-06 | phase_samples=68696
2026-05-16 10:45:36,734  INFO  [visualweb] Step 17910/26578 | Loss 2.4658 | LR 7.92e-06 | phase_samples=68992
2026-05-16 10:45:37,232  INFO  [visualweb] Step 17910/26578 | Loss 0.0677 | LR 7.92e-06 | phase_samples=69000
2026-05-16 10:45:37,913  INFO  [visualweb] Step 17910/26578 | Loss 0.0453 | LR 7.92e-06 | phase_samples=69008
2026-05-16 10:45:39,381  INFO  [visualweb] Step 17910/26578 | Loss 0.0541 | LR 7.92e-06 | phase_samples=69016
2026-05-16 10:46:10,478  INFO  [visualweb] Step 17920/26578 | Loss 2.5289 | LR 7.90e-06 | phase_samples=69312
2026-05-16 10:46:11,925  INFO  [visualweb] Step 17920/26578 | Loss 0.0753 | LR 7.90e-06 | phase_samples=69320
2026-05-16 10:46:12,935  INFO  [visualweb] Step 17920/26578 | Loss 0.0665 | LR 7.90e-06 | phase_samples=69328
2026-05-16 10:46:13,604  INFO  [visualweb] Step 17920/26578 | Loss 0.0394 | LR 7.90e-06 | phase_samples=69336
2026-05-16 10:46:43,820  INFO  [visualweb] Step 17930/26578 | Loss 2.5124 | LR 7.89e-06 | phase_samples=69632
2026-05-16 10:46:44,741  INFO  [visualweb] Step 17930/26578 | Loss 0.0783 | LR 7.89e-06 | phase_samples=69640
2026-05-16 10:46:46,210  INFO  [visualweb] Step 17930/26578 | Loss 0.0666 | LR 7.89e-06 | phase_samples=69648
2026-05-16 10:46:47,064  INFO  [visualweb] Step 17930/26578 | Loss 0.0599 | LR 7.89e-06 | phase_samples=69656
2026-05-16 10:47:18,525  INFO  [visualweb] Step 17940/26578 | Loss 2.3643 | LR 7.88e-06 | phase_samples=69952
2026-05-16 10:47:19,021  INFO  [visualweb] Step 17940/26578 | Loss 0.0781 | LR 7.88e-06 | phase_samples=69960
2026-05-16 10:47:19,900  INFO  [visualweb] Step 17940/26578 | Loss 0.0386 | LR 7.88e-06 | phase_samples=69968
2026-05-16 10:47:20,547  INFO  [visualweb] Step 17940/26578 | Loss 0.0321 | LR 7.88e-06 | phase_samples=69976
2026-05-16 10:47:52,947  INFO  [visualweb] Step 17950/26578 | Loss 2.3306 | LR 7.87e-06 | phase_samples=70272
2026-05-16 10:47:54,222  INFO  [visualweb] Step 17950/26578 | Loss 0.0888 | LR 7.87e-06 | phase_samples=70280
2026-05-16 10:47:54,950  INFO  [visualweb] Step 17950/26578 | Loss 0.0742 | LR 7.87e-06 | phase_samples=70288
2026-05-16 10:47:55,528  INFO  [visualweb] Step 17950/26578 | Loss 0.0539 | LR 7.87e-06 | phase_samples=70296
2026-05-16 10:48:28,014  INFO  [visualweb] Step 17960/26578 | Loss 2.5175 | LR 7.86e-06 | phase_samples=70592
2026-05-16 10:48:28,514  INFO  [visualweb] Step 17960/26578 | Loss 0.0676 | LR 7.86e-06 | phase_samples=70600
2026-05-16 10:48:29,318  INFO  [visualweb] Step 17960/26578 | Loss 0.0538 | LR 7.86e-06 | phase_samples=70608
2026-05-16 10:48:29,955  INFO  [visualweb] Step 17960/26578 | Loss 0.0387 | LR 7.86e-06 | phase_samples=70616
2026-05-16 10:48:58,435  INFO  [visualweb] Step 17970/26578 | Loss 2.6110 | LR 7.84e-06 | phase_samples=70912
2026-05-16 10:48:59,888  INFO  [visualweb] Step 17970/26578 | Loss 0.0685 | LR 7.84e-06 | phase_samples=70920
2026-05-16 10:49:00,815  INFO  [visualweb] Step 17970/26578 | Loss 0.0537 | LR 7.84e-06 | phase_samples=70928
2026-05-16 10:49:01,939  INFO  [visualweb] Step 17970/26578 | Loss 0.0520 | LR 7.84e-06 | phase_samples=70936
2026-05-16 10:49:32,928  INFO  [visualweb] Step 17980/26578 | Loss 2.3946 | LR 7.83e-06 | phase_samples=71232
2026-05-16 10:49:34,381  INFO  [visualweb] Step 17980/26578 | Loss 0.0540 | LR 7.83e-06 | phase_samples=71240
2026-05-16 10:49:35,355  INFO  [visualweb] Step 17980/26578 | Loss 0.0709 | LR 7.83e-06 | phase_samples=71248
2026-05-16 10:49:35,938  INFO  [visualweb] Step 17980/26578 | Loss 0.1140 | LR 7.83e-06 | phase_samples=71256
2026-05-16 10:50:08,255  INFO  [visualweb] Step 17990/26578 | Loss 2.3195 | LR 7.82e-06 | phase_samples=71552
2026-05-16 10:50:08,738  INFO  [visualweb] Step 17990/26578 | Loss 0.0972 | LR 7.82e-06 | phase_samples=71560
2026-05-16 10:50:09,418  INFO  [visualweb] Step 17990/26578 | Loss 0.0924 | LR 7.82e-06 | phase_samples=71568
2026-05-16 10:50:10,215  INFO  [visualweb] Step 17990/26578 | Loss 0.0595 | LR 7.82e-06 | phase_samples=71576
2026-05-16 10:50:42,590  INFO  [visualweb] Step 18000/26578 | Loss 2.5277 | LR 7.81e-06 | phase_samples=71872
2026-05-16 10:50:43,651  INFO  [visualweb] Step 18000/26578 | Loss 0.0718 | LR 7.81e-06 | phase_samples=71880
2026-05-16 10:50:44,297  INFO  [visualweb] Step 18000/26578 | Loss 0.0601 | LR 7.81e-06 | phase_samples=71888
2026-05-16 10:50:45,044  INFO  [visualweb] Step 18000/26578 | Loss 0.0441 | LR 7.81e-06 | phase_samples=71896
2026-05-16 10:51:16,099  INFO  [visualweb] Step 18010/26578 | Loss 2.2638 | LR 7.80e-06 | phase_samples=72192
2026-05-16 10:51:17,071  INFO  [visualweb] Step 18010/26578 | Loss 0.0720 | LR 7.80e-06 | phase_samples=72200
2026-05-16 10:51:17,925  INFO  [visualweb] Step 18010/26578 | Loss 0.0460 | LR 7.80e-06 | phase_samples=72208
2026-05-16 10:51:18,707  INFO  [visualweb] Step 18010/26578 | Loss 0.0342 | LR 7.80e-06 | phase_samples=72216
2026-05-16 10:51:49,445  INFO  [visualweb] Step 18020/26578 | Loss 2.2945 | LR 7.79e-06 | phase_samples=72512
2026-05-16 10:51:49,853  INFO  [visualweb] Step 18020/26578 | Loss 0.0873 | LR 7.79e-06 | phase_samples=72520
2026-05-16 10:51:50,599  INFO  [visualweb] Step 18020/26578 | Loss 0.0423 | LR 7.79e-06 | phase_samples=72528
2026-05-16 10:51:51,724  INFO  [visualweb] Step 18020/26578 | Loss 0.0755 | LR 7.79e-06 | phase_samples=72536
2026-05-16 10:52:24,516  INFO  [visualweb] Step 18030/26578 | Loss 2.5035 | LR 7.77e-06 | phase_samples=72832
2026-05-16 10:52:25,059  INFO  [visualweb] Step 18030/26578 | Loss 0.0828 | LR 7.77e-06 | phase_samples=72840
2026-05-16 10:52:25,869  INFO  [visualweb] Step 18030/26578 | Loss 0.0458 | LR 7.77e-06 | phase_samples=72848
2026-05-16 10:52:26,680  INFO  [visualweb] Step 18030/26578 | Loss 0.0593 | LR 7.77e-06 | phase_samples=72856
2026-05-16 10:52:55,613  INFO  [visualweb] Step 18040/26578 | Loss 2.3116 | LR 7.76e-06 | phase_samples=73152
2026-05-16 10:52:56,611  INFO  [visualweb] Step 18040/26578 | Loss 0.0561 | LR 7.76e-06 | phase_samples=73160
2026-05-16 10:52:57,600  INFO  [visualweb] Step 18040/26578 | Loss 0.0691 | LR 7.76e-06 | phase_samples=73168
2026-05-16 10:52:59,065  INFO  [visualweb] Step 18040/26578 | Loss 0.0860 | LR 7.76e-06 | phase_samples=73176
2026-05-16 10:53:27,307  INFO  [visualweb] Step 18050/26578 | Loss 2.3928 | LR 7.75e-06 | phase_samples=73472
2026-05-16 10:53:28,175  INFO  [visualweb] Step 18050/26578 | Loss 0.0605 | LR 7.75e-06 | phase_samples=73480
2026-05-16 10:53:29,078  INFO  [visualweb] Step 18050/26578 | Loss 0.0552 | LR 7.75e-06 | phase_samples=73488
2026-05-16 10:53:29,832  INFO  [visualweb] Step 18050/26578 | Loss 0.0423 | LR 7.75e-06 | phase_samples=73496
2026-05-16 10:54:02,203  INFO  [visualweb] Step 18060/26578 | Loss 2.3114 | LR 7.74e-06 | phase_samples=73792
2026-05-16 10:54:03,299  INFO  [visualweb] Step 18060/26578 | Loss 0.0562 | LR 7.74e-06 | phase_samples=73800
2026-05-16 10:54:04,401  INFO  [visualweb] Step 18060/26578 | Loss 0.0687 | LR 7.74e-06 | phase_samples=73808
2026-05-16 10:54:05,085  INFO  [visualweb] Step 18060/26578 | Loss 0.0831 | LR 7.74e-06 | phase_samples=73816
2026-05-16 10:54:37,105  INFO  [visualweb] Step 18070/26578 | Loss 2.2918 | LR 7.73e-06 | phase_samples=74112
2026-05-16 10:54:37,783  INFO  [visualweb] Step 18070/26578 | Loss 0.0486 | LR 7.73e-06 | phase_samples=74120
2026-05-16 10:54:38,813  INFO  [visualweb] Step 18070/26578 | Loss 0.0436 | LR 7.73e-06 | phase_samples=74128
2026-05-16 10:54:39,738  INFO  [visualweb] Step 18070/26578 | Loss 0.0373 | LR 7.73e-06 | phase_samples=74136
2026-05-16 10:55:10,053  INFO  [visualweb] Step 18080/26578 | Loss 2.4083 | LR 7.71e-06 | phase_samples=74432
2026-05-16 10:55:10,784  INFO  [visualweb] Step 18080/26578 | Loss 0.0364 | LR 7.71e-06 | phase_samples=74440
2026-05-16 10:55:12,111  INFO  [visualweb] Step 18080/26578 | Loss 0.0547 | LR 7.71e-06 | phase_samples=74448
2026-05-16 10:55:13,373  INFO  [visualweb] Step 18080/26578 | Loss 0.0742 | LR 7.71e-06 | phase_samples=74456
2026-05-16 10:55:43,656  INFO  [visualweb] Step 18090/26578 | Loss 2.4534 | LR 7.70e-06 | phase_samples=74752
2026-05-16 10:55:44,542  INFO  [visualweb] Step 18090/26578 | Loss 0.0671 | LR 7.70e-06 | phase_samples=74760
2026-05-16 10:55:45,055  INFO  [visualweb] Step 18090/26578 | Loss 0.0435 | LR 7.70e-06 | phase_samples=74768
2026-05-16 10:55:45,869  INFO  [visualweb] Step 18090/26578 | Loss 0.0577 | LR 7.70e-06 | phase_samples=74776
2026-05-16 10:56:14,858  INFO  [visualweb] Step 18100/26578 | Loss 2.4610 | LR 7.69e-06 | phase_samples=75072
2026-05-16 10:56:15,478  INFO  [visualweb] Step 18100/26578 | Loss 0.0653 | LR 7.69e-06 | phase_samples=75080
2026-05-16 10:56:15,938  INFO  [visualweb] Step 18100/26578 | Loss 0.0688 | LR 7.69e-06 | phase_samples=75088
2026-05-16 10:56:16,632  INFO  [visualweb] Step 18100/26578 | Loss 0.0489 | LR 7.69e-06 | phase_samples=75096
2026-05-16 10:56:47,213  INFO  [visualweb] Step 18110/26578 | Loss 2.2312 | LR 7.68e-06 | phase_samples=75392
2026-05-16 10:56:48,274  INFO  [visualweb] Step 18110/26578 | Loss 0.0847 | LR 7.68e-06 | phase_samples=75400
2026-05-16 10:56:49,160  INFO  [visualweb] Step 18110/26578 | Loss 0.0538 | LR 7.68e-06 | phase_samples=75408
2026-05-16 10:56:50,407  INFO  [visualweb] Step 18110/26578 | Loss 0.0874 | LR 7.68e-06 | phase_samples=75416
2026-05-16 10:57:23,961  INFO  [visualweb] Step 18120/26578 | Loss 2.6021 | LR 7.67e-06 | phase_samples=75712
2026-05-16 10:57:24,880  INFO  [visualweb] Step 18120/26578 | Loss 0.0366 | LR 7.67e-06 | phase_samples=75720
2026-05-16 10:57:25,679  INFO  [visualweb] Step 18120/26578 | Loss 0.0822 | LR 7.67e-06 | phase_samples=75728
2026-05-16 10:57:26,490  INFO  [visualweb] Step 18120/26578 | Loss 0.0542 | LR 7.67e-06 | phase_samples=75736
2026-05-16 10:57:57,182  INFO  [visualweb] Step 18130/26578 | Loss 2.4484 | LR 7.65e-06 | phase_samples=76032
2026-05-16 10:57:57,853  INFO  [visualweb] Step 18130/26578 | Loss 0.0445 | LR 7.65e-06 | phase_samples=76040
2026-05-16 10:57:58,893  INFO  [visualweb] Step 18130/26578 | Loss 0.0571 | LR 7.65e-06 | phase_samples=76048
2026-05-16 10:57:59,564  INFO  [visualweb] Step 18130/26578 | Loss 0.0462 | LR 7.65e-06 | phase_samples=76056
2026-05-16 10:58:32,083  INFO  [visualweb] Step 18140/26578 | Loss 2.3656 | LR 7.64e-06 | phase_samples=76352
2026-05-16 10:58:32,953  INFO  [visualweb] Step 18140/26578 | Loss 0.0494 | LR 7.64e-06 | phase_samples=76360
2026-05-16 10:58:34,332  INFO  [visualweb] Step 18140/26578 | Loss 0.0728 | LR 7.64e-06 | phase_samples=76368
2026-05-16 10:58:34,786  INFO  [visualweb] Step 18140/26578 | Loss 0.0944 | LR 7.64e-06 | phase_samples=76376
2026-05-16 10:59:06,050  INFO  [visualweb] Step 18150/26578 | Loss 2.4665 | LR 7.63e-06 | phase_samples=76672
2026-05-16 10:59:06,791  INFO  [visualweb] Step 18150/26578 | Loss 0.0596 | LR 7.63e-06 | phase_samples=76680
2026-05-16 10:59:07,341  INFO  [visualweb] Step 18150/26578 | Loss 0.0463 | LR 7.63e-06 | phase_samples=76688
2026-05-16 10:59:07,917  INFO  [visualweb] Step 18150/26578 | Loss 0.0761 | LR 7.63e-06 | phase_samples=76696
2026-05-16 10:59:39,345  INFO  [visualweb] Step 18160/26578 | Loss 2.3441 | LR 7.62e-06 | phase_samples=76992
2026-05-16 10:59:40,799  INFO  [visualweb] Step 18160/26578 | Loss 0.0610 | LR 7.62e-06 | phase_samples=77000
2026-05-16 10:59:41,289  INFO  [visualweb] Step 18160/26578 | Loss 0.0555 | LR 7.62e-06 | phase_samples=77008
2026-05-16 10:59:41,731  INFO  [visualweb] Step 18160/26578 | Loss 0.0991 | LR 7.62e-06 | phase_samples=77016
2026-05-16 11:00:13,538  INFO  [visualweb] Step 18170/26578 | Loss 2.5164 | LR 7.61e-06 | phase_samples=77312
2026-05-16 11:00:14,182  INFO  [visualweb] Step 18170/26578 | Loss 0.0871 | LR 7.61e-06 | phase_samples=77320
2026-05-16 11:00:14,723  INFO  [visualweb] Step 18170/26578 | Loss 0.0787 | LR 7.61e-06 | phase_samples=77328
2026-05-16 11:00:15,456  INFO  [visualweb] Step 18170/26578 | Loss 0.0595 | LR 7.61e-06 | phase_samples=77336
2026-05-16 11:00:45,707  INFO  [visualweb] Step 18180/26578 | Loss 2.4136 | LR 7.60e-06 | phase_samples=77632
2026-05-16 11:00:47,167  INFO  [visualweb] Step 18180/26578 | Loss 0.1353 | LR 7.60e-06 | phase_samples=77640
2026-05-16 11:00:48,628  INFO  [visualweb] Step 18180/26578 | Loss 0.0843 | LR 7.60e-06 | phase_samples=77648
2026-05-16 11:00:48,974  INFO  [visualweb] Step 18180/26578 | Loss 0.1297 | LR 7.60e-06 | phase_samples=77656
2026-05-16 11:01:18,529  INFO  [visualweb] Step 18190/26578 | Loss 2.4806 | LR 7.58e-06 | phase_samples=77952
2026-05-16 11:01:19,386  INFO  [visualweb] Step 18190/26578 | Loss 0.0974 | LR 7.58e-06 | phase_samples=77960
2026-05-16 11:01:20,788  INFO  [visualweb] Step 18190/26578 | Loss 0.0844 | LR 7.58e-06 | phase_samples=77968
2026-05-16 11:01:21,332  INFO  [visualweb] Step 18190/26578 | Loss 0.0719 | LR 7.58e-06 | phase_samples=77976
2026-05-16 11:01:50,699  INFO  [visualweb] Step 18200/26578 | Loss 2.3956 | LR 7.57e-06 | phase_samples=78272
2026-05-16 11:01:51,807  INFO  [visualweb] Step 18200/26578 | Loss 0.0617 | LR 7.57e-06 | phase_samples=78280
2026-05-16 11:01:52,524  INFO  [visualweb] Step 18200/26578 | Loss 0.0870 | LR 7.57e-06 | phase_samples=78288
2026-05-16 11:01:53,426  INFO  [visualweb] Step 18200/26578 | Loss 0.0492 | LR 7.57e-06 | phase_samples=78296
2026-05-16 11:02:24,849  INFO  [visualweb] Step 18210/26578 | Loss 2.3535 | LR 7.56e-06 | phase_samples=78592
2026-05-16 11:02:25,949  INFO  [visualweb] Step 18210/26578 | Loss 0.0436 | LR 7.56e-06 | phase_samples=78600
2026-05-16 11:02:26,926  INFO  [visualweb] Step 18210/26578 | Loss 0.0876 | LR 7.56e-06 | phase_samples=78608
2026-05-16 11:02:28,030  INFO  [visualweb] Step 18210/26578 | Loss 0.0587 | LR 7.56e-06 | phase_samples=78616
2026-05-16 11:02:59,111  INFO  [visualweb] Step 18220/26578 | Loss 2.5432 | LR 7.55e-06 | phase_samples=78912
2026-05-16 11:02:59,911  INFO  [visualweb] Step 18220/26578 | Loss 0.0265 | LR 7.55e-06 | phase_samples=78920
2026-05-16 11:03:01,034  INFO  [visualweb] Step 18220/26578 | Loss 0.0466 | LR 7.55e-06 | phase_samples=78928
2026-05-16 11:03:01,574  INFO  [visualweb] Step 18220/26578 | Loss 0.0439 | LR 7.55e-06 | phase_samples=78936
2026-05-16 11:03:34,693  INFO  [visualweb] Step 18230/26578 | Loss 2.2969 | LR 7.54e-06 | phase_samples=79232
2026-05-16 11:03:35,275  INFO  [visualweb] Step 18230/26578 | Loss 0.0578 | LR 7.54e-06 | phase_samples=79240
2026-05-16 11:03:36,066  INFO  [visualweb] Step 18230/26578 | Loss 0.0694 | LR 7.54e-06 | phase_samples=79248
2026-05-16 11:03:36,857  INFO  [visualweb] Step 18230/26578 | Loss 0.0730 | LR 7.54e-06 | phase_samples=79256
2026-05-16 11:04:07,617  INFO  [visualweb] Step 18240/26578 | Loss 2.3464 | LR 7.52e-06 | phase_samples=79552
2026-05-16 11:04:08,148  INFO  [visualweb] Step 18240/26578 | Loss 0.0548 | LR 7.52e-06 | phase_samples=79560
2026-05-16 11:04:08,832  INFO  [visualweb] Step 18240/26578 | Loss 0.0397 | LR 7.52e-06 | phase_samples=79568
2026-05-16 11:04:09,875  INFO  [visualweb] Step 18240/26578 | Loss 0.0555 | LR 7.52e-06 | phase_samples=79576
2026-05-16 11:04:39,028  INFO  [visualweb] Step 18250/26578 | Loss 2.2688 | LR 7.51e-06 | phase_samples=79872
2026-05-16 11:04:39,987  INFO  [visualweb] Step 18250/26578 | Loss 0.0458 | LR 7.51e-06 | phase_samples=79880
2026-05-16 11:04:40,642  INFO  [visualweb] Step 18250/26578 | Loss 0.0729 | LR 7.51e-06 | phase_samples=79888
2026-05-16 11:04:41,105  INFO  [visualweb] Step 18250/26578 | Loss 0.0889 | LR 7.51e-06 | phase_samples=79896
2026-05-16 11:05:10,540  INFO  [visualweb] Step 18260/26578 | Loss 2.4210 | LR 7.50e-06 | phase_samples=80192
2026-05-16 11:05:11,408  INFO  [visualweb] Step 18260/26578 | Loss 0.0451 | LR 7.50e-06 | phase_samples=80200
2026-05-16 11:05:11,695  INFO  [visualweb] Step 18260/26578 | Loss 0.0738 | LR 7.50e-06 | phase_samples=80208
2026-05-16 11:05:12,301  INFO  [visualweb] Step 18260/26578 | Loss 0.0654 | LR 7.50e-06 | phase_samples=80216
2026-05-16 11:05:41,670  INFO  [visualweb] Step 18270/26578 | Loss 2.5847 | LR 7.49e-06 | phase_samples=80512
2026-05-16 11:05:42,621  INFO  [visualweb] Step 18270/26578 | Loss 0.0450 | LR 7.49e-06 | phase_samples=80520
2026-05-16 11:05:43,626  INFO  [visualweb] Step 18270/26578 | Loss 0.0474 | LR 7.49e-06 | phase_samples=80528
2026-05-16 11:05:44,514  INFO  [visualweb] Step 18270/26578 | Loss 0.0679 | LR 7.49e-06 | phase_samples=80536
2026-05-16 11:06:16,790  INFO  [visualweb] Step 18280/26578 | Loss 2.3598 | LR 7.48e-06 | phase_samples=80832
2026-05-16 11:06:17,611  INFO  [visualweb] Step 18280/26578 | Loss 0.0675 | LR 7.48e-06 | phase_samples=80840
2026-05-16 11:06:18,225  INFO  [visualweb] Step 18280/26578 | Loss 0.0806 | LR 7.48e-06 | phase_samples=80848
2026-05-16 11:06:19,458  INFO  [visualweb] Step 18280/26578 | Loss 0.0513 | LR 7.48e-06 | phase_samples=80856
2026-05-16 11:06:50,627  INFO  [visualweb] Step 18290/26578 | Loss 2.4741 | LR 7.47e-06 | phase_samples=81152
2026-05-16 11:06:51,393  INFO  [visualweb] Step 18290/26578 | Loss 0.0568 | LR 7.47e-06 | phase_samples=81160
2026-05-16 11:06:51,732  INFO  [visualweb] Step 18290/26578 | Loss 0.1054 | LR 7.47e-06 | phase_samples=81168
2026-05-16 11:06:52,330  INFO  [visualweb] Step 18290/26578 | Loss 0.0613 | LR 7.47e-06 | phase_samples=81176
2026-05-16 11:07:24,125  INFO  [visualweb] Step 18300/26578 | Loss 2.4007 | LR 7.45e-06 | phase_samples=81472
2026-05-16 11:07:25,042  INFO  [visualweb] Step 18300/26578 | Loss 0.0401 | LR 7.45e-06 | phase_samples=81480
2026-05-16 11:07:25,601  INFO  [visualweb] Step 18300/26578 | Loss 0.0804 | LR 7.45e-06 | phase_samples=81488
2026-05-16 11:07:26,369  INFO  [visualweb] Step 18300/26578 | Loss 0.0553 | LR 7.45e-06 | phase_samples=81496
2026-05-16 11:07:58,226  INFO  [visualweb] Step 18310/26578 | Loss 2.4556 | LR 7.44e-06 | phase_samples=81792
2026-05-16 11:07:58,588  INFO  [visualweb] Step 18310/26578 | Loss 0.1095 | LR 7.44e-06 | phase_samples=81800
2026-05-16 11:07:59,385  INFO  [visualweb] Step 18310/26578 | Loss 0.0608 | LR 7.44e-06 | phase_samples=81808
2026-05-16 11:08:00,298  INFO  [visualweb] Step 18310/26578 | Loss 0.0657 | LR 7.44e-06 | phase_samples=81816
2026-05-16 11:08:32,763  INFO  [visualweb] Step 18320/26578 | Loss 2.2184 | LR 7.43e-06 | phase_samples=82112
2026-05-16 11:08:33,584  INFO  [visualweb] Step 18320/26578 | Loss 0.0599 | LR 7.43e-06 | phase_samples=82120
2026-05-16 11:08:34,489  INFO  [visualweb] Step 18320/26578 | Loss 0.0499 | LR 7.43e-06 | phase_samples=82128
2026-05-16 11:08:34,991  INFO  [visualweb] Step 18320/26578 | Loss 0.0803 | LR 7.43e-06 | phase_samples=82136
2026-05-16 11:09:05,523  INFO  [visualweb] Step 18330/26578 | Loss 2.6268 | LR 7.42e-06 | phase_samples=82432
2026-05-16 11:09:06,171  INFO  [visualweb] Step 18330/26578 | Loss 0.0705 | LR 7.42e-06 | phase_samples=82440
2026-05-16 11:09:07,155  INFO  [visualweb] Step 18330/26578 | Loss 0.0465 | LR 7.42e-06 | phase_samples=82448
2026-05-16 11:09:08,169  INFO  [visualweb] Step 18330/26578 | Loss 0.0336 | LR 7.42e-06 | phase_samples=82456
2026-05-16 11:09:39,023  INFO  [visualweb] Step 18340/26578 | Loss 2.4927 | LR 7.41e-06 | phase_samples=82752
2026-05-16 11:09:39,754  INFO  [visualweb] Step 18340/26578 | Loss 0.0483 | LR 7.41e-06 | phase_samples=82760
2026-05-16 11:09:41,022  INFO  [visualweb] Step 18340/26578 | Loss 0.0795 | LR 7.41e-06 | phase_samples=82768
2026-05-16 11:09:41,567  INFO  [visualweb] Step 18340/26578 | Loss 0.0619 | LR 7.41e-06 | phase_samples=82776
2026-05-16 11:10:13,211  INFO  [visualweb] Step 18350/26578 | Loss 2.3655 | LR 7.40e-06 | phase_samples=83072
2026-05-16 11:10:14,449  INFO  [visualweb] Step 18350/26578 | Loss 0.0828 | LR 7.40e-06 | phase_samples=83080
2026-05-16 11:10:15,101  INFO  [visualweb] Step 18350/26578 | Loss 0.0425 | LR 7.40e-06 | phase_samples=83088
2026-05-16 11:10:16,477  INFO  [visualweb] Step 18350/26578 | Loss 0.0763 | LR 7.40e-06 | phase_samples=83096
2026-05-16 11:10:46,299  INFO  [visualweb] Step 18360/26578 | Loss 2.4163 | LR 7.38e-06 | phase_samples=83392
2026-05-16 11:10:46,780  INFO  [visualweb] Step 18360/26578 | Loss 0.0656 | LR 7.38e-06 | phase_samples=83400
2026-05-16 11:10:47,305  INFO  [visualweb] Step 18360/26578 | Loss 0.0962 | LR 7.38e-06 | phase_samples=83408
2026-05-16 11:10:48,306  INFO  [visualweb] Step 18360/26578 | Loss 0.0622 | LR 7.38e-06 | phase_samples=83416
2026-05-16 11:11:20,644  INFO  [visualweb] Step 18370/26578 | Loss 2.4366 | LR 7.37e-06 | phase_samples=83712
2026-05-16 11:11:21,294  INFO  [visualweb] Step 18370/26578 | Loss 0.0736 | LR 7.37e-06 | phase_samples=83720
2026-05-16 11:11:22,405  INFO  [visualweb] Step 18370/26578 | Loss 0.0388 | LR 7.37e-06 | phase_samples=83728
2026-05-16 11:11:23,520  INFO  [visualweb] Step 18370/26578 | Loss 0.0810 | LR 7.37e-06 | phase_samples=83736
2026-05-16 11:11:53,192  INFO  [visualweb] Step 18380/26578 | Loss 2.4278 | LR 7.36e-06 | phase_samples=84032
2026-05-16 11:11:53,974  INFO  [visualweb] Step 18380/26578 | Loss 0.0722 | LR 7.36e-06 | phase_samples=84040
2026-05-16 11:11:55,387  INFO  [visualweb] Step 18380/26578 | Loss 0.0520 | LR 7.36e-06 | phase_samples=84048
2026-05-16 11:11:55,845  INFO  [visualweb] Step 18380/26578 | Loss 0.0924 | LR 7.36e-06 | phase_samples=84056
2026-05-16 11:12:26,561  INFO  [visualweb] Step 18390/26578 | Loss 2.4483 | LR 7.35e-06 | phase_samples=84352
2026-05-16 11:12:27,589  INFO  [visualweb] Step 18390/26578 | Loss 0.0652 | LR 7.35e-06 | phase_samples=84360
2026-05-16 11:12:28,308  INFO  [visualweb] Step 18390/26578 | Loss 0.0579 | LR 7.35e-06 | phase_samples=84368
2026-05-16 11:12:29,598  INFO  [visualweb] Step 18390/26578 | Loss 0.0449 | LR 7.35e-06 | phase_samples=84376
2026-05-16 11:13:00,576  INFO  [visualweb] Step 18400/26578 | Loss 2.3492 | LR 7.34e-06 | phase_samples=84672
2026-05-16 11:13:01,432  INFO  [visualweb] Step 18400/26578 | Loss 0.0618 | LR 7.34e-06 | phase_samples=84680
2026-05-16 11:13:01,899  INFO  [visualweb] Step 18400/26578 | Loss 0.0803 | LR 7.34e-06 | phase_samples=84688
2026-05-16 11:13:02,436  INFO  [visualweb] Step 18400/26578 | Loss 0.0830 | LR 7.34e-06 | phase_samples=84696
2026-05-16 11:17:04,076  INFO  Checkpoint saved → ../checkpoints/stage2_h100/step18404 | step=18404 | phase=visualweb | samples_seen_phase=84824 | total=452120
2026-05-16 11:17:21,489  INFO  [visualweb] Step 18410/26578 | Loss 2.4275 | LR 7.32e-06 | phase_samples=84992
2026-05-16 11:17:22,003  INFO  [visualweb] Step 18410/26578 | Loss 0.1096 | LR 7.32e-06 | phase_samples=85000
2026-05-16 11:17:22,789  INFO  [visualweb] Step 18410/26578 | Loss 0.0460 | LR 7.32e-06 | phase_samples=85008
2026-05-16 11:17:23,904  INFO  [visualweb] Step 18410/26578 | Loss 0.0629 | LR 7.32e-06 | phase_samples=85016
