2026-05-15 21:44:57,319  INFO  Auto-detected checkpoint: ../checkpoints/stage2_l40/step6052 (step=6052)
2026-05-15 21:46:38,907  INFO  Loading parquet: ../data/visualwebinstruct/mixed_conversation.parquet
2026-05-15 21:46:56,212  INFO  After single-image filter: 381829 samples
2026-05-15 21:50:24,515  INFO  After image-exists filter: 381827 samples
2026-05-15 21:50:25,642  INFO  Dataset ready: 381827 samples
2026-05-15 21:53:45,401  INFO  Resumed from ../checkpoints/stage2_l40/step6052 | global_step=6052 | samples_seen=56832 | batches_to_skip=7104
2026-05-15 21:54:21,672  INFO  Epoch 1 | Step 6060/11932 | Loss 1.9957 | LR 1.65e-05 | samples_seen=57088
2026-05-15 21:54:22,959  INFO  Epoch 1 | Step 6060/11932 | Loss 0.0625 | LR 1.65e-05 | samples_seen=57096
2026-05-15 21:54:23,474  INFO  Epoch 1 | Step 6060/11932 | Loss 0.0634 | LR 1.65e-05 | samples_seen=57104
2026-05-15 21:54:24,367  INFO  Epoch 1 | Step 6060/11932 | Loss 0.0657 | LR 1.65e-05 | samples_seen=57112
2026-05-15 21:54:51,660  INFO  Epoch 1 | Step 6070/11932 | Loss 2.5536 | LR 1.64e-05 | samples_seen=57408
2026-05-15 21:54:52,224  INFO  Epoch 1 | Step 6070/11932 | Loss 0.0880 | LR 1.64e-05 | samples_seen=57416
2026-05-15 21:54:52,963  INFO  Epoch 1 | Step 6070/11932 | Loss 0.0496 | LR 1.64e-05 | samples_seen=57424
2026-05-15 21:54:53,913  INFO  Epoch 1 | Step 6070/11932 | Loss 0.0738 | LR 1.64e-05 | samples_seen=57432
2026-05-15 21:55:23,948  INFO  Epoch 1 | Step 6080/11932 | Loss 2.4804 | LR 1.64e-05 | samples_seen=57728
2026-05-15 21:55:24,960  INFO  Epoch 1 | Step 6080/11932 | Loss 0.0365 | LR 1.64e-05 | samples_seen=57736
2026-05-15 21:55:25,750  INFO  Epoch 1 | Step 6080/11932 | Loss 0.0453 | LR 1.64e-05 | samples_seen=57744
2026-05-15 21:55:26,880  INFO  Epoch 1 | Step 6080/11932 | Loss 0.0482 | LR 1.64e-05 | samples_seen=57752
2026-05-15 21:55:55,682  INFO  Epoch 1 | Step 6090/11932 | Loss 2.4792 | LR 1.64e-05 | samples_seen=58048
2026-05-15 21:55:56,706  INFO  Epoch 1 | Step 6090/11932 | Loss 0.0830 | LR 1.64e-05 | samples_seen=58056
2026-05-15 21:55:57,400  INFO  Epoch 1 | Step 6090/11932 | Loss 0.0478 | LR 1.64e-05 | samples_seen=58064
2026-05-15 21:55:58,016  INFO  Epoch 1 | Step 6090/11932 | Loss 0.0513 | LR 1.64e-05 | samples_seen=58072
2026-05-15 21:56:27,239  INFO  Epoch 1 | Step 6100/11932 | Loss 2.5270 | LR 1.64e-05 | samples_seen=58368
2026-05-15 21:56:27,857  INFO  Epoch 1 | Step 6100/11932 | Loss 0.0447 | LR 1.64e-05 | samples_seen=58376
2026-05-15 21:56:28,908  INFO  Epoch 1 | Step 6100/11932 | Loss 0.0543 | LR 1.64e-05 | samples_seen=58384
2026-05-15 21:56:29,404  INFO  Epoch 1 | Step 6100/11932 | Loss 0.1078 | LR 1.64e-05 | samples_seen=58392
2026-05-15 21:56:58,761  INFO  Epoch 1 | Step 6110/11932 | Loss 2.5722 | LR 1.63e-05 | samples_seen=58688
2026-05-15 21:56:59,362  INFO  Epoch 1 | Step 6110/11932 | Loss 0.0887 | LR 1.63e-05 | samples_seen=58696
2026-05-15 21:56:59,873  INFO  Epoch 1 | Step 6110/11932 | Loss 0.0890 | LR 1.63e-05 | samples_seen=58704
2026-05-15 21:57:00,999  INFO  Epoch 1 | Step 6110/11932 | Loss 0.0465 | LR 1.63e-05 | samples_seen=58712
2026-05-15 21:57:33,297  INFO  Epoch 1 | Step 6120/11932 | Loss 2.3281 | LR 1.63e-05 | samples_seen=59008
2026-05-15 21:57:33,745  INFO  Epoch 1 | Step 6120/11932 | Loss 0.0626 | LR 1.63e-05 | samples_seen=59016
2026-05-15 21:57:34,284  INFO  Epoch 1 | Step 6120/11932 | Loss 0.1087 | LR 1.63e-05 | samples_seen=59024
2026-05-15 21:57:35,007  INFO  Epoch 1 | Step 6120/11932 | Loss 0.0630 | LR 1.63e-05 | samples_seen=59032
2026-05-15 21:58:06,393  INFO  Epoch 1 | Step 6130/11932 | Loss 2.4878 | LR 1.63e-05 | samples_seen=59328
2026-05-15 21:58:06,811  INFO  Epoch 1 | Step 6130/11932 | Loss 0.1095 | LR 1.63e-05 | samples_seen=59336
2026-05-15 21:58:07,695  INFO  Epoch 1 | Step 6130/11932 | Loss 0.0585 | LR 1.63e-05 | samples_seen=59344
2026-05-15 21:58:08,498  INFO  Epoch 1 | Step 6130/11932 | Loss 0.0529 | LR 1.63e-05 | samples_seen=59352
2026-05-15 21:58:40,229  INFO  Epoch 1 | Step 6140/11932 | Loss 2.6997 | LR 1.63e-05 | samples_seen=59648
2026-05-15 21:58:40,757  INFO  Epoch 1 | Step 6140/11932 | Loss 0.0808 | LR 1.63e-05 | samples_seen=59656
2026-05-15 21:58:41,863  INFO  Epoch 1 | Step 6140/11932 | Loss 0.0747 | LR 1.63e-05 | samples_seen=59664
2026-05-15 21:58:42,589  INFO  Epoch 1 | Step 6140/11932 | Loss 0.0545 | LR 1.63e-05 | samples_seen=59672
2026-05-15 21:59:12,996  INFO  Epoch 1 | Step 6150/11932 | Loss 2.6561 | LR 1.63e-05 | samples_seen=59968
2026-05-15 21:59:14,146  INFO  Epoch 1 | Step 6150/11932 | Loss 0.0667 | LR 1.63e-05 | samples_seen=59976
2026-05-15 21:59:15,123  INFO  Epoch 1 | Step 6150/11932 | Loss 0.0729 | LR 1.63e-05 | samples_seen=59984
2026-05-15 21:59:16,420  INFO  Epoch 1 | Step 6150/11932 | Loss 0.0749 | LR 1.63e-05 | samples_seen=59992
2026-05-15 21:59:48,708  INFO  Epoch 1 | Step 6160/11932 | Loss 2.4686 | LR 1.62e-05 | samples_seen=60288
2026-05-15 21:59:49,091  INFO  Epoch 1 | Step 6160/11932 | Loss 0.0681 | LR 1.62e-05 | samples_seen=60296
2026-05-15 21:59:49,848  INFO  Epoch 1 | Step 6160/11932 | Loss 0.0354 | LR 1.62e-05 | samples_seen=60304
2026-05-15 21:59:50,493  INFO  Epoch 1 | Step 6160/11932 | Loss 0.0487 | LR 1.62e-05 | samples_seen=60312
2026-05-15 22:00:21,884  INFO  Epoch 1 | Step 6170/11932 | Loss 2.6933 | LR 1.62e-05 | samples_seen=60608
2026-05-15 22:00:22,588  INFO  Epoch 1 | Step 6170/11932 | Loss 0.0395 | LR 1.62e-05 | samples_seen=60616
2026-05-15 22:00:23,776  INFO  Epoch 1 | Step 6170/11932 | Loss 0.0635 | LR 1.62e-05 | samples_seen=60624
2026-05-15 22:00:24,769  INFO  Epoch 1 | Step 6170/11932 | Loss 0.0500 | LR 1.62e-05 | samples_seen=60632
2026-05-15 22:00:54,680  INFO  Epoch 1 | Step 6180/11932 | Loss 2.5907 | LR 1.62e-05 | samples_seen=60928
2026-05-15 22:00:55,589  INFO  Epoch 1 | Step 6180/11932 | Loss 0.0748 | LR 1.62e-05 | samples_seen=60936
2026-05-15 22:00:56,491  INFO  Epoch 1 | Step 6180/11932 | Loss 0.0650 | LR 1.62e-05 | samples_seen=60944
2026-05-15 22:00:57,476  INFO  Epoch 1 | Step 6180/11932 | Loss 0.0570 | LR 1.62e-05 | samples_seen=60952
2026-05-15 22:01:28,443  INFO  Epoch 1 | Step 6190/11932 | Loss 2.6671 | LR 1.62e-05 | samples_seen=61248
2026-05-15 22:01:29,069  INFO  Epoch 1 | Step 6190/11932 | Loss 0.0806 | LR 1.62e-05 | samples_seen=61256
2026-05-15 22:01:29,794  INFO  Epoch 1 | Step 6190/11932 | Loss 0.0565 | LR 1.62e-05 | samples_seen=61264
2026-05-15 22:01:30,236  INFO  Epoch 1 | Step 6190/11932 | Loss 0.0905 | LR 1.62e-05 | samples_seen=61272
2026-05-15 22:02:01,822  INFO  Epoch 1 | Step 6200/11932 | Loss 2.5449 | LR 1.62e-05 | samples_seen=61568
2026-05-15 22:02:02,878  INFO  Epoch 1 | Step 6200/11932 | Loss 0.0607 | LR 1.62e-05 | samples_seen=61576
2026-05-15 22:02:03,783  INFO  Epoch 1 | Step 6200/11932 | Loss 0.0472 | LR 1.62e-05 | samples_seen=61584
2026-05-15 22:02:04,940  INFO  Epoch 1 | Step 6200/11932 | Loss 0.0766 | LR 1.62e-05 | samples_seen=61592
2026-05-15 22:02:38,017  INFO  Epoch 1 | Step 6210/11932 | Loss 2.6960 | LR 1.61e-05 | samples_seen=61888
2026-05-15 22:02:38,691  INFO  Epoch 1 | Step 6210/11932 | Loss 0.0654 | LR 1.61e-05 | samples_seen=61896
2026-05-15 22:02:39,565  INFO  Epoch 1 | Step 6210/11932 | Loss 0.0483 | LR 1.61e-05 | samples_seen=61904
2026-05-15 22:02:40,335  INFO  Epoch 1 | Step 6210/11932 | Loss 0.1041 | LR 1.61e-05 | samples_seen=61912
2026-05-15 22:03:14,887  INFO  Epoch 1 | Step 6220/11932 | Loss 2.6972 | LR 1.61e-05 | samples_seen=62208
2026-05-15 22:03:15,673  INFO  Epoch 1 | Step 6220/11932 | Loss 0.0638 | LR 1.61e-05 | samples_seen=62216
2026-05-15 22:03:16,321  INFO  Epoch 1 | Step 6220/11932 | Loss 0.0717 | LR 1.61e-05 | samples_seen=62224
2026-05-15 22:03:16,808  INFO  Epoch 1 | Step 6220/11932 | Loss 0.0755 | LR 1.61e-05 | samples_seen=62232
2026-05-15 22:03:49,940  INFO  Epoch 1 | Step 6230/11932 | Loss 2.3724 | LR 1.61e-05 | samples_seen=62528
2026-05-15 22:03:50,425  INFO  Epoch 1 | Step 6230/11932 | Loss 0.0551 | LR 1.61e-05 | samples_seen=62536
2026-05-15 22:03:51,296  INFO  Epoch 1 | Step 6230/11932 | Loss 0.0556 | LR 1.61e-05 | samples_seen=62544
2026-05-15 22:03:52,172  INFO  Epoch 1 | Step 6230/11932 | Loss 0.0497 | LR 1.61e-05 | samples_seen=62552
2026-05-15 22:04:23,858  INFO  Epoch 1 | Step 6240/11932 | Loss 2.4507 | LR 1.61e-05 | samples_seen=62848
2026-05-15 22:04:24,573  INFO  Epoch 1 | Step 6240/11932 | Loss 0.0497 | LR 1.61e-05 | samples_seen=62856
2026-05-15 22:04:25,110  INFO  Epoch 1 | Step 6240/11932 | Loss 0.1135 | LR 1.61e-05 | samples_seen=62864
2026-05-15 22:04:25,746  INFO  Epoch 1 | Step 6240/11932 | Loss 0.0616 | LR 1.61e-05 | samples_seen=62872
2026-05-15 22:04:56,456  INFO  Epoch 1 | Step 6250/11932 | Loss 2.6336 | LR 1.61e-05 | samples_seen=63168
2026-05-15 22:04:57,236  INFO  Epoch 1 | Step 6250/11932 | Loss 0.0440 | LR 1.61e-05 | samples_seen=63176
2026-05-15 22:04:57,983  INFO  Epoch 1 | Step 6250/11932 | Loss 0.0545 | LR 1.61e-05 | samples_seen=63184
2026-05-15 22:04:58,738  INFO  Epoch 1 | Step 6250/11932 | Loss 0.0552 | LR 1.61e-05 | samples_seen=63192
2026-05-15 22:05:28,064  INFO  Epoch 1 | Step 6260/11932 | Loss 2.6247 | LR 1.60e-05 | samples_seen=63488
2026-05-15 22:05:28,780  INFO  Epoch 1 | Step 6260/11932 | Loss 0.0533 | LR 1.60e-05 | samples_seen=63496
2026-05-15 22:05:29,717  INFO  Epoch 1 | Step 6260/11932 | Loss 0.0699 | LR 1.60e-05 | samples_seen=63504
2026-05-15 22:05:31,005  INFO  Epoch 1 | Step 6260/11932 | Loss 0.0614 | LR 1.60e-05 | samples_seen=63512
2026-05-15 22:06:03,261  INFO  Epoch 1 | Step 6270/11932 | Loss 2.6914 | LR 1.60e-05 | samples_seen=63808
2026-05-15 22:06:03,915  INFO  Epoch 1 | Step 6270/11932 | Loss 0.0702 | LR 1.60e-05 | samples_seen=63816
2026-05-15 22:06:04,654  INFO  Epoch 1 | Step 6270/11932 | Loss 0.0581 | LR 1.60e-05 | samples_seen=63824
2026-05-15 22:06:05,833  INFO  Epoch 1 | Step 6270/11932 | Loss 0.0685 | LR 1.60e-05 | samples_seen=63832
2026-05-15 22:06:37,734  INFO  Epoch 1 | Step 6280/11932 | Loss 2.4711 | LR 1.60e-05 | samples_seen=64128
2026-05-15 22:06:38,152  INFO  Epoch 1 | Step 6280/11932 | Loss 0.1027 | LR 1.60e-05 | samples_seen=64136
2026-05-15 22:06:39,629  INFO  Epoch 1 | Step 6280/11932 | Loss 0.0442 | LR 1.60e-05 | samples_seen=64144
2026-05-15 22:06:40,355  INFO  Epoch 1 | Step 6280/11932 | Loss 0.0688 | LR 1.60e-05 | samples_seen=64152
2026-05-15 22:07:14,158  INFO  Epoch 1 | Step 6290/11932 | Loss 2.5504 | LR 1.60e-05 | samples_seen=64448
2026-05-15 22:07:14,668  INFO  Epoch 1 | Step 6290/11932 | Loss 0.0793 | LR 1.60e-05 | samples_seen=64456
2026-05-15 22:07:15,469  INFO  Epoch 1 | Step 6290/11932 | Loss 0.0496 | LR 1.60e-05 | samples_seen=64464
2026-05-15 22:07:16,200  INFO  Epoch 1 | Step 6290/11932 | Loss 0.0512 | LR 1.60e-05 | samples_seen=64472
2026-05-15 22:07:46,476  INFO  Epoch 1 | Step 6300/11932 | Loss 2.3408 | LR 1.59e-05 | samples_seen=64768
2026-05-15 22:07:47,028  INFO  Epoch 1 | Step 6300/11932 | Loss 0.0823 | LR 1.59e-05 | samples_seen=64776
2026-05-15 22:07:47,868  INFO  Epoch 1 | Step 6300/11932 | Loss 0.0519 | LR 1.59e-05 | samples_seen=64784
2026-05-15 22:07:48,767  INFO  Epoch 1 | Step 6300/11932 | Loss 0.0397 | LR 1.59e-05 | samples_seen=64792
2026-05-15 22:08:19,856  INFO  Epoch 1 | Step 6310/11932 | Loss 2.5558 | LR 1.59e-05 | samples_seen=65088
2026-05-15 22:08:20,582  INFO  Epoch 1 | Step 6310/11932 | Loss 0.0478 | LR 1.59e-05 | samples_seen=65096
2026-05-15 22:08:21,077  INFO  Epoch 1 | Step 6310/11932 | Loss 0.0724 | LR 1.59e-05 | samples_seen=65104
2026-05-15 22:08:21,527  INFO  Epoch 1 | Step 6310/11932 | Loss 0.1126 | LR 1.59e-05 | samples_seen=65112
2026-05-15 22:08:52,196  INFO  Epoch 1 | Step 6320/11932 | Loss 2.4554 | LR 1.59e-05 | samples_seen=65408
2026-05-15 22:08:52,785  INFO  Epoch 1 | Step 6320/11932 | Loss 0.1060 | LR 1.59e-05 | samples_seen=65416
2026-05-15 22:08:53,431  INFO  Epoch 1 | Step 6320/11932 | Loss 0.0557 | LR 1.59e-05 | samples_seen=65424
2026-05-15 22:08:53,985  INFO  Epoch 1 | Step 6320/11932 | Loss 0.1161 | LR 1.59e-05 | samples_seen=65432
2026-05-15 22:09:23,939  INFO  Epoch 1 | Step 6330/11932 | Loss 2.4738 | LR 1.59e-05 | samples_seen=65728
2026-05-15 22:09:24,617  INFO  Epoch 1 | Step 6330/11932 | Loss 0.0668 | LR 1.59e-05 | samples_seen=65736
2026-05-15 22:09:25,622  INFO  Epoch 1 | Step 6330/11932 | Loss 0.0619 | LR 1.59e-05 | samples_seen=65744
2026-05-15 22:09:26,429  INFO  Epoch 1 | Step 6330/11932 | Loss 0.0477 | LR 1.59e-05 | samples_seen=65752
2026-05-15 22:09:57,970  INFO  Epoch 1 | Step 6340/11932 | Loss 2.6515 | LR 1.59e-05 | samples_seen=66048
2026-05-15 22:09:58,440  INFO  Epoch 1 | Step 6340/11932 | Loss 0.0884 | LR 1.59e-05 | samples_seen=66056
2026-05-15 22:09:59,135  INFO  Epoch 1 | Step 6340/11932 | Loss 0.0517 | LR 1.59e-05 | samples_seen=66064
2026-05-15 22:09:59,703  INFO  Epoch 1 | Step 6340/11932 | Loss 0.0714 | LR 1.59e-05 | samples_seen=66072
2026-05-15 22:10:28,693  INFO  Epoch 1 | Step 6350/11932 | Loss 2.4752 | LR 1.58e-05 | samples_seen=66368
2026-05-15 22:10:28,970  INFO  Epoch 1 | Step 6350/11932 | Loss 0.1735 | LR 1.58e-05 | samples_seen=66376
2026-05-15 22:10:30,125  INFO  Epoch 1 | Step 6350/11932 | Loss 0.0693 | LR 1.58e-05 | samples_seen=66384
2026-05-15 22:10:30,989  INFO  Epoch 1 | Step 6350/11932 | Loss 0.0650 | LR 1.58e-05 | samples_seen=66392
2026-05-15 22:11:02,856  INFO  Epoch 1 | Step 6360/11932 | Loss 2.2820 | LR 1.58e-05 | samples_seen=66688
2026-05-15 22:11:04,076  INFO  Epoch 1 | Step 6360/11932 | Loss 0.0984 | LR 1.58e-05 | samples_seen=66696
2026-05-15 22:11:04,582  INFO  Epoch 1 | Step 6360/11932 | Loss 0.1125 | LR 1.58e-05 | samples_seen=66704
2026-05-15 22:11:05,597  INFO  Epoch 1 | Step 6360/11932 | Loss 0.0785 | LR 1.58e-05 | samples_seen=66712
2026-05-15 22:11:35,481  INFO  Epoch 1 | Step 6370/11932 | Loss 2.4173 | LR 1.58e-05 | samples_seen=67008
2026-05-15 22:11:36,135  INFO  Epoch 1 | Step 6370/11932 | Loss 0.0639 | LR 1.58e-05 | samples_seen=67016
2026-05-15 22:11:36,938  INFO  Epoch 1 | Step 6370/11932 | Loss 0.0547 | LR 1.58e-05 | samples_seen=67024
2026-05-15 22:11:38,053  INFO  Epoch 1 | Step 6370/11932 | Loss 0.0698 | LR 1.58e-05 | samples_seen=67032
2026-05-15 22:12:06,417  INFO  Epoch 1 | Step 6380/11932 | Loss 2.6196 | LR 1.58e-05 | samples_seen=67328
2026-05-15 22:12:07,058  INFO  Epoch 1 | Step 6380/11932 | Loss 0.0415 | LR 1.58e-05 | samples_seen=67336
2026-05-15 22:12:07,636  INFO  Epoch 1 | Step 6380/11932 | Loss 0.0809 | LR 1.58e-05 | samples_seen=67344
2026-05-15 22:12:08,159  INFO  Epoch 1 | Step 6380/11932 | Loss 0.0572 | LR 1.58e-05 | samples_seen=67352
2026-05-15 22:12:40,483  INFO  Epoch 1 | Step 6390/11932 | Loss 2.4107 | LR 1.57e-05 | samples_seen=67648
2026-05-15 22:12:41,482  INFO  Epoch 1 | Step 6390/11932 | Loss 0.0670 | LR 1.57e-05 | samples_seen=67656
2026-05-15 22:12:42,252  INFO  Epoch 1 | Step 6390/11932 | Loss 0.0336 | LR 1.57e-05 | samples_seen=67664
2026-05-15 22:12:43,034  INFO  Epoch 1 | Step 6390/11932 | Loss 0.0763 | LR 1.57e-05 | samples_seen=67672
2026-05-15 22:13:15,533  INFO  Epoch 1 | Step 6400/11932 | Loss 2.4002 | LR 1.57e-05 | samples_seen=67968
2026-05-15 22:13:16,504  INFO  Epoch 1 | Step 6400/11932 | Loss 0.0911 | LR 1.57e-05 | samples_seen=67976
2026-05-15 22:13:17,300  INFO  Epoch 1 | Step 6400/11932 | Loss 0.0456 | LR 1.57e-05 | samples_seen=67984
2026-05-15 22:13:17,862  INFO  Epoch 1 | Step 6400/11932 | Loss 0.0784 | LR 1.57e-05 | samples_seen=67992
2026-05-15 22:13:49,206  INFO  Epoch 1 | Step 6410/11932 | Loss 2.3894 | LR 1.57e-05 | samples_seen=68288
2026-05-15 22:13:49,583  INFO  Epoch 1 | Step 6410/11932 | Loss 0.1420 | LR 1.57e-05 | samples_seen=68296
2026-05-15 22:13:50,693  INFO  Epoch 1 | Step 6410/11932 | Loss 0.0855 | LR 1.57e-05 | samples_seen=68304
2026-05-15 22:13:51,424  INFO  Epoch 1 | Step 6410/11932 | Loss 0.0666 | LR 1.57e-05 | samples_seen=68312
2026-05-15 22:14:22,062  INFO  Epoch 1 | Step 6420/11932 | Loss 2.5022 | LR 1.57e-05 | samples_seen=68608
2026-05-15 22:14:23,154  INFO  Epoch 1 | Step 6420/11932 | Loss 0.0556 | LR 1.57e-05 | samples_seen=68616
2026-05-15 22:14:24,074  INFO  Epoch 1 | Step 6420/11932 | Loss 0.0670 | LR 1.57e-05 | samples_seen=68624
2026-05-15 22:14:24,529  INFO  Epoch 1 | Step 6420/11932 | Loss 0.1105 | LR 1.57e-05 | samples_seen=68632
2026-05-15 22:14:55,102  INFO  Epoch 1 | Step 6430/11932 | Loss 2.6847 | LR 1.57e-05 | samples_seen=68928
2026-05-15 22:14:55,985  INFO  Epoch 1 | Step 6430/11932 | Loss 0.0321 | LR 1.57e-05 | samples_seen=68936
2026-05-15 22:14:56,883  INFO  Epoch 1 | Step 6430/11932 | Loss 0.0634 | LR 1.57e-05 | samples_seen=68944
2026-05-15 22:14:57,861  INFO  Epoch 1 | Step 6430/11932 | Loss 0.0336 | LR 1.57e-05 | samples_seen=68952
2026-05-15 22:15:29,525  INFO  Epoch 1 | Step 6440/11932 | Loss 2.6808 | LR 1.56e-05 | samples_seen=69248
2026-05-15 22:15:30,366  INFO  Epoch 1 | Step 6440/11932 | Loss 0.0511 | LR 1.56e-05 | samples_seen=69256
2026-05-15 22:15:30,997  INFO  Epoch 1 | Step 6440/11932 | Loss 0.0646 | LR 1.56e-05 | samples_seen=69264
2026-05-15 22:15:31,512  INFO  Epoch 1 | Step 6440/11932 | Loss 0.0662 | LR 1.56e-05 | samples_seen=69272
2026-05-15 22:16:02,778  INFO  Epoch 1 | Step 6450/11932 | Loss 2.5253 | LR 1.56e-05 | samples_seen=69568
2026-05-15 22:16:03,286  INFO  Epoch 1 | Step 6450/11932 | Loss 0.0645 | LR 1.56e-05 | samples_seen=69576
2026-05-15 22:16:04,551  INFO  Epoch 1 | Step 6450/11932 | Loss 0.0472 | LR 1.56e-05 | samples_seen=69584
2026-05-15 22:16:05,722  INFO  Epoch 1 | Step 6450/11932 | Loss 0.0678 | LR 1.56e-05 | samples_seen=69592
2026-05-15 22:16:37,697  INFO  Epoch 1 | Step 6460/11932 | Loss 2.4782 | LR 1.56e-05 | samples_seen=69888
2026-05-15 22:16:38,180  INFO  Epoch 1 | Step 6460/11932 | Loss 0.0952 | LR 1.56e-05 | samples_seen=69896
2026-05-15 22:16:38,953  INFO  Epoch 1 | Step 6460/11932 | Loss 0.0555 | LR 1.56e-05 | samples_seen=69904
2026-05-15 22:16:39,643  INFO  Epoch 1 | Step 6460/11932 | Loss 0.0476 | LR 1.56e-05 | samples_seen=69912
2026-05-15 22:17:11,841  INFO  Epoch 1 | Step 6470/11932 | Loss 2.4398 | LR 1.56e-05 | samples_seen=70208
2026-05-15 22:17:12,207  INFO  Epoch 1 | Step 6470/11932 | Loss 0.1114 | LR 1.56e-05 | samples_seen=70216
2026-05-15 22:17:12,977  INFO  Epoch 1 | Step 6470/11932 | Loss 0.0559 | LR 1.56e-05 | samples_seen=70224
2026-05-15 22:17:13,574  INFO  Epoch 1 | Step 6470/11932 | Loss 0.0765 | LR 1.56e-05 | samples_seen=70232
2026-05-15 22:17:45,928  INFO  Epoch 1 | Step 6480/11932 | Loss 2.5696 | LR 1.55e-05 | samples_seen=70528
2026-05-15 22:17:47,383  INFO  Epoch 1 | Step 6480/11932 | Loss 0.0704 | LR 1.55e-05 | samples_seen=70536
2026-05-15 22:17:49,149  INFO  Epoch 1 | Step 6480/11932 | Loss 0.0622 | LR 1.55e-05 | samples_seen=70544
2026-05-15 22:17:49,816  INFO  Epoch 1 | Step 6480/11932 | Loss 0.0670 | LR 1.55e-05 | samples_seen=70552
2026-05-15 22:18:18,439  INFO  Epoch 1 | Step 6490/11932 | Loss 2.6714 | LR 1.55e-05 | samples_seen=70848
2026-05-15 22:18:19,407  INFO  Epoch 1 | Step 6490/11932 | Loss 0.0684 | LR 1.55e-05 | samples_seen=70856
2026-05-15 22:18:20,093  INFO  Epoch 1 | Step 6490/11932 | Loss 0.0527 | LR 1.55e-05 | samples_seen=70864
2026-05-15 22:18:20,498  INFO  Epoch 1 | Step 6490/11932 | Loss 0.0897 | LR 1.55e-05 | samples_seen=70872
2026-05-15 22:18:53,245  INFO  Epoch 1 | Step 6500/11932 | Loss 2.4449 | LR 1.55e-05 | samples_seen=71168
2026-05-15 22:18:54,025  INFO  Epoch 1 | Step 6500/11932 | Loss 0.0474 | LR 1.55e-05 | samples_seen=71176
2026-05-15 22:18:55,223  INFO  Epoch 1 | Step 6500/11932 | Loss 0.0496 | LR 1.55e-05 | samples_seen=71184
2026-05-15 22:18:55,709  INFO  Epoch 1 | Step 6500/11932 | Loss 0.0976 | LR 1.55e-05 | samples_seen=71192
2026-05-15 22:19:29,780  INFO  Epoch 1 | Step 6510/11932 | Loss 2.4395 | LR 1.55e-05 | samples_seen=71488
2026-05-15 22:19:30,501  INFO  Epoch 1 | Step 6510/11932 | Loss 0.0571 | LR 1.55e-05 | samples_seen=71496
2026-05-15 22:19:31,014  INFO  Epoch 1 | Step 6510/11932 | Loss 0.0817 | LR 1.55e-05 | samples_seen=71504
2026-05-15 22:19:31,848  INFO  Epoch 1 | Step 6510/11932 | Loss 0.0520 | LR 1.55e-05 | samples_seen=71512
2026-05-15 22:20:03,999  INFO  Epoch 1 | Step 6520/11932 | Loss 2.6539 | LR 1.55e-05 | samples_seen=71808
2026-05-15 22:20:04,640  INFO  Epoch 1 | Step 6520/11932 | Loss 0.0566 | LR 1.55e-05 | samples_seen=71816
2026-05-15 22:20:05,306  INFO  Epoch 1 | Step 6520/11932 | Loss 0.0761 | LR 1.55e-05 | samples_seen=71824
2026-05-15 22:20:06,525  INFO  Epoch 1 | Step 6520/11932 | Loss 0.0541 | LR 1.55e-05 | samples_seen=71832
2026-05-15 22:20:36,709  INFO  Epoch 1 | Step 6530/11932 | Loss 2.4726 | LR 1.54e-05 | samples_seen=72128
2026-05-15 22:20:37,733  INFO  Epoch 1 | Step 6530/11932 | Loss 0.0473 | LR 1.54e-05 | samples_seen=72136
2026-05-15 22:20:38,842  INFO  Epoch 1 | Step 6530/11932 | Loss 0.0544 | LR 1.54e-05 | samples_seen=72144
2026-05-15 22:20:39,477  INFO  Epoch 1 | Step 6530/11932 | Loss 0.0437 | LR 1.54e-05 | samples_seen=72152
2026-05-15 22:21:11,771  INFO  Epoch 1 | Step 6540/11932 | Loss 2.3054 | LR 1.54e-05 | samples_seen=72448
2026-05-15 22:21:12,241  INFO  Epoch 1 | Step 6540/11932 | Loss 0.0777 | LR 1.54e-05 | samples_seen=72456
2026-05-15 22:21:12,967  INFO  Epoch 1 | Step 6540/11932 | Loss 0.0351 | LR 1.54e-05 | samples_seen=72464
2026-05-15 22:21:13,951  INFO  Epoch 1 | Step 6540/11932 | Loss 0.0603 | LR 1.54e-05 | samples_seen=72472
2026-05-15 22:21:46,487  INFO  Epoch 1 | Step 6550/11932 | Loss 2.5235 | LR 1.54e-05 | samples_seen=72768
2026-05-15 22:21:46,873  INFO  Epoch 1 | Step 6550/11932 | Loss 0.1217 | LR 1.54e-05 | samples_seen=72776
2026-05-15 22:21:47,311  INFO  Epoch 1 | Step 6550/11932 | Loss 0.0655 | LR 1.54e-05 | samples_seen=72784
2026-05-15 22:21:48,192  INFO  Epoch 1 | Step 6550/11932 | Loss 0.0915 | LR 1.54e-05 | samples_seen=72792
2026-05-15 22:22:18,501  INFO  Epoch 1 | Step 6560/11932 | Loss 2.4296 | LR 1.54e-05 | samples_seen=73088
2026-05-15 22:22:19,049  INFO  Epoch 1 | Step 6560/11932 | Loss 0.0422 | LR 1.54e-05 | samples_seen=73096
2026-05-15 22:22:19,662  INFO  Epoch 1 | Step 6560/11932 | Loss 0.0797 | LR 1.54e-05 | samples_seen=73104
2026-05-15 22:22:20,524  INFO  Epoch 1 | Step 6560/11932 | Loss 0.0502 | LR 1.54e-05 | samples_seen=73112
2026-05-15 22:22:48,348  INFO  Epoch 1 | Step 6570/11932 | Loss 2.5498 | LR 1.53e-05 | samples_seen=73408
2026-05-15 22:22:49,636  INFO  Epoch 1 | Step 6570/11932 | Loss 0.0594 | LR 1.53e-05 | samples_seen=73416
2026-05-15 22:22:50,131  INFO  Epoch 1 | Step 6570/11932 | Loss 0.0876 | LR 1.53e-05 | samples_seen=73424
2026-05-15 22:22:51,266  INFO  Epoch 1 | Step 6570/11932 | Loss 0.0862 | LR 1.53e-05 | samples_seen=73432
2026-05-15 22:23:23,495  INFO  Epoch 1 | Step 6580/11932 | Loss 2.2648 | LR 1.53e-05 | samples_seen=73728
2026-05-15 22:23:24,004  INFO  Epoch 1 | Step 6580/11932 | Loss 0.0892 | LR 1.53e-05 | samples_seen=73736
2026-05-15 22:23:24,883  INFO  Epoch 1 | Step 6580/11932 | Loss 0.0467 | LR 1.53e-05 | samples_seen=73744
2026-05-15 22:23:25,341  INFO  Epoch 1 | Step 6580/11932 | Loss 0.0879 | LR 1.53e-05 | samples_seen=73752
2026-05-15 22:27:28,668  INFO  Checkpoint saved → ../checkpoints/stage2_h100/step6586 | global_step=6586 | samples_seen=73928
2026-05-15 22:27:40,967  INFO  Epoch 1 | Step 6590/11932 | Loss 2.4564 | LR 1.53e-05 | samples_seen=74048
2026-05-15 22:27:41,486  INFO  Epoch 1 | Step 6590/11932 | Loss 0.0871 | LR 1.53e-05 | samples_seen=74056
2026-05-15 22:27:42,367  INFO  Epoch 1 | Step 6590/11932 | Loss 0.0567 | LR 1.53e-05 | samples_seen=74064
2026-05-15 22:27:43,337  INFO  Epoch 1 | Step 6590/11932 | Loss 0.0307 | LR 1.53e-05 | samples_seen=74072
2026-05-15 22:28:14,428  INFO  Epoch 1 | Step 6600/11932 | Loss 2.3983 | LR 1.53e-05 | samples_seen=74368
2026-05-15 22:28:14,985  INFO  Epoch 1 | Step 6600/11932 | Loss 0.0553 | LR 1.53e-05 | samples_seen=74376
2026-05-15 22:28:15,781  INFO  Epoch 1 | Step 6600/11932 | Loss 0.0783 | LR 1.53e-05 | samples_seen=74384
2026-05-15 22:28:16,311  INFO  Epoch 1 | Step 6600/11932 | Loss 0.0492 | LR 1.53e-05 | samples_seen=74392
2026-05-15 22:28:47,018  INFO  Epoch 1 | Step 6610/11932 | Loss 2.4914 | LR 1.52e-05 | samples_seen=74688
2026-05-15 22:28:47,574  INFO  Epoch 1 | Step 6610/11932 | Loss 0.0438 | LR 1.52e-05 | samples_seen=74696
2026-05-15 22:28:48,253  INFO  Epoch 1 | Step 6610/11932 | Loss 0.0718 | LR 1.52e-05 | samples_seen=74704
2026-05-15 22:28:48,750  INFO  Epoch 1 | Step 6610/11932 | Loss 0.1112 | LR 1.52e-05 | samples_seen=74712
2026-05-15 22:29:19,819  INFO  Epoch 1 | Step 6620/11932 | Loss 2.4435 | LR 1.52e-05 | samples_seen=75008
2026-05-15 22:29:20,493  INFO  Epoch 1 | Step 6620/11932 | Loss 0.0655 | LR 1.52e-05 | samples_seen=75016
2026-05-15 22:29:21,144  INFO  Epoch 1 | Step 6620/11932 | Loss 0.0519 | LR 1.52e-05 | samples_seen=75024
2026-05-15 22:29:21,933  INFO  Epoch 1 | Step 6620/11932 | Loss 0.0731 | LR 1.52e-05 | samples_seen=75032
2026-05-15 22:29:52,649  INFO  Epoch 1 | Step 6630/11932 | Loss 2.4653 | LR 1.52e-05 | samples_seen=75328
2026-05-15 22:29:53,235  INFO  Epoch 1 | Step 6630/11932 | Loss 0.0683 | LR 1.52e-05 | samples_seen=75336
2026-05-15 22:29:54,021  INFO  Epoch 1 | Step 6630/11932 | Loss 0.0481 | LR 1.52e-05 | samples_seen=75344
2026-05-15 22:29:54,560  INFO  Epoch 1 | Step 6630/11932 | Loss 0.0656 | LR 1.52e-05 | samples_seen=75352
2026-05-15 22:30:27,244  INFO  Epoch 1 | Step 6640/11932 | Loss 2.7210 | LR 1.52e-05 | samples_seen=75648
2026-05-15 22:30:28,014  INFO  Epoch 1 | Step 6640/11932 | Loss 0.0465 | LR 1.52e-05 | samples_seen=75656
2026-05-15 22:30:29,155  INFO  Epoch 1 | Step 6640/11932 | Loss 0.0738 | LR 1.52e-05 | samples_seen=75664
2026-05-15 22:30:30,142  INFO  Epoch 1 | Step 6640/11932 | Loss 0.0495 | LR 1.52e-05 | samples_seen=75672
2026-05-15 22:31:02,073  INFO  Epoch 1 | Step 6650/11932 | Loss 2.4724 | LR 1.52e-05 | samples_seen=75968
2026-05-15 22:31:02,520  INFO  Epoch 1 | Step 6650/11932 | Loss 0.0792 | LR 1.52e-05 | samples_seen=75976
2026-05-15 22:31:03,086  INFO  Epoch 1 | Step 6650/11932 | Loss 0.0859 | LR 1.52e-05 | samples_seen=75984
2026-05-15 22:31:03,868  INFO  Epoch 1 | Step 6650/11932 | Loss 0.0527 | LR 1.52e-05 | samples_seen=75992
2026-05-15 22:31:35,976  INFO  Epoch 1 | Step 6660/11932 | Loss 2.4567 | LR 1.51e-05 | samples_seen=76288
2026-05-15 22:31:36,819  INFO  Epoch 1 | Step 6660/11932 | Loss 0.0902 | LR 1.51e-05 | samples_seen=76296
2026-05-15 22:31:37,599  INFO  Epoch 1 | Step 6660/11932 | Loss 0.0514 | LR 1.51e-05 | samples_seen=76304
2026-05-15 22:31:38,248  INFO  Epoch 1 | Step 6660/11932 | Loss 0.0397 | LR 1.51e-05 | samples_seen=76312
2026-05-15 22:32:11,483  INFO  Epoch 1 | Step 6670/11932 | Loss 2.4973 | LR 1.51e-05 | samples_seen=76608
2026-05-15 22:32:12,038  INFO  Epoch 1 | Step 6670/11932 | Loss 0.0633 | LR 1.51e-05 | samples_seen=76616
2026-05-15 22:32:12,819  INFO  Epoch 1 | Step 6670/11932 | Loss 0.0550 | LR 1.51e-05 | samples_seen=76624
2026-05-15 22:32:13,501  INFO  Epoch 1 | Step 6670/11932 | Loss 0.0477 | LR 1.51e-05 | samples_seen=76632
2026-05-15 22:32:44,461  INFO  Epoch 1 | Step 6680/11932 | Loss 2.5441 | LR 1.51e-05 | samples_seen=76928
2026-05-15 22:32:45,367  INFO  Epoch 1 | Step 6680/11932 | Loss 0.0438 | LR 1.51e-05 | samples_seen=76936
2026-05-15 22:32:46,002  INFO  Epoch 1 | Step 6680/11932 | Loss 0.0553 | LR 1.51e-05 | samples_seen=76944
2026-05-15 22:32:47,261  INFO  Epoch 1 | Step 6680/11932 | Loss 0.0755 | LR 1.51e-05 | samples_seen=76952
2026-05-15 22:33:18,101  INFO  Epoch 1 | Step 6690/11932 | Loss 2.6667 | LR 1.51e-05 | samples_seen=77248
2026-05-15 22:33:19,212  INFO  Epoch 1 | Step 6690/11932 | Loss 0.0643 | LR 1.51e-05 | samples_seen=77256
2026-05-15 22:33:19,941  INFO  Epoch 1 | Step 6690/11932 | Loss 0.0309 | LR 1.51e-05 | samples_seen=77264
2026-05-15 22:33:20,265  INFO  Epoch 1 | Step 6690/11932 | Loss 0.0989 | LR 1.51e-05 | samples_seen=77272
2026-05-15 22:33:49,501  INFO  Epoch 1 | Step 6700/11932 | Loss 2.4545 | LR 1.50e-05 | samples_seen=77568
2026-05-15 22:33:50,326  INFO  Epoch 1 | Step 6700/11932 | Loss 0.0502 | LR 1.50e-05 | samples_seen=77576
2026-05-15 22:33:51,100  INFO  Epoch 1 | Step 6700/11932 | Loss 0.0686 | LR 1.50e-05 | samples_seen=77584
2026-05-15 22:33:52,431  INFO  Epoch 1 | Step 6700/11932 | Loss 0.0954 | LR 1.50e-05 | samples_seen=77592
2026-05-15 22:34:23,666  INFO  Epoch 1 | Step 6710/11932 | Loss 2.7585 | LR 1.50e-05 | samples_seen=77888
2026-05-15 22:34:24,163  INFO  Epoch 1 | Step 6710/11932 | Loss 0.0906 | LR 1.50e-05 | samples_seen=77896
2026-05-15 22:34:24,860  INFO  Epoch 1 | Step 6710/11932 | Loss 0.0640 | LR 1.50e-05 | samples_seen=77904
2026-05-15 22:34:25,925  INFO  Epoch 1 | Step 6710/11932 | Loss 0.1112 | LR 1.50e-05 | samples_seen=77912
2026-05-15 22:34:56,188  INFO  Epoch 1 | Step 6720/11932 | Loss 2.4572 | LR 1.50e-05 | samples_seen=78208
2026-05-15 22:34:56,863  INFO  Epoch 1 | Step 6720/11932 | Loss 0.0573 | LR 1.50e-05 | samples_seen=78216
2026-05-15 22:34:57,523  INFO  Epoch 1 | Step 6720/11932 | Loss 0.0669 | LR 1.50e-05 | samples_seen=78224
2026-05-15 22:34:57,798  INFO  Epoch 1 | Step 6720/11932 | Loss 0.1256 | LR 1.50e-05 | samples_seen=78232
2026-05-15 22:35:29,635  INFO  Epoch 1 | Step 6730/11932 | Loss 2.4859 | LR 1.50e-05 | samples_seen=78528
2026-05-15 22:35:30,154  INFO  Epoch 1 | Step 6730/11932 | Loss 0.0714 | LR 1.50e-05 | samples_seen=78536
2026-05-15 22:35:30,932  INFO  Epoch 1 | Step 6730/11932 | Loss 0.0585 | LR 1.50e-05 | samples_seen=78544
2026-05-15 22:35:32,128  INFO  Epoch 1 | Step 6730/11932 | Loss 0.0587 | LR 1.50e-05 | samples_seen=78552
2026-05-15 22:36:03,060  INFO  Epoch 1 | Step 6740/11932 | Loss 2.6365 | LR 1.49e-05 | samples_seen=78848
2026-05-15 22:36:04,085  INFO  Epoch 1 | Step 6740/11932 | Loss 0.0565 | LR 1.49e-05 | samples_seen=78856
2026-05-15 22:36:05,198  INFO  Epoch 1 | Step 6740/11932 | Loss 0.0646 | LR 1.49e-05 | samples_seen=78864
2026-05-15 22:36:06,096  INFO  Epoch 1 | Step 6740/11932 | Loss 0.0807 | LR 1.49e-05 | samples_seen=78872
2026-05-15 22:36:37,514  INFO  Epoch 1 | Step 6750/11932 | Loss 2.3494 | LR 1.49e-05 | samples_seen=79168
2026-05-15 22:36:38,507  INFO  Epoch 1 | Step 6750/11932 | Loss 0.0437 | LR 1.49e-05 | samples_seen=79176
2026-05-15 22:36:39,175  INFO  Epoch 1 | Step 6750/11932 | Loss 0.0503 | LR 1.49e-05 | samples_seen=79184
2026-05-15 22:36:40,501  INFO  Epoch 1 | Step 6750/11932 | Loss 0.0706 | LR 1.49e-05 | samples_seen=79192
2026-05-15 22:37:12,715  INFO  Epoch 1 | Step 6760/11932 | Loss 2.2756 | LR 1.49e-05 | samples_seen=79488
2026-05-15 22:37:13,232  INFO  Epoch 1 | Step 6760/11932 | Loss 0.0902 | LR 1.49e-05 | samples_seen=79496
2026-05-15 22:37:13,747  INFO  Epoch 1 | Step 6760/11932 | Loss 0.0866 | LR 1.49e-05 | samples_seen=79504
2026-05-15 22:37:14,881  INFO  Epoch 1 | Step 6760/11932 | Loss 0.0655 | LR 1.49e-05 | samples_seen=79512
2026-05-15 22:37:43,687  INFO  Epoch 1 | Step 6770/11932 | Loss 2.3808 | LR 1.49e-05 | samples_seen=79808
2026-05-15 22:37:44,729  INFO  Epoch 1 | Step 6770/11932 | Loss 0.0564 | LR 1.49e-05 | samples_seen=79816
2026-05-15 22:37:45,500  INFO  Epoch 1 | Step 6770/11932 | Loss 0.0467 | LR 1.49e-05 | samples_seen=79824
2026-05-15 22:37:46,525  INFO  Epoch 1 | Step 6770/11932 | Loss 0.0916 | LR 1.49e-05 | samples_seen=79832
2026-05-15 22:38:15,145  INFO  Epoch 1 | Step 6780/11932 | Loss 2.5222 | LR 1.48e-05 | samples_seen=80128
2026-05-15 22:38:15,775  INFO  Epoch 1 | Step 6780/11932 | Loss 0.0636 | LR 1.48e-05 | samples_seen=80136
2026-05-15 22:38:16,808  INFO  Epoch 1 | Step 6780/11932 | Loss 0.0641 | LR 1.48e-05 | samples_seen=80144
2026-05-15 22:38:17,534  INFO  Epoch 1 | Step 6780/11932 | Loss 0.0592 | LR 1.48e-05 | samples_seen=80152
2026-05-15 22:38:45,391  INFO  Epoch 1 | Step 6790/11932 | Loss 2.6748 | LR 1.48e-05 | samples_seen=80448
2026-05-15 22:38:46,452  INFO  Epoch 1 | Step 6790/11932 | Loss 0.0547 | LR 1.48e-05 | samples_seen=80456
2026-05-15 22:38:47,531  INFO  Epoch 1 | Step 6790/11932 | Loss 0.0993 | LR 1.48e-05 | samples_seen=80464
2026-05-15 22:38:48,031  INFO  Epoch 1 | Step 6790/11932 | Loss 0.0633 | LR 1.48e-05 | samples_seen=80472
2026-05-15 22:39:22,647  INFO  Epoch 1 | Step 6800/11932 | Loss 2.3261 | LR 1.48e-05 | samples_seen=80768
2026-05-15 22:39:23,145  INFO  Epoch 1 | Step 6800/11932 | Loss 0.1040 | LR 1.48e-05 | samples_seen=80776
2026-05-15 22:39:23,892  INFO  Epoch 1 | Step 6800/11932 | Loss 0.0499 | LR 1.48e-05 | samples_seen=80784
2026-05-15 22:39:24,319  INFO  Epoch 1 | Step 6800/11932 | Loss 0.1043 | LR 1.48e-05 | samples_seen=80792
2026-05-15 22:39:54,155  INFO  Epoch 1 | Step 6810/11932 | Loss 2.6221 | LR 1.48e-05 | samples_seen=81088
2026-05-15 22:39:55,608  INFO  Epoch 1 | Step 6810/11932 | Loss 0.0833 | LR 1.48e-05 | samples_seen=81096
2026-05-15 22:39:56,132  INFO  Epoch 1 | Step 6810/11932 | Loss 0.0512 | LR 1.48e-05 | samples_seen=81104
2026-05-15 22:39:57,044  INFO  Epoch 1 | Step 6810/11932 | Loss 0.0592 | LR 1.48e-05 | samples_seen=81112
2026-05-15 22:40:30,215  INFO  Epoch 1 | Step 6820/11932 | Loss 2.4963 | LR 1.48e-05 | samples_seen=81408
2026-05-15 22:40:30,999  INFO  Epoch 1 | Step 6820/11932 | Loss 0.0411 | LR 1.48e-05 | samples_seen=81416
2026-05-15 22:40:31,606  INFO  Epoch 1 | Step 6820/11932 | Loss 0.0557 | LR 1.48e-05 | samples_seen=81424
2026-05-15 22:40:32,119  INFO  Epoch 1 | Step 6820/11932 | Loss 0.0904 | LR 1.48e-05 | samples_seen=81432
2026-05-15 22:41:02,776  INFO  Epoch 1 | Step 6830/11932 | Loss 2.5395 | LR 1.47e-05 | samples_seen=81728
2026-05-15 22:41:03,223  INFO  Epoch 1 | Step 6830/11932 | Loss 0.0754 | LR 1.47e-05 | samples_seen=81736
2026-05-15 22:41:04,004  INFO  Epoch 1 | Step 6830/11932 | Loss 0.0518 | LR 1.47e-05 | samples_seen=81744
2026-05-15 22:41:04,934  INFO  Epoch 1 | Step 6830/11932 | Loss 0.0572 | LR 1.47e-05 | samples_seen=81752
2026-05-15 22:41:37,629  INFO  Epoch 1 | Step 6840/11932 | Loss 2.3793 | LR 1.47e-05 | samples_seen=82048
2026-05-15 22:41:38,151  INFO  Epoch 1 | Step 6840/11932 | Loss 0.0879 | LR 1.47e-05 | samples_seen=82056
2026-05-15 22:41:39,385  INFO  Epoch 1 | Step 6840/11932 | Loss 0.0519 | LR 1.47e-05 | samples_seen=82064
2026-05-15 22:41:40,439  INFO  Epoch 1 | Step 6840/11932 | Loss 0.0620 | LR 1.47e-05 | samples_seen=82072
2026-05-15 22:42:11,011  INFO  Epoch 1 | Step 6850/11932 | Loss 2.6558 | LR 1.47e-05 | samples_seen=82368
2026-05-15 22:42:11,776  INFO  Epoch 1 | Step 6850/11932 | Loss 0.0668 | LR 1.47e-05 | samples_seen=82376
2026-05-15 22:42:12,509  INFO  Epoch 1 | Step 6850/11932 | Loss 0.0638 | LR 1.47e-05 | samples_seen=82384
2026-05-15 22:42:13,383  INFO  Epoch 1 | Step 6850/11932 | Loss 0.0772 | LR 1.47e-05 | samples_seen=82392
2026-05-15 22:42:43,903  INFO  Epoch 1 | Step 6860/11932 | Loss 2.5382 | LR 1.47e-05 | samples_seen=82688
2026-05-15 22:42:44,425  INFO  Epoch 1 | Step 6860/11932 | Loss 0.1019 | LR 1.47e-05 | samples_seen=82696
2026-05-15 22:42:45,119  INFO  Epoch 1 | Step 6860/11932 | Loss 0.0460 | LR 1.47e-05 | samples_seen=82704
2026-05-15 22:42:46,107  INFO  Epoch 1 | Step 6860/11932 | Loss 0.0638 | LR 1.47e-05 | samples_seen=82712
2026-05-15 22:43:17,689  INFO  Epoch 1 | Step 6870/11932 | Loss 2.3829 | LR 1.46e-05 | samples_seen=83008
2026-05-15 22:43:19,005  INFO  Epoch 1 | Step 6870/11932 | Loss 0.1030 | LR 1.46e-05 | samples_seen=83016
2026-05-15 22:43:19,614  INFO  Epoch 1 | Step 6870/11932 | Loss 0.0579 | LR 1.46e-05 | samples_seen=83024
2026-05-15 22:43:20,224  INFO  Epoch 1 | Step 6870/11932 | Loss 0.0508 | LR 1.46e-05 | samples_seen=83032
2026-05-15 22:43:49,401  INFO  Epoch 1 | Step 6880/11932 | Loss 2.5289 | LR 1.46e-05 | samples_seen=83328
2026-05-15 22:43:50,393  INFO  Epoch 1 | Step 6880/11932 | Loss 0.0856 | LR 1.46e-05 | samples_seen=83336
2026-05-15 22:43:51,505  INFO  Epoch 1 | Step 6880/11932 | Loss 0.0750 | LR 1.46e-05 | samples_seen=83344
2026-05-15 22:43:52,799  INFO  Epoch 1 | Step 6880/11932 | Loss 0.0860 | LR 1.46e-05 | samples_seen=83352
2026-05-15 22:44:24,967  INFO  Epoch 1 | Step 6890/11932 | Loss 2.4648 | LR 1.46e-05 | samples_seen=83648
2026-05-15 22:44:25,612  INFO  Epoch 1 | Step 6890/11932 | Loss 0.0516 | LR 1.46e-05 | samples_seen=83656
2026-05-15 22:44:26,256  INFO  Epoch 1 | Step 6890/11932 | Loss 0.0594 | LR 1.46e-05 | samples_seen=83664
2026-05-15 22:44:27,013  INFO  Epoch 1 | Step 6890/11932 | Loss 0.0602 | LR 1.46e-05 | samples_seen=83672
2026-05-15 22:44:58,420  INFO  Epoch 1 | Step 6900/11932 | Loss 2.5251 | LR 1.46e-05 | samples_seen=83968
2026-05-15 22:44:58,915  INFO  Epoch 1 | Step 6900/11932 | Loss 0.0879 | LR 1.46e-05 | samples_seen=83976
2026-05-15 22:44:59,352  INFO  Epoch 1 | Step 6900/11932 | Loss 0.0665 | LR 1.46e-05 | samples_seen=83984
2026-05-15 22:45:00,201  INFO  Epoch 1 | Step 6900/11932 | Loss 0.0614 | LR 1.46e-05 | samples_seen=83992
2026-05-15 22:45:30,969  INFO  Epoch 1 | Step 6910/11932 | Loss 2.5848 | LR 1.45e-05 | samples_seen=84288
2026-05-15 22:45:31,277  INFO  Epoch 1 | Step 6910/11932 | Loss 0.0904 | LR 1.45e-05 | samples_seen=84296
2026-05-15 22:45:32,001  INFO  Epoch 1 | Step 6910/11932 | Loss 0.0554 | LR 1.45e-05 | samples_seen=84304
2026-05-15 22:45:33,040  INFO  Epoch 1 | Step 6910/11932 | Loss 0.0617 | LR 1.45e-05 | samples_seen=84312
2026-05-15 22:46:05,543  INFO  Epoch 1 | Step 6920/11932 | Loss 2.3185 | LR 1.45e-05 | samples_seen=84608
2026-05-15 22:46:06,053  INFO  Epoch 1 | Step 6920/11932 | Loss 0.0969 | LR 1.45e-05 | samples_seen=84616
2026-05-15 22:46:06,718  INFO  Epoch 1 | Step 6920/11932 | Loss 0.0764 | LR 1.45e-05 | samples_seen=84624
2026-05-15 22:46:08,181  INFO  Epoch 1 | Step 6920/11932 | Loss 0.0859 | LR 1.45e-05 | samples_seen=84632
2026-05-15 22:46:39,173  INFO  Epoch 1 | Step 6930/11932 | Loss 2.5207 | LR 1.45e-05 | samples_seen=84928
2026-05-15 22:46:39,997  INFO  Epoch 1 | Step 6930/11932 | Loss 0.0618 | LR 1.45e-05 | samples_seen=84936
2026-05-15 22:46:40,806  INFO  Epoch 1 | Step 6930/11932 | Loss 0.0371 | LR 1.45e-05 | samples_seen=84944
2026-05-15 22:46:41,367  INFO  Epoch 1 | Step 6930/11932 | Loss 0.0533 | LR 1.45e-05 | samples_seen=84952
2026-05-15 22:47:10,909  INFO  Epoch 1 | Step 6940/11932 | Loss 2.6305 | LR 1.45e-05 | samples_seen=85248
2026-05-15 22:47:12,303  INFO  Epoch 1 | Step 6940/11932 | Loss 0.0510 | LR 1.45e-05 | samples_seen=85256
2026-05-15 22:47:13,164  INFO  Epoch 1 | Step 6940/11932 | Loss 0.0311 | LR 1.45e-05 | samples_seen=85264
2026-05-15 22:47:13,802  INFO  Epoch 1 | Step 6940/11932 | Loss 0.0516 | LR 1.45e-05 | samples_seen=85272
2026-05-15 22:47:45,949  INFO  Epoch 1 | Step 6950/11932 | Loss 2.5760 | LR 1.44e-05 | samples_seen=85568
2026-05-15 22:47:47,240  INFO  Epoch 1 | Step 6950/11932 | Loss 0.0661 | LR 1.44e-05 | samples_seen=85576
2026-05-15 22:47:48,213  INFO  Epoch 1 | Step 6950/11932 | Loss 0.0675 | LR 1.44e-05 | samples_seen=85584
2026-05-15 22:47:48,844  INFO  Epoch 1 | Step 6950/11932 | Loss 0.0722 | LR 1.44e-05 | samples_seen=85592
2026-05-15 22:48:20,308  INFO  Epoch 1 | Step 6960/11932 | Loss 2.5455 | LR 1.44e-05 | samples_seen=85888
2026-05-15 22:48:21,457  INFO  Epoch 1 | Step 6960/11932 | Loss 0.0636 | LR 1.44e-05 | samples_seen=85896
2026-05-15 22:48:22,430  INFO  Epoch 1 | Step 6960/11932 | Loss 0.0536 | LR 1.44e-05 | samples_seen=85904
2026-05-15 22:48:23,657  INFO  Epoch 1 | Step 6960/11932 | Loss 0.0781 | LR 1.44e-05 | samples_seen=85912
2026-05-15 22:48:53,484  INFO  Epoch 1 | Step 6970/11932 | Loss 2.4793 | LR 1.44e-05 | samples_seen=86208
2026-05-15 22:48:54,332  INFO  Epoch 1 | Step 6970/11932 | Loss 0.0594 | LR 1.44e-05 | samples_seen=86216
2026-05-15 22:48:54,882  INFO  Epoch 1 | Step 6970/11932 | Loss 0.0827 | LR 1.44e-05 | samples_seen=86224
2026-05-15 22:48:55,367  INFO  Epoch 1 | Step 6970/11932 | Loss 0.0694 | LR 1.44e-05 | samples_seen=86232
2026-05-15 22:49:27,109  INFO  Epoch 1 | Step 6980/11932 | Loss 2.2618 | LR 1.44e-05 | samples_seen=86528
2026-05-15 22:49:27,994  INFO  Epoch 1 | Step 6980/11932 | Loss 0.1028 | LR 1.44e-05 | samples_seen=86536
2026-05-15 22:49:28,794  INFO  Epoch 1 | Step 6980/11932 | Loss 0.0364 | LR 1.44e-05 | samples_seen=86544
2026-05-15 22:49:29,987  INFO  Epoch 1 | Step 6980/11932 | Loss 0.0859 | LR 1.44e-05 | samples_seen=86552
2026-05-15 22:50:03,570  INFO  Epoch 1 | Step 6990/11932 | Loss 2.4765 | LR 1.43e-05 | samples_seen=86848
2026-05-15 22:50:04,187  INFO  Epoch 1 | Step 6990/11932 | Loss 0.0957 | LR 1.43e-05 | samples_seen=86856
2026-05-15 22:50:05,109  INFO  Epoch 1 | Step 6990/11932 | Loss 0.0488 | LR 1.43e-05 | samples_seen=86864
2026-05-15 22:50:05,754  INFO  Epoch 1 | Step 6990/11932 | Loss 0.0501 | LR 1.43e-05 | samples_seen=86872
2026-05-15 22:50:36,624  INFO  Epoch 1 | Step 7000/11932 | Loss 2.3880 | LR 1.43e-05 | samples_seen=87168
2026-05-15 22:50:37,288  INFO  Epoch 1 | Step 7000/11932 | Loss 0.0682 | LR 1.43e-05 | samples_seen=87176
2026-05-15 22:50:37,974  INFO  Epoch 1 | Step 7000/11932 | Loss 0.0531 | LR 1.43e-05 | samples_seen=87184
2026-05-15 22:50:38,752  INFO  Epoch 1 | Step 7000/11932 | Loss 0.0533 | LR 1.43e-05 | samples_seen=87192
2026-05-15 22:51:09,621  INFO  Epoch 1 | Step 7010/11932 | Loss 2.5704 | LR 1.43e-05 | samples_seen=87488
2026-05-15 22:51:10,065  INFO  Epoch 1 | Step 7010/11932 | Loss 0.0912 | LR 1.43e-05 | samples_seen=87496
2026-05-15 22:51:10,992  INFO  Epoch 1 | Step 7010/11932 | Loss 0.0659 | LR 1.43e-05 | samples_seen=87504
2026-05-15 22:51:12,089  INFO  Epoch 1 | Step 7010/11932 | Loss 0.0738 | LR 1.43e-05 | samples_seen=87512
2026-05-15 22:51:41,937  INFO  Epoch 1 | Step 7020/11932 | Loss 2.5714 | LR 1.43e-05 | samples_seen=87808
2026-05-15 22:51:43,095  INFO  Epoch 1 | Step 7020/11932 | Loss 0.0599 | LR 1.43e-05 | samples_seen=87816
2026-05-15 22:51:43,866  INFO  Epoch 1 | Step 7020/11932 | Loss 0.0441 | LR 1.43e-05 | samples_seen=87824
2026-05-15 22:51:44,905  INFO  Epoch 1 | Step 7020/11932 | Loss 0.0801 | LR 1.43e-05 | samples_seen=87832
2026-05-15 22:52:16,168  INFO  Epoch 1 | Step 7030/11932 | Loss 2.3831 | LR 1.42e-05 | samples_seen=88128
2026-05-15 22:52:16,671  INFO  Epoch 1 | Step 7030/11932 | Loss 0.0923 | LR 1.42e-05 | samples_seen=88136
2026-05-15 22:52:17,456  INFO  Epoch 1 | Step 7030/11932 | Loss 0.0557 | LR 1.42e-05 | samples_seen=88144
2026-05-15 22:52:18,463  INFO  Epoch 1 | Step 7030/11932 | Loss 0.0592 | LR 1.42e-05 | samples_seen=88152
2026-05-15 22:52:51,102  INFO  Epoch 1 | Step 7040/11932 | Loss 2.3313 | LR 1.42e-05 | samples_seen=88448
2026-05-15 22:52:51,646  INFO  Epoch 1 | Step 7040/11932 | Loss 0.0881 | LR 1.42e-05 | samples_seen=88456
2026-05-15 22:52:52,456  INFO  Epoch 1 | Step 7040/11932 | Loss 0.0900 | LR 1.42e-05 | samples_seen=88464
2026-05-15 22:52:53,189  INFO  Epoch 1 | Step 7040/11932 | Loss 0.0395 | LR 1.42e-05 | samples_seen=88472
2026-05-15 22:53:21,024  INFO  Epoch 1 | Step 7050/11932 | Loss 2.9301 | LR 1.42e-05 | samples_seen=88768
2026-05-15 22:53:21,775  INFO  Epoch 1 | Step 7050/11932 | Loss 0.0573 | LR 1.42e-05 | samples_seen=88776
2026-05-15 22:53:22,560  INFO  Epoch 1 | Step 7050/11932 | Loss 0.0532 | LR 1.42e-05 | samples_seen=88784
2026-05-15 22:53:23,230  INFO  Epoch 1 | Step 7050/11932 | Loss 0.0577 | LR 1.42e-05 | samples_seen=88792
2026-05-15 22:53:51,934  INFO  Epoch 1 | Step 7060/11932 | Loss 2.4890 | LR 1.42e-05 | samples_seen=89088
2026-05-15 22:53:52,429  INFO  Epoch 1 | Step 7060/11932 | Loss 0.1012 | LR 1.42e-05 | samples_seen=89096
2026-05-15 22:53:53,206  INFO  Epoch 1 | Step 7060/11932 | Loss 0.0474 | LR 1.42e-05 | samples_seen=89104
2026-05-15 22:53:54,138  INFO  Epoch 1 | Step 7060/11932 | Loss 0.0533 | LR 1.42e-05 | samples_seen=89112
2026-05-15 22:54:26,688  INFO  Epoch 1 | Step 7070/11932 | Loss 2.5446 | LR 1.41e-05 | samples_seen=89408
2026-05-15 22:54:28,139  INFO  Epoch 1 | Step 7070/11932 | Loss 0.0714 | LR 1.41e-05 | samples_seen=89416
2026-05-15 22:54:28,883  INFO  Epoch 1 | Step 7070/11932 | Loss 0.0527 | LR 1.41e-05 | samples_seen=89424
2026-05-15 22:54:29,611  INFO  Epoch 1 | Step 7070/11932 | Loss 0.0495 | LR 1.41e-05 | samples_seen=89432
2026-05-15 22:55:02,035  INFO  Epoch 1 | Step 7080/11932 | Loss 2.2799 | LR 1.41e-05 | samples_seen=89728
2026-05-15 22:55:03,019  INFO  Epoch 1 | Step 7080/11932 | Loss 0.0826 | LR 1.41e-05 | samples_seen=89736
2026-05-15 22:55:03,475  INFO  Epoch 1 | Step 7080/11932 | Loss 0.0748 | LR 1.41e-05 | samples_seen=89744
2026-05-15 22:55:04,449  INFO  Epoch 1 | Step 7080/11932 | Loss 0.0900 | LR 1.41e-05 | samples_seen=89752
2026-05-15 22:55:37,765  INFO  Epoch 1 | Step 7090/11932 | Loss 2.5449 | LR 1.41e-05 | samples_seen=90048
2026-05-15 22:55:38,546  INFO  Epoch 1 | Step 7090/11932 | Loss 0.0807 | LR 1.41e-05 | samples_seen=90056
2026-05-15 22:55:39,586  INFO  Epoch 1 | Step 7090/11932 | Loss 0.1024 | LR 1.41e-05 | samples_seen=90064
2026-05-15 22:55:40,328  INFO  Epoch 1 | Step 7090/11932 | Loss 0.0782 | LR 1.41e-05 | samples_seen=90072
2026-05-15 22:56:13,139  INFO  Epoch 1 | Step 7100/11932 | Loss 2.3251 | LR 1.41e-05 | samples_seen=90368
2026-05-15 22:56:14,157  INFO  Epoch 1 | Step 7100/11932 | Loss 0.0603 | LR 1.41e-05 | samples_seen=90376
2026-05-15 22:56:14,964  INFO  Epoch 1 | Step 7100/11932 | Loss 0.0435 | LR 1.41e-05 | samples_seen=90384
2026-05-15 22:56:15,529  INFO  Epoch 1 | Step 7100/11932 | Loss 0.0696 | LR 1.41e-05 | samples_seen=90392
2026-05-15 22:56:45,909  INFO  Epoch 1 | Step 7110/11932 | Loss 2.4244 | LR 1.40e-05 | samples_seen=90688
2026-05-15 22:56:46,328  INFO  Epoch 1 | Step 7110/11932 | Loss 0.1042 | LR 1.40e-05 | samples_seen=90696
2026-05-15 22:56:47,099  INFO  Epoch 1 | Step 7110/11932 | Loss 0.0913 | LR 1.40e-05 | samples_seen=90704
2026-05-15 22:56:47,770  INFO  Epoch 1 | Step 7110/11932 | Loss 0.0496 | LR 1.40e-05 | samples_seen=90712
2026-05-15 22:57:21,008  INFO  Epoch 1 | Step 7120/11932 | Loss 2.5725 | LR 1.40e-05 | samples_seen=91008
2026-05-15 22:57:21,973  INFO  Epoch 1 | Step 7120/11932 | Loss 0.0644 | LR 1.40e-05 | samples_seen=91016
2026-05-15 22:57:22,718  INFO  Epoch 1 | Step 7120/11932 | Loss 0.0496 | LR 1.40e-05 | samples_seen=91024
2026-05-15 22:57:23,776  INFO  Epoch 1 | Step 7120/11932 | Loss 0.0580 | LR 1.40e-05 | samples_seen=91032
2026-05-15 23:00:50,558  INFO  Checkpoint saved → ../checkpoints/stage2_h100/step7122 | global_step=7122 | samples_seen=91072
2026-05-15 23:01:17,996  INFO  Epoch 1 | Step 7130/11932 | Loss 2.3849 | LR 1.40e-05 | samples_seen=91328
2026-05-15 23:01:19,225  INFO  Epoch 1 | Step 7130/11932 | Loss 0.0470 | LR 1.40e-05 | samples_seen=91336
2026-05-15 23:01:20,271  INFO  Epoch 1 | Step 7130/11932 | Loss 0.0855 | LR 1.40e-05 | samples_seen=91344
2026-05-15 23:01:20,821  INFO  Epoch 1 | Step 7130/11932 | Loss 0.0698 | LR 1.40e-05 | samples_seen=91352
2026-05-15 23:01:55,124  INFO  Epoch 1 | Step 7140/11932 | Loss 2.3717 | LR 1.40e-05 | samples_seen=91648
2026-05-15 23:01:55,673  INFO  Epoch 1 | Step 7140/11932 | Loss 0.1067 | LR 1.40e-05 | samples_seen=91656
2026-05-15 23:01:56,804  INFO  Epoch 1 | Step 7140/11932 | Loss 0.0690 | LR 1.40e-05 | samples_seen=91664
2026-05-15 23:01:58,285  INFO  Epoch 1 | Step 7140/11932 | Loss 0.0598 | LR 1.40e-05 | samples_seen=91672
2026-05-15 23:02:26,916  INFO  Epoch 1 | Step 7150/11932 | Loss 2.6288 | LR 1.39e-05 | samples_seen=91968
2026-05-15 23:02:28,152  INFO  Epoch 1 | Step 7150/11932 | Loss 0.0820 | LR 1.39e-05 | samples_seen=91976
2026-05-15 23:02:28,849  INFO  Epoch 1 | Step 7150/11932 | Loss 0.0529 | LR 1.39e-05 | samples_seen=91984
2026-05-15 23:02:29,665  INFO  Epoch 1 | Step 7150/11932 | Loss 0.0463 | LR 1.39e-05 | samples_seen=91992
2026-05-15 23:03:03,146  INFO  Epoch 1 | Step 7160/11932 | Loss 2.5558 | LR 1.39e-05 | samples_seen=92288
2026-05-15 23:03:04,517  INFO  Epoch 1 | Step 7160/11932 | Loss 0.0506 | LR 1.39e-05 | samples_seen=92296
2026-05-15 23:03:05,277  INFO  Epoch 1 | Step 7160/11932 | Loss 0.0716 | LR 1.39e-05 | samples_seen=92304
2026-05-15 23:03:05,828  INFO  Epoch 1 | Step 7160/11932 | Loss 0.0550 | LR 1.39e-05 | samples_seen=92312
2026-05-15 23:03:35,305  INFO  Epoch 1 | Step 7170/11932 | Loss 2.4538 | LR 1.39e-05 | samples_seen=92608
2026-05-15 23:03:36,053  INFO  Epoch 1 | Step 7170/11932 | Loss 0.0718 | LR 1.39e-05 | samples_seen=92616
2026-05-15 23:03:36,934  INFO  Epoch 1 | Step 7170/11932 | Loss 0.0537 | LR 1.39e-05 | samples_seen=92624
2026-05-15 23:03:37,743  INFO  Epoch 1 | Step 7170/11932 | Loss 0.0511 | LR 1.39e-05 | samples_seen=92632
2026-05-15 23:04:08,751  INFO  Epoch 1 | Step 7180/11932 | Loss 2.5190 | LR 1.39e-05 | samples_seen=92928
2026-05-15 23:04:10,071  INFO  Epoch 1 | Step 7180/11932 | Loss 0.0644 | LR 1.39e-05 | samples_seen=92936
2026-05-15 23:04:10,956  INFO  Epoch 1 | Step 7180/11932 | Loss 0.0467 | LR 1.39e-05 | samples_seen=92944
2026-05-15 23:04:11,878  INFO  Epoch 1 | Step 7180/11932 | Loss 0.0670 | LR 1.39e-05 | samples_seen=92952
2026-05-15 23:04:41,941  INFO  Epoch 1 | Step 7190/11932 | Loss 2.6867 | LR 1.38e-05 | samples_seen=93248
2026-05-15 23:04:42,722  INFO  Epoch 1 | Step 7190/11932 | Loss 0.0513 | LR 1.38e-05 | samples_seen=93256
2026-05-15 23:04:43,463  INFO  Epoch 1 | Step 7190/11932 | Loss 0.0440 | LR 1.38e-05 | samples_seen=93264
2026-05-15 23:04:43,976  INFO  Epoch 1 | Step 7190/11932 | Loss 0.0825 | LR 1.38e-05 | samples_seen=93272
2026-05-15 23:05:15,473  INFO  Epoch 1 | Step 7200/11932 | Loss 2.3158 | LR 1.38e-05 | samples_seen=93568
2026-05-15 23:05:16,254  INFO  Epoch 1 | Step 7200/11932 | Loss 0.0643 | LR 1.38e-05 | samples_seen=93576
2026-05-15 23:05:17,366  INFO  Epoch 1 | Step 7200/11932 | Loss 0.0895 | LR 1.38e-05 | samples_seen=93584
2026-05-15 23:05:17,774  INFO  Epoch 1 | Step 7200/11932 | Loss 0.1122 | LR 1.38e-05 | samples_seen=93592
2026-05-15 23:05:46,954  INFO  Epoch 1 | Step 7210/11932 | Loss 2.5075 | LR 1.38e-05 | samples_seen=93888
2026-05-15 23:05:47,311  INFO  Epoch 1 | Step 7210/11932 | Loss 0.1118 | LR 1.38e-05 | samples_seen=93896
2026-05-15 23:05:48,347  INFO  Epoch 1 | Step 7210/11932 | Loss 0.0652 | LR 1.38e-05 | samples_seen=93904
2026-05-15 23:05:48,871  INFO  Epoch 1 | Step 7210/11932 | Loss 0.0735 | LR 1.38e-05 | samples_seen=93912
2026-05-15 23:06:19,428  INFO  Epoch 1 | Step 7220/11932 | Loss 2.4899 | LR 1.38e-05 | samples_seen=94208
2026-05-15 23:06:20,270  INFO  Epoch 1 | Step 7220/11932 | Loss 0.0330 | LR 1.38e-05 | samples_seen=94216
2026-05-15 23:06:20,838  INFO  Epoch 1 | Step 7220/11932 | Loss 0.0606 | LR 1.38e-05 | samples_seen=94224
2026-05-15 23:06:21,593  INFO  Epoch 1 | Step 7220/11932 | Loss 0.0816 | LR 1.38e-05 | samples_seen=94232
2026-05-15 23:06:51,659  INFO  Epoch 1 | Step 7230/11932 | Loss 2.5505 | LR 1.37e-05 | samples_seen=94528
2026-05-15 23:06:52,632  INFO  Epoch 1 | Step 7230/11932 | Loss 0.0976 | LR 1.37e-05 | samples_seen=94536
2026-05-15 23:06:53,601  INFO  Epoch 1 | Step 7230/11932 | Loss 0.0514 | LR 1.37e-05 | samples_seen=94544
2026-05-15 23:06:54,263  INFO  Epoch 1 | Step 7230/11932 | Loss 0.0499 | LR 1.37e-05 | samples_seen=94552
2026-05-15 23:07:24,724  INFO  Epoch 1 | Step 7240/11932 | Loss 2.5302 | LR 1.37e-05 | samples_seen=94848
2026-05-15 23:07:25,163  INFO  Epoch 1 | Step 7240/11932 | Loss 0.0629 | LR 1.37e-05 | samples_seen=94856
2026-05-15 23:07:25,730  INFO  Epoch 1 | Step 7240/11932 | Loss 0.0783 | LR 1.37e-05 | samples_seen=94864
2026-05-15 23:07:26,226  INFO  Epoch 1 | Step 7240/11932 | Loss 0.1100 | LR 1.37e-05 | samples_seen=94872
2026-05-15 23:07:57,647  INFO  Epoch 1 | Step 7250/11932 | Loss 2.5147 | LR 1.37e-05 | samples_seen=95168
2026-05-15 23:07:58,167  INFO  Epoch 1 | Step 7250/11932 | Loss 0.0529 | LR 1.37e-05 | samples_seen=95176
2026-05-15 23:07:59,406  INFO  Epoch 1 | Step 7250/11932 | Loss 0.0822 | LR 1.37e-05 | samples_seen=95184
2026-05-15 23:08:00,565  INFO  Epoch 1 | Step 7250/11932 | Loss 0.0750 | LR 1.37e-05 | samples_seen=95192
2026-05-15 23:08:33,773  INFO  Epoch 1 | Step 7260/11932 | Loss 2.5495 | LR 1.37e-05 | samples_seen=95488
2026-05-15 23:08:34,392  INFO  Epoch 1 | Step 7260/11932 | Loss 0.0485 | LR 1.37e-05 | samples_seen=95496
2026-05-15 23:08:34,937  INFO  Epoch 1 | Step 7260/11932 | Loss 0.1079 | LR 1.37e-05 | samples_seen=95504
2026-05-15 23:08:35,708  INFO  Epoch 1 | Step 7260/11932 | Loss 0.0524 | LR 1.37e-05 | samples_seen=95512
2026-05-15 23:09:07,717  INFO  Epoch 1 | Step 7270/11932 | Loss 2.4483 | LR 1.36e-05 | samples_seen=95808
2026-05-15 23:09:08,432  INFO  Epoch 1 | Step 7270/11932 | Loss 0.0501 | LR 1.36e-05 | samples_seen=95816
2026-05-15 23:09:09,680  INFO  Epoch 1 | Step 7270/11932 | Loss 0.0662 | LR 1.36e-05 | samples_seen=95824
2026-05-15 23:09:10,745  INFO  Epoch 1 | Step 7270/11932 | Loss 0.0661 | LR 1.36e-05 | samples_seen=95832
2026-05-15 23:09:43,771  INFO  Epoch 1 | Step 7280/11932 | Loss 2.3065 | LR 1.36e-05 | samples_seen=96128
2026-05-15 23:09:44,557  INFO  Epoch 1 | Step 7280/11932 | Loss 0.0519 | LR 1.36e-05 | samples_seen=96136
2026-05-15 23:09:45,639  INFO  Epoch 1 | Step 7280/11932 | Loss 0.0873 | LR 1.36e-05 | samples_seen=96144
2026-05-15 23:09:46,189  INFO  Epoch 1 | Step 7280/11932 | Loss 0.0649 | LR 1.36e-05 | samples_seen=96152
2026-05-15 23:10:22,451  INFO  Epoch 1 | Step 7290/11932 | Loss 2.3589 | LR 1.36e-05 | samples_seen=96448
2026-05-15 23:10:23,292  INFO  Epoch 1 | Step 7290/11932 | Loss 0.0554 | LR 1.36e-05 | samples_seen=96456
2026-05-15 23:10:24,015  INFO  Epoch 1 | Step 7290/11932 | Loss 0.0519 | LR 1.36e-05 | samples_seen=96464
2026-05-15 23:10:24,813  INFO  Epoch 1 | Step 7290/11932 | Loss 0.0396 | LR 1.36e-05 | samples_seen=96472
2026-05-15 23:10:53,885  INFO  Epoch 1 | Step 7300/11932 | Loss 2.5657 | LR 1.36e-05 | samples_seen=96768
2026-05-15 23:10:54,729  INFO  Epoch 1 | Step 7300/11932 | Loss 0.0328 | LR 1.36e-05 | samples_seen=96776
2026-05-15 23:10:55,525  INFO  Epoch 1 | Step 7300/11932 | Loss 0.0481 | LR 1.36e-05 | samples_seen=96784
2026-05-15 23:10:56,022  INFO  Epoch 1 | Step 7300/11932 | Loss 0.0649 | LR 1.36e-05 | samples_seen=96792
2026-05-15 23:11:24,675  INFO  Epoch 1 | Step 7310/11932 | Loss 2.5292 | LR 1.35e-05 | samples_seen=97088
2026-05-15 23:11:25,256  INFO  Epoch 1 | Step 7310/11932 | Loss 0.0622 | LR 1.35e-05 | samples_seen=97096
2026-05-15 23:11:25,823  INFO  Epoch 1 | Step 7310/11932 | Loss 0.0583 | LR 1.35e-05 | samples_seen=97104
2026-05-15 23:11:26,628  INFO  Epoch 1 | Step 7310/11932 | Loss 0.0681 | LR 1.35e-05 | samples_seen=97112
2026-05-15 23:11:55,921  INFO  Epoch 1 | Step 7320/11932 | Loss 2.5282 | LR 1.35e-05 | samples_seen=97408
2026-05-15 23:11:56,682  INFO  Epoch 1 | Step 7320/11932 | Loss 0.0588 | LR 1.35e-05 | samples_seen=97416
2026-05-15 23:11:58,010  INFO  Epoch 1 | Step 7320/11932 | Loss 0.1401 | LR 1.35e-05 | samples_seen=97424
2026-05-15 23:11:58,889  INFO  Epoch 1 | Step 7320/11932 | Loss 0.0513 | LR 1.35e-05 | samples_seen=97432
2026-05-15 23:12:30,862  INFO  Epoch 1 | Step 7330/11932 | Loss 2.4233 | LR 1.35e-05 | samples_seen=97728
2026-05-15 23:12:31,726  INFO  Epoch 1 | Step 7330/11932 | Loss 0.0374 | LR 1.35e-05 | samples_seen=97736
2026-05-15 23:12:32,704  INFO  Epoch 1 | Step 7330/11932 | Loss 0.0593 | LR 1.35e-05 | samples_seen=97744
2026-05-15 23:12:33,564  INFO  Epoch 1 | Step 7330/11932 | Loss 0.0628 | LR 1.35e-05 | samples_seen=97752
2026-05-15 23:13:04,518  INFO  Epoch 1 | Step 7340/11932 | Loss 2.5209 | LR 1.35e-05 | samples_seen=98048
2026-05-15 23:13:05,188  INFO  Epoch 1 | Step 7340/11932 | Loss 0.0623 | LR 1.35e-05 | samples_seen=98056
2026-05-15 23:13:05,984  INFO  Epoch 1 | Step 7340/11932 | Loss 0.0545 | LR 1.35e-05 | samples_seen=98064
2026-05-15 23:13:06,918  INFO  Epoch 1 | Step 7340/11932 | Loss 0.0533 | LR 1.35e-05 | samples_seen=98072
2026-05-15 23:13:38,620  INFO  Epoch 1 | Step 7350/11932 | Loss 2.2789 | LR 1.34e-05 | samples_seen=98368
2026-05-15 23:13:39,364  INFO  Epoch 1 | Step 7350/11932 | Loss 0.0529 | LR 1.34e-05 | samples_seen=98376
2026-05-15 23:13:40,303  INFO  Epoch 1 | Step 7350/11932 | Loss 0.0614 | LR 1.34e-05 | samples_seen=98384
2026-05-15 23:13:40,874  INFO  Epoch 1 | Step 7350/11932 | Loss 0.0724 | LR 1.34e-05 | samples_seen=98392
2026-05-15 23:14:08,961  INFO  Epoch 1 | Step 7360/11932 | Loss 2.4839 | LR 1.34e-05 | samples_seen=98688
2026-05-15 23:14:10,244  INFO  Epoch 1 | Step 7360/11932 | Loss 0.0878 | LR 1.34e-05 | samples_seen=98696
2026-05-15 23:14:10,974  INFO  Epoch 1 | Step 7360/11932 | Loss 0.0574 | LR 1.34e-05 | samples_seen=98704
2026-05-15 23:14:12,231  INFO  Epoch 1 | Step 7360/11932 | Loss 0.0409 | LR 1.34e-05 | samples_seen=98712
2026-05-15 23:14:42,433  INFO  Epoch 1 | Step 7370/11932 | Loss 2.4889 | LR 1.34e-05 | samples_seen=99008
2026-05-15 23:14:43,104  INFO  Epoch 1 | Step 7370/11932 | Loss 0.0595 | LR 1.34e-05 | samples_seen=99016
2026-05-15 23:14:44,239  INFO  Epoch 1 | Step 7370/11932 | Loss 0.0594 | LR 1.34e-05 | samples_seen=99024
2026-05-15 23:14:45,150  INFO  Epoch 1 | Step 7370/11932 | Loss 0.0520 | LR 1.34e-05 | samples_seen=99032
2026-05-15 23:15:14,590  INFO  Epoch 1 | Step 7380/11932 | Loss 2.4103 | LR 1.34e-05 | samples_seen=99328
2026-05-15 23:15:15,099  INFO  Epoch 1 | Step 7380/11932 | Loss 0.0720 | LR 1.34e-05 | samples_seen=99336
2026-05-15 23:15:15,883  INFO  Epoch 1 | Step 7380/11932 | Loss 0.0570 | LR 1.34e-05 | samples_seen=99344
2026-05-15 23:15:16,860  INFO  Epoch 1 | Step 7380/11932 | Loss 0.0759 | LR 1.34e-05 | samples_seen=99352
2026-05-15 23:15:48,040  INFO  Epoch 1 | Step 7390/11932 | Loss 2.4624 | LR 1.33e-05 | samples_seen=99648
2026-05-15 23:15:48,766  INFO  Epoch 1 | Step 7390/11932 | Loss 0.0612 | LR 1.33e-05 | samples_seen=99656
2026-05-15 23:15:49,339  INFO  Epoch 1 | Step 7390/11932 | Loss 0.0738 | LR 1.33e-05 | samples_seen=99664
2026-05-15 23:15:49,773  INFO  Epoch 1 | Step 7390/11932 | Loss 0.1165 | LR 1.33e-05 | samples_seen=99672
2026-05-15 23:16:17,613  INFO  Epoch 1 | Step 7400/11932 | Loss 2.4092 | LR 1.33e-05 | samples_seen=99968
2026-05-15 23:16:18,119  INFO  Epoch 1 | Step 7400/11932 | Loss 0.0744 | LR 1.33e-05 | samples_seen=99976
2026-05-15 23:16:19,019  INFO  Epoch 1 | Step 7400/11932 | Loss 0.0604 | LR 1.33e-05 | samples_seen=99984
2026-05-15 23:16:19,859  INFO  Epoch 1 | Step 7400/11932 | Loss 0.0703 | LR 1.33e-05 | samples_seen=99992
2026-05-15 23:16:49,145  INFO  Epoch 1 | Step 7410/11932 | Loss 2.3966 | LR 1.33e-05 | samples_seen=100288
2026-05-15 23:16:49,586  INFO  Epoch 1 | Step 7410/11932 | Loss 0.0894 | LR 1.33e-05 | samples_seen=100296
2026-05-15 23:16:50,335  INFO  Epoch 1 | Step 7410/11932 | Loss 0.0517 | LR 1.33e-05 | samples_seen=100304
2026-05-15 23:16:51,319  INFO  Epoch 1 | Step 7410/11932 | Loss 0.0617 | LR 1.33e-05 | samples_seen=100312
2026-05-15 23:17:22,916  INFO  Epoch 1 | Step 7420/11932 | Loss 2.3740 | LR 1.33e-05 | samples_seen=100608
2026-05-15 23:17:23,416  INFO  Epoch 1 | Step 7420/11932 | Loss 0.0906 | LR 1.33e-05 | samples_seen=100616
2026-05-15 23:17:23,875  INFO  Epoch 1 | Step 7420/11932 | Loss 0.0911 | LR 1.33e-05 | samples_seen=100624
2026-05-15 23:17:24,566  INFO  Epoch 1 | Step 7420/11932 | Loss 0.0484 | LR 1.33e-05 | samples_seen=100632
2026-05-15 23:17:54,442  INFO  Epoch 1 | Step 7430/11932 | Loss 2.7617 | LR 1.32e-05 | samples_seen=100928
2026-05-15 23:17:55,731  INFO  Epoch 1 | Step 7430/11932 | Loss 0.0770 | LR 1.32e-05 | samples_seen=100936
2026-05-15 23:17:57,184  INFO  Epoch 1 | Step 7430/11932 | Loss 0.0804 | LR 1.32e-05 | samples_seen=100944
2026-05-15 23:17:58,506  INFO  Epoch 1 | Step 7430/11932 | Loss 0.0705 | LR 1.32e-05 | samples_seen=100952
2026-05-15 23:18:27,768  INFO  Epoch 1 | Step 7440/11932 | Loss 2.5286 | LR 1.32e-05 | samples_seen=101248
2026-05-15 23:18:28,544  INFO  Epoch 1 | Step 7440/11932 | Loss 0.0589 | LR 1.32e-05 | samples_seen=101256
2026-05-15 23:18:29,733  INFO  Epoch 1 | Step 7440/11932 | Loss 0.0581 | LR 1.32e-05 | samples_seen=101264
2026-05-15 23:18:30,379  INFO  Epoch 1 | Step 7440/11932 | Loss 0.0737 | LR 1.32e-05 | samples_seen=101272
2026-05-15 23:19:02,973  INFO  Epoch 1 | Step 7450/11932 | Loss 2.3884 | LR 1.32e-05 | samples_seen=101568
2026-05-15 23:19:03,700  INFO  Epoch 1 | Step 7450/11932 | Loss 0.0469 | LR 1.32e-05 | samples_seen=101576
2026-05-15 23:19:04,431  INFO  Epoch 1 | Step 7450/11932 | Loss 0.0625 | LR 1.32e-05 | samples_seen=101584
2026-05-15 23:19:05,106  INFO  Epoch 1 | Step 7450/11932 | Loss 0.0392 | LR 1.32e-05 | samples_seen=101592
2026-05-15 23:19:33,159  INFO  Epoch 1 | Step 7460/11932 | Loss 2.8017 | LR 1.32e-05 | samples_seen=101888
2026-05-15 23:19:33,875  INFO  Epoch 1 | Step 7460/11932 | Loss 0.0529 | LR 1.32e-05 | samples_seen=101896
2026-05-15 23:19:34,977  INFO  Epoch 1 | Step 7460/11932 | Loss 0.0679 | LR 1.32e-05 | samples_seen=101904
2026-05-15 23:19:35,898  INFO  Epoch 1 | Step 7460/11932 | Loss 0.0405 | LR 1.32e-05 | samples_seen=101912
2026-05-15 23:20:04,796  INFO  Epoch 1 | Step 7470/11932 | Loss 2.5392 | LR 1.31e-05 | samples_seen=102208
2026-05-15 23:20:05,505  INFO  Epoch 1 | Step 7470/11932 | Loss 0.0715 | LR 1.31e-05 | samples_seen=102216
2026-05-15 23:20:06,261  INFO  Epoch 1 | Step 7470/11932 | Loss 0.0709 | LR 1.31e-05 | samples_seen=102224
2026-05-15 23:20:06,861  INFO  Epoch 1 | Step 7470/11932 | Loss 0.0429 | LR 1.31e-05 | samples_seen=102232
2026-05-15 23:20:39,636  INFO  Epoch 1 | Step 7480/11932 | Loss 2.3209 | LR 1.31e-05 | samples_seen=102528
2026-05-15 23:20:40,179  INFO  Epoch 1 | Step 7480/11932 | Loss 0.0888 | LR 1.31e-05 | samples_seen=102536
2026-05-15 23:20:41,086  INFO  Epoch 1 | Step 7480/11932 | Loss 0.0495 | LR 1.31e-05 | samples_seen=102544
2026-05-15 23:20:42,001  INFO  Epoch 1 | Step 7480/11932 | Loss 0.0393 | LR 1.31e-05 | samples_seen=102552
2026-05-15 23:21:13,318  INFO  Epoch 1 | Step 7490/11932 | Loss 2.7632 | LR 1.31e-05 | samples_seen=102848
2026-05-15 23:21:13,904  INFO  Epoch 1 | Step 7490/11932 | Loss 0.0502 | LR 1.31e-05 | samples_seen=102856
2026-05-15 23:21:14,785  INFO  Epoch 1 | Step 7490/11932 | Loss 0.0513 | LR 1.31e-05 | samples_seen=102864
2026-05-15 23:21:15,190  INFO  Epoch 1 | Step 7490/11932 | Loss 0.1291 | LR 1.31e-05 | samples_seen=102872
2026-05-15 23:21:40,229  INFO  Epoch 1 | Step 7500/11932 | Loss 2.8397 | LR 1.31e-05 | samples_seen=103168
2026-05-15 23:21:41,074  INFO  Epoch 1 | Step 7500/11932 | Loss 0.0414 | LR 1.31e-05 | samples_seen=103176
2026-05-15 23:21:42,054  INFO  Epoch 1 | Step 7500/11932 | Loss 0.0554 | LR 1.31e-05 | samples_seen=103184
2026-05-15 23:21:42,487  INFO  Epoch 1 | Step 7500/11932 | Loss 0.0890 | LR 1.31e-05 | samples_seen=103192
2026-05-15 23:22:12,945  INFO  Epoch 1 | Step 7510/11932 | Loss 2.4107 | LR 1.30e-05 | samples_seen=103488
2026-05-15 23:22:13,463  INFO  Epoch 1 | Step 7510/11932 | Loss 0.0807 | LR 1.30e-05 | samples_seen=103496
2026-05-15 23:22:14,335  INFO  Epoch 1 | Step 7510/11932 | Loss 0.0785 | LR 1.30e-05 | samples_seen=103504
2026-05-15 23:22:15,355  INFO  Epoch 1 | Step 7510/11932 | Loss 0.0413 | LR 1.30e-05 | samples_seen=103512
2026-05-15 23:22:47,601  INFO  Epoch 1 | Step 7520/11932 | Loss 2.5129 | LR 1.30e-05 | samples_seen=103808
2026-05-15 23:22:48,330  INFO  Epoch 1 | Step 7520/11932 | Loss 0.0456 | LR 1.30e-05 | samples_seen=103816
2026-05-15 23:22:48,795  INFO  Epoch 1 | Step 7520/11932 | Loss 0.1022 | LR 1.30e-05 | samples_seen=103824
2026-05-15 23:22:49,398  INFO  Epoch 1 | Step 7520/11932 | Loss 0.0547 | LR 1.30e-05 | samples_seen=103832
2026-05-15 23:23:18,540  INFO  Epoch 1 | Step 7530/11932 | Loss 2.7354 | LR 1.30e-05 | samples_seen=104128
2026-05-15 23:23:19,245  INFO  Epoch 1 | Step 7530/11932 | Loss 0.0666 | LR 1.30e-05 | samples_seen=104136
2026-05-15 23:23:20,510  INFO  Epoch 1 | Step 7530/11932 | Loss 0.0571 | LR 1.30e-05 | samples_seen=104144
2026-05-15 23:23:21,412  INFO  Epoch 1 | Step 7530/11932 | Loss 0.0677 | LR 1.30e-05 | samples_seen=104152
2026-05-15 23:23:52,336  INFO  Epoch 1 | Step 7540/11932 | Loss 2.4227 | LR 1.30e-05 | samples_seen=104448
2026-05-15 23:23:53,794  INFO  Epoch 1 | Step 7540/11932 | Loss 0.0665 | LR 1.30e-05 | samples_seen=104456
2026-05-15 23:23:54,435  INFO  Epoch 1 | Step 7540/11932 | Loss 0.0825 | LR 1.30e-05 | samples_seen=104464
2026-05-15 23:23:55,171  INFO  Epoch 1 | Step 7540/11932 | Loss 0.0428 | LR 1.30e-05 | samples_seen=104472
2026-05-15 23:24:27,637  INFO  Epoch 1 | Step 7550/11932 | Loss 2.5059 | LR 1.29e-05 | samples_seen=104768
2026-05-15 23:24:28,504  INFO  Epoch 1 | Step 7550/11932 | Loss 0.0701 | LR 1.29e-05 | samples_seen=104776
2026-05-15 23:24:29,700  INFO  Epoch 1 | Step 7550/11932 | Loss 0.0872 | LR 1.29e-05 | samples_seen=104784
2026-05-15 23:24:30,474  INFO  Epoch 1 | Step 7550/11932 | Loss 0.0567 | LR 1.29e-05 | samples_seen=104792
2026-05-15 23:25:02,388  INFO  Epoch 1 | Step 7560/11932 | Loss 2.2700 | LR 1.29e-05 | samples_seen=105088
2026-05-15 23:25:02,830  INFO  Epoch 1 | Step 7560/11932 | Loss 0.1085 | LR 1.29e-05 | samples_seen=105096
2026-05-15 23:25:03,284  INFO  Epoch 1 | Step 7560/11932 | Loss 0.0809 | LR 1.29e-05 | samples_seen=105104
2026-05-15 23:25:04,513  INFO  Epoch 1 | Step 7560/11932 | Loss 0.0437 | LR 1.29e-05 | samples_seen=105112
2026-05-15 23:25:38,114  INFO  Epoch 1 | Step 7570/11932 | Loss 2.5394 | LR 1.29e-05 | samples_seen=105408
2026-05-15 23:25:39,507  INFO  Epoch 1 | Step 7570/11932 | Loss 0.0478 | LR 1.29e-05 | samples_seen=105416
2026-05-15 23:25:40,350  INFO  Epoch 1 | Step 7570/11932 | Loss 0.0639 | LR 1.29e-05 | samples_seen=105424
2026-05-15 23:25:41,354  INFO  Epoch 1 | Step 7570/11932 | Loss 0.0900 | LR 1.29e-05 | samples_seen=105432
2026-05-15 23:26:10,710  INFO  Epoch 1 | Step 7580/11932 | Loss 2.5975 | LR 1.28e-05 | samples_seen=105728
2026-05-15 23:26:11,263  INFO  Epoch 1 | Step 7580/11932 | Loss 0.0878 | LR 1.28e-05 | samples_seen=105736
2026-05-15 23:26:11,758  INFO  Epoch 1 | Step 7580/11932 | Loss 0.0970 | LR 1.28e-05 | samples_seen=105744
2026-05-15 23:26:12,454  INFO  Epoch 1 | Step 7580/11932 | Loss 0.0669 | LR 1.28e-05 | samples_seen=105752
2026-05-15 23:26:42,739  INFO  Epoch 1 | Step 7590/11932 | Loss 2.3391 | LR 1.28e-05 | samples_seen=106048
2026-05-15 23:26:43,439  INFO  Epoch 1 | Step 7590/11932 | Loss 0.0583 | LR 1.28e-05 | samples_seen=106056
2026-05-15 23:26:44,636  INFO  Epoch 1 | Step 7590/11932 | Loss 0.0738 | LR 1.28e-05 | samples_seen=106064
2026-05-15 23:26:45,410  INFO  Epoch 1 | Step 7590/11932 | Loss 0.0675 | LR 1.28e-05 | samples_seen=106072
2026-05-15 23:27:17,785  INFO  Epoch 1 | Step 7600/11932 | Loss 2.5178 | LR 1.28e-05 | samples_seen=106368
2026-05-15 23:27:18,609  INFO  Epoch 1 | Step 7600/11932 | Loss 0.0834 | LR 1.28e-05 | samples_seen=106376
2026-05-15 23:27:20,071  INFO  Epoch 1 | Step 7600/11932 | Loss 0.0678 | LR 1.28e-05 | samples_seen=106384
2026-05-15 23:27:20,579  INFO  Epoch 1 | Step 7600/11932 | Loss 0.1009 | LR 1.28e-05 | samples_seen=106392
2026-05-15 23:27:48,469  INFO  Epoch 1 | Step 7610/11932 | Loss 2.7696 | LR 1.28e-05 | samples_seen=106688
2026-05-15 23:27:49,010  INFO  Epoch 1 | Step 7610/11932 | Loss 0.0857 | LR 1.28e-05 | samples_seen=106696
2026-05-15 23:27:49,681  INFO  Epoch 1 | Step 7610/11932 | Loss 0.0732 | LR 1.28e-05 | samples_seen=106704
2026-05-15 23:27:50,364  INFO  Epoch 1 | Step 7610/11932 | Loss 0.0534 | LR 1.28e-05 | samples_seen=106712
2026-05-15 23:28:23,732  INFO  Epoch 1 | Step 7620/11932 | Loss 2.4950 | LR 1.27e-05 | samples_seen=107008
2026-05-15 23:28:24,383  INFO  Epoch 1 | Step 7620/11932 | Loss 0.0715 | LR 1.27e-05 | samples_seen=107016
2026-05-15 23:28:24,818  INFO  Epoch 1 | Step 7620/11932 | Loss 0.0949 | LR 1.27e-05 | samples_seen=107024
2026-05-15 23:28:25,720  INFO  Epoch 1 | Step 7620/11932 | Loss 0.0786 | LR 1.27e-05 | samples_seen=107032
2026-05-15 23:28:55,468  INFO  Epoch 1 | Step 7630/11932 | Loss 2.4268 | LR 1.27e-05 | samples_seen=107328
2026-05-15 23:28:56,345  INFO  Epoch 1 | Step 7630/11932 | Loss 0.0457 | LR 1.27e-05 | samples_seen=107336
2026-05-15 23:28:56,890  INFO  Epoch 1 | Step 7630/11932 | Loss 0.0806 | LR 1.27e-05 | samples_seen=107344
2026-05-15 23:28:57,915  INFO  Epoch 1 | Step 7630/11932 | Loss 0.0505 | LR 1.27e-05 | samples_seen=107352
2026-05-15 23:29:29,311  INFO  Epoch 1 | Step 7640/11932 | Loss 2.6995 | LR 1.27e-05 | samples_seen=107648
2026-05-15 23:29:29,963  INFO  Epoch 1 | Step 7640/11932 | Loss 0.0634 | LR 1.27e-05 | samples_seen=107656
2026-05-15 23:29:30,942  INFO  Epoch 1 | Step 7640/11932 | Loss 0.0649 | LR 1.27e-05 | samples_seen=107664
2026-05-15 23:29:31,976  INFO  Epoch 1 | Step 7640/11932 | Loss 0.0895 | LR 1.27e-05 | samples_seen=107672
2026-05-15 23:30:00,263  INFO  Epoch 1 | Step 7650/11932 | Loss 2.3226 | LR 1.27e-05 | samples_seen=107968
2026-05-15 23:30:01,135  INFO  Epoch 1 | Step 7650/11932 | Loss 0.0506 | LR 1.27e-05 | samples_seen=107976
2026-05-15 23:30:01,966  INFO  Epoch 1 | Step 7650/11932 | Loss 0.0760 | LR 1.27e-05 | samples_seen=107984
2026-05-15 23:30:02,835  INFO  Epoch 1 | Step 7650/11932 | Loss 0.0649 | LR 1.27e-05 | samples_seen=107992
2026-05-15 23:30:35,026  INFO  Epoch 1 | Step 7660/11932 | Loss 2.6578 | LR 1.26e-05 | samples_seen=108288
2026-05-15 23:30:35,921  INFO  Epoch 1 | Step 7660/11932 | Loss 0.0829 | LR 1.26e-05 | samples_seen=108296
2026-05-15 23:30:36,409  INFO  Epoch 1 | Step 7660/11932 | Loss 0.0753 | LR 1.26e-05 | samples_seen=108304
2026-05-15 23:30:37,191  INFO  Epoch 1 | Step 7660/11932 | Loss 0.0462 | LR 1.26e-05 | samples_seen=108312
2026-05-15 23:34:28,203  INFO  Checkpoint saved → ../checkpoints/stage2_h100/step7664 | global_step=7664 | samples_seen=108424
2026-05-15 23:34:46,671  INFO  Epoch 1 | Step 7670/11932 | Loss 2.4760 | LR 1.26e-05 | samples_seen=108608
2026-05-15 23:34:47,222  INFO  Epoch 1 | Step 7670/11932 | Loss 0.0932 | LR 1.26e-05 | samples_seen=108616
2026-05-15 23:34:47,680  INFO  Epoch 1 | Step 7670/11932 | Loss 0.0988 | LR 1.26e-05 | samples_seen=108624
2026-05-15 23:34:48,865  INFO  Epoch 1 | Step 7670/11932 | Loss 0.0589 | LR 1.26e-05 | samples_seen=108632
2026-05-15 23:35:20,137  INFO  Epoch 1 | Step 7680/11932 | Loss 2.6272 | LR 1.26e-05 | samples_seen=108928
2026-05-15 23:35:20,619  INFO  Epoch 1 | Step 7680/11932 | Loss 0.0681 | LR 1.26e-05 | samples_seen=108936
2026-05-15 23:35:21,297  INFO  Epoch 1 | Step 7680/11932 | Loss 0.0867 | LR 1.26e-05 | samples_seen=108944
2026-05-15 23:35:22,502  INFO  Epoch 1 | Step 7680/11932 | Loss 0.0639 | LR 1.26e-05 | samples_seen=108952
2026-05-15 23:35:55,694  INFO  Epoch 1 | Step 7690/11932 | Loss 2.2217 | LR 1.26e-05 | samples_seen=109248
2026-05-15 23:35:56,182  INFO  Epoch 1 | Step 7690/11932 | Loss 0.0585 | LR 1.26e-05 | samples_seen=109256
2026-05-15 23:35:57,489  INFO  Epoch 1 | Step 7690/11932 | Loss 0.0711 | LR 1.26e-05 | samples_seen=109264
2026-05-15 23:35:58,760  INFO  Epoch 1 | Step 7690/11932 | Loss 0.0403 | LR 1.26e-05 | samples_seen=109272
2026-05-15 23:36:32,740  INFO  Epoch 1 | Step 7700/11932 | Loss 2.4759 | LR 1.25e-05 | samples_seen=109568
2026-05-15 23:36:34,194  INFO  Epoch 1 | Step 7700/11932 | Loss 0.0762 | LR 1.25e-05 | samples_seen=109576
2026-05-15 23:36:34,654  INFO  Epoch 1 | Step 7700/11932 | Loss 0.1101 | LR 1.25e-05 | samples_seen=109584
2026-05-15 23:36:35,400  INFO  Epoch 1 | Step 7700/11932 | Loss 0.0469 | LR 1.25e-05 | samples_seen=109592
2026-05-15 23:37:06,846  INFO  Epoch 1 | Step 7710/11932 | Loss 2.7219 | LR 1.25e-05 | samples_seen=109888
2026-05-15 23:37:07,954  INFO  Epoch 1 | Step 7710/11932 | Loss 0.0476 | LR 1.25e-05 | samples_seen=109896
2026-05-15 23:37:08,684  INFO  Epoch 1 | Step 7710/11932 | Loss 0.0510 | LR 1.25e-05 | samples_seen=109904
2026-05-15 23:37:09,322  INFO  Epoch 1 | Step 7710/11932 | Loss 0.0494 | LR 1.25e-05 | samples_seen=109912
2026-05-15 23:37:43,128  INFO  Epoch 1 | Step 7720/11932 | Loss 2.4577 | LR 1.25e-05 | samples_seen=110208
2026-05-15 23:37:44,097  INFO  Epoch 1 | Step 7720/11932 | Loss 0.0385 | LR 1.25e-05 | samples_seen=110216
2026-05-15 23:37:44,639  INFO  Epoch 1 | Step 7720/11932 | Loss 0.0624 | LR 1.25e-05 | samples_seen=110224
2026-05-15 23:37:45,756  INFO  Epoch 1 | Step 7720/11932 | Loss 0.0602 | LR 1.25e-05 | samples_seen=110232
2026-05-15 23:38:17,220  INFO  Epoch 1 | Step 7730/11932 | Loss 2.3961 | LR 1.25e-05 | samples_seen=110528
2026-05-15 23:38:17,802  INFO  Epoch 1 | Step 7730/11932 | Loss 0.0944 | LR 1.25e-05 | samples_seen=110536
2026-05-15 23:38:18,463  INFO  Epoch 1 | Step 7730/11932 | Loss 0.0577 | LR 1.25e-05 | samples_seen=110544
2026-05-15 23:38:19,526  INFO  Epoch 1 | Step 7730/11932 | Loss 0.0592 | LR 1.25e-05 | samples_seen=110552
2026-05-15 23:38:50,784  INFO  Epoch 1 | Step 7740/11932 | Loss 2.6524 | LR 1.24e-05 | samples_seen=110848
2026-05-15 23:38:51,810  INFO  Epoch 1 | Step 7740/11932 | Loss 0.0515 | LR 1.24e-05 | samples_seen=110856
2026-05-15 23:38:53,273  INFO  Epoch 1 | Step 7740/11932 | Loss 0.0626 | LR 1.24e-05 | samples_seen=110864
2026-05-15 23:38:53,866  INFO  Epoch 1 | Step 7740/11932 | Loss 0.0596 | LR 1.24e-05 | samples_seen=110872
2026-05-15 23:39:27,349  INFO  Epoch 1 | Step 7750/11932 | Loss 2.3062 | LR 1.24e-05 | samples_seen=111168
2026-05-15 23:39:27,859  INFO  Epoch 1 | Step 7750/11932 | Loss 0.0808 | LR 1.24e-05 | samples_seen=111176
2026-05-15 23:39:28,734  INFO  Epoch 1 | Step 7750/11932 | Loss 0.0869 | LR 1.24e-05 | samples_seen=111184
2026-05-15 23:39:29,773  INFO  Epoch 1 | Step 7750/11932 | Loss 0.0516 | LR 1.24e-05 | samples_seen=111192
2026-05-15 23:40:01,195  INFO  Epoch 1 | Step 7760/11932 | Loss 2.6653 | LR 1.24e-05 | samples_seen=111488
2026-05-15 23:40:01,700  INFO  Epoch 1 | Step 7760/11932 | Loss 0.0562 | LR 1.24e-05 | samples_seen=111496
2026-05-15 23:40:02,438  INFO  Epoch 1 | Step 7760/11932 | Loss 0.0415 | LR 1.24e-05 | samples_seen=111504
2026-05-15 23:40:03,494  INFO  Epoch 1 | Step 7760/11932 | Loss 0.0778 | LR 1.24e-05 | samples_seen=111512
2026-05-15 23:40:34,022  INFO  Epoch 1 | Step 7770/11932 | Loss 2.3575 | LR 1.24e-05 | samples_seen=111808
2026-05-15 23:40:34,658  INFO  Epoch 1 | Step 7770/11932 | Loss 0.0902 | LR 1.24e-05 | samples_seen=111816
2026-05-15 23:40:36,033  INFO  Epoch 1 | Step 7770/11932 | Loss 0.1134 | LR 1.24e-05 | samples_seen=111824
2026-05-15 23:40:36,768  INFO  Epoch 1 | Step 7770/11932 | Loss 0.0481 | LR 1.24e-05 | samples_seen=111832
2026-05-15 23:41:08,496  INFO  Epoch 1 | Step 7780/11932 | Loss 2.5519 | LR 1.23e-05 | samples_seen=112128
2026-05-15 23:41:09,158  INFO  Epoch 1 | Step 7780/11932 | Loss 0.0637 | LR 1.23e-05 | samples_seen=112136
2026-05-15 23:41:09,681  INFO  Epoch 1 | Step 7780/11932 | Loss 0.0717 | LR 1.23e-05 | samples_seen=112144
2026-05-15 23:41:10,336  INFO  Epoch 1 | Step 7780/11932 | Loss 0.0514 | LR 1.23e-05 | samples_seen=112152
2026-05-15 23:41:41,534  INFO  Epoch 1 | Step 7790/11932 | Loss 2.3903 | LR 1.23e-05 | samples_seen=112448
2026-05-15 23:41:42,078  INFO  Epoch 1 | Step 7790/11932 | Loss 0.0541 | LR 1.23e-05 | samples_seen=112456
2026-05-15 23:41:43,554  INFO  Epoch 1 | Step 7790/11932 | Loss 0.1095 | LR 1.23e-05 | samples_seen=112464
2026-05-15 23:41:44,272  INFO  Epoch 1 | Step 7790/11932 | Loss 0.0793 | LR 1.23e-05 | samples_seen=112472
2026-05-15 23:42:17,732  INFO  Epoch 1 | Step 7800/11932 | Loss 2.4640 | LR 1.23e-05 | samples_seen=112768
2026-05-15 23:42:18,647  INFO  Epoch 1 | Step 7800/11932 | Loss 0.0662 | LR 1.23e-05 | samples_seen=112776
2026-05-15 23:42:19,486  INFO  Epoch 1 | Step 7800/11932 | Loss 0.0392 | LR 1.23e-05 | samples_seen=112784
2026-05-15 23:42:20,493  INFO  Epoch 1 | Step 7800/11932 | Loss 0.0525 | LR 1.23e-05 | samples_seen=112792
2026-05-15 23:42:49,968  INFO  Epoch 1 | Step 7810/11932 | Loss 2.6948 | LR 1.22e-05 | samples_seen=113088
2026-05-15 23:42:50,513  INFO  Epoch 1 | Step 7810/11932 | Loss 0.0864 | LR 1.22e-05 | samples_seen=113096
2026-05-15 23:42:51,239  INFO  Epoch 1 | Step 7810/11932 | Loss 0.0524 | LR 1.22e-05 | samples_seen=113104
2026-05-15 23:42:52,293  INFO  Epoch 1 | Step 7810/11932 | Loss 0.0532 | LR 1.22e-05 | samples_seen=113112
2026-05-15 23:43:22,837  INFO  Epoch 1 | Step 7820/11932 | Loss 2.3841 | LR 1.22e-05 | samples_seen=113408
2026-05-15 23:43:23,661  INFO  Epoch 1 | Step 7820/11932 | Loss 0.0400 | LR 1.22e-05 | samples_seen=113416
2026-05-15 23:43:25,134  INFO  Epoch 1 | Step 7820/11932 | Loss 0.0684 | LR 1.22e-05 | samples_seen=113424
2026-05-15 23:43:25,623  INFO  Epoch 1 | Step 7820/11932 | Loss 0.0718 | LR 1.22e-05 | samples_seen=113432
2026-05-15 23:43:58,176  INFO  Epoch 1 | Step 7830/11932 | Loss 2.4746 | LR 1.22e-05 | samples_seen=113728
2026-05-15 23:43:58,804  INFO  Epoch 1 | Step 7830/11932 | Loss 0.0583 | LR 1.22e-05 | samples_seen=113736
2026-05-15 23:43:59,587  INFO  Epoch 1 | Step 7830/11932 | Loss 0.0426 | LR 1.22e-05 | samples_seen=113744
2026-05-15 23:44:00,153  INFO  Epoch 1 | Step 7830/11932 | Loss 0.0929 | LR 1.22e-05 | samples_seen=113752
2026-05-15 23:44:30,096  INFO  Epoch 1 | Step 7840/11932 | Loss 2.7424 | LR 1.22e-05 | samples_seen=114048
2026-05-15 23:44:31,536  INFO  Epoch 1 | Step 7840/11932 | Loss 0.0728 | LR 1.22e-05 | samples_seen=114056
2026-05-15 23:44:32,667  INFO  Epoch 1 | Step 7840/11932 | Loss 0.0802 | LR 1.22e-05 | samples_seen=114064
2026-05-15 23:44:33,783  INFO  Epoch 1 | Step 7840/11932 | Loss 0.0627 | LR 1.22e-05 | samples_seen=114072
2026-05-15 23:45:04,958  INFO  Epoch 1 | Step 7850/11932 | Loss 2.5198 | LR 1.21e-05 | samples_seen=114368
2026-05-15 23:45:05,956  INFO  Epoch 1 | Step 7850/11932 | Loss 0.0513 | LR 1.21e-05 | samples_seen=114376
2026-05-15 23:45:06,690  INFO  Epoch 1 | Step 7850/11932 | Loss 0.0744 | LR 1.21e-05 | samples_seen=114384
2026-05-15 23:45:07,875  INFO  Epoch 1 | Step 7850/11932 | Loss 0.0784 | LR 1.21e-05 | samples_seen=114392
2026-05-15 23:45:39,457  INFO  Epoch 1 | Step 7860/11932 | Loss 2.5108 | LR 1.21e-05 | samples_seen=114688
2026-05-15 23:45:40,284  INFO  Epoch 1 | Step 7860/11932 | Loss 0.0590 | LR 1.21e-05 | samples_seen=114696
2026-05-15 23:45:40,845  INFO  Epoch 1 | Step 7860/11932 | Loss 0.0913 | LR 1.21e-05 | samples_seen=114704
2026-05-15 23:45:41,478  INFO  Epoch 1 | Step 7860/11932 | Loss 0.0619 | LR 1.21e-05 | samples_seen=114712
2026-05-15 23:46:10,941  INFO  Epoch 1 | Step 7870/11932 | Loss 2.3456 | LR 1.21e-05 | samples_seen=115008
2026-05-15 23:46:11,786  INFO  Epoch 1 | Step 7870/11932 | Loss 0.0394 | LR 1.21e-05 | samples_seen=115016
2026-05-15 23:46:12,662  INFO  Epoch 1 | Step 7870/11932 | Loss 0.1021 | LR 1.21e-05 | samples_seen=115024
2026-05-15 23:46:13,123  INFO  Epoch 1 | Step 7870/11932 | Loss 0.0981 | LR 1.21e-05 | samples_seen=115032
2026-05-15 23:46:46,768  INFO  Epoch 1 | Step 7880/11932 | Loss 2.2263 | LR 1.21e-05 | samples_seen=115328
2026-05-15 23:46:47,267  INFO  Epoch 1 | Step 7880/11932 | Loss 0.0652 | LR 1.21e-05 | samples_seen=115336
2026-05-15 23:46:48,655  INFO  Epoch 1 | Step 7880/11932 | Loss 0.0796 | LR 1.21e-05 | samples_seen=115344
2026-05-15 23:46:49,710  INFO  Epoch 1 | Step 7880/11932 | Loss 0.0758 | LR 1.21e-05 | samples_seen=115352
2026-05-15 23:47:20,864  INFO  Epoch 1 | Step 7890/11932 | Loss 2.3775 | LR 1.20e-05 | samples_seen=115648
2026-05-15 23:47:21,702  INFO  Epoch 1 | Step 7890/11932 | Loss 0.0449 | LR 1.20e-05 | samples_seen=115656
2026-05-15 23:47:22,303  INFO  Epoch 1 | Step 7890/11932 | Loss 0.0629 | LR 1.20e-05 | samples_seen=115664
2026-05-15 23:47:23,022  INFO  Epoch 1 | Step 7890/11932 | Loss 0.0527 | LR 1.20e-05 | samples_seen=115672
2026-05-15 23:47:53,814  INFO  Epoch 1 | Step 7900/11932 | Loss 2.6083 | LR 1.20e-05 | samples_seen=115968
2026-05-15 23:47:54,536  INFO  Epoch 1 | Step 7900/11932 | Loss 0.0414 | LR 1.20e-05 | samples_seen=115976
2026-05-15 23:47:55,522  INFO  Epoch 1 | Step 7900/11932 | Loss 0.0452 | LR 1.20e-05 | samples_seen=115984
2026-05-15 23:47:56,372  INFO  Epoch 1 | Step 7900/11932 | Loss 0.0632 | LR 1.20e-05 | samples_seen=115992
2026-05-15 23:48:28,528  INFO  Epoch 1 | Step 7910/11932 | Loss 2.4703 | LR 1.20e-05 | samples_seen=116288
2026-05-15 23:48:29,234  INFO  Epoch 1 | Step 7910/11932 | Loss 0.0709 | LR 1.20e-05 | samples_seen=116296
2026-05-15 23:48:30,692  INFO  Epoch 1 | Step 7910/11932 | Loss 0.0746 | LR 1.20e-05 | samples_seen=116304
2026-05-15 23:48:31,239  INFO  Epoch 1 | Step 7910/11932 | Loss 0.1032 | LR 1.20e-05 | samples_seen=116312
2026-05-15 23:48:59,128  INFO  Epoch 1 | Step 7920/11932 | Loss 2.4332 | LR 1.20e-05 | samples_seen=116608
2026-05-15 23:49:00,224  INFO  Epoch 1 | Step 7920/11932 | Loss 0.0609 | LR 1.20e-05 | samples_seen=116616
2026-05-15 23:49:01,096  INFO  Epoch 1 | Step 7920/11932 | Loss 0.0791 | LR 1.20e-05 | samples_seen=116624
2026-05-15 23:49:01,556  INFO  Epoch 1 | Step 7920/11932 | Loss 0.0778 | LR 1.20e-05 | samples_seen=116632
2026-05-15 23:49:34,018  INFO  Epoch 1 | Step 7930/11932 | Loss 2.4666 | LR 1.19e-05 | samples_seen=116928
2026-05-15 23:49:34,466  INFO  Epoch 1 | Step 7930/11932 | Loss 0.0621 | LR 1.19e-05 | samples_seen=116936
2026-05-15 23:49:35,126  INFO  Epoch 1 | Step 7930/11932 | Loss 0.0611 | LR 1.19e-05 | samples_seen=116944
2026-05-15 23:49:36,275  INFO  Epoch 1 | Step 7930/11932 | Loss 0.0607 | LR 1.19e-05 | samples_seen=116952
2026-05-15 23:50:07,473  INFO  Epoch 1 | Step 7940/11932 | Loss 2.3705 | LR 1.19e-05 | samples_seen=117248
2026-05-15 23:50:07,982  INFO  Epoch 1 | Step 7940/11932 | Loss 0.0643 | LR 1.19e-05 | samples_seen=117256
2026-05-15 23:50:08,513  INFO  Epoch 1 | Step 7940/11932 | Loss 0.0907 | LR 1.19e-05 | samples_seen=117264
2026-05-15 23:50:08,972  INFO  Epoch 1 | Step 7940/11932 | Loss 0.0841 | LR 1.19e-05 | samples_seen=117272
2026-05-15 23:50:41,632  INFO  Epoch 1 | Step 7950/11932 | Loss 2.4022 | LR 1.19e-05 | samples_seen=117568
2026-05-15 23:50:42,257  INFO  Epoch 1 | Step 7950/11932 | Loss 0.0624 | LR 1.19e-05 | samples_seen=117576
2026-05-15 23:50:43,236  INFO  Epoch 1 | Step 7950/11932 | Loss 0.0461 | LR 1.19e-05 | samples_seen=117584
2026-05-15 23:50:43,737  INFO  Epoch 1 | Step 7950/11932 | Loss 0.0723 | LR 1.19e-05 | samples_seen=117592
2026-05-15 23:51:13,074  INFO  Epoch 1 | Step 7960/11932 | Loss 2.5153 | LR 1.18e-05 | samples_seen=117888
2026-05-15 23:51:13,801  INFO  Epoch 1 | Step 7960/11932 | Loss 0.0654 | LR 1.18e-05 | samples_seen=117896
2026-05-15 23:51:14,545  INFO  Epoch 1 | Step 7960/11932 | Loss 0.0628 | LR 1.18e-05 | samples_seen=117904
2026-05-15 23:51:15,095  INFO  Epoch 1 | Step 7960/11932 | Loss 0.0791 | LR 1.18e-05 | samples_seen=117912
2026-05-15 23:51:44,910  INFO  Epoch 1 | Step 7970/11932 | Loss 2.3895 | LR 1.18e-05 | samples_seen=118208
2026-05-15 23:51:46,375  INFO  Epoch 1 | Step 7970/11932 | Loss 0.0437 | LR 1.18e-05 | samples_seen=118216
2026-05-15 23:51:47,741  INFO  Epoch 1 | Step 7970/11932 | Loss 0.0596 | LR 1.18e-05 | samples_seen=118224
2026-05-15 23:51:48,776  INFO  Epoch 1 | Step 7970/11932 | Loss 0.0612 | LR 1.18e-05 | samples_seen=118232
2026-05-15 23:52:20,206  INFO  Epoch 1 | Step 7980/11932 | Loss 2.4125 | LR 1.18e-05 | samples_seen=118528
2026-05-15 23:52:21,662  INFO  Epoch 1 | Step 7980/11932 | Loss 0.0918 | LR 1.18e-05 | samples_seen=118536
2026-05-15 23:52:22,259  INFO  Epoch 1 | Step 7980/11932 | Loss 0.0774 | LR 1.18e-05 | samples_seen=118544
2026-05-15 23:52:22,927  INFO  Epoch 1 | Step 7980/11932 | Loss 0.0556 | LR 1.18e-05 | samples_seen=118552
2026-05-15 23:52:53,544  INFO  Epoch 1 | Step 7990/11932 | Loss 2.4373 | LR 1.18e-05 | samples_seen=118848
2026-05-15 23:52:54,564  INFO  Epoch 1 | Step 7990/11932 | Loss 0.0484 | LR 1.18e-05 | samples_seen=118856
2026-05-15 23:52:55,247  INFO  Epoch 1 | Step 7990/11932 | Loss 0.0657 | LR 1.18e-05 | samples_seen=118864
2026-05-15 23:52:55,689  INFO  Epoch 1 | Step 7990/11932 | Loss 0.0716 | LR 1.18e-05 | samples_seen=118872
2026-05-15 23:53:27,030  INFO  Epoch 1 | Step 8000/11932 | Loss 2.3705 | LR 1.17e-05 | samples_seen=119168
2026-05-15 23:53:27,452  INFO  Epoch 1 | Step 8000/11932 | Loss 0.1104 | LR 1.17e-05 | samples_seen=119176
2026-05-15 23:53:28,333  INFO  Epoch 1 | Step 8000/11932 | Loss 0.0525 | LR 1.17e-05 | samples_seen=119184
2026-05-15 23:53:28,891  INFO  Epoch 1 | Step 8000/11932 | Loss 0.0763 | LR 1.17e-05 | samples_seen=119192
2026-05-15 23:53:57,919  INFO  Epoch 1 | Step 8010/11932 | Loss 2.5488 | LR 1.17e-05 | samples_seen=119488
2026-05-15 23:53:58,402  INFO  Epoch 1 | Step 8010/11932 | Loss 0.0677 | LR 1.17e-05 | samples_seen=119496
2026-05-15 23:53:59,065  INFO  Epoch 1 | Step 8010/11932 | Loss 0.0577 | LR 1.17e-05 | samples_seen=119504
2026-05-15 23:53:59,962  INFO  Epoch 1 | Step 8010/11932 | Loss 0.0553 | LR 1.17e-05 | samples_seen=119512
2026-05-15 23:54:31,757  INFO  Epoch 1 | Step 8020/11932 | Loss 2.4087 | LR 1.17e-05 | samples_seen=119808
2026-05-15 23:54:32,782  INFO  Epoch 1 | Step 8020/11932 | Loss 0.0620 | LR 1.17e-05 | samples_seen=119816
2026-05-15 23:54:34,242  INFO  Epoch 1 | Step 8020/11932 | Loss 0.0444 | LR 1.17e-05 | samples_seen=119824
2026-05-15 23:54:35,302  INFO  Epoch 1 | Step 8020/11932 | Loss 0.0936 | LR 1.17e-05 | samples_seen=119832
2026-05-15 23:55:08,390  INFO  Epoch 1 | Step 8030/11932 | Loss 2.5728 | LR 1.17e-05 | samples_seen=120128
2026-05-15 23:55:09,154  INFO  Epoch 1 | Step 8030/11932 | Loss 0.0642 | LR 1.17e-05 | samples_seen=120136
2026-05-15 23:55:09,964  INFO  Epoch 1 | Step 8030/11932 | Loss 0.0427 | LR 1.17e-05 | samples_seen=120144
2026-05-15 23:55:10,503  INFO  Epoch 1 | Step 8030/11932 | Loss 0.0986 | LR 1.17e-05 | samples_seen=120152
2026-05-15 23:55:42,071  INFO  Epoch 1 | Step 8040/11932 | Loss 2.4268 | LR 1.16e-05 | samples_seen=120448
2026-05-15 23:55:43,194  INFO  Epoch 1 | Step 8040/11932 | Loss 0.0602 | LR 1.16e-05 | samples_seen=120456
2026-05-15 23:55:44,248  INFO  Epoch 1 | Step 8040/11932 | Loss 0.0684 | LR 1.16e-05 | samples_seen=120464
2026-05-15 23:55:44,568  INFO  Epoch 1 | Step 8040/11932 | Loss 0.1032 | LR 1.16e-05 | samples_seen=120472
2026-05-15 23:56:17,026  INFO  Epoch 1 | Step 8050/11932 | Loss 2.6322 | LR 1.16e-05 | samples_seen=120768
2026-05-15 23:56:17,865  INFO  Epoch 1 | Step 8050/11932 | Loss 0.0519 | LR 1.16e-05 | samples_seen=120776
2026-05-15 23:56:18,331  INFO  Epoch 1 | Step 8050/11932 | Loss 0.0626 | LR 1.16e-05 | samples_seen=120784
2026-05-15 23:56:18,851  INFO  Epoch 1 | Step 8050/11932 | Loss 0.0648 | LR 1.16e-05 | samples_seen=120792
2026-05-15 23:56:49,837  INFO  Epoch 1 | Step 8060/11932 | Loss 2.6197 | LR 1.16e-05 | samples_seen=121088
2026-05-15 23:56:50,308  INFO  Epoch 1 | Step 8060/11932 | Loss 0.0928 | LR 1.16e-05 | samples_seen=121096
2026-05-15 23:56:50,908  INFO  Epoch 1 | Step 8060/11932 | Loss 0.0618 | LR 1.16e-05 | samples_seen=121104
2026-05-15 23:56:51,923  INFO  Epoch 1 | Step 8060/11932 | Loss 0.0534 | LR 1.16e-05 | samples_seen=121112
2026-05-15 23:57:23,600  INFO  Epoch 1 | Step 8070/11932 | Loss 2.5543 | LR 1.16e-05 | samples_seen=121408
2026-05-15 23:57:24,507  INFO  Epoch 1 | Step 8070/11932 | Loss 0.0608 | LR 1.16e-05 | samples_seen=121416
2026-05-15 23:57:25,797  INFO  Epoch 1 | Step 8070/11932 | Loss 0.0405 | LR 1.16e-05 | samples_seen=121424
2026-05-15 23:57:26,477  INFO  Epoch 1 | Step 8070/11932 | Loss 0.0551 | LR 1.16e-05 | samples_seen=121432
2026-05-15 23:57:57,969  INFO  Epoch 1 | Step 8080/11932 | Loss 2.7818 | LR 1.15e-05 | samples_seen=121728
2026-05-15 23:57:58,495  INFO  Epoch 1 | Step 8080/11932 | Loss 0.0618 | LR 1.15e-05 | samples_seen=121736
2026-05-15 23:57:59,639  INFO  Epoch 1 | Step 8080/11932 | Loss 0.0407 | LR 1.15e-05 | samples_seen=121744
2026-05-15 23:58:00,643  INFO  Epoch 1 | Step 8080/11932 | Loss 0.0675 | LR 1.15e-05 | samples_seen=121752
2026-05-15 23:58:30,354  INFO  Epoch 1 | Step 8090/11932 | Loss 2.4265 | LR 1.15e-05 | samples_seen=122048
2026-05-15 23:58:30,835  INFO  Epoch 1 | Step 8090/11932 | Loss 0.0883 | LR 1.15e-05 | samples_seen=122056
2026-05-15 23:58:31,371  INFO  Epoch 1 | Step 8090/11932 | Loss 0.1070 | LR 1.15e-05 | samples_seen=122064
2026-05-15 23:58:32,038  INFO  Epoch 1 | Step 8090/11932 | Loss 0.0723 | LR 1.15e-05 | samples_seen=122072
2026-05-15 23:59:02,017  INFO  Epoch 1 | Step 8100/11932 | Loss 2.4219 | LR 1.15e-05 | samples_seen=122368
2026-05-15 23:59:02,534  INFO  Epoch 1 | Step 8100/11932 | Loss 0.1044 | LR 1.15e-05 | samples_seen=122376
2026-05-15 23:59:03,194  INFO  Epoch 1 | Step 8100/11932 | Loss 0.0468 | LR 1.15e-05 | samples_seen=122384
2026-05-15 23:59:03,938  INFO  Epoch 1 | Step 8100/11932 | Loss 0.0438 | LR 1.15e-05 | samples_seen=122392
2026-05-15 23:59:35,907  INFO  Epoch 1 | Step 8110/11932 | Loss 2.3113 | LR 1.14e-05 | samples_seen=122688
2026-05-15 23:59:37,016  INFO  Epoch 1 | Step 8110/11932 | Loss 0.0697 | LR 1.14e-05 | samples_seen=122696
2026-05-15 23:59:38,018  INFO  Epoch 1 | Step 8110/11932 | Loss 0.0665 | LR 1.14e-05 | samples_seen=122704
2026-05-15 23:59:38,750  INFO  Epoch 1 | Step 8110/11932 | Loss 0.0590 | LR 1.14e-05 | samples_seen=122712
2026-05-16 00:00:13,469  INFO  Epoch 1 | Step 8120/11932 | Loss 2.2030 | LR 1.14e-05 | samples_seen=123008
2026-05-16 00:00:14,253  INFO  Epoch 1 | Step 8120/11932 | Loss 0.0414 | LR 1.14e-05 | samples_seen=123016
2026-05-16 00:00:15,443  INFO  Epoch 1 | Step 8120/11932 | Loss 0.0405 | LR 1.14e-05 | samples_seen=123024
2026-05-16 00:00:16,429  INFO  Epoch 1 | Step 8120/11932 | Loss 0.0847 | LR 1.14e-05 | samples_seen=123032
2026-05-16 00:00:44,747  INFO  Epoch 1 | Step 8130/11932 | Loss 2.6420 | LR 1.14e-05 | samples_seen=123328
2026-05-16 00:00:45,859  INFO  Epoch 1 | Step 8130/11932 | Loss 0.0570 | LR 1.14e-05 | samples_seen=123336
2026-05-16 00:00:46,668  INFO  Epoch 1 | Step 8130/11932 | Loss 0.0463 | LR 1.14e-05 | samples_seen=123344
2026-05-16 00:00:47,169  INFO  Epoch 1 | Step 8130/11932 | Loss 0.0894 | LR 1.14e-05 | samples_seen=123352
2026-05-16 00:01:17,854  INFO  Epoch 1 | Step 8140/11932 | Loss 2.5633 | LR 1.14e-05 | samples_seen=123648
2026-05-16 00:01:18,616  INFO  Epoch 1 | Step 8140/11932 | Loss 0.0634 | LR 1.14e-05 | samples_seen=123656
2026-05-16 00:01:19,522  INFO  Epoch 1 | Step 8140/11932 | Loss 0.0349 | LR 1.14e-05 | samples_seen=123664
2026-05-16 00:01:20,041  INFO  Epoch 1 | Step 8140/11932 | Loss 0.0660 | LR 1.14e-05 | samples_seen=123672
2026-05-16 00:01:54,845  INFO  Epoch 1 | Step 8150/11932 | Loss 2.4108 | LR 1.13e-05 | samples_seen=123968
2026-05-16 00:01:55,683  INFO  Epoch 1 | Step 8150/11932 | Loss 0.0468 | LR 1.13e-05 | samples_seen=123976
2026-05-16 00:01:56,234  INFO  Epoch 1 | Step 8150/11932 | Loss 0.0620 | LR 1.13e-05 | samples_seen=123984
2026-05-16 00:01:57,400  INFO  Epoch 1 | Step 8150/11932 | Loss 0.0536 | LR 1.13e-05 | samples_seen=123992
2026-05-16 00:02:27,489  INFO  Epoch 1 | Step 8160/11932 | Loss 2.7223 | LR 1.13e-05 | samples_seen=124288
2026-05-16 00:02:28,216  INFO  Epoch 1 | Step 8160/11932 | Loss 0.0590 | LR 1.13e-05 | samples_seen=124296
2026-05-16 00:02:29,272  INFO  Epoch 1 | Step 8160/11932 | Loss 0.0552 | LR 1.13e-05 | samples_seen=124304
2026-05-16 00:02:30,466  INFO  Epoch 1 | Step 8160/11932 | Loss 0.0673 | LR 1.13e-05 | samples_seen=124312
2026-05-16 00:03:03,235  INFO  Epoch 1 | Step 8170/11932 | Loss 2.4730 | LR 1.13e-05 | samples_seen=124608
2026-05-16 00:03:03,813  INFO  Epoch 1 | Step 8170/11932 | Loss 0.0701 | LR 1.13e-05 | samples_seen=124616
2026-05-16 00:03:04,340  INFO  Epoch 1 | Step 8170/11932 | Loss 0.0871 | LR 1.13e-05 | samples_seen=124624
2026-05-16 00:03:05,142  INFO  Epoch 1 | Step 8170/11932 | Loss 0.0434 | LR 1.13e-05 | samples_seen=124632
2026-05-16 00:03:34,891  INFO  Epoch 1 | Step 8180/11932 | Loss 2.6170 | LR 1.13e-05 | samples_seen=124928
2026-05-16 00:03:35,609  INFO  Epoch 1 | Step 8180/11932 | Loss 0.0661 | LR 1.13e-05 | samples_seen=124936
2026-05-16 00:03:37,077  INFO  Epoch 1 | Step 8180/11932 | Loss 0.0718 | LR 1.13e-05 | samples_seen=124944
2026-05-16 00:03:38,549  INFO  Epoch 1 | Step 8180/11932 | Loss 0.0542 | LR 1.13e-05 | samples_seen=124952
2026-05-16 00:04:10,781  INFO  Epoch 1 | Step 8190/11932 | Loss 2.5629 | LR 1.12e-05 | samples_seen=125248
2026-05-16 00:04:11,543  INFO  Epoch 1 | Step 8190/11932 | Loss 0.0402 | LR 1.12e-05 | samples_seen=125256
2026-05-16 00:04:12,211  INFO  Epoch 1 | Step 8190/11932 | Loss 0.0484 | LR 1.12e-05 | samples_seen=125264
2026-05-16 00:04:12,993  INFO  Epoch 1 | Step 8190/11932 | Loss 0.0497 | LR 1.12e-05 | samples_seen=125272
2026-05-16 00:07:57,736  INFO  Checkpoint saved → ../checkpoints/stage2_h100/step8194 | global_step=8194 | samples_seen=125400
2026-05-16 00:08:15,687  INFO  Epoch 1 | Step 8200/11932 | Loss 2.3850 | LR 1.12e-05 | samples_seen=125568
2026-05-16 00:08:16,230  INFO  Epoch 1 | Step 8200/11932 | Loss 0.0713 | LR 1.12e-05 | samples_seen=125576
2026-05-16 00:08:16,509  INFO  Epoch 1 | Step 8200/11932 | Loss 0.1102 | LR 1.12e-05 | samples_seen=125584
2026-05-16 00:08:17,008  INFO  Epoch 1 | Step 8200/11932 | Loss 0.1095 | LR 1.12e-05 | samples_seen=125592
2026-05-16 00:08:48,457  INFO  Epoch 1 | Step 8210/11932 | Loss 2.6479 | LR 1.12e-05 | samples_seen=125888
2026-05-16 00:08:49,005  INFO  Epoch 1 | Step 8210/11932 | Loss 0.0989 | LR 1.12e-05 | samples_seen=125896
2026-05-16 00:08:49,579  INFO  Epoch 1 | Step 8210/11932 | Loss 0.0533 | LR 1.12e-05 | samples_seen=125904
2026-05-16 00:08:50,448  INFO  Epoch 1 | Step 8210/11932 | Loss 0.0401 | LR 1.12e-05 | samples_seen=125912
2026-05-16 00:09:23,344  INFO  Epoch 1 | Step 8220/11932 | Loss 2.3791 | LR 1.11e-05 | samples_seen=126208
2026-05-16 00:09:24,002  INFO  Epoch 1 | Step 8220/11932 | Loss 0.0573 | LR 1.11e-05 | samples_seen=126216
2026-05-16 00:09:24,807  INFO  Epoch 1 | Step 8220/11932 | Loss 0.0482 | LR 1.11e-05 | samples_seen=126224
2026-05-16 00:09:25,302  INFO  Epoch 1 | Step 8220/11932 | Loss 0.0718 | LR 1.11e-05 | samples_seen=126232
2026-05-16 00:09:56,575  INFO  Epoch 1 | Step 8230/11932 | Loss 2.4207 | LR 1.11e-05 | samples_seen=126528
2026-05-16 00:09:57,686  INFO  Epoch 1 | Step 8230/11932 | Loss 0.0897 | LR 1.11e-05 | samples_seen=126536
2026-05-16 00:09:58,201  INFO  Epoch 1 | Step 8230/11932 | Loss 0.0797 | LR 1.11e-05 | samples_seen=126544
2026-05-16 00:09:59,049  INFO  Epoch 1 | Step 8230/11932 | Loss 0.0885 | LR 1.11e-05 | samples_seen=126552
2026-05-16 00:10:28,193  INFO  Epoch 1 | Step 8240/11932 | Loss 2.4663 | LR 1.11e-05 | samples_seen=126848
2026-05-16 00:10:28,702  INFO  Epoch 1 | Step 8240/11932 | Loss 0.0908 | LR 1.11e-05 | samples_seen=126856
2026-05-16 00:10:29,612  INFO  Epoch 1 | Step 8240/11932 | Loss 0.0745 | LR 1.11e-05 | samples_seen=126864
2026-05-16 00:10:30,467  INFO  Epoch 1 | Step 8240/11932 | Loss 0.0579 | LR 1.11e-05 | samples_seen=126872
2026-05-16 00:11:03,674  INFO  Epoch 1 | Step 8250/11932 | Loss 2.4662 | LR 1.11e-05 | samples_seen=127168
2026-05-16 00:11:04,120  INFO  Epoch 1 | Step 8250/11932 | Loss 0.0990 | LR 1.11e-05 | samples_seen=127176
2026-05-16 00:11:04,613  INFO  Epoch 1 | Step 8250/11932 | Loss 0.0895 | LR 1.11e-05 | samples_seen=127184
2026-05-16 00:11:05,488  INFO  Epoch 1 | Step 8250/11932 | Loss 0.0566 | LR 1.11e-05 | samples_seen=127192
2026-05-16 00:11:36,455  INFO  Epoch 1 | Step 8260/11932 | Loss 2.5488 | LR 1.10e-05 | samples_seen=127488
2026-05-16 00:11:37,503  INFO  Epoch 1 | Step 8260/11932 | Loss 0.0497 | LR 1.10e-05 | samples_seen=127496
2026-05-16 00:11:37,967  INFO  Epoch 1 | Step 8260/11932 | Loss 0.1093 | LR 1.10e-05 | samples_seen=127504
2026-05-16 00:11:38,614  INFO  Epoch 1 | Step 8260/11932 | Loss 0.0478 | LR 1.10e-05 | samples_seen=127512
2026-05-16 00:12:09,477  INFO  Epoch 1 | Step 8270/11932 | Loss 2.3712 | LR 1.10e-05 | samples_seen=127808
2026-05-16 00:12:10,925  INFO  Epoch 1 | Step 8270/11932 | Loss 0.1218 | LR 1.10e-05 | samples_seen=127816
2026-05-16 00:12:11,525  INFO  Epoch 1 | Step 8270/11932 | Loss 0.0465 | LR 1.10e-05 | samples_seen=127824
2026-05-16 00:12:12,163  INFO  Epoch 1 | Step 8270/11932 | Loss 0.0675 | LR 1.10e-05 | samples_seen=127832
2026-05-16 00:12:42,084  INFO  Epoch 1 | Step 8280/11932 | Loss 2.4396 | LR 1.10e-05 | samples_seen=128128
2026-05-16 00:12:42,463  INFO  Epoch 1 | Step 8280/11932 | Loss 0.1165 | LR 1.10e-05 | samples_seen=128136
2026-05-16 00:12:42,889  INFO  Epoch 1 | Step 8280/11932 | Loss 0.1051 | LR 1.10e-05 | samples_seen=128144
2026-05-16 00:12:43,562  INFO  Epoch 1 | Step 8280/11932 | Loss 0.0511 | LR 1.10e-05 | samples_seen=128152
2026-05-16 00:13:12,847  INFO  Epoch 1 | Step 8290/11932 | Loss 2.5090 | LR 1.10e-05 | samples_seen=128448
2026-05-16 00:13:14,002  INFO  Epoch 1 | Step 8290/11932 | Loss 0.0832 | LR 1.10e-05 | samples_seen=128456
2026-05-16 00:13:14,638  INFO  Epoch 1 | Step 8290/11932 | Loss 0.0570 | LR 1.10e-05 | samples_seen=128464
2026-05-16 00:13:15,773  INFO  Epoch 1 | Step 8290/11932 | Loss 0.0722 | LR 1.10e-05 | samples_seen=128472
2026-05-16 00:13:45,384  INFO  Epoch 1 | Step 8300/11932 | Loss 2.3341 | LR 1.09e-05 | samples_seen=128768
2026-05-16 00:13:46,491  INFO  Epoch 1 | Step 8300/11932 | Loss 0.0814 | LR 1.09e-05 | samples_seen=128776
2026-05-16 00:13:47,026  INFO  Epoch 1 | Step 8300/11932 | Loss 0.0472 | LR 1.09e-05 | samples_seen=128784
2026-05-16 00:13:48,107  INFO  Epoch 1 | Step 8300/11932 | Loss 0.0942 | LR 1.09e-05 | samples_seen=128792
2026-05-16 00:14:18,920  INFO  Epoch 1 | Step 8310/11932 | Loss 2.3011 | LR 1.09e-05 | samples_seen=129088
2026-05-16 00:14:19,950  INFO  Epoch 1 | Step 8310/11932 | Loss 0.0625 | LR 1.09e-05 | samples_seen=129096
2026-05-16 00:14:20,558  INFO  Epoch 1 | Step 8310/11932 | Loss 0.0920 | LR 1.09e-05 | samples_seen=129104
2026-05-16 00:14:21,283  INFO  Epoch 1 | Step 8310/11932 | Loss 0.0516 | LR 1.09e-05 | samples_seen=129112
2026-05-16 00:14:55,846  INFO  Epoch 1 | Step 8320/11932 | Loss 2.6393 | LR 1.09e-05 | samples_seen=129408
2026-05-16 00:14:56,603  INFO  Epoch 1 | Step 8320/11932 | Loss 0.0572 | LR 1.09e-05 | samples_seen=129416
2026-05-16 00:14:57,280  INFO  Epoch 1 | Step 8320/11932 | Loss 0.0594 | LR 1.09e-05 | samples_seen=129424
2026-05-16 00:14:58,204  INFO  Epoch 1 | Step 8320/11932 | Loss 0.0589 | LR 1.09e-05 | samples_seen=129432
2026-05-16 00:15:27,142  INFO  Epoch 1 | Step 8330/11932 | Loss 2.8153 | LR 1.09e-05 | samples_seen=129728
2026-05-16 00:15:28,358  INFO  Epoch 1 | Step 8330/11932 | Loss 0.0531 | LR 1.09e-05 | samples_seen=129736
2026-05-16 00:15:28,965  INFO  Epoch 1 | Step 8330/11932 | Loss 0.0423 | LR 1.09e-05 | samples_seen=129744
2026-05-16 00:15:29,948  INFO  Epoch 1 | Step 8330/11932 | Loss 0.0497 | LR 1.09e-05 | samples_seen=129752
2026-05-16 00:16:03,560  INFO  Epoch 1 | Step 8340/11932 | Loss 2.4307 | LR 1.08e-05 | samples_seen=130048
2026-05-16 00:16:04,296  INFO  Epoch 1 | Step 8340/11932 | Loss 0.0520 | LR 1.08e-05 | samples_seen=130056
2026-05-16 00:16:04,956  INFO  Epoch 1 | Step 8340/11932 | Loss 0.0649 | LR 1.08e-05 | samples_seen=130064
2026-05-16 00:16:06,092  INFO  Epoch 1 | Step 8340/11932 | Loss 0.0564 | LR 1.08e-05 | samples_seen=130072
2026-05-16 00:16:38,213  INFO  Epoch 1 | Step 8350/11932 | Loss 2.5793 | LR 1.08e-05 | samples_seen=130368
2026-05-16 00:16:39,334  INFO  Epoch 1 | Step 8350/11932 | Loss 0.0626 | LR 1.08e-05 | samples_seen=130376
2026-05-16 00:16:39,789  INFO  Epoch 1 | Step 8350/11932 | Loss 0.0804 | LR 1.08e-05 | samples_seen=130384
2026-05-16 00:16:40,722  INFO  Epoch 1 | Step 8350/11932 | Loss 0.0612 | LR 1.08e-05 | samples_seen=130392
2026-05-16 00:17:10,519  INFO  Epoch 1 | Step 8360/11932 | Loss 2.4407 | LR 1.08e-05 | samples_seen=130688
2026-05-16 00:17:11,065  INFO  Epoch 1 | Step 8360/11932 | Loss 0.1013 | LR 1.08e-05 | samples_seen=130696
2026-05-16 00:17:12,094  INFO  Epoch 1 | Step 8360/11932 | Loss 0.0585 | LR 1.08e-05 | samples_seen=130704
2026-05-16 00:17:13,293  INFO  Epoch 1 | Step 8360/11932 | Loss 0.0703 | LR 1.08e-05 | samples_seen=130712
2026-05-16 00:17:45,731  INFO  Epoch 1 | Step 8370/11932 | Loss 2.5751 | LR 1.07e-05 | samples_seen=131008
2026-05-16 00:17:46,373  INFO  Epoch 1 | Step 8370/11932 | Loss 0.0703 | LR 1.07e-05 | samples_seen=131016
2026-05-16 00:17:47,230  INFO  Epoch 1 | Step 8370/11932 | Loss 0.0393 | LR 1.07e-05 | samples_seen=131024
2026-05-16 00:17:47,976  INFO  Epoch 1 | Step 8370/11932 | Loss 0.0534 | LR 1.07e-05 | samples_seen=131032
2026-05-16 00:18:18,367  INFO  Epoch 1 | Step 8380/11932 | Loss 2.4222 | LR 1.07e-05 | samples_seen=131328
2026-05-16 00:18:19,362  INFO  Epoch 1 | Step 8380/11932 | Loss 0.0654 | LR 1.07e-05 | samples_seen=131336
2026-05-16 00:18:20,394  INFO  Epoch 1 | Step 8380/11932 | Loss 0.0565 | LR 1.07e-05 | samples_seen=131344
2026-05-16 00:18:21,051  INFO  Epoch 1 | Step 8380/11932 | Loss 0.0560 | LR 1.07e-05 | samples_seen=131352
2026-05-16 00:18:49,704  INFO  Epoch 1 | Step 8390/11932 | Loss 2.4805 | LR 1.07e-05 | samples_seen=131648
2026-05-16 00:18:50,488  INFO  Epoch 1 | Step 8390/11932 | Loss 0.0640 | LR 1.07e-05 | samples_seen=131656
2026-05-16 00:18:51,241  INFO  Epoch 1 | Step 8390/11932 | Loss 0.0576 | LR 1.07e-05 | samples_seen=131664
2026-05-16 00:18:51,899  INFO  Epoch 1 | Step 8390/11932 | Loss 0.0619 | LR 1.07e-05 | samples_seen=131672
2026-05-16 00:19:24,223  INFO  Epoch 1 | Step 8400/11932 | Loss 2.4024 | LR 1.07e-05 | samples_seen=131968
2026-05-16 00:19:24,884  INFO  Epoch 1 | Step 8400/11932 | Loss 0.0933 | LR 1.07e-05 | samples_seen=131976
2026-05-16 00:19:25,163  INFO  Epoch 1 | Step 8400/11932 | Loss 0.0924 | LR 1.07e-05 | samples_seen=131984
2026-05-16 00:19:25,923  INFO  Epoch 1 | Step 8400/11932 | Loss 0.0401 | LR 1.07e-05 | samples_seen=131992
2026-05-16 00:19:55,369  INFO  Epoch 1 | Step 8410/11932 | Loss 2.5527 | LR 1.06e-05 | samples_seen=132288
2026-05-16 00:19:55,965  INFO  Epoch 1 | Step 8410/11932 | Loss 0.0818 | LR 1.06e-05 | samples_seen=132296
2026-05-16 00:19:57,076  INFO  Epoch 1 | Step 8410/11932 | Loss 0.0968 | LR 1.06e-05 | samples_seen=132304
2026-05-16 00:19:57,649  INFO  Epoch 1 | Step 8410/11932 | Loss 0.0706 | LR 1.06e-05 | samples_seen=132312
2026-05-16 00:20:27,931  INFO  Epoch 1 | Step 8420/11932 | Loss 2.3382 | LR 1.06e-05 | samples_seen=132608
2026-05-16 00:20:28,771  INFO  Epoch 1 | Step 8420/11932 | Loss 0.0480 | LR 1.06e-05 | samples_seen=132616
2026-05-16 00:20:29,200  INFO  Epoch 1 | Step 8420/11932 | Loss 0.1209 | LR 1.06e-05 | samples_seen=132624
2026-05-16 00:20:30,360  INFO  Epoch 1 | Step 8420/11932 | Loss 0.0662 | LR 1.06e-05 | samples_seen=132632
2026-05-16 00:21:00,404  INFO  Epoch 1 | Step 8430/11932 | Loss 2.5041 | LR 1.06e-05 | samples_seen=132928
2026-05-16 00:21:01,402  INFO  Epoch 1 | Step 8430/11932 | Loss 0.0765 | LR 1.06e-05 | samples_seen=132936
2026-05-16 00:21:01,971  INFO  Epoch 1 | Step 8430/11932 | Loss 0.0547 | LR 1.06e-05 | samples_seen=132944
2026-05-16 00:21:02,462  INFO  Epoch 1 | Step 8430/11932 | Loss 0.0584 | LR 1.06e-05 | samples_seen=132952
2026-05-16 00:21:31,192  INFO  Epoch 1 | Step 8440/11932 | Loss 2.5606 | LR 1.06e-05 | samples_seen=133248
2026-05-16 00:21:31,780  INFO  Epoch 1 | Step 8440/11932 | Loss 0.0847 | LR 1.06e-05 | samples_seen=133256
2026-05-16 00:21:32,942  INFO  Epoch 1 | Step 8440/11932 | Loss 0.0576 | LR 1.06e-05 | samples_seen=133264
2026-05-16 00:21:33,777  INFO  Epoch 1 | Step 8440/11932 | Loss 0.0701 | LR 1.06e-05 | samples_seen=133272
2026-05-16 00:22:05,804  INFO  Epoch 1 | Step 8450/11932 | Loss 2.7100 | LR 1.05e-05 | samples_seen=133568
2026-05-16 00:22:06,333  INFO  Epoch 1 | Step 8450/11932 | Loss 0.0778 | LR 1.05e-05 | samples_seen=133576
2026-05-16 00:22:07,244  INFO  Epoch 1 | Step 8450/11932 | Loss 0.0599 | LR 1.05e-05 | samples_seen=133584
2026-05-16 00:22:07,706  INFO  Epoch 1 | Step 8450/11932 | Loss 0.0979 | LR 1.05e-05 | samples_seen=133592
2026-05-16 00:22:37,987  INFO  Epoch 1 | Step 8460/11932 | Loss 2.6783 | LR 1.05e-05 | samples_seen=133888
2026-05-16 00:22:39,098  INFO  Epoch 1 | Step 8460/11932 | Loss 0.0802 | LR 1.05e-05 | samples_seen=133896
2026-05-16 00:22:39,638  INFO  Epoch 1 | Step 8460/11932 | Loss 0.0616 | LR 1.05e-05 | samples_seen=133904
2026-05-16 00:22:40,522  INFO  Epoch 1 | Step 8460/11932 | Loss 0.0750 | LR 1.05e-05 | samples_seen=133912
2026-05-16 00:23:10,869  INFO  Epoch 1 | Step 8470/11932 | Loss 2.5260 | LR 1.05e-05 | samples_seen=134208
2026-05-16 00:23:11,396  INFO  Epoch 1 | Step 8470/11932 | Loss 0.0776 | LR 1.05e-05 | samples_seen=134216
2026-05-16 00:23:12,719  INFO  Epoch 1 | Step 8470/11932 | Loss 0.0609 | LR 1.05e-05 | samples_seen=134224
2026-05-16 00:23:13,674  INFO  Epoch 1 | Step 8470/11932 | Loss 0.0427 | LR 1.05e-05 | samples_seen=134232
2026-05-16 00:23:44,156  INFO  Epoch 1 | Step 8480/11932 | Loss 2.4062 | LR 1.04e-05 | samples_seen=134528
2026-05-16 00:23:45,056  INFO  Epoch 1 | Step 8480/11932 | Loss 0.0816 | LR 1.04e-05 | samples_seen=134536
2026-05-16 00:23:46,391  INFO  Epoch 1 | Step 8480/11932 | Loss 0.0564 | LR 1.04e-05 | samples_seen=134544
2026-05-16 00:23:47,377  INFO  Epoch 1 | Step 8480/11932 | Loss 0.0664 | LR 1.04e-05 | samples_seen=134552
2026-05-16 00:24:18,449  INFO  Epoch 1 | Step 8490/11932 | Loss 2.3049 | LR 1.04e-05 | samples_seen=134848
2026-05-16 00:24:19,296  INFO  Epoch 1 | Step 8490/11932 | Loss 0.0848 | LR 1.04e-05 | samples_seen=134856
2026-05-16 00:24:20,424  INFO  Epoch 1 | Step 8490/11932 | Loss 0.0481 | LR 1.04e-05 | samples_seen=134864
2026-05-16 00:24:21,068  INFO  Epoch 1 | Step 8490/11932 | Loss 0.0753 | LR 1.04e-05 | samples_seen=134872
2026-05-16 00:24:52,164  INFO  Epoch 1 | Step 8500/11932 | Loss 2.5068 | LR 1.04e-05 | samples_seen=135168
2026-05-16 00:24:52,671  INFO  Epoch 1 | Step 8500/11932 | Loss 0.0425 | LR 1.04e-05 | samples_seen=135176
2026-05-16 00:24:52,950  INFO  Epoch 1 | Step 8500/11932 | Loss 0.1080 | LR 1.04e-05 | samples_seen=135184
2026-05-16 00:24:53,954  INFO  Epoch 1 | Step 8500/11932 | Loss 0.0718 | LR 1.04e-05 | samples_seen=135192
2026-05-16 00:25:25,362  INFO  Epoch 1 | Step 8510/11932 | Loss 2.5262 | LR 1.04e-05 | samples_seen=135488
2026-05-16 00:25:26,121  INFO  Epoch 1 | Step 8510/11932 | Loss 0.0524 | LR 1.04e-05 | samples_seen=135496
2026-05-16 00:25:27,125  INFO  Epoch 1 | Step 8510/11932 | Loss 0.0581 | LR 1.04e-05 | samples_seen=135504
2026-05-16 00:25:28,417  INFO  Epoch 1 | Step 8510/11932 | Loss 0.0656 | LR 1.04e-05 | samples_seen=135512
2026-05-16 00:25:58,778  INFO  Epoch 1 | Step 8520/11932 | Loss 2.4863 | LR 1.03e-05 | samples_seen=135808
2026-05-16 00:25:59,529  INFO  Epoch 1 | Step 8520/11932 | Loss 0.0443 | LR 1.03e-05 | samples_seen=135816
2026-05-16 00:25:59,998  INFO  Epoch 1 | Step 8520/11932 | Loss 0.1211 | LR 1.03e-05 | samples_seen=135824
2026-05-16 00:26:01,300  INFO  Epoch 1 | Step 8520/11932 | Loss 0.0706 | LR 1.03e-05 | samples_seen=135832
2026-05-16 00:26:32,073  INFO  Epoch 1 | Step 8530/11932 | Loss 2.5248 | LR 1.03e-05 | samples_seen=136128
2026-05-16 00:26:32,601  INFO  Epoch 1 | Step 8530/11932 | Loss 0.0777 | LR 1.03e-05 | samples_seen=136136
2026-05-16 00:26:33,250  INFO  Epoch 1 | Step 8530/11932 | Loss 0.0455 | LR 1.03e-05 | samples_seen=136144
2026-05-16 00:26:34,711  INFO  Epoch 1 | Step 8530/11932 | Loss 0.0566 | LR 1.03e-05 | samples_seen=136152
2026-05-16 00:27:04,167  INFO  Epoch 1 | Step 8540/11932 | Loss 2.4847 | LR 1.03e-05 | samples_seen=136448
2026-05-16 00:27:05,539  INFO  Epoch 1 | Step 8540/11932 | Loss 0.0713 | LR 1.03e-05 | samples_seen=136456
2026-05-16 00:27:06,203  INFO  Epoch 1 | Step 8540/11932 | Loss 0.0711 | LR 1.03e-05 | samples_seen=136464
2026-05-16 00:27:06,974  INFO  Epoch 1 | Step 8540/11932 | Loss 0.0452 | LR 1.03e-05 | samples_seen=136472
2026-05-16 00:27:37,142  INFO  Epoch 1 | Step 8550/11932 | Loss 2.5276 | LR 1.03e-05 | samples_seen=136768
2026-05-16 00:27:38,030  INFO  Epoch 1 | Step 8550/11932 | Loss 0.0760 | LR 1.03e-05 | samples_seen=136776
2026-05-16 00:27:38,779  INFO  Epoch 1 | Step 8550/11932 | Loss 0.0628 | LR 1.03e-05 | samples_seen=136784
2026-05-16 00:27:40,255  INFO  Epoch 1 | Step 8550/11932 | Loss 0.0577 | LR 1.03e-05 | samples_seen=136792
2026-05-16 00:28:10,216  INFO  Epoch 1 | Step 8560/11932 | Loss 2.3883 | LR 1.02e-05 | samples_seen=137088
2026-05-16 00:28:11,055  INFO  Epoch 1 | Step 8560/11932 | Loss 0.0564 | LR 1.02e-05 | samples_seen=137096
2026-05-16 00:28:11,805  INFO  Epoch 1 | Step 8560/11932 | Loss 0.0566 | LR 1.02e-05 | samples_seen=137104
2026-05-16 00:28:12,489  INFO  Epoch 1 | Step 8560/11932 | Loss 0.0584 | LR 1.02e-05 | samples_seen=137112
2026-05-16 00:28:43,047  INFO  Epoch 1 | Step 8570/11932 | Loss 2.5921 | LR 1.02e-05 | samples_seen=137408
2026-05-16 00:28:43,550  INFO  Epoch 1 | Step 8570/11932 | Loss 0.0941 | LR 1.02e-05 | samples_seen=137416
2026-05-16 00:28:44,583  INFO  Epoch 1 | Step 8570/11932 | Loss 0.0476 | LR 1.02e-05 | samples_seen=137424
2026-05-16 00:28:45,266  INFO  Epoch 1 | Step 8570/11932 | Loss 0.0573 | LR 1.02e-05 | samples_seen=137432
2026-05-16 00:29:14,673  INFO  Epoch 1 | Step 8580/11932 | Loss 2.4546 | LR 1.02e-05 | samples_seen=137728
2026-05-16 00:29:15,462  INFO  Epoch 1 | Step 8580/11932 | Loss 0.0589 | LR 1.02e-05 | samples_seen=137736
2026-05-16 00:29:15,738  INFO  Epoch 1 | Step 8580/11932 | Loss 0.1022 | LR 1.02e-05 | samples_seen=137744
2026-05-16 00:29:16,742  INFO  Epoch 1 | Step 8580/11932 | Loss 0.0544 | LR 1.02e-05 | samples_seen=137752
2026-05-16 00:29:45,073  INFO  Epoch 1 | Step 8590/11932 | Loss 2.5403 | LR 1.01e-05 | samples_seen=138048
2026-05-16 00:29:45,726  INFO  Epoch 1 | Step 8590/11932 | Loss 0.0528 | LR 1.01e-05 | samples_seen=138056
2026-05-16 00:29:46,420  INFO  Epoch 1 | Step 8590/11932 | Loss 0.0684 | LR 1.01e-05 | samples_seen=138064
2026-05-16 00:29:47,232  INFO  Epoch 1 | Step 8590/11932 | Loss 0.0669 | LR 1.01e-05 | samples_seen=138072
2026-05-16 00:30:19,137  INFO  Epoch 1 | Step 8600/11932 | Loss 2.2753 | LR 1.01e-05 | samples_seen=138368
2026-05-16 00:30:19,896  INFO  Epoch 1 | Step 8600/11932 | Loss 0.0378 | LR 1.01e-05 | samples_seen=138376
2026-05-16 00:30:20,446  INFO  Epoch 1 | Step 8600/11932 | Loss 0.0869 | LR 1.01e-05 | samples_seen=138384
2026-05-16 00:30:21,283  INFO  Epoch 1 | Step 8600/11932 | Loss 0.0532 | LR 1.01e-05 | samples_seen=138392
2026-05-16 00:30:52,317  INFO  Epoch 1 | Step 8610/11932 | Loss 2.4387 | LR 1.01e-05 | samples_seen=138688
2026-05-16 00:30:53,026  INFO  Epoch 1 | Step 8610/11932 | Loss 0.0750 | LR 1.01e-05 | samples_seen=138696
2026-05-16 00:30:53,959  INFO  Epoch 1 | Step 8610/11932 | Loss 0.0466 | LR 1.01e-05 | samples_seen=138704
2026-05-16 00:30:54,961  INFO  Epoch 1 | Step 8610/11932 | Loss 0.0738 | LR 1.01e-05 | samples_seen=138712
2026-05-16 00:31:27,517  INFO  Epoch 1 | Step 8620/11932 | Loss 2.4909 | LR 1.01e-05 | samples_seen=139008
2026-05-16 00:31:28,629  INFO  Epoch 1 | Step 8620/11932 | Loss 0.0669 | LR 1.01e-05 | samples_seen=139016
2026-05-16 00:31:29,751  INFO  Epoch 1 | Step 8620/11932 | Loss 0.0440 | LR 1.01e-05 | samples_seen=139024
2026-05-16 00:31:30,734  INFO  Epoch 1 | Step 8620/11932 | Loss 0.0616 | LR 1.01e-05 | samples_seen=139032
2026-05-16 00:32:04,297  INFO  Epoch 1 | Step 8630/11932 | Loss 2.4964 | LR 1.00e-05 | samples_seen=139328
2026-05-16 00:32:05,683  INFO  Epoch 1 | Step 8630/11932 | Loss 0.0440 | LR 1.00e-05 | samples_seen=139336
2026-05-16 00:32:06,005  INFO  Epoch 1 | Step 8630/11932 | Loss 0.1308 | LR 1.00e-05 | samples_seen=139344
2026-05-16 00:32:06,404  INFO  Epoch 1 | Step 8630/11932 | Loss 0.1073 | LR 1.00e-05 | samples_seen=139352
2026-05-16 00:32:36,786  INFO  Epoch 1 | Step 8640/11932 | Loss 2.4765 | LR 1.00e-05 | samples_seen=139648
2026-05-16 00:32:37,228  INFO  Epoch 1 | Step 8640/11932 | Loss 0.0837 | LR 1.00e-05 | samples_seen=139656
2026-05-16 00:32:37,746  INFO  Epoch 1 | Step 8640/11932 | Loss 0.0770 | LR 1.00e-05 | samples_seen=139664
2026-05-16 00:32:38,582  INFO  Epoch 1 | Step 8640/11932 | Loss 0.0696 | LR 1.00e-05 | samples_seen=139672
2026-05-16 00:33:13,128  INFO  Epoch 1 | Step 8650/11932 | Loss 2.2476 | LR 9.99e-06 | samples_seen=139968
2026-05-16 00:33:13,622  INFO  Epoch 1 | Step 8650/11932 | Loss 0.0785 | LR 9.99e-06 | samples_seen=139976
2026-05-16 00:33:14,238  INFO  Epoch 1 | Step 8650/11932 | Loss 0.0617 | LR 9.99e-06 | samples_seen=139984
2026-05-16 00:33:15,352  INFO  Epoch 1 | Step 8650/11932 | Loss 0.0593 | LR 9.99e-06 | samples_seen=139992
2026-05-16 00:33:44,257  INFO  Epoch 1 | Step 8660/11932 | Loss 2.4474 | LR 9.96e-06 | samples_seen=140288
2026-05-16 00:33:44,787  INFO  Epoch 1 | Step 8660/11932 | Loss 0.0731 | LR 9.96e-06 | samples_seen=140296
2026-05-16 00:33:45,580  INFO  Epoch 1 | Step 8660/11932 | Loss 0.0483 | LR 9.96e-06 | samples_seen=140304
2026-05-16 00:33:46,484  INFO  Epoch 1 | Step 8660/11932 | Loss 0.0734 | LR 9.96e-06 | samples_seen=140312
2026-05-16 00:34:16,950  INFO  Epoch 1 | Step 8670/11932 | Loss 2.3069 | LR 9.93e-06 | samples_seen=140608
2026-05-16 00:34:17,772  INFO  Epoch 1 | Step 8670/11932 | Loss 0.0501 | LR 9.93e-06 | samples_seen=140616
2026-05-16 00:34:19,101  INFO  Epoch 1 | Step 8670/11932 | Loss 0.1048 | LR 9.93e-06 | samples_seen=140624
2026-05-16 00:34:19,734  INFO  Epoch 1 | Step 8670/11932 | Loss 0.0472 | LR 9.93e-06 | samples_seen=140632
2026-05-16 00:34:50,780  INFO  Epoch 1 | Step 8680/11932 | Loss 2.2898 | LR 9.90e-06 | samples_seen=140928
2026-05-16 00:34:51,194  INFO  Epoch 1 | Step 8680/11932 | Loss 0.0878 | LR 9.90e-06 | samples_seen=140936
2026-05-16 00:34:52,235  INFO  Epoch 1 | Step 8680/11932 | Loss 0.0709 | LR 9.90e-06 | samples_seen=140944
2026-05-16 00:34:53,172  INFO  Epoch 1 | Step 8680/11932 | Loss 0.0535 | LR 9.90e-06 | samples_seen=140952
2026-05-16 00:35:24,946  INFO  Epoch 1 | Step 8690/11932 | Loss 2.4819 | LR 9.88e-06 | samples_seen=141248
2026-05-16 00:35:25,539  INFO  Epoch 1 | Step 8690/11932 | Loss 0.0685 | LR 9.88e-06 | samples_seen=141256
2026-05-16 00:35:26,104  INFO  Epoch 1 | Step 8690/11932 | Loss 0.0748 | LR 9.88e-06 | samples_seen=141264
2026-05-16 00:35:27,009  INFO  Epoch 1 | Step 8690/11932 | Loss 0.0596 | LR 9.88e-06 | samples_seen=141272
2026-05-16 00:35:57,255  INFO  Epoch 1 | Step 8700/11932 | Loss 2.6407 | LR 9.85e-06 | samples_seen=141568
2026-05-16 00:35:57,900  INFO  Epoch 1 | Step 8700/11932 | Loss 0.0391 | LR 9.85e-06 | samples_seen=141576
2026-05-16 00:35:59,366  INFO  Epoch 1 | Step 8700/11932 | Loss 0.0812 | LR 9.85e-06 | samples_seen=141584
2026-05-16 00:36:00,849  INFO  Epoch 1 | Step 8700/11932 | Loss 0.0538 | LR 9.85e-06 | samples_seen=141592
2026-05-16 00:36:36,049  INFO  Epoch 1 | Step 8710/11932 | Loss 2.2203 | LR 9.82e-06 | samples_seen=141888
2026-05-16 00:36:36,966  INFO  Epoch 1 | Step 8710/11932 | Loss 0.0846 | LR 9.82e-06 | samples_seen=141896
2026-05-16 00:36:37,642  INFO  Epoch 1 | Step 8710/11932 | Loss 0.0656 | LR 9.82e-06 | samples_seen=141904
2026-05-16 00:36:38,253  INFO  Epoch 1 | Step 8710/11932 | Loss 0.0685 | LR 9.82e-06 | samples_seen=141912
2026-05-16 00:37:08,913  INFO  Epoch 1 | Step 8720/11932 | Loss 2.3746 | LR 9.80e-06 | samples_seen=142208
2026-05-16 00:37:09,352  INFO  Epoch 1 | Step 8720/11932 | Loss 0.0953 | LR 9.80e-06 | samples_seen=142216
2026-05-16 00:37:10,126  INFO  Epoch 1 | Step 8720/11932 | Loss 0.0452 | LR 9.80e-06 | samples_seen=142224
2026-05-16 00:37:10,694  INFO  Epoch 1 | Step 8720/11932 | Loss 0.0699 | LR 9.80e-06 | samples_seen=142232
2026-05-16 00:37:41,545  INFO  Epoch 1 | Step 8730/11932 | Loss 2.4312 | LR 9.77e-06 | samples_seen=142528
2026-05-16 00:37:42,265  INFO  Epoch 1 | Step 8730/11932 | Loss 0.0435 | LR 9.77e-06 | samples_seen=142536
2026-05-16 00:37:42,726  INFO  Epoch 1 | Step 8730/11932 | Loss 0.1006 | LR 9.77e-06 | samples_seen=142544
2026-05-16 00:37:43,923  INFO  Epoch 1 | Step 8730/11932 | Loss 0.0436 | LR 9.77e-06 | samples_seen=142552
2026-05-16 00:41:31,674  INFO  Checkpoint saved → ../checkpoints/stage2_h100/step8735 | global_step=8735 | samples_seen=142696
2026-05-16 00:41:49,816  INFO  Epoch 1 | Step 8740/11932 | Loss 2.3962 | LR 9.74e-06 | samples_seen=142848
2026-05-16 00:41:50,848  INFO  Epoch 1 | Step 8740/11932 | Loss 0.0812 | LR 9.74e-06 | samples_seen=142856
2026-05-16 00:41:51,890  INFO  Epoch 1 | Step 8740/11932 | Loss 0.0449 | LR 9.74e-06 | samples_seen=142864
2026-05-16 00:41:52,776  INFO  Epoch 1 | Step 8740/11932 | Loss 0.0529 | LR 9.74e-06 | samples_seen=142872
2026-05-16 00:42:25,040  INFO  Epoch 1 | Step 8750/11932 | Loss 2.4240 | LR 9.71e-06 | samples_seen=143168
2026-05-16 00:42:26,049  INFO  Epoch 1 | Step 8750/11932 | Loss 0.0576 | LR 9.71e-06 | samples_seen=143176
2026-05-16 00:42:27,311  INFO  Epoch 1 | Step 8750/11932 | Loss 0.0632 | LR 9.71e-06 | samples_seen=143184
2026-05-16 00:42:28,332  INFO  Epoch 1 | Step 8750/11932 | Loss 0.0640 | LR 9.71e-06 | samples_seen=143192
2026-05-16 00:43:03,544  INFO  Epoch 1 | Step 8760/11932 | Loss 2.6716 | LR 9.69e-06 | samples_seen=143488
2026-05-16 00:43:04,043  INFO  Epoch 1 | Step 8760/11932 | Loss 0.0708 | LR 9.69e-06 | samples_seen=143496
2026-05-16 00:43:05,032  INFO  Epoch 1 | Step 8760/11932 | Loss 0.0494 | LR 9.69e-06 | samples_seen=143504
2026-05-16 00:43:06,102  INFO  Epoch 1 | Step 8760/11932 | Loss 0.0427 | LR 9.69e-06 | samples_seen=143512
2026-05-16 00:43:37,498  INFO  Epoch 1 | Step 8770/11932 | Loss 2.4936 | LR 9.66e-06 | samples_seen=143808
2026-05-16 00:43:38,012  INFO  Epoch 1 | Step 8770/11932 | Loss 0.0602 | LR 9.66e-06 | samples_seen=143816
2026-05-16 00:43:38,531  INFO  Epoch 1 | Step 8770/11932 | Loss 0.0828 | LR 9.66e-06 | samples_seen=143824
2026-05-16 00:43:39,469  INFO  Epoch 1 | Step 8770/11932 | Loss 0.0591 | LR 9.66e-06 | samples_seen=143832
2026-05-16 00:44:07,885  INFO  Epoch 1 | Step 8780/11932 | Loss 2.8285 | LR 9.63e-06 | samples_seen=144128
2026-05-16 00:44:08,862  INFO  Epoch 1 | Step 8780/11932 | Loss 0.0494 | LR 9.63e-06 | samples_seen=144136
2026-05-16 00:44:09,544  INFO  Epoch 1 | Step 8780/11932 | Loss 0.0710 | LR 9.63e-06 | samples_seen=144144
2026-05-16 00:44:10,476  INFO  Epoch 1 | Step 8780/11932 | Loss 0.0851 | LR 9.63e-06 | samples_seen=144152
2026-05-16 00:44:41,740  INFO  Epoch 1 | Step 8790/11932 | Loss 2.5913 | LR 9.61e-06 | samples_seen=144448
2026-05-16 00:44:42,972  INFO  Epoch 1 | Step 8790/11932 | Loss 0.0746 | LR 9.61e-06 | samples_seen=144456
2026-05-16 00:44:43,844  INFO  Epoch 1 | Step 8790/11932 | Loss 0.0756 | LR 9.61e-06 | samples_seen=144464
2026-05-16 00:44:44,639  INFO  Epoch 1 | Step 8790/11932 | Loss 0.0479 | LR 9.61e-06 | samples_seen=144472
2026-05-16 00:45:15,936  INFO  Epoch 1 | Step 8800/11932 | Loss 2.3895 | LR 9.58e-06 | samples_seen=144768
2026-05-16 00:45:17,205  INFO  Epoch 1 | Step 8800/11932 | Loss 0.0632 | LR 9.58e-06 | samples_seen=144776
2026-05-16 00:45:18,113  INFO  Epoch 1 | Step 8800/11932 | Loss 0.0572 | LR 9.58e-06 | samples_seen=144784
2026-05-16 00:45:18,797  INFO  Epoch 1 | Step 8800/11932 | Loss 0.0494 | LR 9.58e-06 | samples_seen=144792
2026-05-16 00:45:50,317  INFO  Epoch 1 | Step 8810/11932 | Loss 2.4693 | LR 9.55e-06 | samples_seen=145088
2026-05-16 00:45:50,825  INFO  Epoch 1 | Step 8810/11932 | Loss 0.0791 | LR 9.55e-06 | samples_seen=145096
2026-05-16 00:45:51,337  INFO  Epoch 1 | Step 8810/11932 | Loss 0.0806 | LR 9.55e-06 | samples_seen=145104
2026-05-16 00:45:52,436  INFO  Epoch 1 | Step 8810/11932 | Loss 0.0562 | LR 9.55e-06 | samples_seen=145112
2026-05-16 00:46:19,675  INFO  Epoch 1 | Step 8820/11932 | Loss 2.5405 | LR 9.52e-06 | samples_seen=145408
2026-05-16 00:46:20,358  INFO  Epoch 1 | Step 8820/11932 | Loss 0.0639 | LR 9.52e-06 | samples_seen=145416
2026-05-16 00:46:21,086  INFO  Epoch 1 | Step 8820/11932 | Loss 0.0518 | LR 9.52e-06 | samples_seen=145424
2026-05-16 00:46:22,539  INFO  Epoch 1 | Step 8820/11932 | Loss 0.0893 | LR 9.52e-06 | samples_seen=145432
2026-05-16 00:46:53,111  INFO  Epoch 1 | Step 8830/11932 | Loss 2.4655 | LR 9.50e-06 | samples_seen=145728
2026-05-16 00:46:53,658  INFO  Epoch 1 | Step 8830/11932 | Loss 0.0737 | LR 9.50e-06 | samples_seen=145736
2026-05-16 00:46:54,656  INFO  Epoch 1 | Step 8830/11932 | Loss 0.0750 | LR 9.50e-06 | samples_seen=145744
2026-05-16 00:46:55,340  INFO  Epoch 1 | Step 8830/11932 | Loss 0.0452 | LR 9.50e-06 | samples_seen=145752
2026-05-16 00:47:24,243  INFO  Epoch 1 | Step 8840/11932 | Loss 2.4986 | LR 9.47e-06 | samples_seen=146048
2026-05-16 00:47:24,951  INFO  Epoch 1 | Step 8840/11932 | Loss 0.0563 | LR 9.47e-06 | samples_seen=146056
2026-05-16 00:47:25,814  INFO  Epoch 1 | Step 8840/11932 | Loss 0.0623 | LR 9.47e-06 | samples_seen=146064
2026-05-16 00:47:26,925  INFO  Epoch 1 | Step 8840/11932 | Loss 0.0599 | LR 9.47e-06 | samples_seen=146072
2026-05-16 00:48:01,190  INFO  Epoch 1 | Step 8850/11932 | Loss 2.3665 | LR 9.44e-06 | samples_seen=146368
2026-05-16 00:48:02,609  INFO  Epoch 1 | Step 8850/11932 | Loss 0.0566 | LR 9.44e-06 | samples_seen=146376
2026-05-16 00:48:03,128  INFO  Epoch 1 | Step 8850/11932 | Loss 0.1005 | LR 9.44e-06 | samples_seen=146384
2026-05-16 00:48:03,466  INFO  Epoch 1 | Step 8850/11932 | Loss 0.0961 | LR 9.44e-06 | samples_seen=146392
2026-05-16 00:48:33,531  INFO  Epoch 1 | Step 8860/11932 | Loss 2.5290 | LR 9.42e-06 | samples_seen=146688
2026-05-16 00:48:34,114  INFO  Epoch 1 | Step 8860/11932 | Loss 0.0635 | LR 9.42e-06 | samples_seen=146696
2026-05-16 00:48:35,585  INFO  Epoch 1 | Step 8860/11932 | Loss 0.0706 | LR 9.42e-06 | samples_seen=146704
2026-05-16 00:48:36,042  INFO  Epoch 1 | Step 8860/11932 | Loss 0.0630 | LR 9.42e-06 | samples_seen=146712
2026-05-16 00:49:06,881  INFO  Epoch 1 | Step 8870/11932 | Loss 2.7391 | LR 9.39e-06 | samples_seen=147008
2026-05-16 00:49:07,364  INFO  Epoch 1 | Step 8870/11932 | Loss 0.0911 | LR 9.39e-06 | samples_seen=147016
2026-05-16 00:49:08,092  INFO  Epoch 1 | Step 8870/11932 | Loss 0.0534 | LR 9.39e-06 | samples_seen=147024
2026-05-16 00:49:08,544  INFO  Epoch 1 | Step 8870/11932 | Loss 0.1023 | LR 9.39e-06 | samples_seen=147032
2026-05-16 00:49:40,213  INFO  Epoch 1 | Step 8880/11932 | Loss 2.2624 | LR 9.36e-06 | samples_seen=147328
2026-05-16 00:49:41,069  INFO  Epoch 1 | Step 8880/11932 | Loss 0.0503 | LR 9.36e-06 | samples_seen=147336
2026-05-16 00:49:41,792  INFO  Epoch 1 | Step 8880/11932 | Loss 0.0612 | LR 9.36e-06 | samples_seen=147344
2026-05-16 00:49:42,314  INFO  Epoch 1 | Step 8880/11932 | Loss 0.0774 | LR 9.36e-06 | samples_seen=147352
2026-05-16 00:50:14,258  INFO  Epoch 1 | Step 8890/11932 | Loss 2.5946 | LR 9.33e-06 | samples_seen=147648
2026-05-16 00:50:14,742  INFO  Epoch 1 | Step 8890/11932 | Loss 0.0621 | LR 9.33e-06 | samples_seen=147656
2026-05-16 00:50:15,846  INFO  Epoch 1 | Step 8890/11932 | Loss 0.0778 | LR 9.33e-06 | samples_seen=147664
2026-05-16 00:50:16,751  INFO  Epoch 1 | Step 8890/11932 | Loss 0.0649 | LR 9.33e-06 | samples_seen=147672
2026-05-16 00:50:47,053  INFO  Epoch 1 | Step 8900/11932 | Loss 2.5480 | LR 9.31e-06 | samples_seen=147968
2026-05-16 00:50:48,495  INFO  Epoch 1 | Step 8900/11932 | Loss 0.0531 | LR 9.31e-06 | samples_seen=147976
2026-05-16 00:50:49,164  INFO  Epoch 1 | Step 8900/11932 | Loss 0.0573 | LR 9.31e-06 | samples_seen=147984
2026-05-16 00:50:50,479  INFO  Epoch 1 | Step 8900/11932 | Loss 0.0740 | LR 9.31e-06 | samples_seen=147992
2026-05-16 00:51:23,409  INFO  Epoch 1 | Step 8910/11932 | Loss 2.5526 | LR 9.28e-06 | samples_seen=148288
2026-05-16 00:51:23,955  INFO  Epoch 1 | Step 8910/11932 | Loss 0.0757 | LR 9.28e-06 | samples_seen=148296
2026-05-16 00:51:24,817  INFO  Epoch 1 | Step 8910/11932 | Loss 0.0612 | LR 9.28e-06 | samples_seen=148304
2026-05-16 00:51:25,491  INFO  Epoch 1 | Step 8910/11932 | Loss 0.0516 | LR 9.28e-06 | samples_seen=148312
2026-05-16 00:51:56,731  INFO  Epoch 1 | Step 8920/11932 | Loss 2.3498 | LR 9.25e-06 | samples_seen=148608
2026-05-16 00:51:57,347  INFO  Epoch 1 | Step 8920/11932 | Loss 0.0827 | LR 9.25e-06 | samples_seen=148616
2026-05-16 00:51:58,105  INFO  Epoch 1 | Step 8920/11932 | Loss 0.0429 | LR 9.25e-06 | samples_seen=148624
2026-05-16 00:51:58,543  INFO  Epoch 1 | Step 8920/11932 | Loss 0.0799 | LR 9.25e-06 | samples_seen=148632
2026-05-16 00:52:29,635  INFO  Epoch 1 | Step 8930/11932 | Loss 2.5247 | LR 9.23e-06 | samples_seen=148928
2026-05-16 00:52:30,876  INFO  Epoch 1 | Step 8930/11932 | Loss 0.0630 | LR 9.23e-06 | samples_seen=148936
2026-05-16 00:52:31,927  INFO  Epoch 1 | Step 8930/11932 | Loss 0.0684 | LR 9.23e-06 | samples_seen=148944
2026-05-16 00:52:32,412  INFO  Epoch 1 | Step 8930/11932 | Loss 0.0902 | LR 9.23e-06 | samples_seen=148952
2026-05-16 00:53:04,244  INFO  Epoch 1 | Step 8940/11932 | Loss 2.4127 | LR 9.20e-06 | samples_seen=149248
2026-05-16 00:53:05,068  INFO  Epoch 1 | Step 8940/11932 | Loss 0.0586 | LR 9.20e-06 | samples_seen=149256
2026-05-16 00:53:05,670  INFO  Epoch 1 | Step 8940/11932 | Loss 0.0771 | LR 9.20e-06 | samples_seen=149264
2026-05-16 00:53:06,466  INFO  Epoch 1 | Step 8940/11932 | Loss 0.0550 | LR 9.20e-06 | samples_seen=149272
2026-05-16 00:53:39,128  INFO  Epoch 1 | Step 8950/11932 | Loss 2.2389 | LR 9.17e-06 | samples_seen=149568
2026-05-16 00:53:40,034  INFO  Epoch 1 | Step 8950/11932 | Loss 0.0779 | LR 9.17e-06 | samples_seen=149576
2026-05-16 00:53:40,688  INFO  Epoch 1 | Step 8950/11932 | Loss 0.0831 | LR 9.17e-06 | samples_seen=149584
2026-05-16 00:53:41,117  INFO  Epoch 1 | Step 8950/11932 | Loss 0.0954 | LR 9.17e-06 | samples_seen=149592
2026-05-16 00:54:09,277  INFO  Epoch 1 | Step 8960/11932 | Loss 2.4505 | LR 9.14e-06 | samples_seen=149888
2026-05-16 00:54:09,780  INFO  Epoch 1 | Step 8960/11932 | Loss 0.0754 | LR 9.14e-06 | samples_seen=149896
2026-05-16 00:54:10,891  INFO  Epoch 1 | Step 8960/11932 | Loss 0.0575 | LR 9.14e-06 | samples_seen=149904
2026-05-16 00:54:12,012  INFO  Epoch 1 | Step 8960/11932 | Loss 0.0804 | LR 9.14e-06 | samples_seen=149912
2026-05-16 00:54:40,843  INFO  Epoch 1 | Step 8970/11932 | Loss 2.4645 | LR 9.12e-06 | samples_seen=150208
2026-05-16 00:54:41,799  INFO  Epoch 1 | Step 8970/11932 | Loss 0.0567 | LR 9.12e-06 | samples_seen=150216
2026-05-16 00:54:42,235  INFO  Epoch 1 | Step 8970/11932 | Loss 0.1053 | LR 9.12e-06 | samples_seen=150224
2026-05-16 00:54:42,973  INFO  Epoch 1 | Step 8970/11932 | Loss 0.0416 | LR 9.12e-06 | samples_seen=150232
2026-05-16 00:55:16,106  INFO  Epoch 1 | Step 8980/11932 | Loss 2.3070 | LR 9.09e-06 | samples_seen=150528
2026-05-16 00:55:17,210  INFO  Epoch 1 | Step 8980/11932 | Loss 0.0833 | LR 9.09e-06 | samples_seen=150536
2026-05-16 00:55:17,897  INFO  Epoch 1 | Step 8980/11932 | Loss 0.0555 | LR 9.09e-06 | samples_seen=150544
2026-05-16 00:55:19,333  INFO  Epoch 1 | Step 8980/11932 | Loss 0.0962 | LR 9.09e-06 | samples_seen=150552
2026-05-16 00:55:50,023  INFO  Epoch 1 | Step 8990/11932 | Loss 2.6015 | LR 9.06e-06 | samples_seen=150848
2026-05-16 00:55:50,568  INFO  Epoch 1 | Step 8990/11932 | Loss 0.0924 | LR 9.06e-06 | samples_seen=150856
2026-05-16 00:55:51,117  INFO  Epoch 1 | Step 8990/11932 | Loss 0.1047 | LR 9.06e-06 | samples_seen=150864
2026-05-16 00:55:51,868  INFO  Epoch 1 | Step 8990/11932 | Loss 0.0529 | LR 9.06e-06 | samples_seen=150872
2026-05-16 00:56:22,541  INFO  Epoch 1 | Step 9000/11932 | Loss 2.4604 | LR 9.04e-06 | samples_seen=151168
2026-05-16 00:56:23,517  INFO  Epoch 1 | Step 9000/11932 | Loss 0.0702 | LR 9.04e-06 | samples_seen=151176
2026-05-16 00:56:24,198  INFO  Epoch 1 | Step 9000/11932 | Loss 0.0776 | LR 9.04e-06 | samples_seen=151184
2026-05-16 00:56:24,836  INFO  Epoch 1 | Step 9000/11932 | Loss 0.0590 | LR 9.04e-06 | samples_seen=151192
2026-05-16 00:56:55,779  INFO  Epoch 1 | Step 9010/11932 | Loss 2.3224 | LR 9.01e-06 | samples_seen=151488
2026-05-16 00:56:56,505  INFO  Epoch 1 | Step 9010/11932 | Loss 0.0444 | LR 9.01e-06 | samples_seen=151496
2026-05-16 00:56:57,305  INFO  Epoch 1 | Step 9010/11932 | Loss 0.0650 | LR 9.01e-06 | samples_seen=151504
2026-05-16 00:56:57,620  INFO  Epoch 1 | Step 9010/11932 | Loss 0.1067 | LR 9.01e-06 | samples_seen=151512
2026-05-16 00:57:29,843  INFO  Epoch 1 | Step 9020/11932 | Loss 2.5763 | LR 8.98e-06 | samples_seen=151808
2026-05-16 00:57:30,955  INFO  Epoch 1 | Step 9020/11932 | Loss 0.1301 | LR 8.98e-06 | samples_seen=151816
2026-05-16 00:57:31,556  INFO  Epoch 1 | Step 9020/11932 | Loss 0.0643 | LR 8.98e-06 | samples_seen=151824
2026-05-16 00:57:32,542  INFO  Epoch 1 | Step 9020/11932 | Loss 0.0609 | LR 8.98e-06 | samples_seen=151832
2026-05-16 00:58:02,465  INFO  Epoch 1 | Step 9030/11932 | Loss 2.4105 | LR 8.96e-06 | samples_seen=152128
2026-05-16 00:58:03,482  INFO  Epoch 1 | Step 9030/11932 | Loss 0.0406 | LR 8.96e-06 | samples_seen=152136
2026-05-16 00:58:04,719  INFO  Epoch 1 | Step 9030/11932 | Loss 0.0564 | LR 8.96e-06 | samples_seen=152144
2026-05-16 00:58:05,899  INFO  Epoch 1 | Step 9030/11932 | Loss 0.0765 | LR 8.96e-06 | samples_seen=152152
2026-05-16 00:58:37,975  INFO  Epoch 1 | Step 9040/11932 | Loss 2.4850 | LR 8.93e-06 | samples_seen=152448
2026-05-16 00:58:38,483  INFO  Epoch 1 | Step 9040/11932 | Loss 0.0694 | LR 8.93e-06 | samples_seen=152456
2026-05-16 00:58:39,047  INFO  Epoch 1 | Step 9040/11932 | Loss 0.0580 | LR 8.93e-06 | samples_seen=152464
2026-05-16 00:58:40,071  INFO  Epoch 1 | Step 9040/11932 | Loss 0.0878 | LR 8.93e-06 | samples_seen=152472
2026-05-16 00:59:10,436  INFO  Epoch 1 | Step 9050/11932 | Loss 2.3553 | LR 8.90e-06 | samples_seen=152768
2026-05-16 00:59:10,987  INFO  Epoch 1 | Step 9050/11932 | Loss 0.0868 | LR 8.90e-06 | samples_seen=152776
2026-05-16 00:59:12,073  INFO  Epoch 1 | Step 9050/11932 | Loss 0.0847 | LR 8.90e-06 | samples_seen=152784
2026-05-16 00:59:13,084  INFO  Epoch 1 | Step 9050/11932 | Loss 0.0593 | LR 8.90e-06 | samples_seen=152792
2026-05-16 00:59:48,738  INFO  Epoch 1 | Step 9060/11932 | Loss 2.3620 | LR 8.87e-06 | samples_seen=153088
2026-05-16 00:59:49,380  INFO  Epoch 1 | Step 9060/11932 | Loss 0.0609 | LR 8.87e-06 | samples_seen=153096
2026-05-16 00:59:50,253  INFO  Epoch 1 | Step 9060/11932 | Loss 0.0647 | LR 8.87e-06 | samples_seen=153104
2026-05-16 00:59:51,228  INFO  Epoch 1 | Step 9060/11932 | Loss 0.0539 | LR 8.87e-06 | samples_seen=153112
2026-05-16 01:00:24,516  INFO  Epoch 1 | Step 9070/11932 | Loss 2.3072 | LR 8.85e-06 | samples_seen=153408
2026-05-16 01:00:25,252  INFO  Epoch 1 | Step 9070/11932 | Loss 0.0524 | LR 8.85e-06 | samples_seen=153416
2026-05-16 01:00:26,326  INFO  Epoch 1 | Step 9070/11932 | Loss 0.0623 | LR 8.85e-06 | samples_seen=153424
2026-05-16 01:00:26,764  INFO  Epoch 1 | Step 9070/11932 | Loss 0.0774 | LR 8.85e-06 | samples_seen=153432
2026-05-16 01:00:56,248  INFO  Epoch 1 | Step 9080/11932 | Loss 2.3851 | LR 8.82e-06 | samples_seen=153728
2026-05-16 01:00:56,757  INFO  Epoch 1 | Step 9080/11932 | Loss 0.0482 | LR 8.82e-06 | samples_seen=153736
2026-05-16 01:00:58,144  INFO  Epoch 1 | Step 9080/11932 | Loss 0.0972 | LR 8.82e-06 | samples_seen=153744
2026-05-16 01:00:59,045  INFO  Epoch 1 | Step 9080/11932 | Loss 0.0750 | LR 8.82e-06 | samples_seen=153752
2026-05-16 01:01:31,512  INFO  Epoch 1 | Step 9090/11932 | Loss 2.2732 | LR 8.79e-06 | samples_seen=154048
2026-05-16 01:01:32,400  INFO  Epoch 1 | Step 9090/11932 | Loss 0.0537 | LR 8.79e-06 | samples_seen=154056
2026-05-16 01:01:32,913  INFO  Epoch 1 | Step 9090/11932 | Loss 0.0701 | LR 8.79e-06 | samples_seen=154064
2026-05-16 01:01:33,836  INFO  Epoch 1 | Step 9090/11932 | Loss 0.0621 | LR 8.79e-06 | samples_seen=154072
2026-05-16 01:02:04,867  INFO  Epoch 1 | Step 9100/11932 | Loss 2.4749 | LR 8.77e-06 | samples_seen=154368
2026-05-16 01:02:06,324  INFO  Epoch 1 | Step 9100/11932 | Loss 0.0624 | LR 8.77e-06 | samples_seen=154376
2026-05-16 01:02:07,176  INFO  Epoch 1 | Step 9100/11932 | Loss 0.0547 | LR 8.77e-06 | samples_seen=154384
2026-05-16 01:02:07,808  INFO  Epoch 1 | Step 9100/11932 | Loss 0.0611 | LR 8.77e-06 | samples_seen=154392
2026-05-16 01:02:38,178  INFO  Epoch 1 | Step 9110/11932 | Loss 2.3916 | LR 8.74e-06 | samples_seen=154688
2026-05-16 01:02:39,020  INFO  Epoch 1 | Step 9110/11932 | Loss 0.0402 | LR 8.74e-06 | samples_seen=154696
2026-05-16 01:02:39,518  INFO  Epoch 1 | Step 9110/11932 | Loss 0.0976 | LR 8.74e-06 | samples_seen=154704
2026-05-16 01:02:40,126  INFO  Epoch 1 | Step 9110/11932 | Loss 0.0663 | LR 8.74e-06 | samples_seen=154712
2026-05-16 01:03:11,284  INFO  Epoch 1 | Step 9120/11932 | Loss 2.5497 | LR 8.71e-06 | samples_seen=155008
2026-05-16 01:03:11,952  INFO  Epoch 1 | Step 9120/11932 | Loss 0.0560 | LR 8.71e-06 | samples_seen=155016
2026-05-16 01:03:12,962  INFO  Epoch 1 | Step 9120/11932 | Loss 0.0678 | LR 8.71e-06 | samples_seen=155024
2026-05-16 01:03:14,365  INFO  Epoch 1 | Step 9120/11932 | Loss 0.0591 | LR 8.71e-06 | samples_seen=155032
2026-05-16 01:03:42,858  INFO  Epoch 1 | Step 9130/11932 | Loss 2.5205 | LR 8.69e-06 | samples_seen=155328
2026-05-16 01:03:43,699  INFO  Epoch 1 | Step 9130/11932 | Loss 0.0724 | LR 8.69e-06 | samples_seen=155336
2026-05-16 01:03:45,155  INFO  Epoch 1 | Step 9130/11932 | Loss 0.0770 | LR 8.69e-06 | samples_seen=155344
2026-05-16 01:03:45,994  INFO  Epoch 1 | Step 9130/11932 | Loss 0.0474 | LR 8.69e-06 | samples_seen=155352
2026-05-16 01:04:15,951  INFO  Epoch 1 | Step 9140/11932 | Loss 2.3409 | LR 8.66e-06 | samples_seen=155648
2026-05-16 01:04:16,659  INFO  Epoch 1 | Step 9140/11932 | Loss 0.0457 | LR 8.66e-06 | samples_seen=155656
2026-05-16 01:04:17,320  INFO  Epoch 1 | Step 9140/11932 | Loss 0.0576 | LR 8.66e-06 | samples_seen=155664
2026-05-16 01:04:18,042  INFO  Epoch 1 | Step 9140/11932 | Loss 0.0579 | LR 8.66e-06 | samples_seen=155672
2026-05-16 01:04:46,315  INFO  Epoch 1 | Step 9150/11932 | Loss 2.5102 | LR 8.63e-06 | samples_seen=155968
2026-05-16 01:04:47,355  INFO  Epoch 1 | Step 9150/11932 | Loss 0.0602 | LR 8.63e-06 | samples_seen=155976
2026-05-16 01:04:48,812  INFO  Epoch 1 | Step 9150/11932 | Loss 0.0646 | LR 8.63e-06 | samples_seen=155984
2026-05-16 01:04:49,408  INFO  Epoch 1 | Step 9150/11932 | Loss 0.0714 | LR 8.63e-06 | samples_seen=155992
2026-05-16 01:05:19,226  INFO  Epoch 1 | Step 9160/11932 | Loss 2.6635 | LR 8.61e-06 | samples_seen=156288
2026-05-16 01:05:19,856  INFO  Epoch 1 | Step 9160/11932 | Loss 0.0488 | LR 8.61e-06 | samples_seen=156296
2026-05-16 01:05:20,353  INFO  Epoch 1 | Step 9160/11932 | Loss 0.0723 | LR 8.61e-06 | samples_seen=156304
2026-05-16 01:05:21,539  INFO  Epoch 1 | Step 9160/11932 | Loss 0.0819 | LR 8.61e-06 | samples_seen=156312
2026-05-16 01:05:53,788  INFO  Epoch 1 | Step 9170/11932 | Loss 2.5607 | LR 8.58e-06 | samples_seen=156608
2026-05-16 01:05:54,341  INFO  Epoch 1 | Step 9170/11932 | Loss 0.0662 | LR 8.58e-06 | samples_seen=156616
2026-05-16 01:05:55,257  INFO  Epoch 1 | Step 9170/11932 | Loss 0.0638 | LR 8.58e-06 | samples_seen=156624
2026-05-16 01:05:55,990  INFO  Epoch 1 | Step 9170/11932 | Loss 0.0417 | LR 8.58e-06 | samples_seen=156632
2026-05-16 01:06:25,137  INFO  Epoch 1 | Step 9180/11932 | Loss 2.4731 | LR 8.55e-06 | samples_seen=156928
2026-05-16 01:06:25,578  INFO  Epoch 1 | Step 9180/11932 | Loss 0.0695 | LR 8.55e-06 | samples_seen=156936
2026-05-16 01:06:26,043  INFO  Epoch 1 | Step 9180/11932 | Loss 0.1098 | LR 8.55e-06 | samples_seen=156944
2026-05-16 01:06:26,540  INFO  Epoch 1 | Step 9180/11932 | Loss 0.0839 | LR 8.55e-06 | samples_seen=156952
2026-05-16 01:06:56,104  INFO  Epoch 1 | Step 9190/11932 | Loss 2.5934 | LR 8.52e-06 | samples_seen=157248
2026-05-16 01:06:56,881  INFO  Epoch 1 | Step 9190/11932 | Loss 0.0473 | LR 8.52e-06 | samples_seen=157256
2026-05-16 01:06:57,817  INFO  Epoch 1 | Step 9190/11932 | Loss 0.0474 | LR 8.52e-06 | samples_seen=157264
2026-05-16 01:06:58,565  INFO  Epoch 1 | Step 9190/11932 | Loss 0.0487 | LR 8.52e-06 | samples_seen=157272
2026-05-16 01:07:30,287  INFO  Epoch 1 | Step 9200/11932 | Loss 2.5061 | LR 8.50e-06 | samples_seen=157568
2026-05-16 01:07:30,806  INFO  Epoch 1 | Step 9200/11932 | Loss 0.0889 | LR 8.50e-06 | samples_seen=157576
2026-05-16 01:07:31,449  INFO  Epoch 1 | Step 9200/11932 | Loss 0.0633 | LR 8.50e-06 | samples_seen=157584
2026-05-16 01:07:32,588  INFO  Epoch 1 | Step 9200/11932 | Loss 0.0473 | LR 8.50e-06 | samples_seen=157592
2026-05-16 01:08:04,171  INFO  Epoch 1 | Step 9210/11932 | Loss 2.4480 | LR 8.47e-06 | samples_seen=157888
2026-05-16 01:08:04,553  INFO  Epoch 1 | Step 9210/11932 | Loss 0.0927 | LR 8.47e-06 | samples_seen=157896
2026-05-16 01:08:05,591  INFO  Epoch 1 | Step 9210/11932 | Loss 0.0594 | LR 8.47e-06 | samples_seen=157904
2026-05-16 01:08:06,124  INFO  Epoch 1 | Step 9210/11932 | Loss 0.0936 | LR 8.47e-06 | samples_seen=157912
2026-05-16 01:08:38,058  INFO  Epoch 1 | Step 9220/11932 | Loss 2.3397 | LR 8.44e-06 | samples_seen=158208
2026-05-16 01:08:38,481  INFO  Epoch 1 | Step 9220/11932 | Loss 0.0762 | LR 8.44e-06 | samples_seen=158216
2026-05-16 01:08:39,948  INFO  Epoch 1 | Step 9220/11932 | Loss 0.0688 | LR 8.44e-06 | samples_seen=158224
2026-05-16 01:08:40,817  INFO  Epoch 1 | Step 9220/11932 | Loss 0.0480 | LR 8.44e-06 | samples_seen=158232
2026-05-16 01:09:12,169  INFO  Epoch 1 | Step 9230/11932 | Loss 2.4447 | LR 8.42e-06 | samples_seen=158528
2026-05-16 01:09:13,011  INFO  Epoch 1 | Step 9230/11932 | Loss 0.0676 | LR 8.42e-06 | samples_seen=158536
2026-05-16 01:09:14,127  INFO  Epoch 1 | Step 9230/11932 | Loss 0.0450 | LR 8.42e-06 | samples_seen=158544
2026-05-16 01:09:15,012  INFO  Epoch 1 | Step 9230/11932 | Loss 0.0848 | LR 8.42e-06 | samples_seen=158552
2026-05-16 01:09:46,099  INFO  Epoch 1 | Step 9240/11932 | Loss 2.4090 | LR 8.39e-06 | samples_seen=158848
2026-05-16 01:09:47,229  INFO  Epoch 1 | Step 9240/11932 | Loss 0.0797 | LR 8.39e-06 | samples_seen=158856
2026-05-16 01:09:47,953  INFO  Epoch 1 | Step 9240/11932 | Loss 0.0615 | LR 8.39e-06 | samples_seen=158864
2026-05-16 01:09:48,640  INFO  Epoch 1 | Step 9240/11932 | Loss 0.0642 | LR 8.39e-06 | samples_seen=158872
2026-05-16 01:10:18,447  INFO  Epoch 1 | Step 9250/11932 | Loss 2.5483 | LR 8.36e-06 | samples_seen=159168
2026-05-16 01:10:18,873  INFO  Epoch 1 | Step 9250/11932 | Loss 0.0808 | LR 8.36e-06 | samples_seen=159176
2026-05-16 01:10:19,861  INFO  Epoch 1 | Step 9250/11932 | Loss 0.0566 | LR 8.36e-06 | samples_seen=159184
2026-05-16 01:10:20,376  INFO  Epoch 1 | Step 9250/11932 | Loss 0.0580 | LR 8.36e-06 | samples_seen=159192
2026-05-16 01:10:48,262  INFO  Epoch 1 | Step 9260/11932 | Loss 2.6143 | LR 8.34e-06 | samples_seen=159488
2026-05-16 01:10:49,276  INFO  Epoch 1 | Step 9260/11932 | Loss 0.0589 | LR 8.34e-06 | samples_seen=159496
2026-05-16 01:10:50,079  INFO  Epoch 1 | Step 9260/11932 | Loss 0.0570 | LR 8.34e-06 | samples_seen=159504
2026-05-16 01:10:51,541  INFO  Epoch 1 | Step 9260/11932 | Loss 0.0933 | LR 8.34e-06 | samples_seen=159512
2026-05-16 01:11:21,008  INFO  Epoch 1 | Step 9270/11932 | Loss 2.4177 | LR 8.31e-06 | samples_seen=159808
2026-05-16 01:11:21,876  INFO  Epoch 1 | Step 9270/11932 | Loss 0.0675 | LR 8.31e-06 | samples_seen=159816
2026-05-16 01:11:23,035  INFO  Epoch 1 | Step 9270/11932 | Loss 0.0890 | LR 8.31e-06 | samples_seen=159824
2026-05-16 01:11:24,219  INFO  Epoch 1 | Step 9270/11932 | Loss 0.0781 | LR 8.31e-06 | samples_seen=159832
2026-05-16 01:15:15,457  INFO  Checkpoint saved → ../checkpoints/stage2_h100/step9272 | global_step=9272 | samples_seen=159896
2026-05-16 01:15:38,021  INFO  Epoch 1 | Step 9280/11932 | Loss 2.3139 | LR 8.28e-06 | samples_seen=160128
2026-05-16 01:15:38,800  INFO  Epoch 1 | Step 9280/11932 | Loss 0.0538 | LR 8.28e-06 | samples_seen=160136
2026-05-16 01:15:39,318  INFO  Epoch 1 | Step 9280/11932 | Loss 0.0656 | LR 8.28e-06 | samples_seen=160144
2026-05-16 01:15:40,339  INFO  Epoch 1 | Step 9280/11932 | Loss 0.0763 | LR 8.28e-06 | samples_seen=160152
2026-05-16 01:16:10,120  INFO  Epoch 1 | Step 9290/11932 | Loss 2.4147 | LR 8.26e-06 | samples_seen=160448
2026-05-16 01:16:10,597  INFO  Epoch 1 | Step 9290/11932 | Loss 0.0557 | LR 8.26e-06 | samples_seen=160456
2026-05-16 01:16:11,176  INFO  Epoch 1 | Step 9290/11932 | Loss 0.0898 | LR 8.26e-06 | samples_seen=160464
2026-05-16 01:16:12,592  INFO  Epoch 1 | Step 9290/11932 | Loss 0.0611 | LR 8.26e-06 | samples_seen=160472
2026-05-16 01:16:43,851  INFO  Epoch 1 | Step 9300/11932 | Loss 2.5554 | LR 8.23e-06 | samples_seen=160768
2026-05-16 01:16:44,768  INFO  Epoch 1 | Step 9300/11932 | Loss 0.0670 | LR 8.23e-06 | samples_seen=160776
2026-05-16 01:16:45,372  INFO  Epoch 1 | Step 9300/11932 | Loss 0.0947 | LR 8.23e-06 | samples_seen=160784
2026-05-16 01:16:45,838  INFO  Epoch 1 | Step 9300/11932 | Loss 0.0910 | LR 8.23e-06 | samples_seen=160792
2026-05-16 01:17:18,549  INFO  Epoch 1 | Step 9310/11932 | Loss 2.3886 | LR 8.20e-06 | samples_seen=161088
2026-05-16 01:17:19,094  INFO  Epoch 1 | Step 9310/11932 | Loss 0.0866 | LR 8.20e-06 | samples_seen=161096
2026-05-16 01:17:19,665  INFO  Epoch 1 | Step 9310/11932 | Loss 0.0658 | LR 8.20e-06 | samples_seen=161104
2026-05-16 01:17:20,903  INFO  Epoch 1 | Step 9310/11932 | Loss 0.0466 | LR 8.20e-06 | samples_seen=161112
2026-05-16 01:17:52,124  INFO  Epoch 1 | Step 9320/11932 | Loss 2.4216 | LR 8.18e-06 | samples_seen=161408
2026-05-16 01:17:52,848  INFO  Epoch 1 | Step 9320/11932 | Loss 0.0572 | LR 8.18e-06 | samples_seen=161416
2026-05-16 01:17:53,711  INFO  Epoch 1 | Step 9320/11932 | Loss 0.0537 | LR 8.18e-06 | samples_seen=161424
2026-05-16 01:17:54,318  INFO  Epoch 1 | Step 9320/11932 | Loss 0.0440 | LR 8.18e-06 | samples_seen=161432
2026-05-16 01:18:22,787  INFO  Epoch 1 | Step 9330/11932 | Loss 2.5116 | LR 8.15e-06 | samples_seen=161728
2026-05-16 01:18:23,915  INFO  Epoch 1 | Step 9330/11932 | Loss 0.0785 | LR 8.15e-06 | samples_seen=161736
2026-05-16 01:18:24,240  INFO  Epoch 1 | Step 9330/11932 | Loss 0.1370 | LR 8.15e-06 | samples_seen=161744
2026-05-16 01:18:25,180  INFO  Epoch 1 | Step 9330/11932 | Loss 0.0553 | LR 8.15e-06 | samples_seen=161752
2026-05-16 01:18:56,442  INFO  Epoch 1 | Step 9340/11932 | Loss 2.3772 | LR 8.12e-06 | samples_seen=162048
2026-05-16 01:18:57,176  INFO  Epoch 1 | Step 9340/11932 | Loss 0.0656 | LR 8.12e-06 | samples_seen=162056
2026-05-16 01:18:58,422  INFO  Epoch 1 | Step 9340/11932 | Loss 0.0603 | LR 8.12e-06 | samples_seen=162064
2026-05-16 01:18:59,056  INFO  Epoch 1 | Step 9340/11932 | Loss 0.0474 | LR 8.12e-06 | samples_seen=162072
2026-05-16 01:19:28,322  INFO  Epoch 1 | Step 9350/11932 | Loss 2.6475 | LR 8.10e-06 | samples_seen=162368
2026-05-16 01:19:29,376  INFO  Epoch 1 | Step 9350/11932 | Loss 0.0587 | LR 8.10e-06 | samples_seen=162376
2026-05-16 01:19:29,939  INFO  Epoch 1 | Step 9350/11932 | Loss 0.0936 | LR 8.10e-06 | samples_seen=162384
2026-05-16 01:19:30,738  INFO  Epoch 1 | Step 9350/11932 | Loss 0.0590 | LR 8.10e-06 | samples_seen=162392
2026-05-16 01:19:59,203  INFO  Epoch 1 | Step 9360/11932 | Loss 2.5093 | LR 8.07e-06 | samples_seen=162688
2026-05-16 01:19:59,928  INFO  Epoch 1 | Step 9360/11932 | Loss 0.0452 | LR 8.07e-06 | samples_seen=162696
2026-05-16 01:20:00,368  INFO  Epoch 1 | Step 9360/11932 | Loss 0.1107 | LR 8.07e-06 | samples_seen=162704
2026-05-16 01:20:01,001  INFO  Epoch 1 | Step 9360/11932 | Loss 0.0608 | LR 8.07e-06 | samples_seen=162712
2026-05-16 01:20:29,698  INFO  Epoch 1 | Step 9370/11932 | Loss 2.8108 | LR 8.04e-06 | samples_seen=163008
2026-05-16 01:20:30,123  INFO  Epoch 1 | Step 9370/11932 | Loss 0.0861 | LR 8.04e-06 | samples_seen=163016
2026-05-16 01:20:31,391  INFO  Epoch 1 | Step 9370/11932 | Loss 0.0733 | LR 8.04e-06 | samples_seen=163024
2026-05-16 01:20:32,863  INFO  Epoch 1 | Step 9370/11932 | Loss 0.0813 | LR 8.04e-06 | samples_seen=163032
2026-05-16 01:21:02,485  INFO  Epoch 1 | Step 9380/11932 | Loss 2.4183 | LR 8.02e-06 | samples_seen=163328
2026-05-16 01:21:03,206  INFO  Epoch 1 | Step 9380/11932 | Loss 0.0609 | LR 8.02e-06 | samples_seen=163336
2026-05-16 01:21:03,847  INFO  Epoch 1 | Step 9380/11932 | Loss 0.0379 | LR 8.02e-06 | samples_seen=163344
2026-05-16 01:21:04,516  INFO  Epoch 1 | Step 9380/11932 | Loss 0.0876 | LR 8.02e-06 | samples_seen=163352
2026-05-16 01:21:33,569  INFO  Epoch 1 | Step 9390/11932 | Loss 2.4910 | LR 7.99e-06 | samples_seen=163648
2026-05-16 01:21:34,566  INFO  Epoch 1 | Step 9390/11932 | Loss 0.0545 | LR 7.99e-06 | samples_seen=163656
2026-05-16 01:21:35,452  INFO  Epoch 1 | Step 9390/11932 | Loss 0.0533 | LR 7.99e-06 | samples_seen=163664
2026-05-16 01:21:36,713  INFO  Epoch 1 | Step 9390/11932 | Loss 0.0829 | LR 7.99e-06 | samples_seen=163672
2026-05-16 01:22:05,386  INFO  Epoch 1 | Step 9400/11932 | Loss 2.4747 | LR 7.96e-06 | samples_seen=163968
2026-05-16 01:22:06,517  INFO  Epoch 1 | Step 9400/11932 | Loss 0.0613 | LR 7.96e-06 | samples_seen=163976
2026-05-16 01:22:07,148  INFO  Epoch 1 | Step 9400/11932 | Loss 0.0658 | LR 7.96e-06 | samples_seen=163984
2026-05-16 01:22:08,133  INFO  Epoch 1 | Step 9400/11932 | Loss 0.0725 | LR 7.96e-06 | samples_seen=163992
2026-05-16 01:22:41,397  INFO  Epoch 1 | Step 9410/11932 | Loss 2.3601 | LR 7.94e-06 | samples_seen=164288
2026-05-16 01:22:41,842  INFO  Epoch 1 | Step 9410/11932 | Loss 0.1028 | LR 7.94e-06 | samples_seen=164296
2026-05-16 01:22:42,563  INFO  Epoch 1 | Step 9410/11932 | Loss 0.0693 | LR 7.94e-06 | samples_seen=164304
2026-05-16 01:22:43,581  INFO  Epoch 1 | Step 9410/11932 | Loss 0.0695 | LR 7.94e-06 | samples_seen=164312
2026-05-16 01:23:12,230  INFO  Epoch 1 | Step 9420/11932 | Loss 2.6666 | LR 7.91e-06 | samples_seen=164608
2026-05-16 01:23:12,673  INFO  Epoch 1 | Step 9420/11932 | Loss 0.0847 | LR 7.91e-06 | samples_seen=164616
2026-05-16 01:23:13,283  INFO  Epoch 1 | Step 9420/11932 | Loss 0.0595 | LR 7.91e-06 | samples_seen=164624
2026-05-16 01:23:14,161  INFO  Epoch 1 | Step 9420/11932 | Loss 0.0618 | LR 7.91e-06 | samples_seen=164632
2026-05-16 01:23:45,922  INFO  Epoch 1 | Step 9430/11932 | Loss 2.4376 | LR 7.88e-06 | samples_seen=164928
2026-05-16 01:23:46,596  INFO  Epoch 1 | Step 9430/11932 | Loss 0.0438 | LR 7.88e-06 | samples_seen=164936
2026-05-16 01:23:47,791  INFO  Epoch 1 | Step 9430/11932 | Loss 0.1027 | LR 7.88e-06 | samples_seen=164944
2026-05-16 01:23:48,770  INFO  Epoch 1 | Step 9430/11932 | Loss 0.0830 | LR 7.88e-06 | samples_seen=164952
2026-05-16 01:24:19,434  INFO  Epoch 1 | Step 9440/11932 | Loss 2.4370 | LR 7.86e-06 | samples_seen=165248
2026-05-16 01:24:20,538  INFO  Epoch 1 | Step 9440/11932 | Loss 0.0687 | LR 7.86e-06 | samples_seen=165256
2026-05-16 01:24:21,550  INFO  Epoch 1 | Step 9440/11932 | Loss 0.0553 | LR 7.86e-06 | samples_seen=165264
2026-05-16 01:24:22,192  INFO  Epoch 1 | Step 9440/11932 | Loss 0.0770 | LR 7.86e-06 | samples_seen=165272
2026-05-16 01:24:50,947  INFO  Epoch 1 | Step 9450/11932 | Loss 2.3753 | LR 7.83e-06 | samples_seen=165568
2026-05-16 01:24:51,658  INFO  Epoch 1 | Step 9450/11932 | Loss 0.0575 | LR 7.83e-06 | samples_seen=165576
2026-05-16 01:24:52,385  INFO  Epoch 1 | Step 9450/11932 | Loss 0.0665 | LR 7.83e-06 | samples_seen=165584
2026-05-16 01:24:52,912  INFO  Epoch 1 | Step 9450/11932 | Loss 0.0797 | LR 7.83e-06 | samples_seen=165592
2026-05-16 01:25:24,104  INFO  Epoch 1 | Step 9460/11932 | Loss 2.5775 | LR 7.80e-06 | samples_seen=165888
2026-05-16 01:25:24,972  INFO  Epoch 1 | Step 9460/11932 | Loss 0.0442 | LR 7.80e-06 | samples_seen=165896
2026-05-16 01:25:25,729  INFO  Epoch 1 | Step 9460/11932 | Loss 0.0559 | LR 7.80e-06 | samples_seen=165904
2026-05-16 01:25:26,661  INFO  Epoch 1 | Step 9460/11932 | Loss 0.0754 | LR 7.80e-06 | samples_seen=165912
2026-05-16 01:25:55,200  INFO  Epoch 1 | Step 9470/11932 | Loss 2.6933 | LR 7.78e-06 | samples_seen=166208
2026-05-16 01:25:55,642  INFO  Epoch 1 | Step 9470/11932 | Loss 0.0655 | LR 7.78e-06 | samples_seen=166216
2026-05-16 01:25:56,679  INFO  Epoch 1 | Step 9470/11932 | Loss 0.0778 | LR 7.78e-06 | samples_seen=166224
2026-05-16 01:25:58,150  INFO  Epoch 1 | Step 9470/11932 | Loss 0.0454 | LR 7.78e-06 | samples_seen=166232
2026-05-16 01:26:28,968  INFO  Epoch 1 | Step 9480/11932 | Loss 2.5190 | LR 7.75e-06 | samples_seen=166528
2026-05-16 01:26:29,679  INFO  Epoch 1 | Step 9480/11932 | Loss 0.0522 | LR 7.75e-06 | samples_seen=166536
2026-05-16 01:26:30,399  INFO  Epoch 1 | Step 9480/11932 | Loss 0.1161 | LR 7.75e-06 | samples_seen=166544
2026-05-16 01:26:31,869  INFO  Epoch 1 | Step 9480/11932 | Loss 0.0907 | LR 7.75e-06 | samples_seen=166552
2026-05-16 01:27:04,439  INFO  Epoch 1 | Step 9490/11932 | Loss 2.5552 | LR 7.73e-06 | samples_seen=166848
2026-05-16 01:27:05,024  INFO  Epoch 1 | Step 9490/11932 | Loss 0.0421 | LR 7.73e-06 | samples_seen=166856
2026-05-16 01:27:06,433  INFO  Epoch 1 | Step 9490/11932 | Loss 0.0931 | LR 7.73e-06 | samples_seen=166864
2026-05-16 01:27:06,839  INFO  Epoch 1 | Step 9490/11932 | Loss 0.1089 | LR 7.73e-06 | samples_seen=166872
2026-05-16 01:27:39,261  INFO  Epoch 1 | Step 9500/11932 | Loss 2.4476 | LR 7.70e-06 | samples_seen=167168
2026-05-16 01:27:40,102  INFO  Epoch 1 | Step 9500/11932 | Loss 0.0579 | LR 7.70e-06 | samples_seen=167176
2026-05-16 01:27:40,773  INFO  Epoch 1 | Step 9500/11932 | Loss 0.0642 | LR 7.70e-06 | samples_seen=167184
2026-05-16 01:27:41,882  INFO  Epoch 1 | Step 9500/11932 | Loss 0.0521 | LR 7.70e-06 | samples_seen=167192
2026-05-16 01:28:13,740  INFO  Epoch 1 | Step 9510/11932 | Loss 2.9065 | LR 7.67e-06 | samples_seen=167488
2026-05-16 01:28:14,221  INFO  Epoch 1 | Step 9510/11932 | Loss 0.0981 | LR 7.67e-06 | samples_seen=167496
2026-05-16 01:28:14,881  INFO  Epoch 1 | Step 9510/11932 | Loss 0.0873 | LR 7.67e-06 | samples_seen=167504
2026-05-16 01:28:15,604  INFO  Epoch 1 | Step 9510/11932 | Loss 0.0613 | LR 7.67e-06 | samples_seen=167512
2026-05-16 01:28:45,043  INFO  Epoch 1 | Step 9520/11932 | Loss 2.4730 | LR 7.65e-06 | samples_seen=167808
2026-05-16 01:28:46,481  INFO  Epoch 1 | Step 9520/11932 | Loss 0.0991 | LR 7.65e-06 | samples_seen=167816
2026-05-16 01:28:47,608  INFO  Epoch 1 | Step 9520/11932 | Loss 0.0728 | LR 7.65e-06 | samples_seen=167824
2026-05-16 01:28:48,249  INFO  Epoch 1 | Step 9520/11932 | Loss 0.0495 | LR 7.65e-06 | samples_seen=167832
2026-05-16 01:29:18,693  INFO  Epoch 1 | Step 9530/11932 | Loss 2.4360 | LR 7.62e-06 | samples_seen=168128
2026-05-16 01:29:20,139  INFO  Epoch 1 | Step 9530/11932 | Loss 0.0881 | LR 7.62e-06 | samples_seen=168136
2026-05-16 01:29:20,575  INFO  Epoch 1 | Step 9530/11932 | Loss 0.0784 | LR 7.62e-06 | samples_seen=168144
2026-05-16 01:29:21,031  INFO  Epoch 1 | Step 9530/11932 | Loss 0.0816 | LR 7.62e-06 | samples_seen=168152
2026-05-16 01:29:50,406  INFO  Epoch 1 | Step 9540/11932 | Loss 2.4492 | LR 7.59e-06 | samples_seen=168448
2026-05-16 01:29:51,081  INFO  Epoch 1 | Step 9540/11932 | Loss 0.0492 | LR 7.59e-06 | samples_seen=168456
2026-05-16 01:29:51,682  INFO  Epoch 1 | Step 9540/11932 | Loss 0.0886 | LR 7.59e-06 | samples_seen=168464
2026-05-16 01:29:52,564  INFO  Epoch 1 | Step 9540/11932 | Loss 0.0745 | LR 7.59e-06 | samples_seen=168472
2026-05-16 01:30:23,465  INFO  Epoch 1 | Step 9550/11932 | Loss 2.4938 | LR 7.57e-06 | samples_seen=168768
2026-05-16 01:30:24,141  INFO  Epoch 1 | Step 9550/11932 | Loss 0.0467 | LR 7.57e-06 | samples_seen=168776
2026-05-16 01:30:25,266  INFO  Epoch 1 | Step 9550/11932 | Loss 0.0678 | LR 7.57e-06 | samples_seen=168784
2026-05-16 01:30:26,144  INFO  Epoch 1 | Step 9550/11932 | Loss 0.0616 | LR 7.57e-06 | samples_seen=168792
2026-05-16 01:30:55,858  INFO  Epoch 1 | Step 9560/11932 | Loss 2.4474 | LR 7.54e-06 | samples_seen=169088
2026-05-16 01:30:56,391  INFO  Epoch 1 | Step 9560/11932 | Loss 0.0700 | LR 7.54e-06 | samples_seen=169096
2026-05-16 01:30:57,582  INFO  Epoch 1 | Step 9560/11932 | Loss 0.0648 | LR 7.54e-06 | samples_seen=169104
2026-05-16 01:30:58,145  INFO  Epoch 1 | Step 9560/11932 | Loss 0.0588 | LR 7.54e-06 | samples_seen=169112
2026-05-16 01:31:29,600  INFO  Epoch 1 | Step 9570/11932 | Loss 2.5527 | LR 7.51e-06 | samples_seen=169408
2026-05-16 01:31:30,470  INFO  Epoch 1 | Step 9570/11932 | Loss 0.0583 | LR 7.51e-06 | samples_seen=169416
2026-05-16 01:31:31,037  INFO  Epoch 1 | Step 9570/11932 | Loss 0.0793 | LR 7.51e-06 | samples_seen=169424
2026-05-16 01:31:32,149  INFO  Epoch 1 | Step 9570/11932 | Loss 0.1004 | LR 7.51e-06 | samples_seen=169432
2026-05-16 01:32:02,388  INFO  Epoch 1 | Step 9580/11932 | Loss 2.3582 | LR 7.49e-06 | samples_seen=169728
2026-05-16 01:32:03,242  INFO  Epoch 1 | Step 9580/11932 | Loss 0.0534 | LR 7.49e-06 | samples_seen=169736
2026-05-16 01:32:04,276  INFO  Epoch 1 | Step 9580/11932 | Loss 0.0872 | LR 7.49e-06 | samples_seen=169744
2026-05-16 01:32:04,881  INFO  Epoch 1 | Step 9580/11932 | Loss 0.0778 | LR 7.49e-06 | samples_seen=169752
2026-05-16 01:32:36,488  INFO  Epoch 1 | Step 9590/11932 | Loss 2.5778 | LR 7.46e-06 | samples_seen=170048
2026-05-16 01:32:37,609  INFO  Epoch 1 | Step 9590/11932 | Loss 0.0520 | LR 7.46e-06 | samples_seen=170056
2026-05-16 01:32:38,730  INFO  Epoch 1 | Step 9590/11932 | Loss 0.0667 | LR 7.46e-06 | samples_seen=170064
2026-05-16 01:32:39,376  INFO  Epoch 1 | Step 9590/11932 | Loss 0.0674 | LR 7.46e-06 | samples_seen=170072
2026-05-16 01:33:10,281  INFO  Epoch 1 | Step 9600/11932 | Loss 2.6166 | LR 7.44e-06 | samples_seen=170368
2026-05-16 01:33:11,043  INFO  Epoch 1 | Step 9600/11932 | Loss 0.0650 | LR 7.44e-06 | samples_seen=170376
2026-05-16 01:33:11,608  INFO  Epoch 1 | Step 9600/11932 | Loss 0.0683 | LR 7.44e-06 | samples_seen=170384
2026-05-16 01:33:12,151  INFO  Epoch 1 | Step 9600/11932 | Loss 0.0645 | LR 7.44e-06 | samples_seen=170392
2026-05-16 01:33:42,519  INFO  Epoch 1 | Step 9610/11932 | Loss 2.5453 | LR 7.41e-06 | samples_seen=170688
2026-05-16 01:33:43,964  INFO  Epoch 1 | Step 9610/11932 | Loss 0.0571 | LR 7.41e-06 | samples_seen=170696
2026-05-16 01:33:44,459  INFO  Epoch 1 | Step 9610/11932 | Loss 0.0880 | LR 7.41e-06 | samples_seen=170704
2026-05-16 01:33:45,626  INFO  Epoch 1 | Step 9610/11932 | Loss 0.0665 | LR 7.41e-06 | samples_seen=170712
2026-05-16 01:34:14,931  INFO  Epoch 1 | Step 9620/11932 | Loss 2.4583 | LR 7.38e-06 | samples_seen=171008
2026-05-16 01:34:15,955  INFO  Epoch 1 | Step 9620/11932 | Loss 0.0800 | LR 7.38e-06 | samples_seen=171016
2026-05-16 01:34:17,212  INFO  Epoch 1 | Step 9620/11932 | Loss 0.0588 | LR 7.38e-06 | samples_seen=171024
2026-05-16 01:34:18,473  INFO  Epoch 1 | Step 9620/11932 | Loss 0.0601 | LR 7.38e-06 | samples_seen=171032
2026-05-16 01:34:46,709  INFO  Epoch 1 | Step 9630/11932 | Loss 2.3972 | LR 7.36e-06 | samples_seen=171328
2026-05-16 01:34:47,130  INFO  Epoch 1 | Step 9630/11932 | Loss 0.1081 | LR 7.36e-06 | samples_seen=171336
2026-05-16 01:34:48,184  INFO  Epoch 1 | Step 9630/11932 | Loss 0.0540 | LR 7.36e-06 | samples_seen=171344
2026-05-16 01:34:48,699  INFO  Epoch 1 | Step 9630/11932 | Loss 0.0775 | LR 7.36e-06 | samples_seen=171352
2026-05-16 01:35:19,952  INFO  Epoch 1 | Step 9640/11932 | Loss 2.4643 | LR 7.33e-06 | samples_seen=171648
2026-05-16 01:35:21,259  INFO  Epoch 1 | Step 9640/11932 | Loss 0.0434 | LR 7.33e-06 | samples_seen=171656
2026-05-16 01:35:22,132  INFO  Epoch 1 | Step 9640/11932 | Loss 0.0433 | LR 7.33e-06 | samples_seen=171664
2026-05-16 01:35:22,907  INFO  Epoch 1 | Step 9640/11932 | Loss 0.0344 | LR 7.33e-06 | samples_seen=171672
2026-05-16 01:35:54,642  INFO  Epoch 1 | Step 9650/11932 | Loss 2.4950 | LR 7.30e-06 | samples_seen=171968
2026-05-16 01:35:55,314  INFO  Epoch 1 | Step 9650/11932 | Loss 0.0408 | LR 7.30e-06 | samples_seen=171976
2026-05-16 01:35:56,001  INFO  Epoch 1 | Step 9650/11932 | Loss 0.0551 | LR 7.30e-06 | samples_seen=171984
2026-05-16 01:35:56,525  INFO  Epoch 1 | Step 9650/11932 | Loss 0.0591 | LR 7.30e-06 | samples_seen=171992
2026-05-16 01:36:27,800  INFO  Epoch 1 | Step 9660/11932 | Loss 2.4115 | LR 7.28e-06 | samples_seen=172288
2026-05-16 01:36:28,527  INFO  Epoch 1 | Step 9660/11932 | Loss 0.0718 | LR 7.28e-06 | samples_seen=172296
2026-05-16 01:36:29,167  INFO  Epoch 1 | Step 9660/11932 | Loss 0.0713 | LR 7.28e-06 | samples_seen=172304
2026-05-16 01:36:29,825  INFO  Epoch 1 | Step 9660/11932 | Loss 0.0679 | LR 7.28e-06 | samples_seen=172312
2026-05-16 01:36:59,050  INFO  Epoch 1 | Step 9670/11932 | Loss 2.4784 | LR 7.25e-06 | samples_seen=172608
2026-05-16 01:36:59,763  INFO  Epoch 1 | Step 9670/11932 | Loss 0.0509 | LR 7.25e-06 | samples_seen=172616
2026-05-16 01:37:01,093  INFO  Epoch 1 | Step 9670/11932 | Loss 0.0938 | LR 7.25e-06 | samples_seen=172624
2026-05-16 01:37:01,971  INFO  Epoch 1 | Step 9670/11932 | Loss 0.0500 | LR 7.25e-06 | samples_seen=172632
2026-05-16 01:37:32,901  INFO  Epoch 1 | Step 9680/11932 | Loss 2.4018 | LR 7.23e-06 | samples_seen=172928
2026-05-16 01:37:33,566  INFO  Epoch 1 | Step 9680/11932 | Loss 0.0615 | LR 7.23e-06 | samples_seen=172936
2026-05-16 01:37:34,166  INFO  Epoch 1 | Step 9680/11932 | Loss 0.0721 | LR 7.23e-06 | samples_seen=172944
2026-05-16 01:37:35,297  INFO  Epoch 1 | Step 9680/11932 | Loss 0.0494 | LR 7.23e-06 | samples_seen=172952
2026-05-16 01:38:03,172  INFO  Epoch 1 | Step 9690/11932 | Loss 2.5078 | LR 7.20e-06 | samples_seen=173248
2026-05-16 01:38:03,840  INFO  Epoch 1 | Step 9690/11932 | Loss 0.0374 | LR 7.20e-06 | samples_seen=173256
2026-05-16 01:38:05,094  INFO  Epoch 1 | Step 9690/11932 | Loss 0.0466 | LR 7.20e-06 | samples_seen=173264
2026-05-16 01:38:05,619  INFO  Epoch 1 | Step 9690/11932 | Loss 0.0515 | LR 7.20e-06 | samples_seen=173272
2026-05-16 01:38:36,282  INFO  Epoch 1 | Step 9700/11932 | Loss 2.2398 | LR 7.17e-06 | samples_seen=173568
2026-05-16 01:38:37,393  INFO  Epoch 1 | Step 9700/11932 | Loss 0.0789 | LR 7.17e-06 | samples_seen=173576
2026-05-16 01:38:38,036  INFO  Epoch 1 | Step 9700/11932 | Loss 0.0681 | LR 7.17e-06 | samples_seen=173584
2026-05-16 01:38:38,675  INFO  Epoch 1 | Step 9700/11932 | Loss 0.0592 | LR 7.17e-06 | samples_seen=173592
2026-05-16 01:39:11,496  INFO  Epoch 1 | Step 9710/11932 | Loss 2.3746 | LR 7.15e-06 | samples_seen=173888
2026-05-16 01:39:12,947  INFO  Epoch 1 | Step 9710/11932 | Loss 0.0836 | LR 7.15e-06 | samples_seen=173896
2026-05-16 01:39:14,100  INFO  Epoch 1 | Step 9710/11932 | Loss 0.0749 | LR 7.15e-06 | samples_seen=173904
2026-05-16 01:39:14,903  INFO  Epoch 1 | Step 9710/11932 | Loss 0.0348 | LR 7.15e-06 | samples_seen=173912
2026-05-16 01:39:44,900  INFO  Epoch 1 | Step 9720/11932 | Loss 2.6487 | LR 7.12e-06 | samples_seen=174208
2026-05-16 01:39:46,062  INFO  Epoch 1 | Step 9720/11932 | Loss 0.0399 | LR 7.12e-06 | samples_seen=174216
2026-05-16 01:39:46,783  INFO  Epoch 1 | Step 9720/11932 | Loss 0.0608 | LR 7.12e-06 | samples_seen=174224
2026-05-16 01:39:47,751  INFO  Epoch 1 | Step 9720/11932 | Loss 0.0655 | LR 7.12e-06 | samples_seen=174232
2026-05-16 01:40:19,269  INFO  Epoch 1 | Step 9730/11932 | Loss 2.5004 | LR 7.10e-06 | samples_seen=174528
2026-05-16 01:40:20,230  INFO  Epoch 1 | Step 9730/11932 | Loss 0.0749 | LR 7.10e-06 | samples_seen=174536
2026-05-16 01:40:21,359  INFO  Epoch 1 | Step 9730/11932 | Loss 0.0546 | LR 7.10e-06 | samples_seen=174544
2026-05-16 01:40:22,275  INFO  Epoch 1 | Step 9730/11932 | Loss 0.0439 | LR 7.10e-06 | samples_seen=174552
2026-05-16 01:40:53,363  INFO  Epoch 1 | Step 9740/11932 | Loss 2.4347 | LR 7.07e-06 | samples_seen=174848
2026-05-16 01:40:53,953  INFO  Epoch 1 | Step 9740/11932 | Loss 0.0376 | LR 7.07e-06 | samples_seen=174856
2026-05-16 01:40:54,405  INFO  Epoch 1 | Step 9740/11932 | Loss 0.0820 | LR 7.07e-06 | samples_seen=174864
2026-05-16 01:40:55,091  INFO  Epoch 1 | Step 9740/11932 | Loss 0.0530 | LR 7.07e-06 | samples_seen=174872
2026-05-16 01:41:27,342  INFO  Epoch 1 | Step 9750/11932 | Loss 2.4231 | LR 7.04e-06 | samples_seen=175168
2026-05-16 01:41:28,236  INFO  Epoch 1 | Step 9750/11932 | Loss 0.0718 | LR 7.04e-06 | samples_seen=175176
2026-05-16 01:41:29,560  INFO  Epoch 1 | Step 9750/11932 | Loss 0.0881 | LR 7.04e-06 | samples_seen=175184
2026-05-16 01:41:30,331  INFO  Epoch 1 | Step 9750/11932 | Loss 0.0505 | LR 7.04e-06 | samples_seen=175192
2026-05-16 01:42:00,086  INFO  Epoch 1 | Step 9760/11932 | Loss 2.6222 | LR 7.02e-06 | samples_seen=175488
2026-05-16 01:42:00,715  INFO  Epoch 1 | Step 9760/11932 | Loss 0.0532 | LR 7.02e-06 | samples_seen=175496
2026-05-16 01:42:01,776  INFO  Epoch 1 | Step 9760/11932 | Loss 0.0712 | LR 7.02e-06 | samples_seen=175504
2026-05-16 01:42:02,653  INFO  Epoch 1 | Step 9760/11932 | Loss 0.0591 | LR 7.02e-06 | samples_seen=175512
2026-05-16 01:42:31,988  INFO  Epoch 1 | Step 9770/11932 | Loss 2.5731 | LR 6.99e-06 | samples_seen=175808
2026-05-16 01:42:32,891  INFO  Epoch 1 | Step 9770/11932 | Loss 0.0686 | LR 6.99e-06 | samples_seen=175816
2026-05-16 01:42:33,536  INFO  Epoch 1 | Step 9770/11932 | Loss 0.0615 | LR 6.99e-06 | samples_seen=175824
2026-05-16 01:42:34,334  INFO  Epoch 1 | Step 9770/11932 | Loss 0.0530 | LR 6.99e-06 | samples_seen=175832
2026-05-16 01:43:04,323  INFO  Epoch 1 | Step 9780/11932 | Loss 2.3146 | LR 6.97e-06 | samples_seen=176128
2026-05-16 01:43:04,826  INFO  Epoch 1 | Step 9780/11932 | Loss 0.0746 | LR 6.97e-06 | samples_seen=176136
2026-05-16 01:43:05,736  INFO  Epoch 1 | Step 9780/11932 | Loss 0.0670 | LR 6.97e-06 | samples_seen=176144
2026-05-16 01:43:06,840  INFO  Epoch 1 | Step 9780/11932 | Loss 0.0600 | LR 6.97e-06 | samples_seen=176152
2026-05-16 01:43:35,821  INFO  Epoch 1 | Step 9790/11932 | Loss 2.4921 | LR 6.94e-06 | samples_seen=176448
2026-05-16 01:43:36,436  INFO  Epoch 1 | Step 9790/11932 | Loss 0.0693 | LR 6.94e-06 | samples_seen=176456
2026-05-16 01:43:37,322  INFO  Epoch 1 | Step 9790/11932 | Loss 0.0639 | LR 6.94e-06 | samples_seen=176464
2026-05-16 01:43:37,965  INFO  Epoch 1 | Step 9790/11932 | Loss 0.0828 | LR 6.94e-06 | samples_seen=176472
2026-05-16 01:44:09,649  INFO  Epoch 1 | Step 9800/11932 | Loss 2.5248 | LR 6.91e-06 | samples_seen=176768
2026-05-16 01:44:11,105  INFO  Epoch 1 | Step 9800/11932 | Loss 0.0616 | LR 6.91e-06 | samples_seen=176776
2026-05-16 01:44:11,896  INFO  Epoch 1 | Step 9800/11932 | Loss 0.0454 | LR 6.91e-06 | samples_seen=176784
2026-05-16 01:44:12,440  INFO  Epoch 1 | Step 9800/11932 | Loss 0.0903 | LR 6.91e-06 | samples_seen=176792
2026-05-16 01:44:43,531  INFO  Epoch 1 | Step 9810/11932 | Loss 2.3644 | LR 6.89e-06 | samples_seen=177088
2026-05-16 01:44:44,003  INFO  Epoch 1 | Step 9810/11932 | Loss 0.1081 | LR 6.89e-06 | samples_seen=177096
2026-05-16 01:44:44,598  INFO  Epoch 1 | Step 9810/11932 | Loss 0.0702 | LR 6.89e-06 | samples_seen=177104
2026-05-16 01:44:45,118  INFO  Epoch 1 | Step 9810/11932 | Loss 0.0799 | LR 6.89e-06 | samples_seen=177112
2026-05-16 01:45:12,800  INFO  Epoch 1 | Step 9820/11932 | Loss 2.5616 | LR 6.86e-06 | samples_seen=177408
2026-05-16 01:45:13,767  INFO  Epoch 1 | Step 9820/11932 | Loss 0.0783 | LR 6.86e-06 | samples_seen=177416
2026-05-16 01:45:14,673  INFO  Epoch 1 | Step 9820/11932 | Loss 0.0860 | LR 6.86e-06 | samples_seen=177424
2026-05-16 01:45:15,605  INFO  Epoch 1 | Step 9820/11932 | Loss 0.0841 | LR 6.86e-06 | samples_seen=177432
2026-05-16 01:49:06,841  INFO  Checkpoint saved → ../checkpoints/stage2_h100/step9820 | global_step=9820 | samples_seen=177432
2026-05-16 01:49:38,068  INFO  Epoch 1 | Step 9830/11932 | Loss 2.3776 | LR 6.84e-06 | samples_seen=177728
2026-05-16 01:49:38,509  INFO  Epoch 1 | Step 9830/11932 | Loss 0.0998 | LR 6.84e-06 | samples_seen=177736
2026-05-16 01:49:39,531  INFO  Epoch 1 | Step 9830/11932 | Loss 0.0796 | LR 6.84e-06 | samples_seen=177744
2026-05-16 01:49:40,449  INFO  Epoch 1 | Step 9830/11932 | Loss 0.0751 | LR 6.84e-06 | samples_seen=177752
2026-05-16 01:50:10,676  INFO  Epoch 1 | Step 9840/11932 | Loss 2.3072 | LR 6.81e-06 | samples_seen=178048
2026-05-16 01:50:11,155  INFO  Epoch 1 | Step 9840/11932 | Loss 0.0947 | LR 6.81e-06 | samples_seen=178056
2026-05-16 01:50:11,714  INFO  Epoch 1 | Step 9840/11932 | Loss 0.0656 | LR 6.81e-06 | samples_seen=178064
2026-05-16 01:50:12,321  INFO  Epoch 1 | Step 9840/11932 | Loss 0.0555 | LR 6.81e-06 | samples_seen=178072
2026-05-16 01:50:41,968  INFO  Epoch 1 | Step 9850/11932 | Loss 2.5162 | LR 6.79e-06 | samples_seen=178368
2026-05-16 01:50:42,632  INFO  Epoch 1 | Step 9850/11932 | Loss 0.0548 | LR 6.79e-06 | samples_seen=178376
2026-05-16 01:50:43,659  INFO  Epoch 1 | Step 9850/11932 | Loss 0.0566 | LR 6.79e-06 | samples_seen=178384
2026-05-16 01:50:44,600  INFO  Epoch 1 | Step 9850/11932 | Loss 0.0475 | LR 6.79e-06 | samples_seen=178392
2026-05-16 01:51:13,988  INFO  Epoch 1 | Step 9860/11932 | Loss 2.5744 | LR 6.76e-06 | samples_seen=178688
2026-05-16 01:51:14,656  INFO  Epoch 1 | Step 9860/11932 | Loss 0.0704 | LR 6.76e-06 | samples_seen=178696
2026-05-16 01:51:15,386  INFO  Epoch 1 | Step 9860/11932 | Loss 0.0576 | LR 6.76e-06 | samples_seen=178704
2026-05-16 01:51:16,422  INFO  Epoch 1 | Step 9860/11932 | Loss 0.0636 | LR 6.76e-06 | samples_seen=178712
2026-05-16 01:51:48,637  INFO  Epoch 1 | Step 9870/11932 | Loss 2.3622 | LR 6.73e-06 | samples_seen=179008
2026-05-16 01:51:49,793  INFO  Epoch 1 | Step 9870/11932 | Loss 0.0642 | LR 6.73e-06 | samples_seen=179016
2026-05-16 01:51:50,698  INFO  Epoch 1 | Step 9870/11932 | Loss 0.0493 | LR 6.73e-06 | samples_seen=179024
2026-05-16 01:51:51,497  INFO  Epoch 1 | Step 9870/11932 | Loss 0.0686 | LR 6.73e-06 | samples_seen=179032
2026-05-16 01:52:21,384  INFO  Epoch 1 | Step 9880/11932 | Loss 2.3298 | LR 6.71e-06 | samples_seen=179328
2026-05-16 01:52:22,276  INFO  Epoch 1 | Step 9880/11932 | Loss 0.0696 | LR 6.71e-06 | samples_seen=179336
2026-05-16 01:52:23,389  INFO  Epoch 1 | Step 9880/11932 | Loss 0.0559 | LR 6.71e-06 | samples_seen=179344
2026-05-16 01:52:23,891  INFO  Epoch 1 | Step 9880/11932 | Loss 0.0921 | LR 6.71e-06 | samples_seen=179352
2026-05-16 01:52:53,215  INFO  Epoch 1 | Step 9890/11932 | Loss 2.8245 | LR 6.68e-06 | samples_seen=179648
2026-05-16 01:52:54,128  INFO  Epoch 1 | Step 9890/11932 | Loss 0.0480 | LR 6.68e-06 | samples_seen=179656
2026-05-16 01:52:54,762  INFO  Epoch 1 | Step 9890/11932 | Loss 0.0571 | LR 6.68e-06 | samples_seen=179664
2026-05-16 01:52:55,304  INFO  Epoch 1 | Step 9890/11932 | Loss 0.0879 | LR 6.68e-06 | samples_seen=179672
2026-05-16 01:53:28,021  INFO  Epoch 1 | Step 9900/11932 | Loss 2.3225 | LR 6.66e-06 | samples_seen=179968
2026-05-16 01:53:28,639  INFO  Epoch 1 | Step 9900/11932 | Loss 0.0479 | LR 6.66e-06 | samples_seen=179976
2026-05-16 01:53:29,398  INFO  Epoch 1 | Step 9900/11932 | Loss 0.0398 | LR 6.66e-06 | samples_seen=179984
2026-05-16 01:53:29,832  INFO  Epoch 1 | Step 9900/11932 | Loss 0.0688 | LR 6.66e-06 | samples_seen=179992
2026-05-16 01:53:59,349  INFO  Epoch 1 | Step 9910/11932 | Loss 2.5182 | LR 6.63e-06 | samples_seen=180288
2026-05-16 01:54:00,237  INFO  Epoch 1 | Step 9910/11932 | Loss 0.0602 | LR 6.63e-06 | samples_seen=180296
2026-05-16 01:54:00,965  INFO  Epoch 1 | Step 9910/11932 | Loss 0.0471 | LR 6.63e-06 | samples_seen=180304
2026-05-16 01:54:01,806  INFO  Epoch 1 | Step 9910/11932 | Loss 0.0450 | LR 6.63e-06 | samples_seen=180312
2026-05-16 01:54:35,691  INFO  Epoch 1 | Step 9920/11932 | Loss 2.4190 | LR 6.61e-06 | samples_seen=180608
2026-05-16 01:54:36,583  INFO  Epoch 1 | Step 9920/11932 | Loss 0.0469 | LR 6.61e-06 | samples_seen=180616
2026-05-16 01:54:37,759  INFO  Epoch 1 | Step 9920/11932 | Loss 0.1033 | LR 6.61e-06 | samples_seen=180624
2026-05-16 01:54:38,481  INFO  Epoch 1 | Step 9920/11932 | Loss 0.0578 | LR 6.61e-06 | samples_seen=180632
2026-05-16 01:55:11,748  INFO  Epoch 1 | Step 9930/11932 | Loss 2.3168 | LR 6.58e-06 | samples_seen=180928
2026-05-16 01:55:12,459  INFO  Epoch 1 | Step 9930/11932 | Loss 0.0735 | LR 6.58e-06 | samples_seen=180936
2026-05-16 01:55:13,192  INFO  Epoch 1 | Step 9930/11932 | Loss 0.0611 | LR 6.58e-06 | samples_seen=180944
2026-05-16 01:55:13,847  INFO  Epoch 1 | Step 9930/11932 | Loss 0.0684 | LR 6.58e-06 | samples_seen=180952
2026-05-16 01:55:43,433  INFO  Epoch 1 | Step 9940/11932 | Loss 2.4580 | LR 6.56e-06 | samples_seen=181248
2026-05-16 01:55:44,113  INFO  Epoch 1 | Step 9940/11932 | Loss 0.0613 | LR 6.56e-06 | samples_seen=181256
2026-05-16 01:55:45,019  INFO  Epoch 1 | Step 9940/11932 | Loss 0.0326 | LR 6.56e-06 | samples_seen=181264
2026-05-16 01:55:45,902  INFO  Epoch 1 | Step 9940/11932 | Loss 0.0560 | LR 6.56e-06 | samples_seen=181272
2026-05-16 01:56:16,920  INFO  Epoch 1 | Step 9950/11932 | Loss 2.5756 | LR 6.53e-06 | samples_seen=181568
2026-05-16 01:56:17,920  INFO  Epoch 1 | Step 9950/11932 | Loss 0.0795 | LR 6.53e-06 | samples_seen=181576
2026-05-16 01:56:19,371  INFO  Epoch 1 | Step 9950/11932 | Loss 0.0683 | LR 6.53e-06 | samples_seen=181584
2026-05-16 01:56:20,400  INFO  Epoch 1 | Step 9950/11932 | Loss 0.0647 | LR 6.53e-06 | samples_seen=181592
2026-05-16 01:56:50,049  INFO  Epoch 1 | Step 9960/11932 | Loss 2.5399 | LR 6.50e-06 | samples_seen=181888
2026-05-16 01:56:51,503  INFO  Epoch 1 | Step 9960/11932 | Loss 0.0811 | LR 6.50e-06 | samples_seen=181896
2026-05-16 01:56:52,388  INFO  Epoch 1 | Step 9960/11932 | Loss 0.0491 | LR 6.50e-06 | samples_seen=181904
2026-05-16 01:56:53,163  INFO  Epoch 1 | Step 9960/11932 | Loss 0.0365 | LR 6.50e-06 | samples_seen=181912
2026-05-16 01:57:23,583  INFO  Epoch 1 | Step 9970/11932 | Loss 2.6556 | LR 6.48e-06 | samples_seen=182208
2026-05-16 01:57:24,211  INFO  Epoch 1 | Step 9970/11932 | Loss 0.0610 | LR 6.48e-06 | samples_seen=182216
2026-05-16 01:57:25,099  INFO  Epoch 1 | Step 9970/11932 | Loss 0.0553 | LR 6.48e-06 | samples_seen=182224
2026-05-16 01:57:25,539  INFO  Epoch 1 | Step 9970/11932 | Loss 0.0872 | LR 6.48e-06 | samples_seen=182232
2026-05-16 01:57:54,380  INFO  Epoch 1 | Step 9980/11932 | Loss 2.4887 | LR 6.45e-06 | samples_seen=182528
2026-05-16 01:57:55,381  INFO  Epoch 1 | Step 9980/11932 | Loss 0.0546 | LR 6.45e-06 | samples_seen=182536
2026-05-16 01:57:56,494  INFO  Epoch 1 | Step 9980/11932 | Loss 0.0433 | LR 6.45e-06 | samples_seen=182544
2026-05-16 01:57:57,523  INFO  Epoch 1 | Step 9980/11932 | Loss 0.0446 | LR 6.45e-06 | samples_seen=182552
2026-05-16 01:58:26,979  INFO  Epoch 1 | Step 9990/11932 | Loss 2.5521 | LR 6.43e-06 | samples_seen=182848
2026-05-16 01:58:27,523  INFO  Epoch 1 | Step 9990/11932 | Loss 0.0534 | LR 6.43e-06 | samples_seen=182856
2026-05-16 01:58:28,310  INFO  Epoch 1 | Step 9990/11932 | Loss 0.0787 | LR 6.43e-06 | samples_seen=182864
2026-05-16 01:58:28,849  INFO  Epoch 1 | Step 9990/11932 | Loss 0.0841 | LR 6.43e-06 | samples_seen=182872
2026-05-16 01:58:59,106  INFO  Epoch 1 | Step 10000/11932 | Loss 2.3875 | LR 6.40e-06 | samples_seen=183168
2026-05-16 01:58:59,490  INFO  Epoch 1 | Step 10000/11932 | Loss 0.1023 | LR 6.40e-06 | samples_seen=183176
2026-05-16 01:59:00,544  INFO  Epoch 1 | Step 10000/11932 | Loss 0.0731 | LR 6.40e-06 | samples_seen=183184
2026-05-16 01:59:01,319  INFO  Epoch 1 | Step 10000/11932 | Loss 0.0397 | LR 6.40e-06 | samples_seen=183192
2026-05-16 01:59:33,274  INFO  Epoch 1 | Step 10010/11932 | Loss 2.5054 | LR 6.38e-06 | samples_seen=183488
2026-05-16 01:59:33,798  INFO  Epoch 1 | Step 10010/11932 | Loss 0.0654 | LR 6.38e-06 | samples_seen=183496
2026-05-16 01:59:34,487  INFO  Epoch 1 | Step 10010/11932 | Loss 0.0660 | LR 6.38e-06 | samples_seen=183504
2026-05-16 01:59:35,265  INFO  Epoch 1 | Step 10010/11932 | Loss 0.0568 | LR 6.38e-06 | samples_seen=183512
2026-05-16 02:00:05,830  INFO  Epoch 1 | Step 10020/11932 | Loss 2.4244 | LR 6.35e-06 | samples_seen=183808
2026-05-16 02:00:06,373  INFO  Epoch 1 | Step 10020/11932 | Loss 0.0676 | LR 6.35e-06 | samples_seen=183816
2026-05-16 02:00:06,836  INFO  Epoch 1 | Step 10020/11932 | Loss 0.0844 | LR 6.35e-06 | samples_seen=183824
2026-05-16 02:00:07,574  INFO  Epoch 1 | Step 10020/11932 | Loss 0.0662 | LR 6.35e-06 | samples_seen=183832
2026-05-16 02:00:40,147  INFO  Epoch 1 | Step 10030/11932 | Loss 2.5405 | LR 6.33e-06 | samples_seen=184128
2026-05-16 02:00:41,416  INFO  Epoch 1 | Step 10030/11932 | Loss 0.0513 | LR 6.33e-06 | samples_seen=184136
2026-05-16 02:00:42,022  INFO  Epoch 1 | Step 10030/11932 | Loss 0.0525 | LR 6.33e-06 | samples_seen=184144
2026-05-16 02:00:42,517  INFO  Epoch 1 | Step 10030/11932 | Loss 0.0851 | LR 6.33e-06 | samples_seen=184152
2026-05-16 02:01:12,615  INFO  Epoch 1 | Step 10040/11932 | Loss 2.5312 | LR 6.30e-06 | samples_seen=184448
2026-05-16 02:01:13,765  INFO  Epoch 1 | Step 10040/11932 | Loss 0.0480 | LR 6.30e-06 | samples_seen=184456
2026-05-16 02:01:14,622  INFO  Epoch 1 | Step 10040/11932 | Loss 0.0502 | LR 6.30e-06 | samples_seen=184464
2026-05-16 02:01:15,350  INFO  Epoch 1 | Step 10040/11932 | Loss 0.0649 | LR 6.30e-06 | samples_seen=184472
2026-05-16 02:01:45,453  INFO  Epoch 1 | Step 10050/11932 | Loss 2.7339 | LR 6.28e-06 | samples_seen=184768
2026-05-16 02:01:46,128  INFO  Epoch 1 | Step 10050/11932 | Loss 0.0594 | LR 6.28e-06 | samples_seen=184776
2026-05-16 02:01:46,571  INFO  Epoch 1 | Step 10050/11932 | Loss 0.1066 | LR 6.28e-06 | samples_seen=184784
2026-05-16 02:01:47,721  INFO  Epoch 1 | Step 10050/11932 | Loss 0.0606 | LR 6.28e-06 | samples_seen=184792
2026-05-16 02:02:21,917  INFO  Epoch 1 | Step 10060/11932 | Loss 2.4692 | LR 6.25e-06 | samples_seen=185088
2026-05-16 02:02:23,368  INFO  Epoch 1 | Step 10060/11932 | Loss 0.0752 | LR 6.25e-06 | samples_seen=185096
2026-05-16 02:02:24,489  INFO  Epoch 1 | Step 10060/11932 | Loss 0.0812 | LR 6.25e-06 | samples_seen=185104
2026-05-16 02:02:25,398  INFO  Epoch 1 | Step 10060/11932 | Loss 0.0614 | LR 6.25e-06 | samples_seen=185112
2026-05-16 02:02:57,916  INFO  Epoch 1 | Step 10070/11932 | Loss 2.5534 | LR 6.23e-06 | samples_seen=185408
2026-05-16 02:02:58,947  INFO  Epoch 1 | Step 10070/11932 | Loss 0.0594 | LR 6.23e-06 | samples_seen=185416
2026-05-16 02:02:59,271  INFO  Epoch 1 | Step 10070/11932 | Loss 0.1041 | LR 6.23e-06 | samples_seen=185424
2026-05-16 02:03:00,412  INFO  Epoch 1 | Step 10070/11932 | Loss 0.0473 | LR 6.23e-06 | samples_seen=185432
2026-05-16 02:03:35,281  INFO  Epoch 1 | Step 10080/11932 | Loss 2.3808 | LR 6.20e-06 | samples_seen=185728
2026-05-16 02:03:36,162  INFO  Epoch 1 | Step 10080/11932 | Loss 0.0583 | LR 6.20e-06 | samples_seen=185736
2026-05-16 02:03:37,190  INFO  Epoch 1 | Step 10080/11932 | Loss 0.0747 | LR 6.20e-06 | samples_seen=185744
2026-05-16 02:03:38,027  INFO  Epoch 1 | Step 10080/11932 | Loss 0.0575 | LR 6.20e-06 | samples_seen=185752
2026-05-16 02:04:06,639  INFO  Epoch 1 | Step 10090/11932 | Loss 2.7843 | LR 6.18e-06 | samples_seen=186048
2026-05-16 02:04:07,310  INFO  Epoch 1 | Step 10090/11932 | Loss 0.0588 | LR 6.18e-06 | samples_seen=186056
2026-05-16 02:04:08,300  INFO  Epoch 1 | Step 10090/11932 | Loss 0.0751 | LR 6.18e-06 | samples_seen=186064
2026-05-16 02:04:09,541  INFO  Epoch 1 | Step 10090/11932 | Loss 0.0544 | LR 6.18e-06 | samples_seen=186072
2026-05-16 02:04:38,248  INFO  Epoch 1 | Step 10100/11932 | Loss 2.5302 | LR 6.15e-06 | samples_seen=186368
2026-05-16 02:04:39,248  INFO  Epoch 1 | Step 10100/11932 | Loss 0.0819 | LR 6.15e-06 | samples_seen=186376
2026-05-16 02:04:39,742  INFO  Epoch 1 | Step 10100/11932 | Loss 0.0735 | LR 6.15e-06 | samples_seen=186384
2026-05-16 02:04:40,383  INFO  Epoch 1 | Step 10100/11932 | Loss 0.0483 | LR 6.15e-06 | samples_seen=186392
2026-05-16 02:05:14,716  INFO  Epoch 1 | Step 10110/11932 | Loss 2.4151 | LR 6.13e-06 | samples_seen=186688
2026-05-16 02:05:15,297  INFO  Epoch 1 | Step 10110/11932 | Loss 0.0746 | LR 6.13e-06 | samples_seen=186696
2026-05-16 02:05:16,093  INFO  Epoch 1 | Step 10110/11932 | Loss 0.0561 | LR 6.13e-06 | samples_seen=186704
2026-05-16 02:05:16,702  INFO  Epoch 1 | Step 10110/11932 | Loss 0.0797 | LR 6.13e-06 | samples_seen=186712
2026-05-16 02:05:47,865  INFO  Epoch 1 | Step 10120/11932 | Loss 2.3920 | LR 6.10e-06 | samples_seen=187008
2026-05-16 02:05:48,482  INFO  Epoch 1 | Step 10120/11932 | Loss 0.0537 | LR 6.10e-06 | samples_seen=187016
2026-05-16 02:05:48,943  INFO  Epoch 1 | Step 10120/11932 | Loss 0.0721 | LR 6.10e-06 | samples_seen=187024
2026-05-16 02:05:50,065  INFO  Epoch 1 | Step 10120/11932 | Loss 0.0667 | LR 6.10e-06 | samples_seen=187032
2026-05-16 02:06:21,531  INFO  Epoch 1 | Step 10130/11932 | Loss 2.5948 | LR 6.08e-06 | samples_seen=187328
2026-05-16 02:06:22,205  INFO  Epoch 1 | Step 10130/11932 | Loss 0.0832 | LR 6.08e-06 | samples_seen=187336
2026-05-16 02:06:23,491  INFO  Epoch 1 | Step 10130/11932 | Loss 0.0546 | LR 6.08e-06 | samples_seen=187344
2026-05-16 02:06:24,471  INFO  Epoch 1 | Step 10130/11932 | Loss 0.0303 | LR 6.08e-06 | samples_seen=187352
2026-05-16 02:06:54,072  INFO  Epoch 1 | Step 10140/11932 | Loss 2.5294 | LR 6.05e-06 | samples_seen=187648
2026-05-16 02:06:55,527  INFO  Epoch 1 | Step 10140/11932 | Loss 0.0629 | LR 6.05e-06 | samples_seen=187656
2026-05-16 02:06:56,810  INFO  Epoch 1 | Step 10140/11932 | Loss 0.0816 | LR 6.05e-06 | samples_seen=187664
2026-05-16 02:06:57,923  INFO  Epoch 1 | Step 10140/11932 | Loss 0.0583 | LR 6.05e-06 | samples_seen=187672
2026-05-16 02:07:29,562  INFO  Epoch 1 | Step 10150/11932 | Loss 2.4118 | LR 6.03e-06 | samples_seen=187968
2026-05-16 02:07:30,095  INFO  Epoch 1 | Step 10150/11932 | Loss 0.0682 | LR 6.03e-06 | samples_seen=187976
2026-05-16 02:07:31,203  INFO  Epoch 1 | Step 10150/11932 | Loss 0.0565 | LR 6.03e-06 | samples_seen=187984
2026-05-16 02:07:32,197  INFO  Epoch 1 | Step 10150/11932 | Loss 0.0502 | LR 6.03e-06 | samples_seen=187992
2026-05-16 02:08:03,250  INFO  Epoch 1 | Step 10160/11932 | Loss 2.3361 | LR 6.00e-06 | samples_seen=188288
2026-05-16 02:08:03,686  INFO  Epoch 1 | Step 10160/11932 | Loss 0.0606 | LR 6.00e-06 | samples_seen=188296
2026-05-16 02:08:05,087  INFO  Epoch 1 | Step 10160/11932 | Loss 0.0899 | LR 6.00e-06 | samples_seen=188304
2026-05-16 02:08:06,249  INFO  Epoch 1 | Step 10160/11932 | Loss 0.0503 | LR 6.00e-06 | samples_seen=188312
2026-05-16 02:08:37,412  INFO  Epoch 1 | Step 10170/11932 | Loss 2.4980 | LR 5.98e-06 | samples_seen=188608
2026-05-16 02:08:37,967  INFO  Epoch 1 | Step 10170/11932 | Loss 0.0519 | LR 5.98e-06 | samples_seen=188616
2026-05-16 02:08:38,660  INFO  Epoch 1 | Step 10170/11932 | Loss 0.0666 | LR 5.98e-06 | samples_seen=188624
2026-05-16 02:08:39,577  INFO  Epoch 1 | Step 10170/11932 | Loss 0.0573 | LR 5.98e-06 | samples_seen=188632
2026-05-16 02:09:11,753  INFO  Epoch 1 | Step 10180/11932 | Loss 2.4492 | LR 5.95e-06 | samples_seen=188928
2026-05-16 02:09:12,512  INFO  Epoch 1 | Step 10180/11932 | Loss 0.0518 | LR 5.95e-06 | samples_seen=188936
2026-05-16 02:09:13,188  INFO  Epoch 1 | Step 10180/11932 | Loss 0.0643 | LR 5.95e-06 | samples_seen=188944
2026-05-16 02:09:14,040  INFO  Epoch 1 | Step 10180/11932 | Loss 0.0417 | LR 5.95e-06 | samples_seen=188952
2026-05-16 02:09:45,556  INFO  Epoch 1 | Step 10190/11932 | Loss 2.3979 | LR 5.93e-06 | samples_seen=189248
2026-05-16 02:09:46,165  INFO  Epoch 1 | Step 10190/11932 | Loss 0.0576 | LR 5.93e-06 | samples_seen=189256
2026-05-16 02:09:47,067  INFO  Epoch 1 | Step 10190/11932 | Loss 0.0680 | LR 5.93e-06 | samples_seen=189264
2026-05-16 02:09:48,299  INFO  Epoch 1 | Step 10190/11932 | Loss 0.0585 | LR 5.93e-06 | samples_seen=189272
2026-05-16 02:10:17,772  INFO  Epoch 1 | Step 10200/11932 | Loss 2.3952 | LR 5.90e-06 | samples_seen=189568
2026-05-16 02:10:18,274  INFO  Epoch 1 | Step 10200/11932 | Loss 0.0694 | LR 5.90e-06 | samples_seen=189576
2026-05-16 02:10:19,436  INFO  Epoch 1 | Step 10200/11932 | Loss 0.0534 | LR 5.90e-06 | samples_seen=189584
2026-05-16 02:10:20,422  INFO  Epoch 1 | Step 10200/11932 | Loss 0.0638 | LR 5.90e-06 | samples_seen=189592
2026-05-16 02:10:51,196  INFO  Epoch 1 | Step 10210/11932 | Loss 2.5490 | LR 5.88e-06 | samples_seen=189888
2026-05-16 02:10:51,780  INFO  Epoch 1 | Step 10210/11932 | Loss 0.0737 | LR 5.88e-06 | samples_seen=189896
2026-05-16 02:10:52,939  INFO  Epoch 1 | Step 10210/11932 | Loss 0.0530 | LR 5.88e-06 | samples_seen=189904
2026-05-16 02:10:53,815  INFO  Epoch 1 | Step 10210/11932 | Loss 0.0722 | LR 5.88e-06 | samples_seen=189912
2026-05-16 02:11:25,165  INFO  Epoch 1 | Step 10220/11932 | Loss 2.3682 | LR 5.85e-06 | samples_seen=190208
2026-05-16 02:11:25,985  INFO  Epoch 1 | Step 10220/11932 | Loss 0.0676 | LR 5.85e-06 | samples_seen=190216
2026-05-16 02:11:27,176  INFO  Epoch 1 | Step 10220/11932 | Loss 0.0469 | LR 5.85e-06 | samples_seen=190224
2026-05-16 02:11:27,920  INFO  Epoch 1 | Step 10220/11932 | Loss 0.0482 | LR 5.85e-06 | samples_seen=190232
2026-05-16 02:11:58,647  INFO  Epoch 1 | Step 10230/11932 | Loss 2.7550 | LR 5.83e-06 | samples_seen=190528
2026-05-16 02:11:59,637  INFO  Epoch 1 | Step 10230/11932 | Loss 0.0864 | LR 5.83e-06 | samples_seen=190536
2026-05-16 02:12:00,443  INFO  Epoch 1 | Step 10230/11932 | Loss 0.0528 | LR 5.83e-06 | samples_seen=190544
2026-05-16 02:12:01,604  INFO  Epoch 1 | Step 10230/11932 | Loss 0.0640 | LR 5.83e-06 | samples_seen=190552
2026-05-16 02:12:35,871  INFO  Epoch 1 | Step 10240/11932 | Loss 2.4763 | LR 5.80e-06 | samples_seen=190848
2026-05-16 02:12:36,740  INFO  Epoch 1 | Step 10240/11932 | Loss 0.0690 | LR 5.80e-06 | samples_seen=190856
2026-05-16 02:12:37,496  INFO  Epoch 1 | Step 10240/11932 | Loss 0.0494 | LR 5.80e-06 | samples_seen=190864
2026-05-16 02:12:38,095  INFO  Epoch 1 | Step 10240/11932 | Loss 0.0639 | LR 5.80e-06 | samples_seen=190872
2026-05-16 02:13:11,265  INFO  Epoch 1 | Step 10250/11932 | Loss 2.4996 | LR 5.78e-06 | samples_seen=191168
2026-05-16 02:13:12,252  INFO  Epoch 1 | Step 10250/11932 | Loss 0.0540 | LR 5.78e-06 | samples_seen=191176
2026-05-16 02:13:12,792  INFO  Epoch 1 | Step 10250/11932 | Loss 0.1039 | LR 5.78e-06 | samples_seen=191184
2026-05-16 02:13:14,116  INFO  Epoch 1 | Step 10250/11932 | Loss 0.0833 | LR 5.78e-06 | samples_seen=191192
2026-05-16 02:13:45,521  INFO  Epoch 1 | Step 10260/11932 | Loss 2.1261 | LR 5.75e-06 | samples_seen=191488
2026-05-16 02:13:46,185  INFO  Epoch 1 | Step 10260/11932 | Loss 0.0627 | LR 5.75e-06 | samples_seen=191496
2026-05-16 02:13:47,656  INFO  Epoch 1 | Step 10260/11932 | Loss 0.0715 | LR 5.75e-06 | samples_seen=191504
2026-05-16 02:13:48,199  INFO  Epoch 1 | Step 10260/11932 | Loss 0.0781 | LR 5.75e-06 | samples_seen=191512
2026-05-16 02:14:19,608  INFO  Epoch 1 | Step 10270/11932 | Loss 2.5823 | LR 5.73e-06 | samples_seen=191808
2026-05-16 02:14:20,862  INFO  Epoch 1 | Step 10270/11932 | Loss 0.0529 | LR 5.73e-06 | samples_seen=191816
2026-05-16 02:14:21,704  INFO  Epoch 1 | Step 10270/11932 | Loss 0.0358 | LR 5.73e-06 | samples_seen=191824
2026-05-16 02:14:22,856  INFO  Epoch 1 | Step 10270/11932 | Loss 0.0594 | LR 5.73e-06 | samples_seen=191832
2026-05-16 02:14:52,842  INFO  Epoch 1 | Step 10280/11932 | Loss 2.2845 | LR 5.71e-06 | samples_seen=192128
2026-05-16 02:14:53,482  INFO  Epoch 1 | Step 10280/11932 | Loss 0.0391 | LR 5.71e-06 | samples_seen=192136
2026-05-16 02:14:54,591  INFO  Epoch 1 | Step 10280/11932 | Loss 0.0825 | LR 5.71e-06 | samples_seen=192144
2026-05-16 02:14:55,569  INFO  Epoch 1 | Step 10280/11932 | Loss 0.0597 | LR 5.71e-06 | samples_seen=192152
2026-05-16 02:15:28,279  INFO  Epoch 1 | Step 10290/11932 | Loss 2.5409 | LR 5.68e-06 | samples_seen=192448
2026-05-16 02:15:28,749  INFO  Epoch 1 | Step 10290/11932 | Loss 0.0732 | LR 5.68e-06 | samples_seen=192456
2026-05-16 02:15:29,587  INFO  Epoch 1 | Step 10290/11932 | Loss 0.0533 | LR 5.68e-06 | samples_seen=192464
2026-05-16 02:15:30,388  INFO  Epoch 1 | Step 10290/11932 | Loss 0.0573 | LR 5.68e-06 | samples_seen=192472
2026-05-16 02:16:05,512  INFO  Epoch 1 | Step 10300/11932 | Loss 2.4108 | LR 5.66e-06 | samples_seen=192768
2026-05-16 02:16:06,164  INFO  Epoch 1 | Step 10300/11932 | Loss 0.0473 | LR 5.66e-06 | samples_seen=192776
2026-05-16 02:16:07,442  INFO  Epoch 1 | Step 10300/11932 | Loss 0.0806 | LR 5.66e-06 | samples_seen=192784
2026-05-16 02:16:07,975  INFO  Epoch 1 | Step 10300/11932 | Loss 0.0743 | LR 5.66e-06 | samples_seen=192792
2026-05-16 02:16:37,650  INFO  Epoch 1 | Step 10310/11932 | Loss 2.4604 | LR 5.63e-06 | samples_seen=193088
2026-05-16 02:16:38,400  INFO  Epoch 1 | Step 10310/11932 | Loss 0.0526 | LR 5.63e-06 | samples_seen=193096
2026-05-16 02:16:38,915  INFO  Epoch 1 | Step 10310/11932 | Loss 0.1023 | LR 5.63e-06 | samples_seen=193104
2026-05-16 02:16:39,968  INFO  Epoch 1 | Step 10310/11932 | Loss 0.0713 | LR 5.63e-06 | samples_seen=193112
2026-05-16 02:17:10,170  INFO  Epoch 1 | Step 10320/11932 | Loss 2.5334 | LR 5.61e-06 | samples_seen=193408
2026-05-16 02:17:10,696  INFO  Epoch 1 | Step 10320/11932 | Loss 0.0904 | LR 5.61e-06 | samples_seen=193416
2026-05-16 02:17:11,733  INFO  Epoch 1 | Step 10320/11932 | Loss 0.0487 | LR 5.61e-06 | samples_seen=193424
2026-05-16 02:17:12,507  INFO  Epoch 1 | Step 10320/11932 | Loss 0.0432 | LR 5.61e-06 | samples_seen=193432
2026-05-16 02:17:46,236  INFO  Epoch 1 | Step 10330/11932 | Loss 2.2490 | LR 5.58e-06 | samples_seen=193728
2026-05-16 02:17:46,825  INFO  Epoch 1 | Step 10330/11932 | Loss 0.0663 | LR 5.58e-06 | samples_seen=193736
2026-05-16 02:17:47,328  INFO  Epoch 1 | Step 10330/11932 | Loss 0.1010 | LR 5.58e-06 | samples_seen=193744
2026-05-16 02:17:47,814  INFO  Epoch 1 | Step 10330/11932 | Loss 0.0858 | LR 5.58e-06 | samples_seen=193752
2026-05-16 02:18:21,173  INFO  Epoch 1 | Step 10340/11932 | Loss 2.3730 | LR 5.56e-06 | samples_seen=194048
2026-05-16 02:18:21,723  INFO  Epoch 1 | Step 10340/11932 | Loss 0.0633 | LR 5.56e-06 | samples_seen=194056
2026-05-16 02:18:22,482  INFO  Epoch 1 | Step 10340/11932 | Loss 0.0451 | LR 5.56e-06 | samples_seen=194064
2026-05-16 02:18:23,229  INFO  Epoch 1 | Step 10340/11932 | Loss 0.0591 | LR 5.56e-06 | samples_seen=194072
2026-05-16 02:18:55,840  INFO  Epoch 1 | Step 10350/11932 | Loss 2.4078 | LR 5.53e-06 | samples_seen=194368
2026-05-16 02:18:56,352  INFO  Epoch 1 | Step 10350/11932 | Loss 0.0740 | LR 5.53e-06 | samples_seen=194376
2026-05-16 02:18:57,207  INFO  Epoch 1 | Step 10350/11932 | Loss 0.0303 | LR 5.53e-06 | samples_seen=194384
2026-05-16 02:18:57,659  INFO  Epoch 1 | Step 10350/11932 | Loss 0.0731 | LR 5.53e-06 | samples_seen=194392
2026-05-16 02:22:45,091  INFO  Checkpoint saved → ../checkpoints/stage2_h100/step10353 | global_step=10353 | samples_seen=194480
2026-05-16 02:23:04,528  INFO  Epoch 1 | Step 10360/11932 | Loss 2.3443 | LR 5.51e-06 | samples_seen=194688
2026-05-16 02:23:05,378  INFO  Epoch 1 | Step 10360/11932 | Loss 0.0399 | LR 5.51e-06 | samples_seen=194696
2026-05-16 02:23:06,440  INFO  Epoch 1 | Step 10360/11932 | Loss 0.0395 | LR 5.51e-06 | samples_seen=194704
2026-05-16 02:23:07,513  INFO  Epoch 1 | Step 10360/11932 | Loss 0.0542 | LR 5.51e-06 | samples_seen=194712
2026-05-16 02:23:38,555  INFO  Epoch 1 | Step 10370/11932 | Loss 2.5189 | LR 5.49e-06 | samples_seen=195008
2026-05-16 02:23:39,275  INFO  Epoch 1 | Step 10370/11932 | Loss 0.0636 | LR 5.49e-06 | samples_seen=195016
2026-05-16 02:23:39,808  INFO  Epoch 1 | Step 10370/11932 | Loss 0.0811 | LR 5.49e-06 | samples_seen=195024
2026-05-16 02:23:40,593  INFO  Epoch 1 | Step 10370/11932 | Loss 0.0435 | LR 5.49e-06 | samples_seen=195032
2026-05-16 02:24:10,171  INFO  Epoch 1 | Step 10380/11932 | Loss 2.6145 | LR 5.46e-06 | samples_seen=195328
2026-05-16 02:24:10,899  INFO  Epoch 1 | Step 10380/11932 | Loss 0.0672 | LR 5.46e-06 | samples_seen=195336
2026-05-16 02:24:11,810  INFO  Epoch 1 | Step 10380/11932 | Loss 0.0523 | LR 5.46e-06 | samples_seen=195344
2026-05-16 02:24:12,631  INFO  Epoch 1 | Step 10380/11932 | Loss 0.0522 | LR 5.46e-06 | samples_seen=195352
2026-05-16 02:24:44,920  INFO  Epoch 1 | Step 10390/11932 | Loss 2.7225 | LR 5.44e-06 | samples_seen=195648
2026-05-16 02:24:46,277  INFO  Epoch 1 | Step 10390/11932 | Loss 0.0521 | LR 5.44e-06 | samples_seen=195656
2026-05-16 02:24:46,935  INFO  Epoch 1 | Step 10390/11932 | Loss 0.0607 | LR 5.44e-06 | samples_seen=195664
2026-05-16 02:24:47,441  INFO  Epoch 1 | Step 10390/11932 | Loss 0.0637 | LR 5.44e-06 | samples_seen=195672
2026-05-16 02:25:17,544  INFO  Epoch 1 | Step 10400/11932 | Loss 2.5271 | LR 5.41e-06 | samples_seen=195968
2026-05-16 02:25:18,172  INFO  Epoch 1 | Step 10400/11932 | Loss 0.0709 | LR 5.41e-06 | samples_seen=195976
2026-05-16 02:25:18,861  INFO  Epoch 1 | Step 10400/11932 | Loss 0.0402 | LR 5.41e-06 | samples_seen=195984
2026-05-16 02:25:19,880  INFO  Epoch 1 | Step 10400/11932 | Loss 0.0822 | LR 5.41e-06 | samples_seen=195992
2026-05-16 02:25:49,555  INFO  Epoch 1 | Step 10410/11932 | Loss 2.5466 | LR 5.39e-06 | samples_seen=196288
2026-05-16 02:25:50,545  INFO  Epoch 1 | Step 10410/11932 | Loss 0.0553 | LR 5.39e-06 | samples_seen=196296
2026-05-16 02:25:51,120  INFO  Epoch 1 | Step 10410/11932 | Loss 0.0460 | LR 5.39e-06 | samples_seen=196304
2026-05-16 02:25:52,609  INFO  Epoch 1 | Step 10410/11932 | Loss 0.0838 | LR 5.39e-06 | samples_seen=196312
2026-05-16 02:26:24,774  INFO  Epoch 1 | Step 10420/11932 | Loss 2.4473 | LR 5.37e-06 | samples_seen=196608
2026-05-16 02:26:25,217  INFO  Epoch 1 | Step 10420/11932 | Loss 0.0861 | LR 5.37e-06 | samples_seen=196616
2026-05-16 02:26:26,184  INFO  Epoch 1 | Step 10420/11932 | Loss 0.0820 | LR 5.37e-06 | samples_seen=196624
2026-05-16 02:26:26,871  INFO  Epoch 1 | Step 10420/11932 | Loss 0.0573 | LR 5.37e-06 | samples_seen=196632
2026-05-16 02:26:58,247  INFO  Epoch 1 | Step 10430/11932 | Loss 2.5365 | LR 5.34e-06 | samples_seen=196928
2026-05-16 02:26:58,911  INFO  Epoch 1 | Step 10430/11932 | Loss 0.0718 | LR 5.34e-06 | samples_seen=196936
2026-05-16 02:26:59,653  INFO  Epoch 1 | Step 10430/11932 | Loss 0.0445 | LR 5.34e-06 | samples_seen=196944
2026-05-16 02:27:00,249  INFO  Epoch 1 | Step 10430/11932 | Loss 0.0551 | LR 5.34e-06 | samples_seen=196952
2026-05-16 02:27:30,283  INFO  Epoch 1 | Step 10440/11932 | Loss 2.5967 | LR 5.32e-06 | samples_seen=197248
2026-05-16 02:27:31,454  INFO  Epoch 1 | Step 10440/11932 | Loss 0.0514 | LR 5.32e-06 | samples_seen=197256
2026-05-16 02:27:32,490  INFO  Epoch 1 | Step 10440/11932 | Loss 0.0454 | LR 5.32e-06 | samples_seen=197264
2026-05-16 02:27:33,179  INFO  Epoch 1 | Step 10440/11932 | Loss 0.0696 | LR 5.32e-06 | samples_seen=197272
2026-05-16 02:28:04,850  INFO  Epoch 1 | Step 10450/11932 | Loss 2.7472 | LR 5.29e-06 | samples_seen=197568
2026-05-16 02:28:05,767  INFO  Epoch 1 | Step 10450/11932 | Loss 0.0404 | LR 5.29e-06 | samples_seen=197576
2026-05-16 02:28:06,403  INFO  Epoch 1 | Step 10450/11932 | Loss 0.0565 | LR 5.29e-06 | samples_seen=197584
2026-05-16 02:28:07,069  INFO  Epoch 1 | Step 10450/11932 | Loss 0.0557 | LR 5.29e-06 | samples_seen=197592
2026-05-16 02:28:40,144  INFO  Epoch 1 | Step 10460/11932 | Loss 2.5427 | LR 5.27e-06 | samples_seen=197888
2026-05-16 02:28:40,863  INFO  Epoch 1 | Step 10460/11932 | Loss 0.0411 | LR 5.27e-06 | samples_seen=197896
2026-05-16 02:28:42,095  INFO  Epoch 1 | Step 10460/11932 | Loss 0.0877 | LR 5.27e-06 | samples_seen=197904
2026-05-16 02:28:42,967  INFO  Epoch 1 | Step 10460/11932 | Loss 0.0612 | LR 5.27e-06 | samples_seen=197912
2026-05-16 02:29:11,052  INFO  Epoch 1 | Step 10470/11932 | Loss 2.3343 | LR 5.25e-06 | samples_seen=198208
2026-05-16 02:29:11,489  INFO  Epoch 1 | Step 10470/11932 | Loss 0.0608 | LR 5.25e-06 | samples_seen=198216
2026-05-16 02:29:12,049  INFO  Epoch 1 | Step 10470/11932 | Loss 0.0918 | LR 5.25e-06 | samples_seen=198224
2026-05-16 02:29:12,644  INFO  Epoch 1 | Step 10470/11932 | Loss 0.0505 | LR 5.25e-06 | samples_seen=198232
2026-05-16 02:29:44,452  INFO  Epoch 1 | Step 10480/11932 | Loss 2.4046 | LR 5.22e-06 | samples_seen=198528
2026-05-16 02:29:44,802  INFO  Epoch 1 | Step 10480/11932 | Loss 0.1156 | LR 5.22e-06 | samples_seen=198536
2026-05-16 02:29:45,980  INFO  Epoch 1 | Step 10480/11932 | Loss 0.0607 | LR 5.22e-06 | samples_seen=198544
2026-05-16 02:29:47,387  INFO  Epoch 1 | Step 10480/11932 | Loss 0.0891 | LR 5.22e-06 | samples_seen=198552
2026-05-16 02:30:17,615  INFO  Epoch 1 | Step 10490/11932 | Loss 2.5418 | LR 5.20e-06 | samples_seen=198848
2026-05-16 02:30:19,062  INFO  Epoch 1 | Step 10490/11932 | Loss 0.1149 | LR 5.20e-06 | samples_seen=198856
2026-05-16 02:30:19,621  INFO  Epoch 1 | Step 10490/11932 | Loss 0.0646 | LR 5.20e-06 | samples_seen=198864
2026-05-16 02:30:20,112  INFO  Epoch 1 | Step 10490/11932 | Loss 0.0800 | LR 5.20e-06 | samples_seen=198872
2026-05-16 02:30:50,646  INFO  Epoch 1 | Step 10500/11932 | Loss 2.5409 | LR 5.17e-06 | samples_seen=199168
2026-05-16 02:30:51,296  INFO  Epoch 1 | Step 10500/11932 | Loss 0.0633 | LR 5.17e-06 | samples_seen=199176
2026-05-16 02:30:51,813  INFO  Epoch 1 | Step 10500/11932 | Loss 0.1039 | LR 5.17e-06 | samples_seen=199184
2026-05-16 02:30:52,669  INFO  Epoch 1 | Step 10500/11932 | Loss 0.0632 | LR 5.17e-06 | samples_seen=199192
2026-05-16 02:31:24,632  INFO  Epoch 1 | Step 10510/11932 | Loss 2.3971 | LR 5.15e-06 | samples_seen=199488
2026-05-16 02:31:25,795  INFO  Epoch 1 | Step 10510/11932 | Loss 0.0487 | LR 5.15e-06 | samples_seen=199496
2026-05-16 02:31:26,356  INFO  Epoch 1 | Step 10510/11932 | Loss 0.0592 | LR 5.15e-06 | samples_seen=199504
2026-05-16 02:31:27,015  INFO  Epoch 1 | Step 10510/11932 | Loss 0.0610 | LR 5.15e-06 | samples_seen=199512
2026-05-16 02:31:57,153  INFO  Epoch 1 | Step 10520/11932 | Loss 2.4253 | LR 5.13e-06 | samples_seen=199808
2026-05-16 02:31:57,866  INFO  Epoch 1 | Step 10520/11932 | Loss 0.0419 | LR 5.13e-06 | samples_seen=199816
2026-05-16 02:31:58,328  INFO  Epoch 1 | Step 10520/11932 | Loss 0.0829 | LR 5.13e-06 | samples_seen=199824
2026-05-16 02:31:59,101  INFO  Epoch 1 | Step 10520/11932 | Loss 0.0526 | LR 5.13e-06 | samples_seen=199832
2026-05-16 02:32:30,312  INFO  Epoch 1 | Step 10530/11932 | Loss 2.5707 | LR 5.10e-06 | samples_seen=200128
2026-05-16 02:32:31,757  INFO  Epoch 1 | Step 10530/11932 | Loss 0.0963 | LR 5.10e-06 | samples_seen=200136
2026-05-16 02:32:32,569  INFO  Epoch 1 | Step 10530/11932 | Loss 0.0508 | LR 5.10e-06 | samples_seen=200144
2026-05-16 02:32:33,895  INFO  Epoch 1 | Step 10530/11932 | Loss 0.0550 | LR 5.10e-06 | samples_seen=200152
2026-05-16 02:33:04,815  INFO  Epoch 1 | Step 10540/11932 | Loss 2.4326 | LR 5.08e-06 | samples_seen=200448
2026-05-16 02:33:05,344  INFO  Epoch 1 | Step 10540/11932 | Loss 0.0740 | LR 5.08e-06 | samples_seen=200456
2026-05-16 02:33:06,201  INFO  Epoch 1 | Step 10540/11932 | Loss 0.0601 | LR 5.08e-06 | samples_seen=200464
2026-05-16 02:33:06,970  INFO  Epoch 1 | Step 10540/11932 | Loss 0.0472 | LR 5.08e-06 | samples_seen=200472
2026-05-16 02:33:36,885  INFO  Epoch 1 | Step 10550/11932 | Loss 2.2962 | LR 5.06e-06 | samples_seen=200768
2026-05-16 02:33:37,659  INFO  Epoch 1 | Step 10550/11932 | Loss 0.0467 | LR 5.06e-06 | samples_seen=200776
2026-05-16 02:33:38,445  INFO  Epoch 1 | Step 10550/11932 | Loss 0.0807 | LR 5.06e-06 | samples_seen=200784
2026-05-16 02:33:39,198  INFO  Epoch 1 | Step 10550/11932 | Loss 0.0436 | LR 5.06e-06 | samples_seen=200792
2026-05-16 02:34:10,216  INFO  Epoch 1 | Step 10560/11932 | Loss 2.2884 | LR 5.03e-06 | samples_seen=201088
2026-05-16 02:34:10,803  INFO  Epoch 1 | Step 10560/11932 | Loss 0.0610 | LR 5.03e-06 | samples_seen=201096
2026-05-16 02:34:11,442  INFO  Epoch 1 | Step 10560/11932 | Loss 0.0726 | LR 5.03e-06 | samples_seen=201104
2026-05-16 02:34:11,902  INFO  Epoch 1 | Step 10560/11932 | Loss 0.0586 | LR 5.03e-06 | samples_seen=201112
2026-05-16 02:34:45,046  INFO  Epoch 1 | Step 10570/11932 | Loss 2.5049 | LR 5.01e-06 | samples_seen=201408
2026-05-16 02:34:45,664  INFO  Epoch 1 | Step 10570/11932 | Loss 0.0466 | LR 5.01e-06 | samples_seen=201416
2026-05-16 02:34:46,308  INFO  Epoch 1 | Step 10570/11932 | Loss 0.0578 | LR 5.01e-06 | samples_seen=201424
2026-05-16 02:34:47,408  INFO  Epoch 1 | Step 10570/11932 | Loss 0.0542 | LR 5.01e-06 | samples_seen=201432
2026-05-16 02:35:17,676  INFO  Epoch 1 | Step 10580/11932 | Loss 2.4038 | LR 4.99e-06 | samples_seen=201728
2026-05-16 02:35:18,630  INFO  Epoch 1 | Step 10580/11932 | Loss 0.0497 | LR 4.99e-06 | samples_seen=201736
2026-05-16 02:35:19,804  INFO  Epoch 1 | Step 10580/11932 | Loss 0.0565 | LR 4.99e-06 | samples_seen=201744
2026-05-16 02:35:20,665  INFO  Epoch 1 | Step 10580/11932 | Loss 0.0375 | LR 4.99e-06 | samples_seen=201752
2026-05-16 02:35:50,444  INFO  Epoch 1 | Step 10590/11932 | Loss 2.7269 | LR 4.96e-06 | samples_seen=202048
2026-05-16 02:35:50,950  INFO  Epoch 1 | Step 10590/11932 | Loss 0.1025 | LR 4.96e-06 | samples_seen=202056
2026-05-16 02:35:51,696  INFO  Epoch 1 | Step 10590/11932 | Loss 0.0581 | LR 4.96e-06 | samples_seen=202064
2026-05-16 02:35:52,470  INFO  Epoch 1 | Step 10590/11932 | Loss 0.0435 | LR 4.96e-06 | samples_seen=202072
2026-05-16 02:36:21,969  INFO  Epoch 1 | Step 10600/11932 | Loss 2.4245 | LR 4.94e-06 | samples_seen=202368
2026-05-16 02:36:22,593  INFO  Epoch 1 | Step 10600/11932 | Loss 0.0654 | LR 4.94e-06 | samples_seen=202376
2026-05-16 02:36:23,597  INFO  Epoch 1 | Step 10600/11932 | Loss 0.0957 | LR 4.94e-06 | samples_seen=202384
2026-05-16 02:36:24,287  INFO  Epoch 1 | Step 10600/11932 | Loss 0.0480 | LR 4.94e-06 | samples_seen=202392
2026-05-16 02:36:53,545  INFO  Epoch 1 | Step 10610/11932 | Loss 2.5437 | LR 4.91e-06 | samples_seen=202688
2026-05-16 02:36:54,212  INFO  Epoch 1 | Step 10610/11932 | Loss 0.0460 | LR 4.91e-06 | samples_seen=202696
2026-05-16 02:36:54,725  INFO  Epoch 1 | Step 10610/11932 | Loss 0.0934 | LR 4.91e-06 | samples_seen=202704
2026-05-16 02:36:55,404  INFO  Epoch 1 | Step 10610/11932 | Loss 0.0761 | LR 4.91e-06 | samples_seen=202712
2026-05-16 02:37:27,201  INFO  Epoch 1 | Step 10620/11932 | Loss 2.4564 | LR 4.89e-06 | samples_seen=203008
2026-05-16 02:37:27,940  INFO  Epoch 1 | Step 10620/11932 | Loss 0.0463 | LR 4.89e-06 | samples_seen=203016
2026-05-16 02:37:28,548  INFO  Epoch 1 | Step 10620/11932 | Loss 0.0425 | LR 4.89e-06 | samples_seen=203024
2026-05-16 02:37:29,239  INFO  Epoch 1 | Step 10620/11932 | Loss 0.0482 | LR 4.89e-06 | samples_seen=203032
2026-05-16 02:38:02,085  INFO  Epoch 1 | Step 10630/11932 | Loss 2.6078 | LR 4.87e-06 | samples_seen=203328
2026-05-16 02:38:03,213  INFO  Epoch 1 | Step 10630/11932 | Loss 0.0629 | LR 4.87e-06 | samples_seen=203336
2026-05-16 02:38:04,061  INFO  Epoch 1 | Step 10630/11932 | Loss 0.0712 | LR 4.87e-06 | samples_seen=203344
2026-05-16 02:38:04,856  INFO  Epoch 1 | Step 10630/11932 | Loss 0.0779 | LR 4.87e-06 | samples_seen=203352
2026-05-16 02:38:39,268  INFO  Epoch 1 | Step 10640/11932 | Loss 2.5813 | LR 4.84e-06 | samples_seen=203648
2026-05-16 02:38:39,923  INFO  Epoch 1 | Step 10640/11932 | Loss 0.0479 | LR 4.84e-06 | samples_seen=203656
2026-05-16 02:38:41,394  INFO  Epoch 1 | Step 10640/11932 | Loss 0.0509 | LR 4.84e-06 | samples_seen=203664
2026-05-16 02:38:42,043  INFO  Epoch 1 | Step 10640/11932 | Loss 0.0786 | LR 4.84e-06 | samples_seen=203672
2026-05-16 02:39:15,742  INFO  Epoch 1 | Step 10650/11932 | Loss 2.3824 | LR 4.82e-06 | samples_seen=203968
2026-05-16 02:39:16,991  INFO  Epoch 1 | Step 10650/11932 | Loss 0.0650 | LR 4.82e-06 | samples_seen=203976
2026-05-16 02:39:18,190  INFO  Epoch 1 | Step 10650/11932 | Loss 0.0676 | LR 4.82e-06 | samples_seen=203984
2026-05-16 02:39:19,091  INFO  Epoch 1 | Step 10650/11932 | Loss 0.0482 | LR 4.82e-06 | samples_seen=203992
2026-05-16 02:39:50,483  INFO  Epoch 1 | Step 10660/11932 | Loss 2.3874 | LR 4.80e-06 | samples_seen=204288
2026-05-16 02:39:51,348  INFO  Epoch 1 | Step 10660/11932 | Loss 0.0530 | LR 4.80e-06 | samples_seen=204296
2026-05-16 02:39:52,221  INFO  Epoch 1 | Step 10660/11932 | Loss 0.0645 | LR 4.80e-06 | samples_seen=204304
2026-05-16 02:39:52,662  INFO  Epoch 1 | Step 10660/11932 | Loss 0.0925 | LR 4.80e-06 | samples_seen=204312
2026-05-16 02:40:23,155  INFO  Epoch 1 | Step 10670/11932 | Loss 2.4822 | LR 4.78e-06 | samples_seen=204608
2026-05-16 02:40:24,189  INFO  Epoch 1 | Step 10670/11932 | Loss 0.0649 | LR 4.78e-06 | samples_seen=204616
2026-05-16 02:40:24,478  INFO  Epoch 1 | Step 10670/11932 | Loss 0.1297 | LR 4.78e-06 | samples_seen=204624
2026-05-16 02:40:25,337  INFO  Epoch 1 | Step 10670/11932 | Loss 0.0306 | LR 4.78e-06 | samples_seen=204632
2026-05-16 02:40:57,998  INFO  Epoch 1 | Step 10680/11932 | Loss 2.3513 | LR 4.75e-06 | samples_seen=204928
2026-05-16 02:40:59,054  INFO  Epoch 1 | Step 10680/11932 | Loss 0.0468 | LR 4.75e-06 | samples_seen=204936
2026-05-16 02:40:59,660  INFO  Epoch 1 | Step 10680/11932 | Loss 0.0571 | LR 4.75e-06 | samples_seen=204944
2026-05-16 02:41:00,581  INFO  Epoch 1 | Step 10680/11932 | Loss 0.0768 | LR 4.75e-06 | samples_seen=204952
2026-05-16 02:41:31,408  INFO  Epoch 1 | Step 10690/11932 | Loss 2.6797 | LR 4.73e-06 | samples_seen=205248
2026-05-16 02:41:32,717  INFO  Epoch 1 | Step 10690/11932 | Loss 0.0572 | LR 4.73e-06 | samples_seen=205256
2026-05-16 02:41:33,493  INFO  Epoch 1 | Step 10690/11932 | Loss 0.0610 | LR 4.73e-06 | samples_seen=205264
2026-05-16 02:41:33,979  INFO  Epoch 1 | Step 10690/11932 | Loss 0.0755 | LR 4.73e-06 | samples_seen=205272
2026-05-16 02:42:04,075  INFO  Epoch 1 | Step 10700/11932 | Loss 2.4952 | LR 4.71e-06 | samples_seen=205568
2026-05-16 02:42:04,581  INFO  Epoch 1 | Step 10700/11932 | Loss 0.0563 | LR 4.71e-06 | samples_seen=205576
2026-05-16 02:42:05,475  INFO  Epoch 1 | Step 10700/11932 | Loss 0.0472 | LR 4.71e-06 | samples_seen=205584
2026-05-16 02:42:06,110  INFO  Epoch 1 | Step 10700/11932 | Loss 0.0555 | LR 4.71e-06 | samples_seen=205592
2026-05-16 02:42:36,105  INFO  Epoch 1 | Step 10710/11932 | Loss 2.3485 | LR 4.68e-06 | samples_seen=205888
2026-05-16 02:42:37,011  INFO  Epoch 1 | Step 10710/11932 | Loss 0.0410 | LR 4.68e-06 | samples_seen=205896
2026-05-16 02:42:37,622  INFO  Epoch 1 | Step 10710/11932 | Loss 0.0703 | LR 4.68e-06 | samples_seen=205904
2026-05-16 02:42:38,395  INFO  Epoch 1 | Step 10710/11932 | Loss 0.0735 | LR 4.68e-06 | samples_seen=205912
2026-05-16 02:43:10,692  INFO  Epoch 1 | Step 10720/11932 | Loss 2.6225 | LR 4.66e-06 | samples_seen=206208
2026-05-16 02:43:11,273  INFO  Epoch 1 | Step 10720/11932 | Loss 0.0593 | LR 4.66e-06 | samples_seen=206216
2026-05-16 02:43:12,738  INFO  Epoch 1 | Step 10720/11932 | Loss 0.0744 | LR 4.66e-06 | samples_seen=206224
2026-05-16 02:43:13,199  INFO  Epoch 1 | Step 10720/11932 | Loss 0.0862 | LR 4.66e-06 | samples_seen=206232
2026-05-16 02:43:45,869  INFO  Epoch 1 | Step 10730/11932 | Loss 2.2042 | LR 4.64e-06 | samples_seen=206528
2026-05-16 02:43:46,714  INFO  Epoch 1 | Step 10730/11932 | Loss 0.0464 | LR 4.64e-06 | samples_seen=206536
2026-05-16 02:43:47,820  INFO  Epoch 1 | Step 10730/11932 | Loss 0.0658 | LR 4.64e-06 | samples_seen=206544
2026-05-16 02:43:48,477  INFO  Epoch 1 | Step 10730/11932 | Loss 0.0613 | LR 4.64e-06 | samples_seen=206552
2026-05-16 02:44:20,703  INFO  Epoch 1 | Step 10740/11932 | Loss 2.5518 | LR 4.61e-06 | samples_seen=206848
2026-05-16 02:44:21,540  INFO  Epoch 1 | Step 10740/11932 | Loss 0.0423 | LR 4.61e-06 | samples_seen=206856
2026-05-16 02:44:22,352  INFO  Epoch 1 | Step 10740/11932 | Loss 0.0631 | LR 4.61e-06 | samples_seen=206864
2026-05-16 02:44:23,821  INFO  Epoch 1 | Step 10740/11932 | Loss 0.1457 | LR 4.61e-06 | samples_seen=206872
2026-05-16 02:44:54,960  INFO  Epoch 1 | Step 10750/11932 | Loss 2.5032 | LR 4.59e-06 | samples_seen=207168
2026-05-16 02:44:55,831  INFO  Epoch 1 | Step 10750/11932 | Loss 0.0595 | LR 4.59e-06 | samples_seen=207176
2026-05-16 02:44:56,344  INFO  Epoch 1 | Step 10750/11932 | Loss 0.0826 | LR 4.59e-06 | samples_seen=207184
2026-05-16 02:44:57,122  INFO  Epoch 1 | Step 10750/11932 | Loss 0.0724 | LR 4.59e-06 | samples_seen=207192
2026-05-16 02:45:26,856  INFO  Epoch 1 | Step 10760/11932 | Loss 2.4612 | LR 4.57e-06 | samples_seen=207488
2026-05-16 02:45:27,801  INFO  Epoch 1 | Step 10760/11932 | Loss 0.0967 | LR 4.57e-06 | samples_seen=207496
2026-05-16 02:45:28,813  INFO  Epoch 1 | Step 10760/11932 | Loss 0.0629 | LR 4.57e-06 | samples_seen=207504
2026-05-16 02:45:29,851  INFO  Epoch 1 | Step 10760/11932 | Loss 0.0487 | LR 4.57e-06 | samples_seen=207512
2026-05-16 02:46:02,000  INFO  Epoch 1 | Step 10770/11932 | Loss 2.6619 | LR 4.55e-06 | samples_seen=207808
2026-05-16 02:46:02,780  INFO  Epoch 1 | Step 10770/11932 | Loss 0.0538 | LR 4.55e-06 | samples_seen=207816
2026-05-16 02:46:03,473  INFO  Epoch 1 | Step 10770/11932 | Loss 0.0508 | LR 4.55e-06 | samples_seen=207824
2026-05-16 02:46:04,230  INFO  Epoch 1 | Step 10770/11932 | Loss 0.0706 | LR 4.55e-06 | samples_seen=207832
2026-05-16 02:46:32,409  INFO  Epoch 1 | Step 10780/11932 | Loss 2.5608 | LR 4.52e-06 | samples_seen=208128
2026-05-16 02:46:33,236  INFO  Epoch 1 | Step 10780/11932 | Loss 0.0471 | LR 4.52e-06 | samples_seen=208136
2026-05-16 02:46:34,116  INFO  Epoch 1 | Step 10780/11932 | Loss 0.0753 | LR 4.52e-06 | samples_seen=208144
2026-05-16 02:46:34,712  INFO  Epoch 1 | Step 10780/11932 | Loss 0.0752 | LR 4.52e-06 | samples_seen=208152
2026-05-16 02:47:06,366  INFO  Epoch 1 | Step 10790/11932 | Loss 2.4166 | LR 4.50e-06 | samples_seen=208448
2026-05-16 02:47:06,853  INFO  Epoch 1 | Step 10790/11932 | Loss 0.1006 | LR 4.50e-06 | samples_seen=208456
2026-05-16 02:47:07,519  INFO  Epoch 1 | Step 10790/11932 | Loss 0.0572 | LR 4.50e-06 | samples_seen=208464
2026-05-16 02:47:08,058  INFO  Epoch 1 | Step 10790/11932 | Loss 0.0844 | LR 4.50e-06 | samples_seen=208472
2026-05-16 02:47:36,143  INFO  Epoch 1 | Step 10800/11932 | Loss 2.5232 | LR 4.48e-06 | samples_seen=208768
2026-05-16 02:47:37,106  INFO  Epoch 1 | Step 10800/11932 | Loss 0.0381 | LR 4.48e-06 | samples_seen=208776
2026-05-16 02:47:37,555  INFO  Epoch 1 | Step 10800/11932 | Loss 0.0845 | LR 4.48e-06 | samples_seen=208784
2026-05-16 02:47:38,660  INFO  Epoch 1 | Step 10800/11932 | Loss 0.0493 | LR 4.48e-06 | samples_seen=208792
2026-05-16 02:48:08,071  INFO  Epoch 1 | Step 10810/11932 | Loss 2.6042 | LR 4.46e-06 | samples_seen=209088
2026-05-16 02:48:08,962  INFO  Epoch 1 | Step 10810/11932 | Loss 0.0591 | LR 4.46e-06 | samples_seen=209096
2026-05-16 02:48:09,308  INFO  Epoch 1 | Step 10810/11932 | Loss 0.1534 | LR 4.46e-06 | samples_seen=209104
2026-05-16 02:48:09,874  INFO  Epoch 1 | Step 10810/11932 | Loss 0.0554 | LR 4.46e-06 | samples_seen=209112
2026-05-16 02:48:39,462  INFO  Epoch 1 | Step 10820/11932 | Loss 2.3458 | LR 4.43e-06 | samples_seen=209408
2026-05-16 02:48:39,966  INFO  Epoch 1 | Step 10820/11932 | Loss 0.0691 | LR 4.43e-06 | samples_seen=209416
2026-05-16 02:48:40,850  INFO  Epoch 1 | Step 10820/11932 | Loss 0.0685 | LR 4.43e-06 | samples_seen=209424
2026-05-16 02:48:42,035  INFO  Epoch 1 | Step 10820/11932 | Loss 0.0991 | LR 4.43e-06 | samples_seen=209432
2026-05-16 02:49:13,360  INFO  Epoch 1 | Step 10830/11932 | Loss 2.3233 | LR 4.41e-06 | samples_seen=209728
2026-05-16 02:49:14,109  INFO  Epoch 1 | Step 10830/11932 | Loss 0.0790 | LR 4.41e-06 | samples_seen=209736
2026-05-16 02:49:14,626  INFO  Epoch 1 | Step 10830/11932 | Loss 0.0821 | LR 4.41e-06 | samples_seen=209744
2026-05-16 02:49:15,225  INFO  Epoch 1 | Step 10830/11932 | Loss 0.0717 | LR 4.41e-06 | samples_seen=209752
2026-05-16 02:49:47,504  INFO  Epoch 1 | Step 10840/11932 | Loss 2.6110 | LR 4.39e-06 | samples_seen=210048
2026-05-16 02:49:48,792  INFO  Epoch 1 | Step 10840/11932 | Loss 0.0532 | LR 4.39e-06 | samples_seen=210056
2026-05-16 02:49:49,586  INFO  Epoch 1 | Step 10840/11932 | Loss 0.0596 | LR 4.39e-06 | samples_seen=210064
2026-05-16 02:49:50,112  INFO  Epoch 1 | Step 10840/11932 | Loss 0.0787 | LR 4.39e-06 | samples_seen=210072
2026-05-16 02:50:20,789  INFO  Epoch 1 | Step 10850/11932 | Loss 2.5771 | LR 4.37e-06 | samples_seen=210368
2026-05-16 02:50:21,307  INFO  Epoch 1 | Step 10850/11932 | Loss 0.1064 | LR 4.37e-06 | samples_seen=210376
2026-05-16 02:50:22,339  INFO  Epoch 1 | Step 10850/11932 | Loss 0.0610 | LR 4.37e-06 | samples_seen=210384
2026-05-16 02:50:22,879  INFO  Epoch 1 | Step 10850/11932 | Loss 0.0631 | LR 4.37e-06 | samples_seen=210392
2026-05-16 02:50:51,850  INFO  Epoch 1 | Step 10860/11932 | Loss 2.3871 | LR 4.34e-06 | samples_seen=210688
2026-05-16 02:50:52,443  INFO  Epoch 1 | Step 10860/11932 | Loss 0.0529 | LR 4.34e-06 | samples_seen=210696
2026-05-16 02:50:53,451  INFO  Epoch 1 | Step 10860/11932 | Loss 0.0690 | LR 4.34e-06 | samples_seen=210704
2026-05-16 02:50:54,293  INFO  Epoch 1 | Step 10860/11932 | Loss 0.0422 | LR 4.34e-06 | samples_seen=210712
2026-05-16 02:51:23,942  INFO  Epoch 1 | Step 10870/11932 | Loss 2.6628 | LR 4.32e-06 | samples_seen=211008
2026-05-16 02:51:24,698  INFO  Epoch 1 | Step 10870/11932 | Loss 0.0432 | LR 4.32e-06 | samples_seen=211016
2026-05-16 02:51:25,137  INFO  Epoch 1 | Step 10870/11932 | Loss 0.1103 | LR 4.32e-06 | samples_seen=211024
2026-05-16 02:51:25,835  INFO  Epoch 1 | Step 10870/11932 | Loss 0.0552 | LR 4.32e-06 | samples_seen=211032
2026-05-16 02:51:57,623  INFO  Epoch 1 | Step 10880/11932 | Loss 2.4510 | LR 4.30e-06 | samples_seen=211328
2026-05-16 02:51:58,339  INFO  Epoch 1 | Step 10880/11932 | Loss 0.0444 | LR 4.30e-06 | samples_seen=211336
2026-05-16 02:51:59,120  INFO  Epoch 1 | Step 10880/11932 | Loss 0.0388 | LR 4.30e-06 | samples_seen=211344
2026-05-16 02:51:59,903  INFO  Epoch 1 | Step 10880/11932 | Loss 0.0540 | LR 4.30e-06 | samples_seen=211352
2026-05-16 02:52:31,426  INFO  Epoch 1 | Step 10890/11932 | Loss 2.5521 | LR 4.28e-06 | samples_seen=211648
2026-05-16 02:52:32,311  INFO  Epoch 1 | Step 10890/11932 | Loss 0.0418 | LR 4.28e-06 | samples_seen=211656
2026-05-16 02:52:32,946  INFO  Epoch 1 | Step 10890/11932 | Loss 0.0649 | LR 4.28e-06 | samples_seen=211664
2026-05-16 02:52:33,987  INFO  Epoch 1 | Step 10890/11932 | Loss 0.0721 | LR 4.28e-06 | samples_seen=211672
2026-05-16 02:56:23,541  INFO  Checkpoint saved → ../checkpoints/stage2_h100/step10894 | global_step=10894 | samples_seen=211784
2026-05-16 02:56:45,073  INFO  Epoch 1 | Step 10900/11932 | Loss 2.3010 | LR 4.25e-06 | samples_seen=211968
2026-05-16 02:56:45,745  INFO  Epoch 1 | Step 10900/11932 | Loss 0.0713 | LR 4.25e-06 | samples_seen=211976
2026-05-16 02:56:47,156  INFO  Epoch 1 | Step 10900/11932 | Loss 0.0551 | LR 4.25e-06 | samples_seen=211984
2026-05-16 02:56:48,136  INFO  Epoch 1 | Step 10900/11932 | Loss 0.0726 | LR 4.25e-06 | samples_seen=211992
2026-05-16 02:57:20,906  INFO  Epoch 1 | Step 10910/11932 | Loss 2.3514 | LR 4.23e-06 | samples_seen=212288
2026-05-16 02:57:21,802  INFO  Epoch 1 | Step 10910/11932 | Loss 0.0647 | LR 4.23e-06 | samples_seen=212296
2026-05-16 02:57:22,345  INFO  Epoch 1 | Step 10910/11932 | Loss 0.0712 | LR 4.23e-06 | samples_seen=212304
2026-05-16 02:57:22,812  INFO  Epoch 1 | Step 10910/11932 | Loss 0.1131 | LR 4.23e-06 | samples_seen=212312
2026-05-16 02:57:52,784  INFO  Epoch 1 | Step 10920/11932 | Loss 2.3984 | LR 4.21e-06 | samples_seen=212608
2026-05-16 02:57:53,773  INFO  Epoch 1 | Step 10920/11932 | Loss 0.0580 | LR 4.21e-06 | samples_seen=212616
2026-05-16 02:57:54,471  INFO  Epoch 1 | Step 10920/11932 | Loss 0.0602 | LR 4.21e-06 | samples_seen=212624
2026-05-16 02:57:55,677  INFO  Epoch 1 | Step 10920/11932 | Loss 0.0712 | LR 4.21e-06 | samples_seen=212632
2026-05-16 02:58:29,113  INFO  Epoch 1 | Step 10930/11932 | Loss 2.3450 | LR 4.19e-06 | samples_seen=212928
2026-05-16 02:58:29,874  INFO  Epoch 1 | Step 10930/11932 | Loss 0.0419 | LR 4.19e-06 | samples_seen=212936
2026-05-16 02:58:30,608  INFO  Epoch 1 | Step 10930/11932 | Loss 0.0520 | LR 4.19e-06 | samples_seen=212944
2026-05-16 02:58:31,623  INFO  Epoch 1 | Step 10930/11932 | Loss 0.0730 | LR 4.19e-06 | samples_seen=212952
2026-05-16 02:59:01,347  INFO  Epoch 1 | Step 10940/11932 | Loss 2.5368 | LR 4.17e-06 | samples_seen=213248
2026-05-16 02:59:02,524  INFO  Epoch 1 | Step 10940/11932 | Loss 0.0661 | LR 4.17e-06 | samples_seen=213256
2026-05-16 02:59:03,780  INFO  Epoch 1 | Step 10940/11932 | Loss 0.1212 | LR 4.17e-06 | samples_seen=213264
2026-05-16 02:59:04,626  INFO  Epoch 1 | Step 10940/11932 | Loss 0.0672 | LR 4.17e-06 | samples_seen=213272
2026-05-16 02:59:34,162  INFO  Epoch 1 | Step 10950/11932 | Loss 2.3729 | LR 4.14e-06 | samples_seen=213568
2026-05-16 02:59:35,483  INFO  Epoch 1 | Step 10950/11932 | Loss 0.0738 | LR 4.14e-06 | samples_seen=213576
2026-05-16 02:59:36,263  INFO  Epoch 1 | Step 10950/11932 | Loss 0.0501 | LR 4.14e-06 | samples_seen=213584
2026-05-16 02:59:37,015  INFO  Epoch 1 | Step 10950/11932 | Loss 0.0426 | LR 4.14e-06 | samples_seen=213592
2026-05-16 03:00:07,638  INFO  Epoch 1 | Step 10960/11932 | Loss 2.6193 | LR 4.12e-06 | samples_seen=213888
2026-05-16 03:00:08,168  INFO  Epoch 1 | Step 10960/11932 | Loss 0.0668 | LR 4.12e-06 | samples_seen=213896
2026-05-16 03:00:08,897  INFO  Epoch 1 | Step 10960/11932 | Loss 0.0492 | LR 4.12e-06 | samples_seen=213904
2026-05-16 03:00:09,218  INFO  Epoch 1 | Step 10960/11932 | Loss 0.1051 | LR 4.12e-06 | samples_seen=213912
2026-05-16 03:00:42,601  INFO  Epoch 1 | Step 10970/11932 | Loss 2.2821 | LR 4.10e-06 | samples_seen=214208
2026-05-16 03:00:43,446  INFO  Epoch 1 | Step 10970/11932 | Loss 0.0662 | LR 4.10e-06 | samples_seen=214216
2026-05-16 03:00:44,931  INFO  Epoch 1 | Step 10970/11932 | Loss 0.0645 | LR 4.10e-06 | samples_seen=214224
2026-05-16 03:00:46,035  INFO  Epoch 1 | Step 10970/11932 | Loss 0.0495 | LR 4.10e-06 | samples_seen=214232
2026-05-16 03:01:14,113  INFO  Epoch 1 | Step 10980/11932 | Loss 2.6095 | LR 4.08e-06 | samples_seen=214528
2026-05-16 03:01:15,224  INFO  Epoch 1 | Step 10980/11932 | Loss 0.0689 | LR 4.08e-06 | samples_seen=214536
2026-05-16 03:01:15,834  INFO  Epoch 1 | Step 10980/11932 | Loss 0.0608 | LR 4.08e-06 | samples_seen=214544
2026-05-16 03:01:16,768  INFO  Epoch 1 | Step 10980/11932 | Loss 0.0504 | LR 4.08e-06 | samples_seen=214552
2026-05-16 03:01:47,946  INFO  Epoch 1 | Step 10990/11932 | Loss 2.4952 | LR 4.06e-06 | samples_seen=214848
2026-05-16 03:01:48,804  INFO  Epoch 1 | Step 10990/11932 | Loss 0.0447 | LR 4.06e-06 | samples_seen=214856
2026-05-16 03:01:49,439  INFO  Epoch 1 | Step 10990/11932 | Loss 0.0679 | LR 4.06e-06 | samples_seen=214864
2026-05-16 03:01:49,929  INFO  Epoch 1 | Step 10990/11932 | Loss 0.0642 | LR 4.06e-06 | samples_seen=214872
2026-05-16 03:02:21,346  INFO  Epoch 1 | Step 11000/11932 | Loss 2.4391 | LR 4.03e-06 | samples_seen=215168
2026-05-16 03:02:21,968  INFO  Epoch 1 | Step 11000/11932 | Loss 0.0717 | LR 4.03e-06 | samples_seen=215176
2026-05-16 03:02:22,578  INFO  Epoch 1 | Step 11000/11932 | Loss 0.0506 | LR 4.03e-06 | samples_seen=215184
2026-05-16 03:02:23,086  INFO  Epoch 1 | Step 11000/11932 | Loss 0.0834 | LR 4.03e-06 | samples_seen=215192
2026-05-16 03:02:52,188  INFO  Epoch 1 | Step 11010/11932 | Loss 2.6696 | LR 4.01e-06 | samples_seen=215488
2026-05-16 03:02:52,467  INFO  Epoch 1 | Step 11010/11932 | Loss 0.1102 | LR 4.01e-06 | samples_seen=215496
2026-05-16 03:02:53,016  INFO  Epoch 1 | Step 11010/11932 | Loss 0.0811 | LR 4.01e-06 | samples_seen=215504
2026-05-16 03:02:53,941  INFO  Epoch 1 | Step 11010/11932 | Loss 0.0504 | LR 4.01e-06 | samples_seen=215512
2026-05-16 03:03:24,936  INFO  Epoch 1 | Step 11020/11932 | Loss 2.2408 | LR 3.99e-06 | samples_seen=215808
2026-05-16 03:03:25,824  INFO  Epoch 1 | Step 11020/11932 | Loss 0.0363 | LR 3.99e-06 | samples_seen=215816
2026-05-16 03:03:27,302  INFO  Epoch 1 | Step 11020/11932 | Loss 0.1132 | LR 3.99e-06 | samples_seen=215824
2026-05-16 03:03:27,798  INFO  Epoch 1 | Step 11020/11932 | Loss 0.0602 | LR 3.99e-06 | samples_seen=215832
2026-05-16 03:04:00,560  INFO  Epoch 1 | Step 11030/11932 | Loss 2.4068 | LR 3.97e-06 | samples_seen=216128
2026-05-16 03:04:01,351  INFO  Epoch 1 | Step 11030/11932 | Loss 0.0376 | LR 3.97e-06 | samples_seen=216136
2026-05-16 03:04:02,507  INFO  Epoch 1 | Step 11030/11932 | Loss 0.0823 | LR 3.97e-06 | samples_seen=216144
2026-05-16 03:04:03,936  INFO  Epoch 1 | Step 11030/11932 | Loss 0.0654 | LR 3.97e-06 | samples_seen=216152
2026-05-16 03:04:34,480  INFO  Epoch 1 | Step 11040/11932 | Loss 2.4534 | LR 3.95e-06 | samples_seen=216448
2026-05-16 03:04:35,244  INFO  Epoch 1 | Step 11040/11932 | Loss 0.0514 | LR 3.95e-06 | samples_seen=216456
2026-05-16 03:04:35,940  INFO  Epoch 1 | Step 11040/11932 | Loss 0.0520 | LR 3.95e-06 | samples_seen=216464
2026-05-16 03:04:36,511  INFO  Epoch 1 | Step 11040/11932 | Loss 0.0753 | LR 3.95e-06 | samples_seen=216472
2026-05-16 03:05:08,489  INFO  Epoch 1 | Step 11050/11932 | Loss 2.6298 | LR 3.93e-06 | samples_seen=216768
2026-05-16 03:05:09,643  INFO  Epoch 1 | Step 11050/11932 | Loss 0.0575 | LR 3.93e-06 | samples_seen=216776
2026-05-16 03:05:10,308  INFO  Epoch 1 | Step 11050/11932 | Loss 0.0350 | LR 3.93e-06 | samples_seen=216784
2026-05-16 03:05:10,882  INFO  Epoch 1 | Step 11050/11932 | Loss 0.0623 | LR 3.93e-06 | samples_seen=216792
2026-05-16 03:05:42,780  INFO  Epoch 1 | Step 11060/11932 | Loss 2.3827 | LR 3.90e-06 | samples_seen=217088
2026-05-16 03:05:43,771  INFO  Epoch 1 | Step 11060/11932 | Loss 0.0812 | LR 3.90e-06 | samples_seen=217096
2026-05-16 03:05:44,346  INFO  Epoch 1 | Step 11060/11932 | Loss 0.0581 | LR 3.90e-06 | samples_seen=217104
2026-05-16 03:05:45,328  INFO  Epoch 1 | Step 11060/11932 | Loss 0.0599 | LR 3.90e-06 | samples_seen=217112
2026-05-16 03:06:15,444  INFO  Epoch 1 | Step 11070/11932 | Loss 2.3791 | LR 3.88e-06 | samples_seen=217408
2026-05-16 03:06:16,000  INFO  Epoch 1 | Step 11070/11932 | Loss 0.0564 | LR 3.88e-06 | samples_seen=217416
2026-05-16 03:06:16,665  INFO  Epoch 1 | Step 11070/11932 | Loss 0.0493 | LR 3.88e-06 | samples_seen=217424
2026-05-16 03:06:17,232  INFO  Epoch 1 | Step 11070/11932 | Loss 0.0468 | LR 3.88e-06 | samples_seen=217432
2026-05-16 03:06:47,703  INFO  Epoch 1 | Step 11080/11932 | Loss 2.5126 | LR 3.86e-06 | samples_seen=217728
2026-05-16 03:06:48,230  INFO  Epoch 1 | Step 11080/11932 | Loss 0.0750 | LR 3.86e-06 | samples_seen=217736
2026-05-16 03:06:48,882  INFO  Epoch 1 | Step 11080/11932 | Loss 0.0487 | LR 3.86e-06 | samples_seen=217744
2026-05-16 03:06:49,440  INFO  Epoch 1 | Step 11080/11932 | Loss 0.0812 | LR 3.86e-06 | samples_seen=217752
2026-05-16 03:07:22,211  INFO  Epoch 1 | Step 11090/11932 | Loss 2.5272 | LR 3.84e-06 | samples_seen=218048
2026-05-16 03:07:23,603  INFO  Epoch 1 | Step 11090/11932 | Loss 0.0914 | LR 3.84e-06 | samples_seen=218056
2026-05-16 03:07:24,124  INFO  Epoch 1 | Step 11090/11932 | Loss 0.1003 | LR 3.84e-06 | samples_seen=218064
2026-05-16 03:07:25,172  INFO  Epoch 1 | Step 11090/11932 | Loss 0.0879 | LR 3.84e-06 | samples_seen=218072
2026-05-16 03:07:55,557  INFO  Epoch 1 | Step 11100/11932 | Loss 2.2523 | LR 3.82e-06 | samples_seen=218368
2026-05-16 03:07:56,341  INFO  Epoch 1 | Step 11100/11932 | Loss 0.0452 | LR 3.82e-06 | samples_seen=218376
2026-05-16 03:07:57,249  INFO  Epoch 1 | Step 11100/11932 | Loss 0.0543 | LR 3.82e-06 | samples_seen=218384
2026-05-16 03:07:58,680  INFO  Epoch 1 | Step 11100/11932 | Loss 0.0907 | LR 3.82e-06 | samples_seen=218392
2026-05-16 03:08:30,484  INFO  Epoch 1 | Step 11110/11932 | Loss 2.4982 | LR 3.80e-06 | samples_seen=218688
2026-05-16 03:08:31,137  INFO  Epoch 1 | Step 11110/11932 | Loss 0.0462 | LR 3.80e-06 | samples_seen=218696
2026-05-16 03:08:31,922  INFO  Epoch 1 | Step 11110/11932 | Loss 0.0518 | LR 3.80e-06 | samples_seen=218704
2026-05-16 03:08:32,552  INFO  Epoch 1 | Step 11110/11932 | Loss 0.0532 | LR 3.80e-06 | samples_seen=218712
2026-05-16 03:09:03,703  INFO  Epoch 1 | Step 11120/11932 | Loss 2.5017 | LR 3.78e-06 | samples_seen=219008
2026-05-16 03:09:04,802  INFO  Epoch 1 | Step 11120/11932 | Loss 0.0573 | LR 3.78e-06 | samples_seen=219016
2026-05-16 03:09:05,295  INFO  Epoch 1 | Step 11120/11932 | Loss 0.0574 | LR 3.78e-06 | samples_seen=219024
2026-05-16 03:09:05,829  INFO  Epoch 1 | Step 11120/11932 | Loss 0.0717 | LR 3.78e-06 | samples_seen=219032
2026-05-16 03:09:35,665  INFO  Epoch 1 | Step 11130/11932 | Loss 2.3687 | LR 3.75e-06 | samples_seen=219328
2026-05-16 03:09:36,193  INFO  Epoch 1 | Step 11130/11932 | Loss 0.0662 | LR 3.75e-06 | samples_seen=219336
2026-05-16 03:09:37,036  INFO  Epoch 1 | Step 11130/11932 | Loss 0.0514 | LR 3.75e-06 | samples_seen=219344
2026-05-16 03:09:37,595  INFO  Epoch 1 | Step 11130/11932 | Loss 0.0852 | LR 3.75e-06 | samples_seen=219352
2026-05-16 03:10:06,994  INFO  Epoch 1 | Step 11140/11932 | Loss 2.4608 | LR 3.73e-06 | samples_seen=219648
2026-05-16 03:10:07,758  INFO  Epoch 1 | Step 11140/11932 | Loss 0.0369 | LR 3.73e-06 | samples_seen=219656
2026-05-16 03:10:08,371  INFO  Epoch 1 | Step 11140/11932 | Loss 0.0696 | LR 3.73e-06 | samples_seen=219664
2026-05-16 03:10:09,133  INFO  Epoch 1 | Step 11140/11932 | Loss 0.0470 | LR 3.73e-06 | samples_seen=219672
2026-05-16 03:10:38,216  INFO  Epoch 1 | Step 11150/11932 | Loss 2.5016 | LR 3.71e-06 | samples_seen=219968
2026-05-16 03:10:38,661  INFO  Epoch 1 | Step 11150/11932 | Loss 0.0883 | LR 3.71e-06 | samples_seen=219976
2026-05-16 03:10:39,690  INFO  Epoch 1 | Step 11150/11932 | Loss 0.0697 | LR 3.71e-06 | samples_seen=219984
2026-05-16 03:10:41,092  INFO  Epoch 1 | Step 11150/11932 | Loss 0.0563 | LR 3.71e-06 | samples_seen=219992
2026-05-16 03:11:12,220  INFO  Epoch 1 | Step 11160/11932 | Loss 2.5769 | LR 3.69e-06 | samples_seen=220288
2026-05-16 03:11:12,810  INFO  Epoch 1 | Step 11160/11932 | Loss 0.0854 | LR 3.69e-06 | samples_seen=220296
2026-05-16 03:11:13,420  INFO  Epoch 1 | Step 11160/11932 | Loss 0.0528 | LR 3.69e-06 | samples_seen=220304
2026-05-16 03:11:14,442  INFO  Epoch 1 | Step 11160/11932 | Loss 0.0443 | LR 3.69e-06 | samples_seen=220312
2026-05-16 03:11:47,843  INFO  Epoch 1 | Step 11170/11932 | Loss 2.5011 | LR 3.67e-06 | samples_seen=220608
2026-05-16 03:11:48,364  INFO  Epoch 1 | Step 11170/11932 | Loss 0.0965 | LR 3.67e-06 | samples_seen=220616
2026-05-16 03:11:49,489  INFO  Epoch 1 | Step 11170/11932 | Loss 0.0628 | LR 3.67e-06 | samples_seen=220624
2026-05-16 03:11:50,030  INFO  Epoch 1 | Step 11170/11932 | Loss 0.0637 | LR 3.67e-06 | samples_seen=220632
2026-05-16 03:12:18,818  INFO  Epoch 1 | Step 11180/11932 | Loss 2.5504 | LR 3.65e-06 | samples_seen=220928
2026-05-16 03:12:19,237  INFO  Epoch 1 | Step 11180/11932 | Loss 0.0724 | LR 3.65e-06 | samples_seen=220936
2026-05-16 03:12:19,957  INFO  Epoch 1 | Step 11180/11932 | Loss 0.0538 | LR 3.65e-06 | samples_seen=220944
2026-05-16 03:12:20,482  INFO  Epoch 1 | Step 11180/11932 | Loss 0.0851 | LR 3.65e-06 | samples_seen=220952
2026-05-16 03:12:50,711  INFO  Epoch 1 | Step 11190/11932 | Loss 2.6655 | LR 3.63e-06 | samples_seen=221248
2026-05-16 03:12:51,371  INFO  Epoch 1 | Step 11190/11932 | Loss 0.0697 | LR 3.63e-06 | samples_seen=221256
2026-05-16 03:12:52,167  INFO  Epoch 1 | Step 11190/11932 | Loss 0.0679 | LR 3.63e-06 | samples_seen=221264
2026-05-16 03:12:52,959  INFO  Epoch 1 | Step 11190/11932 | Loss 0.0457 | LR 3.63e-06 | samples_seen=221272
2026-05-16 03:13:25,563  INFO  Epoch 1 | Step 11200/11932 | Loss 2.5052 | LR 3.61e-06 | samples_seen=221568
2026-05-16 03:13:26,472  INFO  Epoch 1 | Step 11200/11932 | Loss 0.0520 | LR 3.61e-06 | samples_seen=221576
2026-05-16 03:13:27,047  INFO  Epoch 1 | Step 11200/11932 | Loss 0.0642 | LR 3.61e-06 | samples_seen=221584
2026-05-16 03:13:28,466  INFO  Epoch 1 | Step 11200/11932 | Loss 0.0665 | LR 3.61e-06 | samples_seen=221592
2026-05-16 03:13:59,279  INFO  Epoch 1 | Step 11210/11932 | Loss 2.4038 | LR 3.59e-06 | samples_seen=221888
2026-05-16 03:14:00,031  INFO  Epoch 1 | Step 11210/11932 | Loss 0.0503 | LR 3.59e-06 | samples_seen=221896
2026-05-16 03:14:00,856  INFO  Epoch 1 | Step 11210/11932 | Loss 0.0619 | LR 3.59e-06 | samples_seen=221904
2026-05-16 03:14:02,095  INFO  Epoch 1 | Step 11210/11932 | Loss 0.0662 | LR 3.59e-06 | samples_seen=221912
2026-05-16 03:14:36,189  INFO  Epoch 1 | Step 11220/11932 | Loss 2.6042 | LR 3.57e-06 | samples_seen=222208
2026-05-16 03:14:36,943  INFO  Epoch 1 | Step 11220/11932 | Loss 0.0504 | LR 3.57e-06 | samples_seen=222216
2026-05-16 03:14:38,111  INFO  Epoch 1 | Step 11220/11932 | Loss 0.0674 | LR 3.57e-06 | samples_seen=222224
2026-05-16 03:14:38,950  INFO  Epoch 1 | Step 11220/11932 | Loss 0.0371 | LR 3.57e-06 | samples_seen=222232
2026-05-16 03:15:08,638  INFO  Epoch 1 | Step 11230/11932 | Loss 2.4120 | LR 3.54e-06 | samples_seen=222528
2026-05-16 03:15:09,116  INFO  Epoch 1 | Step 11230/11932 | Loss 0.0744 | LR 3.54e-06 | samples_seen=222536
2026-05-16 03:15:09,869  INFO  Epoch 1 | Step 11230/11932 | Loss 0.0458 | LR 3.54e-06 | samples_seen=222544
2026-05-16 03:15:10,671  INFO  Epoch 1 | Step 11230/11932 | Loss 0.0314 | LR 3.54e-06 | samples_seen=222552
2026-05-16 03:15:41,939  INFO  Epoch 1 | Step 11240/11932 | Loss 2.6187 | LR 3.52e-06 | samples_seen=222848
2026-05-16 03:15:42,532  INFO  Epoch 1 | Step 11240/11932 | Loss 0.0416 | LR 3.52e-06 | samples_seen=222856
2026-05-16 03:15:43,214  INFO  Epoch 1 | Step 11240/11932 | Loss 0.0474 | LR 3.52e-06 | samples_seen=222864
2026-05-16 03:15:44,053  INFO  Epoch 1 | Step 11240/11932 | Loss 0.0358 | LR 3.52e-06 | samples_seen=222872
2026-05-16 03:16:14,603  INFO  Epoch 1 | Step 11250/11932 | Loss 2.4887 | LR 3.50e-06 | samples_seen=223168
2026-05-16 03:16:15,195  INFO  Epoch 1 | Step 11250/11932 | Loss 0.0776 | LR 3.50e-06 | samples_seen=223176
2026-05-16 03:16:15,988  INFO  Epoch 1 | Step 11250/11932 | Loss 0.0633 | LR 3.50e-06 | samples_seen=223184
2026-05-16 03:16:16,649  INFO  Epoch 1 | Step 11250/11932 | Loss 0.0752 | LR 3.50e-06 | samples_seen=223192
2026-05-16 03:16:43,846  INFO  Epoch 1 | Step 11260/11932 | Loss 2.4469 | LR 3.48e-06 | samples_seen=223488
2026-05-16 03:16:44,341  INFO  Epoch 1 | Step 11260/11932 | Loss 0.0784 | LR 3.48e-06 | samples_seen=223496
2026-05-16 03:16:44,842  INFO  Epoch 1 | Step 11260/11932 | Loss 0.0836 | LR 3.48e-06 | samples_seen=223504
2026-05-16 03:16:45,879  INFO  Epoch 1 | Step 11260/11932 | Loss 0.0810 | LR 3.48e-06 | samples_seen=223512
2026-05-16 03:17:16,537  INFO  Epoch 1 | Step 11270/11932 | Loss 2.2720 | LR 3.46e-06 | samples_seen=223808
2026-05-16 03:17:17,677  INFO  Epoch 1 | Step 11270/11932 | Loss 0.0654 | LR 3.46e-06 | samples_seen=223816
2026-05-16 03:17:18,076  INFO  Epoch 1 | Step 11270/11932 | Loss 0.1035 | LR 3.46e-06 | samples_seen=223824
2026-05-16 03:17:19,053  INFO  Epoch 1 | Step 11270/11932 | Loss 0.0473 | LR 3.46e-06 | samples_seen=223832
2026-05-16 03:17:51,364  INFO  Epoch 1 | Step 11280/11932 | Loss 2.3801 | LR 3.44e-06 | samples_seen=224128
2026-05-16 03:17:51,786  INFO  Epoch 1 | Step 11280/11932 | Loss 0.0859 | LR 3.44e-06 | samples_seen=224136
2026-05-16 03:17:52,423  INFO  Epoch 1 | Step 11280/11932 | Loss 0.0399 | LR 3.44e-06 | samples_seen=224144
2026-05-16 03:17:53,078  INFO  Epoch 1 | Step 11280/11932 | Loss 0.0354 | LR 3.44e-06 | samples_seen=224152
2026-05-16 03:18:25,688  INFO  Epoch 1 | Step 11290/11932 | Loss 2.3863 | LR 3.42e-06 | samples_seen=224448
2026-05-16 03:18:27,145  INFO  Epoch 1 | Step 11290/11932 | Loss 0.0679 | LR 3.42e-06 | samples_seen=224456
2026-05-16 03:18:27,748  INFO  Epoch 1 | Step 11290/11932 | Loss 0.0658 | LR 3.42e-06 | samples_seen=224464
2026-05-16 03:18:28,943  INFO  Epoch 1 | Step 11290/11932 | Loss 0.0493 | LR 3.42e-06 | samples_seen=224472
2026-05-16 03:19:02,749  INFO  Epoch 1 | Step 11300/11932 | Loss 2.4004 | LR 3.40e-06 | samples_seen=224768
2026-05-16 03:19:04,189  INFO  Epoch 1 | Step 11300/11932 | Loss 0.0340 | LR 3.40e-06 | samples_seen=224776
2026-05-16 03:19:04,935  INFO  Epoch 1 | Step 11300/11932 | Loss 0.0638 | LR 3.40e-06 | samples_seen=224784
2026-05-16 03:19:05,597  INFO  Epoch 1 | Step 11300/11932 | Loss 0.0735 | LR 3.40e-06 | samples_seen=224792
2026-05-16 03:19:34,802  INFO  Epoch 1 | Step 11310/11932 | Loss 2.5885 | LR 3.38e-06 | samples_seen=225088
2026-05-16 03:19:36,244  INFO  Epoch 1 | Step 11310/11932 | Loss 0.0790 | LR 3.38e-06 | samples_seen=225096
2026-05-16 03:19:37,517  INFO  Epoch 1 | Step 11310/11932 | Loss 0.0634 | LR 3.38e-06 | samples_seen=225104
2026-05-16 03:19:38,356  INFO  Epoch 1 | Step 11310/11932 | Loss 0.0927 | LR 3.38e-06 | samples_seen=225112
2026-05-16 03:20:06,074  INFO  Epoch 1 | Step 11320/11932 | Loss 2.5947 | LR 3.36e-06 | samples_seen=225408
2026-05-16 03:20:07,042  INFO  Epoch 1 | Step 11320/11932 | Loss 0.0645 | LR 3.36e-06 | samples_seen=225416
2026-05-16 03:20:07,504  INFO  Epoch 1 | Step 11320/11932 | Loss 0.0548 | LR 3.36e-06 | samples_seen=225424
2026-05-16 03:20:08,610  INFO  Epoch 1 | Step 11320/11932 | Loss 0.0453 | LR 3.36e-06 | samples_seen=225432
2026-05-16 03:20:39,761  INFO  Epoch 1 | Step 11330/11932 | Loss 2.5398 | LR 3.34e-06 | samples_seen=225728
2026-05-16 03:20:40,381  INFO  Epoch 1 | Step 11330/11932 | Loss 0.0661 | LR 3.34e-06 | samples_seen=225736
2026-05-16 03:20:40,908  INFO  Epoch 1 | Step 11330/11932 | Loss 0.1026 | LR 3.34e-06 | samples_seen=225744
2026-05-16 03:20:42,180  INFO  Epoch 1 | Step 11330/11932 | Loss 0.0718 | LR 3.34e-06 | samples_seen=225752
2026-05-16 03:21:15,769  INFO  Epoch 1 | Step 11340/11932 | Loss 2.2793 | LR 3.32e-06 | samples_seen=226048
2026-05-16 03:21:16,285  INFO  Epoch 1 | Step 11340/11932 | Loss 0.0962 | LR 3.32e-06 | samples_seen=226056
2026-05-16 03:21:16,818  INFO  Epoch 1 | Step 11340/11932 | Loss 0.1256 | LR 3.32e-06 | samples_seen=226064
2026-05-16 03:21:17,822  INFO  Epoch 1 | Step 11340/11932 | Loss 0.0499 | LR 3.32e-06 | samples_seen=226072
2026-05-16 03:21:49,274  INFO  Epoch 1 | Step 11350/11932 | Loss 2.3823 | LR 3.30e-06 | samples_seen=226368
2026-05-16 03:21:50,191  INFO  Epoch 1 | Step 11350/11932 | Loss 0.0754 | LR 3.30e-06 | samples_seen=226376
2026-05-16 03:21:51,205  INFO  Epoch 1 | Step 11350/11932 | Loss 0.1061 | LR 3.30e-06 | samples_seen=226384
2026-05-16 03:21:52,109  INFO  Epoch 1 | Step 11350/11932 | Loss 0.0765 | LR 3.30e-06 | samples_seen=226392
2026-05-16 03:22:23,833  INFO  Epoch 1 | Step 11360/11932 | Loss 2.3788 | LR 3.28e-06 | samples_seen=226688
2026-05-16 03:22:24,342  INFO  Epoch 1 | Step 11360/11932 | Loss 0.0684 | LR 3.28e-06 | samples_seen=226696
2026-05-16 03:22:24,830  INFO  Epoch 1 | Step 11360/11932 | Loss 0.0896 | LR 3.28e-06 | samples_seen=226704
2026-05-16 03:22:26,212  INFO  Epoch 1 | Step 11360/11932 | Loss 0.0556 | LR 3.28e-06 | samples_seen=226712
2026-05-16 03:22:54,999  INFO  Epoch 1 | Step 11370/11932 | Loss 2.5971 | LR 3.26e-06 | samples_seen=227008
2026-05-16 03:22:55,307  INFO  Epoch 1 | Step 11370/11932 | Loss 0.0968 | LR 3.26e-06 | samples_seen=227016
2026-05-16 03:22:56,481  INFO  Epoch 1 | Step 11370/11932 | Loss 0.0613 | LR 3.26e-06 | samples_seen=227024
2026-05-16 03:22:57,232  INFO  Epoch 1 | Step 11370/11932 | Loss 0.0610 | LR 3.26e-06 | samples_seen=227032
2026-05-16 03:23:27,962  INFO  Epoch 1 | Step 11380/11932 | Loss 2.4529 | LR 3.24e-06 | samples_seen=227328
2026-05-16 03:23:28,970  INFO  Epoch 1 | Step 11380/11932 | Loss 0.0487 | LR 3.24e-06 | samples_seen=227336
2026-05-16 03:23:29,537  INFO  Epoch 1 | Step 11380/11932 | Loss 0.0611 | LR 3.24e-06 | samples_seen=227344
2026-05-16 03:23:29,995  INFO  Epoch 1 | Step 11380/11932 | Loss 0.0955 | LR 3.24e-06 | samples_seen=227352
2026-05-16 03:24:02,618  INFO  Epoch 1 | Step 11390/11932 | Loss 2.4969 | LR 3.22e-06 | samples_seen=227648
2026-05-16 03:24:03,503  INFO  Epoch 1 | Step 11390/11932 | Loss 0.0645 | LR 3.22e-06 | samples_seen=227656
2026-05-16 03:24:04,797  INFO  Epoch 1 | Step 11390/11932 | Loss 0.0837 | LR 3.22e-06 | samples_seen=227664
2026-05-16 03:24:05,810  INFO  Epoch 1 | Step 11390/11932 | Loss 0.0702 | LR 3.22e-06 | samples_seen=227672
2026-05-16 03:24:37,762  INFO  Epoch 1 | Step 11400/11932 | Loss 2.4954 | LR 3.20e-06 | samples_seen=227968
2026-05-16 03:24:38,765  INFO  Epoch 1 | Step 11400/11932 | Loss 0.0793 | LR 3.20e-06 | samples_seen=227976
2026-05-16 03:24:39,284  INFO  Epoch 1 | Step 11400/11932 | Loss 0.0767 | LR 3.20e-06 | samples_seen=227984
2026-05-16 03:24:39,863  INFO  Epoch 1 | Step 11400/11932 | Loss 0.0666 | LR 3.20e-06 | samples_seen=227992
2026-05-16 03:25:10,161  INFO  Epoch 1 | Step 11410/11932 | Loss 2.4146 | LR 3.18e-06 | samples_seen=228288
2026-05-16 03:25:11,212  INFO  Epoch 1 | Step 11410/11932 | Loss 0.0480 | LR 3.18e-06 | samples_seen=228296
2026-05-16 03:25:11,994  INFO  Epoch 1 | Step 11410/11932 | Loss 0.0691 | LR 3.18e-06 | samples_seen=228304
2026-05-16 03:25:13,359  INFO  Epoch 1 | Step 11410/11932 | Loss 0.0579 | LR 3.18e-06 | samples_seen=228312
2026-05-16 03:25:41,641  INFO  Epoch 1 | Step 11420/11932 | Loss 2.4472 | LR 3.16e-06 | samples_seen=228608
2026-05-16 03:25:42,293  INFO  Epoch 1 | Step 11420/11932 | Loss 0.0442 | LR 3.16e-06 | samples_seen=228616
2026-05-16 03:25:43,024  INFO  Epoch 1 | Step 11420/11932 | Loss 0.0546 | LR 3.16e-06 | samples_seen=228624
2026-05-16 03:25:43,313  INFO  Epoch 1 | Step 11420/11932 | Loss 0.1525 | LR 3.16e-06 | samples_seen=228632
2026-05-16 03:26:13,029  INFO  Epoch 1 | Step 11430/11932 | Loss 2.4909 | LR 3.14e-06 | samples_seen=228928
2026-05-16 03:26:13,781  INFO  Epoch 1 | Step 11430/11932 | Loss 0.0604 | LR 3.14e-06 | samples_seen=228936
2026-05-16 03:26:14,942  INFO  Epoch 1 | Step 11430/11932 | Loss 0.0727 | LR 3.14e-06 | samples_seen=228944
2026-05-16 03:26:15,384  INFO  Epoch 1 | Step 11430/11932 | Loss 0.1117 | LR 3.14e-06 | samples_seen=228952
2026-05-16 03:29:52,526  INFO  Checkpoint saved → ../checkpoints/stage2_h100/step11433 | global_step=11433 | samples_seen=229040
2026-05-16 03:30:14,399  INFO  Epoch 1 | Step 11440/11932 | Loss 2.2140 | LR 3.12e-06 | samples_seen=229248
2026-05-16 03:30:15,420  INFO  Epoch 1 | Step 11440/11932 | Loss 0.0706 | LR 3.12e-06 | samples_seen=229256
2026-05-16 03:30:16,063  INFO  Epoch 1 | Step 11440/11932 | Loss 0.0844 | LR 3.12e-06 | samples_seen=229264
2026-05-16 03:30:16,842  INFO  Epoch 1 | Step 11440/11932 | Loss 0.0565 | LR 3.12e-06 | samples_seen=229272
2026-05-16 03:30:47,780  INFO  Epoch 1 | Step 11450/11932 | Loss 2.3439 | LR 3.10e-06 | samples_seen=229568
2026-05-16 03:30:48,837  INFO  Epoch 1 | Step 11450/11932 | Loss 0.0804 | LR 3.10e-06 | samples_seen=229576
2026-05-16 03:30:49,238  INFO  Epoch 1 | Step 11450/11932 | Loss 0.1556 | LR 3.10e-06 | samples_seen=229584
2026-05-16 03:30:50,316  INFO  Epoch 1 | Step 11450/11932 | Loss 0.0624 | LR 3.10e-06 | samples_seen=229592
2026-05-16 03:31:23,895  INFO  Epoch 1 | Step 11460/11932 | Loss 2.3117 | LR 3.08e-06 | samples_seen=229888
2026-05-16 03:31:25,360  INFO  Epoch 1 | Step 11460/11932 | Loss 0.0838 | LR 3.08e-06 | samples_seen=229896
2026-05-16 03:31:25,828  INFO  Epoch 1 | Step 11460/11932 | Loss 0.0982 | LR 3.08e-06 | samples_seen=229904
2026-05-16 03:31:26,976  INFO  Epoch 1 | Step 11460/11932 | Loss 0.0520 | LR 3.08e-06 | samples_seen=229912
2026-05-16 03:31:56,919  INFO  Epoch 1 | Step 11470/11932 | Loss 2.4518 | LR 3.06e-06 | samples_seen=230208
2026-05-16 03:31:57,809  INFO  Epoch 1 | Step 11470/11932 | Loss 0.0592 | LR 3.06e-06 | samples_seen=230216
2026-05-16 03:31:58,494  INFO  Epoch 1 | Step 11470/11932 | Loss 0.0584 | LR 3.06e-06 | samples_seen=230224
2026-05-16 03:31:59,255  INFO  Epoch 1 | Step 11470/11932 | Loss 0.0658 | LR 3.06e-06 | samples_seen=230232
2026-05-16 03:32:29,727  INFO  Epoch 1 | Step 11480/11932 | Loss 2.3689 | LR 3.04e-06 | samples_seen=230528
2026-05-16 03:32:30,848  INFO  Epoch 1 | Step 11480/11932 | Loss 0.0840 | LR 3.04e-06 | samples_seen=230536
2026-05-16 03:32:31,482  INFO  Epoch 1 | Step 11480/11932 | Loss 0.0662 | LR 3.04e-06 | samples_seen=230544
2026-05-16 03:32:32,372  INFO  Epoch 1 | Step 11480/11932 | Loss 0.0474 | LR 3.04e-06 | samples_seen=230552
2026-05-16 03:33:00,685  INFO  Epoch 1 | Step 11490/11932 | Loss 2.3568 | LR 3.02e-06 | samples_seen=230848
2026-05-16 03:33:01,130  INFO  Epoch 1 | Step 11490/11932 | Loss 0.0570 | LR 3.02e-06 | samples_seen=230856
2026-05-16 03:33:01,976  INFO  Epoch 1 | Step 11490/11932 | Loss 0.0488 | LR 3.02e-06 | samples_seen=230864
2026-05-16 03:33:02,475  INFO  Epoch 1 | Step 11490/11932 | Loss 0.0925 | LR 3.02e-06 | samples_seen=230872
2026-05-16 03:33:33,783  INFO  Epoch 1 | Step 11500/11932 | Loss 2.6396 | LR 3.00e-06 | samples_seen=231168
2026-05-16 03:33:34,439  INFO  Epoch 1 | Step 11500/11932 | Loss 0.0567 | LR 3.00e-06 | samples_seen=231176
2026-05-16 03:33:34,905  INFO  Epoch 1 | Step 11500/11932 | Loss 0.0884 | LR 3.00e-06 | samples_seen=231184
2026-05-16 03:33:35,887  INFO  Epoch 1 | Step 11500/11932 | Loss 0.0346 | LR 3.00e-06 | samples_seen=231192
2026-05-16 03:34:09,534  INFO  Epoch 1 | Step 11510/11932 | Loss 2.3761 | LR 2.98e-06 | samples_seen=231488
2026-05-16 03:34:10,534  INFO  Epoch 1 | Step 11510/11932 | Loss 0.0513 | LR 2.98e-06 | samples_seen=231496
2026-05-16 03:34:11,079  INFO  Epoch 1 | Step 11510/11932 | Loss 0.0839 | LR 2.98e-06 | samples_seen=231504
2026-05-16 03:34:11,541  INFO  Epoch 1 | Step 11510/11932 | Loss 0.0813 | LR 2.98e-06 | samples_seen=231512
2026-05-16 03:34:43,603  INFO  Epoch 1 | Step 11520/11932 | Loss 2.4241 | LR 2.96e-06 | samples_seen=231808
2026-05-16 03:34:44,255  INFO  Epoch 1 | Step 11520/11932 | Loss 0.0602 | LR 2.96e-06 | samples_seen=231816
2026-05-16 03:34:45,002  INFO  Epoch 1 | Step 11520/11932 | Loss 0.0526 | LR 2.96e-06 | samples_seen=231824
2026-05-16 03:34:45,937  INFO  Epoch 1 | Step 11520/11932 | Loss 0.0562 | LR 2.96e-06 | samples_seen=231832
2026-05-16 03:35:16,471  INFO  Epoch 1 | Step 11530/11932 | Loss 2.3729 | LR 2.94e-06 | samples_seen=232128
2026-05-16 03:35:17,781  INFO  Epoch 1 | Step 11530/11932 | Loss 0.0903 | LR 2.94e-06 | samples_seen=232136
2026-05-16 03:35:18,695  INFO  Epoch 1 | Step 11530/11932 | Loss 0.1034 | LR 2.94e-06 | samples_seen=232144
2026-05-16 03:35:19,338  INFO  Epoch 1 | Step 11530/11932 | Loss 0.0390 | LR 2.94e-06 | samples_seen=232152
2026-05-16 03:35:49,792  INFO  Epoch 1 | Step 11540/11932 | Loss 2.4099 | LR 2.93e-06 | samples_seen=232448
2026-05-16 03:35:50,417  INFO  Epoch 1 | Step 11540/11932 | Loss 0.0657 | LR 2.93e-06 | samples_seen=232456
2026-05-16 03:35:51,210  INFO  Epoch 1 | Step 11540/11932 | Loss 0.0534 | LR 2.93e-06 | samples_seen=232464
2026-05-16 03:35:51,869  INFO  Epoch 1 | Step 11540/11932 | Loss 0.0671 | LR 2.93e-06 | samples_seen=232472
2026-05-16 03:36:21,778  INFO  Epoch 1 | Step 11550/11932 | Loss 2.7044 | LR 2.91e-06 | samples_seen=232768
2026-05-16 03:36:22,432  INFO  Epoch 1 | Step 11550/11932 | Loss 0.0687 | LR 2.91e-06 | samples_seen=232776
2026-05-16 03:36:22,873  INFO  Epoch 1 | Step 11550/11932 | Loss 0.1232 | LR 2.91e-06 | samples_seen=232784
2026-05-16 03:36:24,324  INFO  Epoch 1 | Step 11550/11932 | Loss 0.0628 | LR 2.91e-06 | samples_seen=232792
2026-05-16 03:36:57,521  INFO  Epoch 1 | Step 11560/11932 | Loss 2.5346 | LR 2.89e-06 | samples_seen=233088
2026-05-16 03:36:58,002  INFO  Epoch 1 | Step 11560/11932 | Loss 0.0860 | LR 2.89e-06 | samples_seen=233096
2026-05-16 03:36:58,993  INFO  Epoch 1 | Step 11560/11932 | Loss 0.0674 | LR 2.89e-06 | samples_seen=233104
2026-05-16 03:36:59,894  INFO  Epoch 1 | Step 11560/11932 | Loss 0.0576 | LR 2.89e-06 | samples_seen=233112
2026-05-16 03:37:29,114  INFO  Epoch 1 | Step 11570/11932 | Loss 2.4775 | LR 2.87e-06 | samples_seen=233408
2026-05-16 03:37:30,549  INFO  Epoch 1 | Step 11570/11932 | Loss 0.0480 | LR 2.87e-06 | samples_seen=233416
2026-05-16 03:37:31,826  INFO  Epoch 1 | Step 11570/11932 | Loss 0.0848 | LR 2.87e-06 | samples_seen=233424
2026-05-16 03:37:32,799  INFO  Epoch 1 | Step 11570/11932 | Loss 0.0862 | LR 2.87e-06 | samples_seen=233432
2026-05-16 03:37:59,264  INFO  Epoch 1 | Step 11580/11932 | Loss 2.4960 | LR 2.85e-06 | samples_seen=233728
2026-05-16 03:37:59,856  INFO  Epoch 1 | Step 11580/11932 | Loss 0.0739 | LR 2.85e-06 | samples_seen=233736
2026-05-16 03:38:00,770  INFO  Epoch 1 | Step 11580/11932 | Loss 0.0410 | LR 2.85e-06 | samples_seen=233744
2026-05-16 03:38:01,625  INFO  Epoch 1 | Step 11580/11932 | Loss 0.0386 | LR 2.85e-06 | samples_seen=233752
2026-05-16 03:38:31,809  INFO  Epoch 1 | Step 11590/11932 | Loss 2.3630 | LR 2.83e-06 | samples_seen=234048
2026-05-16 03:38:32,315  INFO  Epoch 1 | Step 11590/11932 | Loss 0.0955 | LR 2.83e-06 | samples_seen=234056
2026-05-16 03:38:33,683  INFO  Epoch 1 | Step 11590/11932 | Loss 0.0814 | LR 2.83e-06 | samples_seen=234064
2026-05-16 03:38:34,815  INFO  Epoch 1 | Step 11590/11932 | Loss 0.0628 | LR 2.83e-06 | samples_seen=234072
2026-05-16 03:39:04,039  INFO  Epoch 1 | Step 11600/11932 | Loss 2.6388 | LR 2.81e-06 | samples_seen=234368
2026-05-16 03:39:04,702  INFO  Epoch 1 | Step 11600/11932 | Loss 0.0543 | LR 2.81e-06 | samples_seen=234376
2026-05-16 03:39:05,226  INFO  Epoch 1 | Step 11600/11932 | Loss 0.0611 | LR 2.81e-06 | samples_seen=234384
2026-05-16 03:39:05,735  INFO  Epoch 1 | Step 11600/11932 | Loss 0.0667 | LR 2.81e-06 | samples_seen=234392
2026-05-16 03:39:37,568  INFO  Epoch 1 | Step 11610/11932 | Loss 2.3504 | LR 2.79e-06 | samples_seen=234688
2026-05-16 03:39:38,283  INFO  Epoch 1 | Step 11610/11932 | Loss 0.0475 | LR 2.79e-06 | samples_seen=234696
2026-05-16 03:39:39,142  INFO  Epoch 1 | Step 11610/11932 | Loss 0.0525 | LR 2.79e-06 | samples_seen=234704
2026-05-16 03:39:39,981  INFO  Epoch 1 | Step 11610/11932 | Loss 0.0700 | LR 2.79e-06 | samples_seen=234712
2026-05-16 03:40:13,773  INFO  Epoch 1 | Step 11620/11932 | Loss 2.4531 | LR 2.77e-06 | samples_seen=235008
2026-05-16 03:40:14,846  INFO  Epoch 1 | Step 11620/11932 | Loss 0.0574 | LR 2.77e-06 | samples_seen=235016
2026-05-16 03:40:15,532  INFO  Epoch 1 | Step 11620/11932 | Loss 0.0503 | LR 2.77e-06 | samples_seen=235024
2026-05-16 03:40:16,201  INFO  Epoch 1 | Step 11620/11932 | Loss 0.0467 | LR 2.77e-06 | samples_seen=235032
2026-05-16 03:40:46,353  INFO  Epoch 1 | Step 11630/11932 | Loss 2.3493 | LR 2.76e-06 | samples_seen=235328
2026-05-16 03:40:47,128  INFO  Epoch 1 | Step 11630/11932 | Loss 0.0639 | LR 2.76e-06 | samples_seen=235336
2026-05-16 03:40:48,171  INFO  Epoch 1 | Step 11630/11932 | Loss 0.0615 | LR 2.76e-06 | samples_seen=235344
2026-05-16 03:40:49,225  INFO  Epoch 1 | Step 11630/11932 | Loss 0.0375 | LR 2.76e-06 | samples_seen=235352
2026-05-16 03:41:16,680  INFO  Epoch 1 | Step 11640/11932 | Loss 2.4502 | LR 2.74e-06 | samples_seen=235648
2026-05-16 03:41:17,728  INFO  Epoch 1 | Step 11640/11932 | Loss 0.0726 | LR 2.74e-06 | samples_seen=235656
2026-05-16 03:41:18,858  INFO  Epoch 1 | Step 11640/11932 | Loss 0.0700 | LR 2.74e-06 | samples_seen=235664
2026-05-16 03:41:19,499  INFO  Epoch 1 | Step 11640/11932 | Loss 0.0517 | LR 2.74e-06 | samples_seen=235672
2026-05-16 03:41:50,139  INFO  Epoch 1 | Step 11650/11932 | Loss 2.4772 | LR 2.72e-06 | samples_seen=235968
2026-05-16 03:41:50,846  INFO  Epoch 1 | Step 11650/11932 | Loss 0.0481 | LR 2.72e-06 | samples_seen=235976
2026-05-16 03:41:51,575  INFO  Epoch 1 | Step 11650/11932 | Loss 0.0438 | LR 2.72e-06 | samples_seen=235984
2026-05-16 03:41:52,808  INFO  Epoch 1 | Step 11650/11932 | Loss 0.0769 | LR 2.72e-06 | samples_seen=235992
2026-05-16 03:42:22,824  INFO  Epoch 1 | Step 11660/11932 | Loss 2.3877 | LR 2.70e-06 | samples_seen=236288
2026-05-16 03:42:23,333  INFO  Epoch 1 | Step 11660/11932 | Loss 0.0621 | LR 2.70e-06 | samples_seen=236296
2026-05-16 03:42:23,879  INFO  Epoch 1 | Step 11660/11932 | Loss 0.0982 | LR 2.70e-06 | samples_seen=236304
2026-05-16 03:42:24,704  INFO  Epoch 1 | Step 11660/11932 | Loss 0.0468 | LR 2.70e-06 | samples_seen=236312
2026-05-16 03:42:54,024  INFO  Epoch 1 | Step 11670/11932 | Loss 2.6202 | LR 2.68e-06 | samples_seen=236608
2026-05-16 03:42:54,467  INFO  Epoch 1 | Step 11670/11932 | Loss 0.0850 | LR 2.68e-06 | samples_seen=236616
2026-05-16 03:42:55,276  INFO  Epoch 1 | Step 11670/11932 | Loss 0.0666 | LR 2.68e-06 | samples_seen=236624
2026-05-16 03:42:56,027  INFO  Epoch 1 | Step 11670/11932 | Loss 0.0621 | LR 2.68e-06 | samples_seen=236632
2026-05-16 03:43:27,826  INFO  Epoch 1 | Step 11680/11932 | Loss 2.4164 | LR 2.66e-06 | samples_seen=236928
2026-05-16 03:43:28,605  INFO  Epoch 1 | Step 11680/11932 | Loss 0.0320 | LR 2.66e-06 | samples_seen=236936
2026-05-16 03:43:29,131  INFO  Epoch 1 | Step 11680/11932 | Loss 0.0771 | LR 2.66e-06 | samples_seen=236944
2026-05-16 03:43:30,041  INFO  Epoch 1 | Step 11680/11932 | Loss 0.0577 | LR 2.66e-06 | samples_seen=236952
2026-05-16 03:44:02,146  INFO  Epoch 1 | Step 11690/11932 | Loss 2.3891 | LR 2.64e-06 | samples_seen=237248
2026-05-16 03:44:03,191  INFO  Epoch 1 | Step 11690/11932 | Loss 0.0658 | LR 2.64e-06 | samples_seen=237256
2026-05-16 03:44:03,971  INFO  Epoch 1 | Step 11690/11932 | Loss 0.0468 | LR 2.64e-06 | samples_seen=237264
2026-05-16 03:44:04,770  INFO  Epoch 1 | Step 11690/11932 | Loss 0.0578 | LR 2.64e-06 | samples_seen=237272
2026-05-16 03:44:34,271  INFO  Epoch 1 | Step 11700/11932 | Loss 2.6148 | LR 2.63e-06 | samples_seen=237568
2026-05-16 03:44:35,027  INFO  Epoch 1 | Step 11700/11932 | Loss 0.0438 | LR 2.63e-06 | samples_seen=237576
2026-05-16 03:44:36,500  INFO  Epoch 1 | Step 11700/11932 | Loss 0.0557 | LR 2.63e-06 | samples_seen=237584
2026-05-16 03:44:37,269  INFO  Epoch 1 | Step 11700/11932 | Loss 0.0699 | LR 2.63e-06 | samples_seen=237592
2026-05-16 03:45:07,148  INFO  Epoch 1 | Step 11710/11932 | Loss 2.4098 | LR 2.61e-06 | samples_seen=237888
2026-05-16 03:45:08,167  INFO  Epoch 1 | Step 11710/11932 | Loss 0.0640 | LR 2.61e-06 | samples_seen=237896
2026-05-16 03:45:09,073  INFO  Epoch 1 | Step 11710/11932 | Loss 0.1006 | LR 2.61e-06 | samples_seen=237904
2026-05-16 03:45:10,008  INFO  Epoch 1 | Step 11710/11932 | Loss 0.0569 | LR 2.61e-06 | samples_seen=237912
2026-05-16 03:45:42,583  INFO  Epoch 1 | Step 11720/11932 | Loss 2.4800 | LR 2.59e-06 | samples_seen=238208
2026-05-16 03:45:43,028  INFO  Epoch 1 | Step 11720/11932 | Loss 0.0875 | LR 2.59e-06 | samples_seen=238216
2026-05-16 03:45:43,947  INFO  Epoch 1 | Step 11720/11932 | Loss 0.0506 | LR 2.59e-06 | samples_seen=238224
2026-05-16 03:45:44,726  INFO  Epoch 1 | Step 11720/11932 | Loss 0.0580 | LR 2.59e-06 | samples_seen=238232
2026-05-16 03:46:15,226  INFO  Epoch 1 | Step 11730/11932 | Loss 2.3357 | LR 2.57e-06 | samples_seen=238528
2026-05-16 03:46:15,668  INFO  Epoch 1 | Step 11730/11932 | Loss 0.0961 | LR 2.57e-06 | samples_seen=238536
2026-05-16 03:46:16,331  INFO  Epoch 1 | Step 11730/11932 | Loss 0.0517 | LR 2.57e-06 | samples_seen=238544
2026-05-16 03:46:16,901  INFO  Epoch 1 | Step 11730/11932 | Loss 0.0844 | LR 2.57e-06 | samples_seen=238552
2026-05-16 03:46:46,996  INFO  Epoch 1 | Step 11740/11932 | Loss 2.4333 | LR 2.55e-06 | samples_seen=238848
2026-05-16 03:46:47,438  INFO  Epoch 1 | Step 11740/11932 | Loss 0.0750 | LR 2.55e-06 | samples_seen=238856
2026-05-16 03:46:48,901  INFO  Epoch 1 | Step 11740/11932 | Loss 0.0657 | LR 2.55e-06 | samples_seen=238864
2026-05-16 03:46:49,576  INFO  Epoch 1 | Step 11740/11932 | Loss 0.0793 | LR 2.55e-06 | samples_seen=238872
2026-05-16 03:47:20,153  INFO  Epoch 1 | Step 11750/11932 | Loss 2.5840 | LR 2.53e-06 | samples_seen=239168
2026-05-16 03:47:20,863  INFO  Epoch 1 | Step 11750/11932 | Loss 0.0354 | LR 2.53e-06 | samples_seen=239176
2026-05-16 03:47:21,526  INFO  Epoch 1 | Step 11750/11932 | Loss 0.0372 | LR 2.53e-06 | samples_seen=239184
2026-05-16 03:47:22,643  INFO  Epoch 1 | Step 11750/11932 | Loss 0.0634 | LR 2.53e-06 | samples_seen=239192
2026-05-16 03:47:54,443  INFO  Epoch 1 | Step 11760/11932 | Loss 2.5091 | LR 2.52e-06 | samples_seen=239488
2026-05-16 03:47:55,198  INFO  Epoch 1 | Step 11760/11932 | Loss 0.0454 | LR 2.52e-06 | samples_seen=239496
2026-05-16 03:47:55,688  INFO  Epoch 1 | Step 11760/11932 | Loss 0.1037 | LR 2.52e-06 | samples_seen=239504
2026-05-16 03:47:57,127  INFO  Epoch 1 | Step 11760/11932 | Loss 0.0469 | LR 2.52e-06 | samples_seen=239512
2026-05-16 03:48:26,786  INFO  Epoch 1 | Step 11770/11932 | Loss 2.6835 | LR 2.50e-06 | samples_seen=239808
2026-05-16 03:48:27,318  INFO  Epoch 1 | Step 11770/11932 | Loss 0.0820 | LR 2.50e-06 | samples_seen=239816
2026-05-16 03:48:27,925  INFO  Epoch 1 | Step 11770/11932 | Loss 0.0631 | LR 2.50e-06 | samples_seen=239824
2026-05-16 03:48:29,043  INFO  Epoch 1 | Step 11770/11932 | Loss 0.0386 | LR 2.50e-06 | samples_seen=239832
2026-05-16 03:49:01,968  INFO  Epoch 1 | Step 11780/11932 | Loss 2.3990 | LR 2.48e-06 | samples_seen=240128
2026-05-16 03:49:02,462  INFO  Epoch 1 | Step 11780/11932 | Loss 0.0884 | LR 2.48e-06 | samples_seen=240136
2026-05-16 03:49:02,962  INFO  Epoch 1 | Step 11780/11932 | Loss 0.0800 | LR 2.48e-06 | samples_seen=240144
2026-05-16 03:49:03,987  INFO  Epoch 1 | Step 11780/11932 | Loss 0.0681 | LR 2.48e-06 | samples_seen=240152
2026-05-16 03:49:34,725  INFO  Epoch 1 | Step 11790/11932 | Loss 2.6187 | LR 2.46e-06 | samples_seen=240448
2026-05-16 03:49:35,330  INFO  Epoch 1 | Step 11790/11932 | Loss 0.0747 | LR 2.46e-06 | samples_seen=240456
2026-05-16 03:49:35,875  INFO  Epoch 1 | Step 11790/11932 | Loss 0.0681 | LR 2.46e-06 | samples_seen=240464
2026-05-16 03:49:36,656  INFO  Epoch 1 | Step 11790/11932 | Loss 0.0589 | LR 2.46e-06 | samples_seen=240472
2026-05-16 03:50:06,685  INFO  Epoch 1 | Step 11800/11932 | Loss 2.4724 | LR 2.44e-06 | samples_seen=240768
2026-05-16 03:50:07,445  INFO  Epoch 1 | Step 11800/11932 | Loss 0.0760 | LR 2.44e-06 | samples_seen=240776
2026-05-16 03:50:08,014  INFO  Epoch 1 | Step 11800/11932 | Loss 0.0607 | LR 2.44e-06 | samples_seen=240784
2026-05-16 03:50:09,477  INFO  Epoch 1 | Step 11800/11932 | Loss 0.0746 | LR 2.44e-06 | samples_seen=240792
2026-05-16 03:50:38,611  INFO  Epoch 1 | Step 11810/11932 | Loss 2.2859 | LR 2.43e-06 | samples_seen=241088
2026-05-16 03:50:39,319  INFO  Epoch 1 | Step 11810/11932 | Loss 0.0484 | LR 2.43e-06 | samples_seen=241096
2026-05-16 03:50:39,777  INFO  Epoch 1 | Step 11810/11932 | Loss 0.0924 | LR 2.43e-06 | samples_seen=241104
2026-05-16 03:50:40,409  INFO  Epoch 1 | Step 11810/11932 | Loss 0.0592 | LR 2.43e-06 | samples_seen=241112
2026-05-16 03:51:10,784  INFO  Epoch 1 | Step 11820/11932 | Loss 2.4815 | LR 2.41e-06 | samples_seen=241408
2026-05-16 03:51:11,449  INFO  Epoch 1 | Step 11820/11932 | Loss 0.0419 | LR 2.41e-06 | samples_seen=241416
2026-05-16 03:51:12,489  INFO  Epoch 1 | Step 11820/11932 | Loss 0.0834 | LR 2.41e-06 | samples_seen=241424
2026-05-16 03:51:13,256  INFO  Epoch 1 | Step 11820/11932 | Loss 0.0534 | LR 2.41e-06 | samples_seen=241432
2026-05-16 03:51:42,416  INFO  Epoch 1 | Step 11830/11932 | Loss 2.3993 | LR 2.39e-06 | samples_seen=241728
2026-05-16 03:51:43,043  INFO  Epoch 1 | Step 11830/11932 | Loss 0.0740 | LR 2.39e-06 | samples_seen=241736
2026-05-16 03:51:43,802  INFO  Epoch 1 | Step 11830/11932 | Loss 0.0784 | LR 2.39e-06 | samples_seen=241744
2026-05-16 03:51:44,366  INFO  Epoch 1 | Step 11830/11932 | Loss 0.0538 | LR 2.39e-06 | samples_seen=241752
2026-05-16 03:52:16,823  INFO  Epoch 1 | Step 11840/11932 | Loss 2.2829 | LR 2.37e-06 | samples_seen=242048
2026-05-16 03:52:17,499  INFO  Epoch 1 | Step 11840/11932 | Loss 0.0497 | LR 2.37e-06 | samples_seen=242056
2026-05-16 03:52:18,041  INFO  Epoch 1 | Step 11840/11932 | Loss 0.0728 | LR 2.37e-06 | samples_seen=242064
2026-05-16 03:52:19,023  INFO  Epoch 1 | Step 11840/11932 | Loss 0.0661 | LR 2.37e-06 | samples_seen=242072
2026-05-16 03:52:49,695  INFO  Epoch 1 | Step 11850/11932 | Loss 2.4841 | LR 2.36e-06 | samples_seen=242368
2026-05-16 03:52:50,403  INFO  Epoch 1 | Step 11850/11932 | Loss 0.0548 | LR 2.36e-06 | samples_seen=242376
2026-05-16 03:52:51,288  INFO  Epoch 1 | Step 11850/11932 | Loss 0.0517 | LR 2.36e-06 | samples_seen=242384
2026-05-16 03:52:52,087  INFO  Epoch 1 | Step 11850/11932 | Loss 0.0853 | LR 2.36e-06 | samples_seen=242392
2026-05-16 03:53:24,449  INFO  Epoch 1 | Step 11860/11932 | Loss 2.3018 | LR 2.34e-06 | samples_seen=242688
2026-05-16 03:53:25,042  INFO  Epoch 1 | Step 11860/11932 | Loss 0.0484 | LR 2.34e-06 | samples_seen=242696
2026-05-16 03:53:26,096  INFO  Epoch 1 | Step 11860/11932 | Loss 0.0954 | LR 2.34e-06 | samples_seen=242704
2026-05-16 03:53:26,952  INFO  Epoch 1 | Step 11860/11932 | Loss 0.0573 | LR 2.34e-06 | samples_seen=242712
2026-05-16 03:53:57,438  INFO  Epoch 1 | Step 11870/11932 | Loss 2.5847 | LR 2.32e-06 | samples_seen=243008
2026-05-16 03:53:57,880  INFO  Epoch 1 | Step 11870/11932 | Loss 0.0815 | LR 2.32e-06 | samples_seen=243016
2026-05-16 03:53:58,606  INFO  Epoch 1 | Step 11870/11932 | Loss 0.0523 | LR 2.32e-06 | samples_seen=243024
2026-05-16 03:53:59,795  INFO  Epoch 1 | Step 11870/11932 | Loss 0.0533 | LR 2.32e-06 | samples_seen=243032
2026-05-16 03:54:27,806  INFO  Epoch 1 | Step 11880/11932 | Loss 2.3495 | LR 2.30e-06 | samples_seen=243328
2026-05-16 03:54:28,226  INFO  Epoch 1 | Step 11880/11932 | Loss 0.0879 | LR 2.30e-06 | samples_seen=243336
2026-05-16 03:54:29,026  INFO  Epoch 1 | Step 11880/11932 | Loss 0.0563 | LR 2.30e-06 | samples_seen=243344
2026-05-16 03:54:29,552  INFO  Epoch 1 | Step 11880/11932 | Loss 0.0793 | LR 2.30e-06 | samples_seen=243352
2026-05-16 03:54:59,409  INFO  Epoch 1 | Step 11890/11932 | Loss 2.4070 | LR 2.29e-06 | samples_seen=243648
2026-05-16 03:55:00,167  INFO  Epoch 1 | Step 11890/11932 | Loss 0.0546 | LR 2.29e-06 | samples_seen=243656
2026-05-16 03:55:00,901  INFO  Epoch 1 | Step 11890/11932 | Loss 0.0434 | LR 2.29e-06 | samples_seen=243664
2026-05-16 03:55:02,377  INFO  Epoch 1 | Step 11890/11932 | Loss 0.0951 | LR 2.29e-06 | samples_seen=243672
2026-05-16 03:55:32,785  INFO  Epoch 1 | Step 11900/11932 | Loss 2.4897 | LR 2.27e-06 | samples_seen=243968
2026-05-16 03:55:33,492  INFO  Epoch 1 | Step 11900/11932 | Loss 0.1040 | LR 2.27e-06 | samples_seen=243976
2026-05-16 03:55:34,652  INFO  Epoch 1 | Step 11900/11932 | Loss 0.0435 | LR 2.27e-06 | samples_seen=243984
2026-05-16 03:55:35,221  INFO  Epoch 1 | Step 11900/11932 | Loss 0.0769 | LR 2.27e-06 | samples_seen=243992
2026-05-16 03:56:05,113  INFO  Epoch 1 | Step 11910/11932 | Loss 2.3035 | LR 2.25e-06 | samples_seen=244288
2026-05-16 03:56:05,969  INFO  Epoch 1 | Step 11910/11932 | Loss 0.0509 | LR 2.25e-06 | samples_seen=244296
2026-05-16 03:56:06,567  INFO  Epoch 1 | Step 11910/11932 | Loss 0.0734 | LR 2.25e-06 | samples_seen=244304
2026-05-16 03:56:07,439  INFO  Epoch 1 | Step 11910/11932 | Loss 0.0573 | LR 2.25e-06 | samples_seen=244312
2026-05-16 03:56:41,291  INFO  Epoch 1 | Step 11920/11932 | Loss 2.3080 | LR 2.24e-06 | samples_seen=244608
2026-05-16 03:56:42,248  INFO  Epoch 1 | Step 11920/11932 | Loss 0.0831 | LR 2.24e-06 | samples_seen=244616
2026-05-16 03:56:42,706  INFO  Epoch 1 | Step 11920/11932 | Loss 0.0970 | LR 2.24e-06 | samples_seen=244624
2026-05-16 03:56:43,585  INFO  Epoch 1 | Step 11920/11932 | Loss 0.0739 | LR 2.24e-06 | samples_seen=244632
2026-05-16 03:57:14,179  INFO  Epoch 1 | Step 11930/11932 | Loss 2.6125 | LR 2.22e-06 | samples_seen=244928
2026-05-16 03:57:15,395  INFO  Epoch 1 | Step 11930/11932 | Loss 0.0730 | LR 2.22e-06 | samples_seen=244936
2026-05-16 03:57:15,730  INFO  Epoch 1 | Step 11930/11932 | Loss 0.1247 | LR 2.22e-06 | samples_seen=244944
2026-05-16 03:57:16,526  INFO  Epoch 1 | Step 11930/11932 | Loss 0.0390 | LR 2.22e-06 | samples_seen=244952
2026-05-16 03:57:46,338  INFO  Epoch 1 | Step 11940/11932 | Loss 2.5229 | LR 2.20e-06 | samples_seen=245248
2026-05-16 03:57:47,067  INFO  Epoch 1 | Step 11940/11932 | Loss 0.0464 | LR 2.20e-06 | samples_seen=245256
2026-05-16 03:57:47,792  INFO  Epoch 1 | Step 11940/11932 | Loss 0.0435 | LR 2.20e-06 | samples_seen=245264
2026-05-16 03:57:48,515  INFO  Epoch 1 | Step 11940/11932 | Loss 0.0708 | LR 2.20e-06 | samples_seen=245272
2026-05-16 03:58:20,411  INFO  Epoch 1 | Step 11950/11932 | Loss 2.4471 | LR 2.18e-06 | samples_seen=245568
2026-05-16 03:58:21,081  INFO  Epoch 1 | Step 11950/11932 | Loss 0.0290 | LR 2.18e-06 | samples_seen=245576
2026-05-16 03:58:21,808  INFO  Epoch 1 | Step 11950/11932 | Loss 0.0462 | LR 2.18e-06 | samples_seen=245584
2026-05-16 03:58:22,716  INFO  Epoch 1 | Step 11950/11932 | Loss 0.0581 | LR 2.18e-06 | samples_seen=245592
2026-05-16 03:58:52,474  INFO  Epoch 1 | Step 11960/11932 | Loss 2.6319 | LR 2.17e-06 | samples_seen=245888
2026-05-16 03:58:53,862  INFO  Epoch 1 | Step 11960/11932 | Loss 0.0991 | LR 2.17e-06 | samples_seen=245896
2026-05-16 03:58:54,495  INFO  Epoch 1 | Step 11960/11932 | Loss 0.0541 | LR 2.17e-06 | samples_seen=245904
2026-05-16 03:58:55,728  INFO  Epoch 1 | Step 11960/11932 | Loss 0.0712 | LR 2.17e-06 | samples_seen=245912
2026-05-16 03:59:28,067  INFO  Epoch 1 | Step 11970/11932 | Loss 2.4647 | LR 2.15e-06 | samples_seen=246208
2026-05-16 03:59:28,952  INFO  Epoch 1 | Step 11970/11932 | Loss 0.0738 | LR 2.15e-06 | samples_seen=246216
2026-05-16 03:59:29,809  INFO  Epoch 1 | Step 11970/11932 | Loss 0.0631 | LR 2.15e-06 | samples_seen=246224
2026-05-16 03:59:30,850  INFO  Epoch 1 | Step 11970/11932 | Loss 0.0516 | LR 2.15e-06 | samples_seen=246232
2026-05-16 04:03:26,978  INFO  Checkpoint saved → ../checkpoints/stage2_h100/step11977 | global_step=11977 | samples_seen=246456
2026-05-16 04:03:32,841  INFO  Epoch 1 | Step 11980/11932 | Loss 2.3516 | LR 2.13e-06 | samples_seen=246528
2026-05-16 04:03:34,005  INFO  Epoch 1 | Step 11980/11932 | Loss 0.0701 | LR 2.13e-06 | samples_seen=246536
2026-05-16 04:03:34,904  INFO  Epoch 1 | Step 11980/11932 | Loss 0.0527 | LR 2.13e-06 | samples_seen=246544
2026-05-16 04:03:35,410  INFO  Epoch 1 | Step 11980/11932 | Loss 0.0951 | LR 2.13e-06 | samples_seen=246552
2026-05-16 04:04:04,176  INFO  Epoch 1 | Step 11990/11932 | Loss 2.4370 | LR 2.12e-06 | samples_seen=246848
2026-05-16 04:04:04,824  INFO  Epoch 1 | Step 11990/11932 | Loss 0.0547 | LR 2.12e-06 | samples_seen=246856
2026-05-16 04:04:05,523  INFO  Epoch 1 | Step 11990/11932 | Loss 0.0412 | LR 2.12e-06 | samples_seen=246864
2026-05-16 04:04:06,914  INFO  Epoch 1 | Step 11990/11932 | Loss 0.0741 | LR 2.12e-06 | samples_seen=246872
2026-05-16 04:04:36,478  INFO  Epoch 1 | Step 12000/11932 | Loss 2.7390 | LR 2.10e-06 | samples_seen=247168
2026-05-16 04:04:37,112  INFO  Epoch 1 | Step 12000/11932 | Loss 0.0673 | LR 2.10e-06 | samples_seen=247176
2026-05-16 04:04:37,581  INFO  Epoch 1 | Step 12000/11932 | Loss 0.0625 | LR 2.10e-06 | samples_seen=247184
2026-05-16 04:04:38,469  INFO  Epoch 1 | Step 12000/11932 | Loss 0.0805 | LR 2.10e-06 | samples_seen=247192
2026-05-16 04:05:12,902  INFO  Epoch 1 | Step 12010/11932 | Loss 2.6378 | LR 2.08e-06 | samples_seen=247488
2026-05-16 04:05:13,575  INFO  Epoch 1 | Step 12010/11932 | Loss 0.0479 | LR 2.08e-06 | samples_seen=247496
2026-05-16 04:05:15,027  INFO  Epoch 1 | Step 12010/11932 | Loss 0.0751 | LR 2.08e-06 | samples_seen=247504
2026-05-16 04:05:15,660  INFO  Epoch 1 | Step 12010/11932 | Loss 0.0638 | LR 2.08e-06 | samples_seen=247512
2026-05-16 04:05:50,594  INFO  Epoch 1 | Step 12020/11932 | Loss 2.4186 | LR 2.07e-06 | samples_seen=247808
2026-05-16 04:05:51,698  INFO  Epoch 1 | Step 12020/11932 | Loss 0.0449 | LR 2.07e-06 | samples_seen=247816
2026-05-16 04:05:52,364  INFO  Epoch 1 | Step 12020/11932 | Loss 0.0638 | LR 2.07e-06 | samples_seen=247824
2026-05-16 04:05:52,824  INFO  Epoch 1 | Step 12020/11932 | Loss 0.0961 | LR 2.07e-06 | samples_seen=247832
2026-05-16 04:06:25,512  INFO  Epoch 1 | Step 12030/11932 | Loss 2.3818 | LR 2.05e-06 | samples_seen=248128
2026-05-16 04:06:25,961  INFO  Epoch 1 | Step 12030/11932 | Loss 0.0806 | LR 2.05e-06 | samples_seen=248136
2026-05-16 04:06:26,354  INFO  Epoch 1 | Step 12030/11932 | Loss 0.0923 | LR 2.05e-06 | samples_seen=248144
2026-05-16 04:06:26,816  INFO  Epoch 1 | Step 12030/11932 | Loss 0.0749 | LR 2.05e-06 | samples_seen=248152
2026-05-16 04:06:55,537  INFO  Epoch 1 | Step 12040/11932 | Loss 2.3848 | LR 2.03e-06 | samples_seen=248448
2026-05-16 04:06:56,043  INFO  Epoch 1 | Step 12040/11932 | Loss 0.0913 | LR 2.03e-06 | samples_seen=248456
2026-05-16 04:06:56,738  INFO  Epoch 1 | Step 12040/11932 | Loss 0.0419 | LR 2.03e-06 | samples_seen=248464
2026-05-16 04:06:57,467  INFO  Epoch 1 | Step 12040/11932 | Loss 0.0610 | LR 2.03e-06 | samples_seen=248472
2026-05-16 04:07:29,038  INFO  Epoch 1 | Step 12050/11932 | Loss 2.4473 | LR 2.02e-06 | samples_seen=248768
2026-05-16 04:07:29,928  INFO  Epoch 1 | Step 12050/11932 | Loss 0.0487 | LR 2.02e-06 | samples_seen=248776
2026-05-16 04:07:31,193  INFO  Epoch 1 | Step 12050/11932 | Loss 0.0424 | LR 2.02e-06 | samples_seen=248784
2026-05-16 04:07:31,732  INFO  Epoch 1 | Step 12050/11932 | Loss 0.0666 | LR 2.02e-06 | samples_seen=248792
2026-05-16 04:08:02,264  INFO  Epoch 1 | Step 12060/11932 | Loss 2.4103 | LR 2.00e-06 | samples_seen=249088
2026-05-16 04:08:03,299  INFO  Epoch 1 | Step 12060/11932 | Loss 0.0686 | LR 2.00e-06 | samples_seen=249096
2026-05-16 04:08:03,836  INFO  Epoch 1 | Step 12060/11932 | Loss 0.0685 | LR 2.00e-06 | samples_seen=249104
2026-05-16 04:08:04,177  INFO  Epoch 1 | Step 12060/11932 | Loss 0.1565 | LR 2.00e-06 | samples_seen=249112
2026-05-16 04:08:31,998  INFO  Epoch 1 | Step 12070/11932 | Loss 2.7148 | LR 1.99e-06 | samples_seen=249408
2026-05-16 04:08:32,820  INFO  Epoch 1 | Step 12070/11932 | Loss 0.0936 | LR 1.99e-06 | samples_seen=249416
2026-05-16 04:08:33,795  INFO  Epoch 1 | Step 12070/11932 | Loss 0.0826 | LR 1.99e-06 | samples_seen=249424
2026-05-16 04:08:34,260  INFO  Epoch 1 | Step 12070/11932 | Loss 0.0818 | LR 1.99e-06 | samples_seen=249432
2026-05-16 04:09:04,023  INFO  Epoch 1 | Step 12080/11932 | Loss 2.7302 | LR 1.97e-06 | samples_seen=249728
2026-05-16 04:09:05,172  INFO  Epoch 1 | Step 12080/11932 | Loss 0.0663 | LR 1.97e-06 | samples_seen=249736
2026-05-16 04:09:06,303  INFO  Epoch 1 | Step 12080/11932 | Loss 0.0337 | LR 1.97e-06 | samples_seen=249744
2026-05-16 04:09:06,803  INFO  Epoch 1 | Step 12080/11932 | Loss 0.0530 | LR 1.97e-06 | samples_seen=249752
2026-05-16 04:09:40,249  INFO  Epoch 1 | Step 12090/11932 | Loss 2.2174 | LR 1.95e-06 | samples_seen=250048
2026-05-16 04:09:41,166  INFO  Epoch 1 | Step 12090/11932 | Loss 0.0481 | LR 1.95e-06 | samples_seen=250056
2026-05-16 04:09:41,564  INFO  Epoch 1 | Step 12090/11932 | Loss 0.1089 | LR 1.95e-06 | samples_seen=250064
2026-05-16 04:09:42,255  INFO  Epoch 1 | Step 12090/11932 | Loss 0.0508 | LR 1.95e-06 | samples_seen=250072
2026-05-16 04:10:10,821  INFO  Epoch 1 | Step 12100/11932 | Loss 2.4465 | LR 1.94e-06 | samples_seen=250368
2026-05-16 04:10:11,465  INFO  Epoch 1 | Step 12100/11932 | Loss 0.0618 | LR 1.94e-06 | samples_seen=250376
2026-05-16 04:10:12,632  INFO  Epoch 1 | Step 12100/11932 | Loss 0.0668 | LR 1.94e-06 | samples_seen=250384
2026-05-16 04:10:13,494  INFO  Epoch 1 | Step 12100/11932 | Loss 0.0391 | LR 1.94e-06 | samples_seen=250392
2026-05-16 04:10:44,593  INFO  Epoch 1 | Step 12110/11932 | Loss 2.6085 | LR 1.92e-06 | samples_seen=250688
2026-05-16 04:10:45,353  INFO  Epoch 1 | Step 12110/11932 | Loss 0.0398 | LR 1.92e-06 | samples_seen=250696
2026-05-16 04:10:46,019  INFO  Epoch 1 | Step 12110/11932 | Loss 0.0418 | LR 1.92e-06 | samples_seen=250704
2026-05-16 04:10:46,507  INFO  Epoch 1 | Step 12110/11932 | Loss 0.0755 | LR 1.92e-06 | samples_seen=250712
2026-05-16 04:11:19,734  INFO  Epoch 1 | Step 12120/11932 | Loss 2.3823 | LR 1.91e-06 | samples_seen=251008
2026-05-16 04:11:20,230  INFO  Epoch 1 | Step 12120/11932 | Loss 0.0834 | LR 1.91e-06 | samples_seen=251016
2026-05-16 04:11:21,381  INFO  Epoch 1 | Step 12120/11932 | Loss 0.0489 | LR 1.91e-06 | samples_seen=251024
2026-05-16 04:11:22,228  INFO  Epoch 1 | Step 12120/11932 | Loss 0.0383 | LR 1.91e-06 | samples_seen=251032
2026-05-16 04:11:54,121  INFO  Epoch 1 | Step 12130/11932 | Loss 2.6052 | LR 1.89e-06 | samples_seen=251328
2026-05-16 04:11:55,222  INFO  Epoch 1 | Step 12130/11932 | Loss 0.0553 | LR 1.89e-06 | samples_seen=251336
2026-05-16 04:11:56,107  INFO  Epoch 1 | Step 12130/11932 | Loss 0.0558 | LR 1.89e-06 | samples_seen=251344
2026-05-16 04:11:56,674  INFO  Epoch 1 | Step 12130/11932 | Loss 0.0658 | LR 1.89e-06 | samples_seen=251352
2026-05-16 04:12:25,490  INFO  Epoch 1 | Step 12140/11932 | Loss 2.4555 | LR 1.87e-06 | samples_seen=251648
2026-05-16 04:12:25,914  INFO  Epoch 1 | Step 12140/11932 | Loss 0.0907 | LR 1.87e-06 | samples_seen=251656
2026-05-16 04:12:26,895  INFO  Epoch 1 | Step 12140/11932 | Loss 0.0457 | LR 1.87e-06 | samples_seen=251664
2026-05-16 04:12:27,416  INFO  Epoch 1 | Step 12140/11932 | Loss 0.0570 | LR 1.87e-06 | samples_seen=251672
2026-05-16 04:12:57,431  INFO  Epoch 1 | Step 12150/11932 | Loss 2.5122 | LR 1.86e-06 | samples_seen=251968
2026-05-16 04:12:57,844  INFO  Epoch 1 | Step 12150/11932 | Loss 0.1082 | LR 1.86e-06 | samples_seen=251976
2026-05-16 04:12:58,849  INFO  Epoch 1 | Step 12150/11932 | Loss 0.0698 | LR 1.86e-06 | samples_seen=251984
2026-05-16 04:12:59,900  INFO  Epoch 1 | Step 12150/11932 | Loss 0.0553 | LR 1.86e-06 | samples_seen=251992
2026-05-16 04:13:31,457  INFO  Epoch 1 | Step 12160/11932 | Loss 2.6748 | LR 1.84e-06 | samples_seen=252288
2026-05-16 04:13:32,277  INFO  Epoch 1 | Step 12160/11932 | Loss 0.0483 | LR 1.84e-06 | samples_seen=252296
2026-05-16 04:13:32,799  INFO  Epoch 1 | Step 12160/11932 | Loss 0.1034 | LR 1.84e-06 | samples_seen=252304
2026-05-16 04:13:33,813  INFO  Epoch 1 | Step 12160/11932 | Loss 0.0504 | LR 1.84e-06 | samples_seen=252312
2026-05-16 04:14:06,011  INFO  Epoch 1 | Step 12170/11932 | Loss 2.5941 | LR 1.83e-06 | samples_seen=252608
2026-05-16 04:14:06,593  INFO  Epoch 1 | Step 12170/11932 | Loss 0.0744 | LR 1.83e-06 | samples_seen=252616
2026-05-16 04:14:07,118  INFO  Epoch 1 | Step 12170/11932 | Loss 0.0689 | LR 1.83e-06 | samples_seen=252624
2026-05-16 04:14:07,642  INFO  Epoch 1 | Step 12170/11932 | Loss 0.0823 | LR 1.83e-06 | samples_seen=252632
2026-05-16 04:14:37,246  INFO  Epoch 1 | Step 12180/11932 | Loss 2.5323 | LR 1.81e-06 | samples_seen=252928
2026-05-16 04:14:37,724  INFO  Epoch 1 | Step 12180/11932 | Loss 0.0779 | LR 1.81e-06 | samples_seen=252936
2026-05-16 04:14:38,177  INFO  Epoch 1 | Step 12180/11932 | Loss 0.0844 | LR 1.81e-06 | samples_seen=252944
2026-05-16 04:14:38,825  INFO  Epoch 1 | Step 12180/11932 | Loss 0.0700 | LR 1.81e-06 | samples_seen=252952
2026-05-16 04:15:12,080  INFO  Epoch 1 | Step 12190/11932 | Loss 2.5293 | LR 1.79e-06 | samples_seen=253248
2026-05-16 04:15:12,925  INFO  Epoch 1 | Step 12190/11932 | Loss 0.0877 | LR 1.79e-06 | samples_seen=253256
2026-05-16 04:15:13,767  INFO  Epoch 1 | Step 12190/11932 | Loss 0.0537 | LR 1.79e-06 | samples_seen=253264
2026-05-16 04:15:14,929  INFO  Epoch 1 | Step 12190/11932 | Loss 0.0455 | LR 1.79e-06 | samples_seen=253272
2026-05-16 04:15:47,921  INFO  Epoch 1 | Step 12200/11932 | Loss 2.2666 | LR 1.78e-06 | samples_seen=253568
2026-05-16 04:15:48,345  INFO  Epoch 1 | Step 12200/11932 | Loss 0.0885 | LR 1.78e-06 | samples_seen=253576
2026-05-16 04:15:49,086  INFO  Epoch 1 | Step 12200/11932 | Loss 0.0474 | LR 1.78e-06 | samples_seen=253584
2026-05-16 04:15:49,576  INFO  Epoch 1 | Step 12200/11932 | Loss 0.1233 | LR 1.78e-06 | samples_seen=253592
2026-05-16 04:16:18,524  INFO  Epoch 1 | Step 12210/11932 | Loss 2.6164 | LR 1.76e-06 | samples_seen=253888
2026-05-16 04:16:19,228  INFO  Epoch 1 | Step 12210/11932 | Loss 0.0516 | LR 1.76e-06 | samples_seen=253896
2026-05-16 04:16:20,566  INFO  Epoch 1 | Step 12210/11932 | Loss 0.0765 | LR 1.76e-06 | samples_seen=253904
2026-05-16 04:16:21,064  INFO  Epoch 1 | Step 12210/11932 | Loss 0.0746 | LR 1.76e-06 | samples_seen=253912
2026-05-16 04:16:50,972  INFO  Epoch 1 | Step 12220/11932 | Loss 2.4191 | LR 1.75e-06 | samples_seen=254208
2026-05-16 04:16:51,897  INFO  Epoch 1 | Step 12220/11932 | Loss 0.0564 | LR 1.75e-06 | samples_seen=254216
2026-05-16 04:16:52,581  INFO  Epoch 1 | Step 12220/11932 | Loss 0.0484 | LR 1.75e-06 | samples_seen=254224
2026-05-16 04:16:53,308  INFO  Epoch 1 | Step 12220/11932 | Loss 0.0442 | LR 1.75e-06 | samples_seen=254232
2026-05-16 04:17:22,239  INFO  Epoch 1 | Step 12230/11932 | Loss 2.3432 | LR 1.73e-06 | samples_seen=254528
2026-05-16 04:17:23,019  INFO  Epoch 1 | Step 12230/11932 | Loss 0.0415 | LR 1.73e-06 | samples_seen=254536
2026-05-16 04:17:23,658  INFO  Epoch 1 | Step 12230/11932 | Loss 0.0554 | LR 1.73e-06 | samples_seen=254544
2026-05-16 04:17:24,630  INFO  Epoch 1 | Step 12230/11932 | Loss 0.0672 | LR 1.73e-06 | samples_seen=254552
2026-05-16 04:17:53,254  INFO  Epoch 1 | Step 12240/11932 | Loss 2.4050 | LR 1.72e-06 | samples_seen=254848
2026-05-16 04:17:53,772  INFO  Epoch 1 | Step 12240/11932 | Loss 0.0967 | LR 1.72e-06 | samples_seen=254856
2026-05-16 04:17:54,440  INFO  Epoch 1 | Step 12240/11932 | Loss 0.0685 | LR 1.72e-06 | samples_seen=254864
2026-05-16 04:17:55,177  INFO  Epoch 1 | Step 12240/11932 | Loss 0.0487 | LR 1.72e-06 | samples_seen=254872
2026-05-16 04:18:25,544  INFO  Epoch 1 | Step 12250/11932 | Loss 2.4641 | LR 1.70e-06 | samples_seen=255168
2026-05-16 04:18:26,442  INFO  Epoch 1 | Step 12250/11932 | Loss 0.0395 | LR 1.70e-06 | samples_seen=255176
2026-05-16 04:18:27,318  INFO  Epoch 1 | Step 12250/11932 | Loss 0.0585 | LR 1.70e-06 | samples_seen=255184
2026-05-16 04:18:28,560  INFO  Epoch 1 | Step 12250/11932 | Loss 0.1086 | LR 1.70e-06 | samples_seen=255192
2026-05-16 04:19:02,328  INFO  Epoch 1 | Step 12260/11932 | Loss 2.3512 | LR 1.69e-06 | samples_seen=255488
2026-05-16 04:19:03,289  INFO  Epoch 1 | Step 12260/11932 | Loss 0.0644 | LR 1.69e-06 | samples_seen=255496
2026-05-16 04:19:04,296  INFO  Epoch 1 | Step 12260/11932 | Loss 0.0636 | LR 1.69e-06 | samples_seen=255504
2026-05-16 04:19:05,169  INFO  Epoch 1 | Step 12260/11932 | Loss 0.0670 | LR 1.69e-06 | samples_seen=255512
2026-05-16 04:19:36,254  INFO  Epoch 1 | Step 12270/11932 | Loss 2.2888 | LR 1.67e-06 | samples_seen=255808
2026-05-16 04:19:37,400  INFO  Epoch 1 | Step 12270/11932 | Loss 0.0508 | LR 1.67e-06 | samples_seen=255816
2026-05-16 04:19:38,046  INFO  Epoch 1 | Step 12270/11932 | Loss 0.0439 | LR 1.67e-06 | samples_seen=255824
2026-05-16 04:19:38,741  INFO  Epoch 1 | Step 12270/11932 | Loss 0.0482 | LR 1.67e-06 | samples_seen=255832
2026-05-16 04:20:07,739  INFO  Epoch 1 | Step 12280/11932 | Loss 2.4646 | LR 1.66e-06 | samples_seen=256128
2026-05-16 04:20:08,477  INFO  Epoch 1 | Step 12280/11932 | Loss 0.0534 | LR 1.66e-06 | samples_seen=256136
2026-05-16 04:20:09,127  INFO  Epoch 1 | Step 12280/11932 | Loss 0.0906 | LR 1.66e-06 | samples_seen=256144
2026-05-16 04:20:09,849  INFO  Epoch 1 | Step 12280/11932 | Loss 0.0866 | LR 1.66e-06 | samples_seen=256152
2026-05-16 04:20:43,137  INFO  Epoch 1 | Step 12290/11932 | Loss 2.4089 | LR 1.64e-06 | samples_seen=256448
2026-05-16 04:20:44,372  INFO  Epoch 1 | Step 12290/11932 | Loss 0.0533 | LR 1.64e-06 | samples_seen=256456
2026-05-16 04:20:45,385  INFO  Epoch 1 | Step 12290/11932 | Loss 0.0447 | LR 1.64e-06 | samples_seen=256464
2026-05-16 04:20:45,662  INFO  Epoch 1 | Step 12290/11932 | Loss 0.0937 | LR 1.64e-06 | samples_seen=256472
2026-05-16 04:21:16,351  INFO  Epoch 1 | Step 12300/11932 | Loss 2.6534 | LR 1.63e-06 | samples_seen=256768
2026-05-16 04:21:17,453  INFO  Epoch 1 | Step 12300/11932 | Loss 0.0680 | LR 1.63e-06 | samples_seen=256776
2026-05-16 04:21:18,248  INFO  Epoch 1 | Step 12300/11932 | Loss 0.0516 | LR 1.63e-06 | samples_seen=256784
2026-05-16 04:21:19,185  INFO  Epoch 1 | Step 12300/11932 | Loss 0.0725 | LR 1.63e-06 | samples_seen=256792
2026-05-16 04:21:49,365  INFO  Epoch 1 | Step 12310/11932 | Loss 2.4345 | LR 1.61e-06 | samples_seen=257088
2026-05-16 04:21:50,726  INFO  Epoch 1 | Step 12310/11932 | Loss 0.0793 | LR 1.61e-06 | samples_seen=257096
2026-05-16 04:21:51,568  INFO  Epoch 1 | Step 12310/11932 | Loss 0.0548 | LR 1.61e-06 | samples_seen=257104
2026-05-16 04:21:52,347  INFO  Epoch 1 | Step 12310/11932 | Loss 0.0737 | LR 1.61e-06 | samples_seen=257112
2026-05-16 04:22:22,881  INFO  Epoch 1 | Step 12320/11932 | Loss 2.6644 | LR 1.60e-06 | samples_seen=257408
2026-05-16 04:22:23,770  INFO  Epoch 1 | Step 12320/11932 | Loss 0.0700 | LR 1.60e-06 | samples_seen=257416
2026-05-16 04:22:24,333  INFO  Epoch 1 | Step 12320/11932 | Loss 0.0774 | LR 1.60e-06 | samples_seen=257424
2026-05-16 04:22:25,206  INFO  Epoch 1 | Step 12320/11932 | Loss 0.0629 | LR 1.60e-06 | samples_seen=257432
2026-05-16 04:22:53,303  INFO  Epoch 1 | Step 12330/11932 | Loss 2.4941 | LR 1.58e-06 | samples_seen=257728
2026-05-16 04:22:54,058  INFO  Epoch 1 | Step 12330/11932 | Loss 0.0480 | LR 1.58e-06 | samples_seen=257736
2026-05-16 04:22:54,608  INFO  Epoch 1 | Step 12330/11932 | Loss 0.0944 | LR 1.58e-06 | samples_seen=257744
2026-05-16 04:22:55,092  INFO  Epoch 1 | Step 12330/11932 | Loss 0.0622 | LR 1.58e-06 | samples_seen=257752
2026-05-16 04:23:21,414  INFO  Epoch 1 | Step 12340/11932 | Loss 2.7253 | LR 1.57e-06 | samples_seen=258048
2026-05-16 04:23:22,469  INFO  Epoch 1 | Step 12340/11932 | Loss 0.0747 | LR 1.57e-06 | samples_seen=258056
2026-05-16 04:23:23,242  INFO  Epoch 1 | Step 12340/11932 | Loss 0.0464 | LR 1.57e-06 | samples_seen=258064
2026-05-16 04:23:24,139  INFO  Epoch 1 | Step 12340/11932 | Loss 0.0505 | LR 1.57e-06 | samples_seen=258072
2026-05-16 04:23:56,563  INFO  Epoch 1 | Step 12350/11932 | Loss 2.3004 | LR 1.55e-06 | samples_seen=258368
2026-05-16 04:23:57,701  INFO  Epoch 1 | Step 12350/11932 | Loss 0.0580 | LR 1.55e-06 | samples_seen=258376
2026-05-16 04:23:58,247  INFO  Epoch 1 | Step 12350/11932 | Loss 0.0606 | LR 1.55e-06 | samples_seen=258384
2026-05-16 04:23:59,381  INFO  Epoch 1 | Step 12350/11932 | Loss 0.0685 | LR 1.55e-06 | samples_seen=258392
2026-05-16 04:24:30,830  INFO  Epoch 1 | Step 12360/11932 | Loss 2.5771 | LR 1.54e-06 | samples_seen=258688
2026-05-16 04:24:31,623  INFO  Epoch 1 | Step 12360/11932 | Loss 0.0498 | LR 1.54e-06 | samples_seen=258696
2026-05-16 04:24:32,191  INFO  Epoch 1 | Step 12360/11932 | Loss 0.0642 | LR 1.54e-06 | samples_seen=258704
2026-05-16 04:24:32,909  INFO  Epoch 1 | Step 12360/11932 | Loss 0.0754 | LR 1.54e-06 | samples_seen=258712
2026-05-16 04:25:10,718  INFO  Epoch 1 | Step 12370/11932 | Loss 2.4012 | LR 1.53e-06 | samples_seen=259008
2026-05-16 04:25:11,191  INFO  Epoch 1 | Step 12370/11932 | Loss 0.0696 | LR 1.53e-06 | samples_seen=259016
2026-05-16 04:25:12,372  INFO  Epoch 1 | Step 12370/11932 | Loss 0.0664 | LR 1.53e-06 | samples_seen=259024
2026-05-16 04:25:13,152  INFO  Epoch 1 | Step 12370/11932 | Loss 0.0764 | LR 1.53e-06 | samples_seen=259032
2026-05-16 04:25:43,585  INFO  Epoch 1 | Step 12380/11932 | Loss 2.5296 | LR 1.51e-06 | samples_seen=259328
2026-05-16 04:25:44,293  INFO  Epoch 1 | Step 12380/11932 | Loss 0.0632 | LR 1.51e-06 | samples_seen=259336
2026-05-16 04:25:45,070  INFO  Epoch 1 | Step 12380/11932 | Loss 0.0456 | LR 1.51e-06 | samples_seen=259344
2026-05-16 04:25:45,972  INFO  Epoch 1 | Step 12380/11932 | Loss 0.0470 | LR 1.51e-06 | samples_seen=259352
2026-05-16 04:26:19,418  INFO  Epoch 1 | Step 12390/11932 | Loss 2.3713 | LR 1.50e-06 | samples_seen=259648
2026-05-16 04:26:20,047  INFO  Epoch 1 | Step 12390/11932 | Loss 0.0577 | LR 1.50e-06 | samples_seen=259656
2026-05-16 04:26:21,512  INFO  Epoch 1 | Step 12390/11932 | Loss 0.0764 | LR 1.50e-06 | samples_seen=259664
2026-05-16 04:26:22,019  INFO  Epoch 1 | Step 12390/11932 | Loss 0.0547 | LR 1.50e-06 | samples_seen=259672
2026-05-16 04:26:52,118  INFO  Epoch 1 | Step 12400/11932 | Loss 2.7833 | LR 1.48e-06 | samples_seen=259968
2026-05-16 04:26:52,661  INFO  Epoch 1 | Step 12400/11932 | Loss 0.0522 | LR 1.48e-06 | samples_seen=259976
2026-05-16 04:26:54,031  INFO  Epoch 1 | Step 12400/11932 | Loss 0.0647 | LR 1.48e-06 | samples_seen=259984
2026-05-16 04:26:54,721  INFO  Epoch 1 | Step 12400/11932 | Loss 0.0371 | LR 1.48e-06 | samples_seen=259992
2026-05-16 04:27:25,740  INFO  Epoch 1 | Step 12410/11932 | Loss 2.5905 | LR 1.47e-06 | samples_seen=260288
2026-05-16 04:27:26,864  INFO  Epoch 1 | Step 12410/11932 | Loss 0.0511 | LR 1.47e-06 | samples_seen=260296
2026-05-16 04:27:27,749  INFO  Epoch 1 | Step 12410/11932 | Loss 0.0917 | LR 1.47e-06 | samples_seen=260304
2026-05-16 04:27:28,764  INFO  Epoch 1 | Step 12410/11932 | Loss 0.0763 | LR 1.47e-06 | samples_seen=260312
2026-05-16 04:28:02,806  INFO  Epoch 1 | Step 12420/11932 | Loss 2.5646 | LR 1.45e-06 | samples_seen=260608
2026-05-16 04:28:03,248  INFO  Epoch 1 | Step 12420/11932 | Loss 0.0791 | LR 1.45e-06 | samples_seen=260616
2026-05-16 04:28:04,047  INFO  Epoch 1 | Step 12420/11932 | Loss 0.0444 | LR 1.45e-06 | samples_seen=260624
2026-05-16 04:28:04,682  INFO  Epoch 1 | Step 12420/11932 | Loss 0.0516 | LR 1.45e-06 | samples_seen=260632
2026-05-16 04:28:36,733  INFO  Epoch 1 | Step 12430/11932 | Loss 2.3262 | LR 1.44e-06 | samples_seen=260928
2026-05-16 04:28:37,652  INFO  Epoch 1 | Step 12430/11932 | Loss 0.0591 | LR 1.44e-06 | samples_seen=260936
2026-05-16 04:28:38,310  INFO  Epoch 1 | Step 12430/11932 | Loss 0.0465 | LR 1.44e-06 | samples_seen=260944
2026-05-16 04:28:39,056  INFO  Epoch 1 | Step 12430/11932 | Loss 0.0565 | LR 1.44e-06 | samples_seen=260952
2026-05-16 04:29:08,705  INFO  Epoch 1 | Step 12440/11932 | Loss 2.5021 | LR 1.43e-06 | samples_seen=261248
2026-05-16 04:29:09,954  INFO  Epoch 1 | Step 12440/11932 | Loss 0.1133 | LR 1.43e-06 | samples_seen=261256
2026-05-16 04:29:11,245  INFO  Epoch 1 | Step 12440/11932 | Loss 0.0694 | LR 1.43e-06 | samples_seen=261264
2026-05-16 04:29:12,154  INFO  Epoch 1 | Step 12440/11932 | Loss 0.0528 | LR 1.43e-06 | samples_seen=261272
2026-05-16 04:29:44,347  INFO  Epoch 1 | Step 12450/11932 | Loss 2.4166 | LR 1.41e-06 | samples_seen=261568
2026-05-16 04:29:45,239  INFO  Epoch 1 | Step 12450/11932 | Loss 0.0942 | LR 1.41e-06 | samples_seen=261576
2026-05-16 04:29:45,781  INFO  Epoch 1 | Step 12450/11932 | Loss 0.0740 | LR 1.41e-06 | samples_seen=261584
2026-05-16 04:29:47,082  INFO  Epoch 1 | Step 12450/11932 | Loss 0.0574 | LR 1.41e-06 | samples_seen=261592
2026-05-16 04:30:20,777  INFO  Epoch 1 | Step 12460/11932 | Loss 2.3976 | LR 1.40e-06 | samples_seen=261888
2026-05-16 04:30:21,954  INFO  Epoch 1 | Step 12460/11932 | Loss 0.0631 | LR 1.40e-06 | samples_seen=261896
2026-05-16 04:30:23,155  INFO  Epoch 1 | Step 12460/11932 | Loss 0.0504 | LR 1.40e-06 | samples_seen=261904
2026-05-16 04:30:24,177  INFO  Epoch 1 | Step 12460/11932 | Loss 0.0674 | LR 1.40e-06 | samples_seen=261912
2026-05-16 04:30:55,096  INFO  Epoch 1 | Step 12470/11932 | Loss 2.5854 | LR 1.38e-06 | samples_seen=262208
2026-05-16 04:30:55,881  INFO  Epoch 1 | Step 12470/11932 | Loss 0.0570 | LR 1.38e-06 | samples_seen=262216
2026-05-16 04:30:56,868  INFO  Epoch 1 | Step 12470/11932 | Loss 0.0487 | LR 1.38e-06 | samples_seen=262224
2026-05-16 04:30:57,747  INFO  Epoch 1 | Step 12470/11932 | Loss 0.1433 | LR 1.38e-06 | samples_seen=262232
2026-05-16 04:31:28,229  INFO  Epoch 1 | Step 12480/11932 | Loss 2.2087 | LR 1.37e-06 | samples_seen=262528
2026-05-16 04:31:28,884  INFO  Epoch 1 | Step 12480/11932 | Loss 0.0543 | LR 1.37e-06 | samples_seen=262536
2026-05-16 04:31:30,004  INFO  Epoch 1 | Step 12480/11932 | Loss 0.1137 | LR 1.37e-06 | samples_seen=262544
2026-05-16 04:31:31,384  INFO  Epoch 1 | Step 12480/11932 | Loss 0.0720 | LR 1.37e-06 | samples_seen=262552
2026-05-16 04:31:59,863  INFO  Epoch 1 | Step 12490/11932 | Loss 2.5827 | LR 1.36e-06 | samples_seen=262848
2026-05-16 04:32:00,719  INFO  Epoch 1 | Step 12490/11932 | Loss 0.0471 | LR 1.36e-06 | samples_seen=262856
2026-05-16 04:32:01,917  INFO  Epoch 1 | Step 12490/11932 | Loss 0.0616 | LR 1.36e-06 | samples_seen=262864
2026-05-16 04:32:02,721  INFO  Epoch 1 | Step 12490/11932 | Loss 0.0567 | LR 1.36e-06 | samples_seen=262872
2026-05-16 04:32:33,925  INFO  Epoch 1 | Step 12500/11932 | Loss 2.3993 | LR 1.34e-06 | samples_seen=263168
2026-05-16 04:32:35,383  INFO  Epoch 1 | Step 12500/11932 | Loss 0.0997 | LR 1.34e-06 | samples_seen=263176
2026-05-16 04:32:36,359  INFO  Epoch 1 | Step 12500/11932 | Loss 0.0731 | LR 1.34e-06 | samples_seen=263184
2026-05-16 04:32:37,835  INFO  Epoch 1 | Step 12500/11932 | Loss 0.1142 | LR 1.34e-06 | samples_seen=263192
2026-05-16 04:33:09,304  INFO  Epoch 1 | Step 12510/11932 | Loss 2.4477 | LR 1.33e-06 | samples_seen=263488
2026-05-16 04:33:10,079  INFO  Epoch 1 | Step 12510/11932 | Loss 0.0416 | LR 1.33e-06 | samples_seen=263496
2026-05-16 04:33:10,981  INFO  Epoch 1 | Step 12510/11932 | Loss 0.0683 | LR 1.33e-06 | samples_seen=263504
2026-05-16 04:33:11,420  INFO  Epoch 1 | Step 12510/11932 | Loss 0.0598 | LR 1.33e-06 | samples_seen=263512
2026-05-16 04:36:54,411  INFO  Checkpoint saved → ../checkpoints/stage2_h100/step12515 | global_step=12515 | samples_seen=263672
2026-05-16 04:37:08,986  INFO  Epoch 1 | Step 12520/11932 | Loss 2.6122 | LR 1.32e-06 | samples_seen=263808
2026-05-16 04:37:10,133  INFO  Epoch 1 | Step 12520/11932 | Loss 0.0939 | LR 1.32e-06 | samples_seen=263816
2026-05-16 04:37:10,822  INFO  Epoch 1 | Step 12520/11932 | Loss 0.0659 | LR 1.32e-06 | samples_seen=263824
2026-05-16 04:37:11,732  INFO  Epoch 1 | Step 12520/11932 | Loss 0.0465 | LR 1.32e-06 | samples_seen=263832
2026-05-16 04:37:43,067  INFO  Epoch 1 | Step 12530/11932 | Loss 2.5087 | LR 1.30e-06 | samples_seen=264128
2026-05-16 04:37:44,485  INFO  Epoch 1 | Step 12530/11932 | Loss 0.0533 | LR 1.30e-06 | samples_seen=264136
2026-05-16 04:37:45,127  INFO  Epoch 1 | Step 12530/11932 | Loss 0.0617 | LR 1.30e-06 | samples_seen=264144
2026-05-16 04:37:45,793  INFO  Epoch 1 | Step 12530/11932 | Loss 0.0644 | LR 1.30e-06 | samples_seen=264152
2026-05-16 04:38:16,928  INFO  Epoch 1 | Step 12540/11932 | Loss 2.3640 | LR 1.29e-06 | samples_seen=264448
2026-05-16 04:38:17,601  INFO  Epoch 1 | Step 12540/11932 | Loss 0.0552 | LR 1.29e-06 | samples_seen=264456
2026-05-16 04:38:18,707  INFO  Epoch 1 | Step 12540/11932 | Loss 0.1059 | LR 1.29e-06 | samples_seen=264464
2026-05-16 04:38:19,322  INFO  Epoch 1 | Step 12540/11932 | Loss 0.0601 | LR 1.29e-06 | samples_seen=264472
2026-05-16 04:38:50,853  INFO  Epoch 1 | Step 12550/11932 | Loss 2.4262 | LR 1.28e-06 | samples_seen=264768
2026-05-16 04:38:51,376  INFO  Epoch 1 | Step 12550/11932 | Loss 0.0686 | LR 1.28e-06 | samples_seen=264776
2026-05-16 04:38:52,138  INFO  Epoch 1 | Step 12550/11932 | Loss 0.0715 | LR 1.28e-06 | samples_seen=264784
2026-05-16 04:38:52,701  INFO  Epoch 1 | Step 12550/11932 | Loss 0.0832 | LR 1.28e-06 | samples_seen=264792
2026-05-16 04:39:23,171  INFO  Epoch 1 | Step 12560/11932 | Loss 2.4875 | LR 1.26e-06 | samples_seen=265088
2026-05-16 04:39:24,225  INFO  Epoch 1 | Step 12560/11932 | Loss 0.0505 | LR 1.26e-06 | samples_seen=265096
2026-05-16 04:39:24,624  INFO  Epoch 1 | Step 12560/11932 | Loss 0.1021 | LR 1.26e-06 | samples_seen=265104
2026-05-16 04:39:25,618  INFO  Epoch 1 | Step 12560/11932 | Loss 0.0489 | LR 1.26e-06 | samples_seen=265112
2026-05-16 04:39:57,747  INFO  Epoch 1 | Step 12570/11932 | Loss 2.3814 | LR 1.25e-06 | samples_seen=265408
2026-05-16 04:39:58,483  INFO  Epoch 1 | Step 12570/11932 | Loss 0.0496 | LR 1.25e-06 | samples_seen=265416
2026-05-16 04:39:59,038  INFO  Epoch 1 | Step 12570/11932 | Loss 0.0578 | LR 1.25e-06 | samples_seen=265424
2026-05-16 04:39:59,743  INFO  Epoch 1 | Step 12570/11932 | Loss 0.0390 | LR 1.25e-06 | samples_seen=265432
2026-05-16 04:40:31,243  INFO  Epoch 1 | Step 12580/11932 | Loss 2.3125 | LR 1.24e-06 | samples_seen=265728
2026-05-16 04:40:32,400  INFO  Epoch 1 | Step 12580/11932 | Loss 0.0669 | LR 1.24e-06 | samples_seen=265736
2026-05-16 04:40:33,261  INFO  Epoch 1 | Step 12580/11932 | Loss 0.0592 | LR 1.24e-06 | samples_seen=265744
2026-05-16 04:40:33,922  INFO  Epoch 1 | Step 12580/11932 | Loss 0.0520 | LR 1.24e-06 | samples_seen=265752
2026-05-16 04:41:05,078  INFO  Epoch 1 | Step 12590/11932 | Loss 2.3776 | LR 1.22e-06 | samples_seen=266048
2026-05-16 04:41:05,625  INFO  Epoch 1 | Step 12590/11932 | Loss 0.0584 | LR 1.22e-06 | samples_seen=266056
2026-05-16 04:41:06,143  INFO  Epoch 1 | Step 12590/11932 | Loss 0.0834 | LR 1.22e-06 | samples_seen=266064
2026-05-16 04:41:06,901  INFO  Epoch 1 | Step 12590/11932 | Loss 0.0506 | LR 1.22e-06 | samples_seen=266072
2026-05-16 04:41:37,836  INFO  Epoch 1 | Step 12600/11932 | Loss 2.4900 | LR 1.21e-06 | samples_seen=266368
2026-05-16 04:41:38,742  INFO  Epoch 1 | Step 12600/11932 | Loss 0.1079 | LR 1.21e-06 | samples_seen=266376
2026-05-16 04:41:39,238  INFO  Epoch 1 | Step 12600/11932 | Loss 0.0894 | LR 1.21e-06 | samples_seen=266384
2026-05-16 04:41:40,423  INFO  Epoch 1 | Step 12600/11932 | Loss 0.0568 | LR 1.21e-06 | samples_seen=266392
2026-05-16 04:42:09,230  INFO  Epoch 1 | Step 12610/11932 | Loss 2.4010 | LR 1.20e-06 | samples_seen=266688
2026-05-16 04:42:10,096  INFO  Epoch 1 | Step 12610/11932 | Loss 0.0523 | LR 1.20e-06 | samples_seen=266696
2026-05-16 04:42:10,938  INFO  Epoch 1 | Step 12610/11932 | Loss 0.0543 | LR 1.20e-06 | samples_seen=266704
2026-05-16 04:42:11,614  INFO  Epoch 1 | Step 12610/11932 | Loss 0.0579 | LR 1.20e-06 | samples_seen=266712
2026-05-16 04:42:44,070  INFO  Epoch 1 | Step 12620/11932 | Loss 2.5417 | LR 1.19e-06 | samples_seen=267008
2026-05-16 04:42:44,627  INFO  Epoch 1 | Step 12620/11932 | Loss 0.0529 | LR 1.19e-06 | samples_seen=267016
2026-05-16 04:42:45,489  INFO  Epoch 1 | Step 12620/11932 | Loss 0.0507 | LR 1.19e-06 | samples_seen=267024
2026-05-16 04:42:46,227  INFO  Epoch 1 | Step 12620/11932 | Loss 0.0553 | LR 1.19e-06 | samples_seen=267032
2026-05-16 04:43:14,657  INFO  Epoch 1 | Step 12630/11932 | Loss 2.5715 | LR 1.17e-06 | samples_seen=267328
2026-05-16 04:43:15,362  INFO  Epoch 1 | Step 12630/11932 | Loss 0.0572 | LR 1.17e-06 | samples_seen=267336
2026-05-16 04:43:16,605  INFO  Epoch 1 | Step 12630/11932 | Loss 0.0666 | LR 1.17e-06 | samples_seen=267344
2026-05-16 04:43:17,353  INFO  Epoch 1 | Step 12630/11932 | Loss 0.0413 | LR 1.17e-06 | samples_seen=267352
2026-05-16 04:43:47,727  INFO  Epoch 1 | Step 12640/11932 | Loss 2.2816 | LR 1.16e-06 | samples_seen=267648
2026-05-16 04:43:48,488  INFO  Epoch 1 | Step 12640/11932 | Loss 0.0515 | LR 1.16e-06 | samples_seen=267656
2026-05-16 04:43:49,132  INFO  Epoch 1 | Step 12640/11932 | Loss 0.0598 | LR 1.16e-06 | samples_seen=267664
2026-05-16 04:43:49,998  INFO  Epoch 1 | Step 12640/11932 | Loss 0.0486 | LR 1.16e-06 | samples_seen=267672
2026-05-16 04:44:18,245  INFO  Epoch 1 | Step 12650/11932 | Loss 2.5177 | LR 1.15e-06 | samples_seen=267968
2026-05-16 04:44:19,229  INFO  Epoch 1 | Step 12650/11932 | Loss 0.0525 | LR 1.15e-06 | samples_seen=267976
2026-05-16 04:44:19,630  INFO  Epoch 1 | Step 12650/11932 | Loss 0.1187 | LR 1.15e-06 | samples_seen=267984
2026-05-16 04:44:20,272  INFO  Epoch 1 | Step 12650/11932 | Loss 0.0630 | LR 1.15e-06 | samples_seen=267992
2026-05-16 04:44:50,479  INFO  Epoch 1 | Step 12660/11932 | Loss 2.5816 | LR 1.13e-06 | samples_seen=268288
2026-05-16 04:44:51,935  INFO  Epoch 1 | Step 12660/11932 | Loss 0.0764 | LR 1.13e-06 | samples_seen=268296
2026-05-16 04:44:52,388  INFO  Epoch 1 | Step 12660/11932 | Loss 0.0841 | LR 1.13e-06 | samples_seen=268304
2026-05-16 04:44:53,175  INFO  Epoch 1 | Step 12660/11932 | Loss 0.0482 | LR 1.13e-06 | samples_seen=268312
2026-05-16 04:45:24,672  INFO  Epoch 1 | Step 12670/11932 | Loss 2.2969 | LR 1.12e-06 | samples_seen=268608
2026-05-16 04:45:25,433  INFO  Epoch 1 | Step 12670/11932 | Loss 0.0610 | LR 1.12e-06 | samples_seen=268616
2026-05-16 04:45:26,694  INFO  Epoch 1 | Step 12670/11932 | Loss 0.0940 | LR 1.12e-06 | samples_seen=268624
2026-05-16 04:45:27,542  INFO  Epoch 1 | Step 12670/11932 | Loss 0.0679 | LR 1.12e-06 | samples_seen=268632
2026-05-16 04:45:58,004  INFO  Epoch 1 | Step 12680/11932 | Loss 2.2552 | LR 1.11e-06 | samples_seen=268928
2026-05-16 04:45:58,898  INFO  Epoch 1 | Step 12680/11932 | Loss 0.0558 | LR 1.11e-06 | samples_seen=268936
2026-05-16 04:45:59,677  INFO  Epoch 1 | Step 12680/11932 | Loss 0.0439 | LR 1.11e-06 | samples_seen=268944
2026-05-16 04:46:00,687  INFO  Epoch 1 | Step 12680/11932 | Loss 0.0729 | LR 1.11e-06 | samples_seen=268952
2026-05-16 04:46:33,462  INFO  Epoch 1 | Step 12690/11932 | Loss 2.6378 | LR 1.10e-06 | samples_seen=269248
2026-05-16 04:46:34,177  INFO  Epoch 1 | Step 12690/11932 | Loss 0.0515 | LR 1.10e-06 | samples_seen=269256
2026-05-16 04:46:34,777  INFO  Epoch 1 | Step 12690/11932 | Loss 0.0562 | LR 1.10e-06 | samples_seen=269264
2026-05-16 04:46:35,303  INFO  Epoch 1 | Step 12690/11932 | Loss 0.0563 | LR 1.10e-06 | samples_seen=269272
2026-05-16 04:47:06,229  INFO  Epoch 1 | Step 12700/11932 | Loss 2.5596 | LR 1.08e-06 | samples_seen=269568
2026-05-16 04:47:06,829  INFO  Epoch 1 | Step 12700/11932 | Loss 0.0647 | LR 1.08e-06 | samples_seen=269576
2026-05-16 04:47:07,320  INFO  Epoch 1 | Step 12700/11932 | Loss 0.0617 | LR 1.08e-06 | samples_seen=269584
2026-05-16 04:47:07,751  INFO  Epoch 1 | Step 12700/11932 | Loss 0.0920 | LR 1.08e-06 | samples_seen=269592
2026-05-16 04:47:40,714  INFO  Epoch 1 | Step 12710/11932 | Loss 2.3020 | LR 1.07e-06 | samples_seen=269888
2026-05-16 04:47:41,343  INFO  Epoch 1 | Step 12710/11932 | Loss 0.0485 | LR 1.07e-06 | samples_seen=269896
2026-05-16 04:47:42,202  INFO  Epoch 1 | Step 12710/11932 | Loss 0.0539 | LR 1.07e-06 | samples_seen=269904
2026-05-16 04:47:42,930  INFO  Epoch 1 | Step 12710/11932 | Loss 0.0559 | LR 1.07e-06 | samples_seen=269912
2026-05-16 04:48:15,223  INFO  Epoch 1 | Step 12720/11932 | Loss 2.5437 | LR 1.06e-06 | samples_seen=270208
2026-05-16 04:48:16,378  INFO  Epoch 1 | Step 12720/11932 | Loss 0.0715 | LR 1.06e-06 | samples_seen=270216
2026-05-16 04:48:17,512  INFO  Epoch 1 | Step 12720/11932 | Loss 0.0741 | LR 1.06e-06 | samples_seen=270224
2026-05-16 04:48:18,982  INFO  Epoch 1 | Step 12720/11932 | Loss 0.0560 | LR 1.06e-06 | samples_seen=270232
2026-05-16 04:48:51,969  INFO  Epoch 1 | Step 12730/11932 | Loss 2.6356 | LR 1.05e-06 | samples_seen=270528
2026-05-16 04:48:52,951  INFO  Epoch 1 | Step 12730/11932 | Loss 0.0596 | LR 1.05e-06 | samples_seen=270536
2026-05-16 04:48:53,461  INFO  Epoch 1 | Step 12730/11932 | Loss 0.0671 | LR 1.05e-06 | samples_seen=270544
2026-05-16 04:48:54,128  INFO  Epoch 1 | Step 12730/11932 | Loss 0.0684 | LR 1.05e-06 | samples_seen=270552
2026-05-16 04:49:24,102  INFO  Epoch 1 | Step 12740/11932 | Loss 2.3771 | LR 1.04e-06 | samples_seen=270848
2026-05-16 04:49:25,102  INFO  Epoch 1 | Step 12740/11932 | Loss 0.0622 | LR 1.04e-06 | samples_seen=270856
2026-05-16 04:49:26,076  INFO  Epoch 1 | Step 12740/11932 | Loss 0.0945 | LR 1.04e-06 | samples_seen=270864
2026-05-16 04:49:26,836  INFO  Epoch 1 | Step 12740/11932 | Loss 0.0661 | LR 1.04e-06 | samples_seen=270872
2026-05-16 04:49:58,452  INFO  Epoch 1 | Step 12750/11932 | Loss 2.3511 | LR 1.02e-06 | samples_seen=271168
2026-05-16 04:49:59,915  INFO  Epoch 1 | Step 12750/11932 | Loss 0.1145 | LR 1.02e-06 | samples_seen=271176
2026-05-16 04:50:00,430  INFO  Epoch 1 | Step 12750/11932 | Loss 0.0625 | LR 1.02e-06 | samples_seen=271184
2026-05-16 04:50:00,942  INFO  Epoch 1 | Step 12750/11932 | Loss 0.0707 | LR 1.02e-06 | samples_seen=271192
2026-05-16 04:50:33,647  INFO  Epoch 1 | Step 12760/11932 | Loss 2.2440 | LR 1.01e-06 | samples_seen=271488
2026-05-16 04:50:34,514  INFO  Epoch 1 | Step 12760/11932 | Loss 0.0665 | LR 1.01e-06 | samples_seen=271496
2026-05-16 04:50:35,062  INFO  Epoch 1 | Step 12760/11932 | Loss 0.0808 | LR 1.01e-06 | samples_seen=271504
2026-05-16 04:50:35,575  INFO  Epoch 1 | Step 12760/11932 | Loss 0.0969 | LR 1.01e-06 | samples_seen=271512
2026-05-16 04:51:08,580  INFO  Epoch 1 | Step 12770/11932 | Loss 2.2869 | LR 1.00e-06 | samples_seen=271808
2026-05-16 04:51:09,234  INFO  Epoch 1 | Step 12770/11932 | Loss 0.0689 | LR 1.00e-06 | samples_seen=271816
2026-05-16 04:51:10,173  INFO  Epoch 1 | Step 12770/11932 | Loss 0.0816 | LR 1.00e-06 | samples_seen=271824
2026-05-16 04:51:11,051  INFO  Epoch 1 | Step 12770/11932 | Loss 0.0526 | LR 1.00e-06 | samples_seen=271832
2026-05-16 04:51:44,845  INFO  Epoch 1 | Step 12780/11932 | Loss 2.3586 | LR 9.88e-07 | samples_seen=272128
2026-05-16 04:51:45,328  INFO  Epoch 1 | Step 12780/11932 | Loss 0.0866 | LR 9.88e-07 | samples_seen=272136
2026-05-16 04:51:46,331  INFO  Epoch 1 | Step 12780/11932 | Loss 0.0864 | LR 9.88e-07 | samples_seen=272144
2026-05-16 04:51:47,230  INFO  Epoch 1 | Step 12780/11932 | Loss 0.0577 | LR 9.88e-07 | samples_seen=272152
2026-05-16 04:52:15,651  INFO  Epoch 1 | Step 12790/11932 | Loss 2.6488 | LR 9.77e-07 | samples_seen=272448
2026-05-16 04:52:16,160  INFO  Epoch 1 | Step 12790/11932 | Loss 0.0793 | LR 9.77e-07 | samples_seen=272456
2026-05-16 04:52:16,662  INFO  Epoch 1 | Step 12790/11932 | Loss 0.1005 | LR 9.77e-07 | samples_seen=272464
2026-05-16 04:52:17,681  INFO  Epoch 1 | Step 12790/11932 | Loss 0.0614 | LR 9.77e-07 | samples_seen=272472
2026-05-16 04:52:45,993  INFO  Epoch 1 | Step 12800/11932 | Loss 2.5951 | LR 9.65e-07 | samples_seen=272768
2026-05-16 04:52:46,854  INFO  Epoch 1 | Step 12800/11932 | Loss 0.0712 | LR 9.65e-07 | samples_seen=272776
2026-05-16 04:52:47,525  INFO  Epoch 1 | Step 12800/11932 | Loss 0.0721 | LR 9.65e-07 | samples_seen=272784
2026-05-16 04:52:48,989  INFO  Epoch 1 | Step 12800/11932 | Loss 0.0854 | LR 9.65e-07 | samples_seen=272792
2026-05-16 04:53:21,264  INFO  Epoch 1 | Step 12810/11932 | Loss 2.6343 | LR 9.53e-07 | samples_seen=273088
2026-05-16 04:53:21,893  INFO  Epoch 1 | Step 12810/11932 | Loss 0.0572 | LR 9.53e-07 | samples_seen=273096
2026-05-16 04:53:22,746  INFO  Epoch 1 | Step 12810/11932 | Loss 0.0589 | LR 9.53e-07 | samples_seen=273104
2026-05-16 04:53:23,626  INFO  Epoch 1 | Step 12810/11932 | Loss 0.0349 | LR 9.53e-07 | samples_seen=273112
2026-05-16 04:53:56,185  INFO  Epoch 1 | Step 12820/11932 | Loss 2.4588 | LR 9.42e-07 | samples_seen=273408
2026-05-16 04:53:57,437  INFO  Epoch 1 | Step 12820/11932 | Loss 0.0444 | LR 9.42e-07 | samples_seen=273416
2026-05-16 04:53:58,173  INFO  Epoch 1 | Step 12820/11932 | Loss 0.0443 | LR 9.42e-07 | samples_seen=273424
2026-05-16 04:53:58,736  INFO  Epoch 1 | Step 12820/11932 | Loss 0.0815 | LR 9.42e-07 | samples_seen=273432
2026-05-16 04:54:31,569  INFO  Epoch 1 | Step 12830/11932 | Loss 2.3268 | LR 9.30e-07 | samples_seen=273728
2026-05-16 04:54:32,545  INFO  Epoch 1 | Step 12830/11932 | Loss 0.0760 | LR 9.30e-07 | samples_seen=273736
2026-05-16 04:54:33,648  INFO  Epoch 1 | Step 12830/11932 | Loss 0.0430 | LR 9.30e-07 | samples_seen=273744
2026-05-16 04:54:34,276  INFO  Epoch 1 | Step 12830/11932 | Loss 0.0837 | LR 9.30e-07 | samples_seen=273752
2026-05-16 04:55:06,121  INFO  Epoch 1 | Step 12840/11932 | Loss 2.7860 | LR 9.19e-07 | samples_seen=274048
2026-05-16 04:55:07,561  INFO  Epoch 1 | Step 12840/11932 | Loss 0.0575 | LR 9.19e-07 | samples_seen=274056
2026-05-16 04:55:07,893  INFO  Epoch 1 | Step 12840/11932 | Loss 0.1255 | LR 9.19e-07 | samples_seen=274064
2026-05-16 04:55:08,984  INFO  Epoch 1 | Step 12840/11932 | Loss 0.0590 | LR 9.19e-07 | samples_seen=274072
2026-05-16 04:55:41,311  INFO  Epoch 1 | Step 12850/11932 | Loss 2.3162 | LR 9.08e-07 | samples_seen=274368
2026-05-16 04:55:41,963  INFO  Epoch 1 | Step 12850/11932 | Loss 0.0508 | LR 9.08e-07 | samples_seen=274376
2026-05-16 04:55:43,131  INFO  Epoch 1 | Step 12850/11932 | Loss 0.0584 | LR 9.08e-07 | samples_seen=274384
2026-05-16 04:55:44,162  INFO  Epoch 1 | Step 12850/11932 | Loss 0.0530 | LR 9.08e-07 | samples_seen=274392
2026-05-16 04:56:18,159  INFO  Epoch 1 | Step 12860/11932 | Loss 2.4262 | LR 8.96e-07 | samples_seen=274688
2026-05-16 04:56:18,865  INFO  Epoch 1 | Step 12860/11932 | Loss 0.0696 | LR 8.96e-07 | samples_seen=274696
2026-05-16 04:56:19,746  INFO  Epoch 1 | Step 12860/11932 | Loss 0.0490 | LR 8.96e-07 | samples_seen=274704
2026-05-16 04:56:20,788  INFO  Epoch 1 | Step 12860/11932 | Loss 0.0520 | LR 8.96e-07 | samples_seen=274712
2026-05-16 04:56:51,200  INFO  Epoch 1 | Step 12870/11932 | Loss 2.4465 | LR 8.85e-07 | samples_seen=275008
2026-05-16 04:56:52,581  INFO  Epoch 1 | Step 12870/11932 | Loss 0.0868 | LR 8.85e-07 | samples_seen=275016
2026-05-16 04:56:53,186  INFO  Epoch 1 | Step 12870/11932 | Loss 0.0553 | LR 8.85e-07 | samples_seen=275024
2026-05-16 04:56:53,727  INFO  Epoch 1 | Step 12870/11932 | Loss 0.0851 | LR 8.85e-07 | samples_seen=275032
2026-05-16 04:57:23,519  INFO  Epoch 1 | Step 12880/11932 | Loss 2.5903 | LR 8.74e-07 | samples_seen=275328
2026-05-16 04:57:24,068  INFO  Epoch 1 | Step 12880/11932 | Loss 0.0596 | LR 8.74e-07 | samples_seen=275336
2026-05-16 04:57:24,754  INFO  Epoch 1 | Step 12880/11932 | Loss 0.0627 | LR 8.74e-07 | samples_seen=275344
2026-05-16 04:57:25,782  INFO  Epoch 1 | Step 12880/11932 | Loss 0.0597 | LR 8.74e-07 | samples_seen=275352
2026-05-16 04:57:59,459  INFO  Epoch 1 | Step 12890/11932 | Loss 2.5915 | LR 8.63e-07 | samples_seen=275648
2026-05-16 04:58:00,830  INFO  Epoch 1 | Step 12890/11932 | Loss 0.0418 | LR 8.63e-07 | samples_seen=275656
2026-05-16 04:58:01,717  INFO  Epoch 1 | Step 12890/11932 | Loss 0.0528 | LR 8.63e-07 | samples_seen=275664
2026-05-16 04:58:02,703  INFO  Epoch 1 | Step 12890/11932 | Loss 0.0847 | LR 8.63e-07 | samples_seen=275672
2026-05-16 04:58:33,204  INFO  Epoch 1 | Step 12900/11932 | Loss 2.4125 | LR 8.52e-07 | samples_seen=275968
2026-05-16 04:58:34,332  INFO  Epoch 1 | Step 12900/11932 | Loss 0.0866 | LR 8.52e-07 | samples_seen=275976
2026-05-16 04:58:35,078  INFO  Epoch 1 | Step 12900/11932 | Loss 0.0552 | LR 8.52e-07 | samples_seen=275984
2026-05-16 04:58:35,802  INFO  Epoch 1 | Step 12900/11932 | Loss 0.0518 | LR 8.52e-07 | samples_seen=275992
2026-05-16 04:59:08,819  INFO  Epoch 1 | Step 12910/11932 | Loss 2.4010 | LR 8.41e-07 | samples_seen=276288
2026-05-16 04:59:09,736  INFO  Epoch 1 | Step 12910/11932 | Loss 0.0593 | LR 8.41e-07 | samples_seen=276296
2026-05-16 04:59:10,245  INFO  Epoch 1 | Step 12910/11932 | Loss 0.0781 | LR 8.41e-07 | samples_seen=276304
2026-05-16 04:59:10,849  INFO  Epoch 1 | Step 12910/11932 | Loss 0.0412 | LR 8.41e-07 | samples_seen=276312
2026-05-16 04:59:41,799  INFO  Epoch 1 | Step 12920/11932 | Loss 2.2585 | LR 8.30e-07 | samples_seen=276608
2026-05-16 04:59:42,476  INFO  Epoch 1 | Step 12920/11932 | Loss 0.0535 | LR 8.30e-07 | samples_seen=276616
2026-05-16 04:59:43,028  INFO  Epoch 1 | Step 12920/11932 | Loss 0.0686 | LR 8.30e-07 | samples_seen=276624
2026-05-16 04:59:43,925  INFO  Epoch 1 | Step 12920/11932 | Loss 0.0345 | LR 8.30e-07 | samples_seen=276632
2026-05-16 05:00:14,672  INFO  Epoch 1 | Step 12930/11932 | Loss 2.1901 | LR 8.19e-07 | samples_seen=276928
2026-05-16 05:00:15,339  INFO  Epoch 1 | Step 12930/11932 | Loss 0.0553 | LR 8.19e-07 | samples_seen=276936
2026-05-16 05:00:16,807  INFO  Epoch 1 | Step 12930/11932 | Loss 0.0546 | LR 8.19e-07 | samples_seen=276944
2026-05-16 05:00:17,341  INFO  Epoch 1 | Step 12930/11932 | Loss 0.0715 | LR 8.19e-07 | samples_seen=276952
2026-05-16 05:00:48,226  INFO  Epoch 1 | Step 12940/11932 | Loss 2.5334 | LR 8.09e-07 | samples_seen=277248
2026-05-16 05:00:48,808  INFO  Epoch 1 | Step 12940/11932 | Loss 0.0674 | LR 8.09e-07 | samples_seen=277256
2026-05-16 05:00:49,563  INFO  Epoch 1 | Step 12940/11932 | Loss 0.0694 | LR 8.09e-07 | samples_seen=277264
2026-05-16 05:00:50,137  INFO  Epoch 1 | Step 12940/11932 | Loss 0.0764 | LR 8.09e-07 | samples_seen=277272
2026-05-16 05:01:21,086  INFO  Epoch 1 | Step 12950/11932 | Loss 2.4968 | LR 7.98e-07 | samples_seen=277568
2026-05-16 05:01:21,596  INFO  Epoch 1 | Step 12950/11932 | Loss 0.0837 | LR 7.98e-07 | samples_seen=277576
2026-05-16 05:01:22,370  INFO  Epoch 1 | Step 12950/11932 | Loss 0.0533 | LR 7.98e-07 | samples_seen=277584
2026-05-16 05:01:22,859  INFO  Epoch 1 | Step 12950/11932 | Loss 0.0899 | LR 7.98e-07 | samples_seen=277592
2026-05-16 05:01:53,971  INFO  Epoch 1 | Step 12960/11932 | Loss 2.5512 | LR 7.88e-07 | samples_seen=277888
2026-05-16 05:01:55,150  INFO  Epoch 1 | Step 12960/11932 | Loss 0.0624 | LR 7.88e-07 | samples_seen=277896
2026-05-16 05:01:55,688  INFO  Epoch 1 | Step 12960/11932 | Loss 0.0773 | LR 7.88e-07 | samples_seen=277904
2026-05-16 05:01:56,620  INFO  Epoch 1 | Step 12960/11932 | Loss 0.0600 | LR 7.88e-07 | samples_seen=277912
2026-05-16 05:02:23,860  INFO  Epoch 1 | Step 12970/11932 | Loss 2.5284 | LR 7.77e-07 | samples_seen=278208
2026-05-16 05:02:24,354  INFO  Epoch 1 | Step 12970/11932 | Loss 0.0799 | LR 7.77e-07 | samples_seen=278216
2026-05-16 05:02:24,962  INFO  Epoch 1 | Step 12970/11932 | Loss 0.0822 | LR 7.77e-07 | samples_seen=278224
2026-05-16 05:02:25,458  INFO  Epoch 1 | Step 12970/11932 | Loss 0.0885 | LR 7.77e-07 | samples_seen=278232
2026-05-16 05:02:55,086  INFO  Epoch 1 | Step 12980/11932 | Loss 2.4497 | LR 7.67e-07 | samples_seen=278528
2026-05-16 05:02:55,943  INFO  Epoch 1 | Step 12980/11932 | Loss 0.0599 | LR 7.67e-07 | samples_seen=278536
2026-05-16 05:02:56,782  INFO  Epoch 1 | Step 12980/11932 | Loss 0.0360 | LR 7.67e-07 | samples_seen=278544
2026-05-16 05:02:57,632  INFO  Epoch 1 | Step 12980/11932 | Loss 0.0612 | LR 7.67e-07 | samples_seen=278552
2026-05-16 05:03:29,665  INFO  Epoch 1 | Step 12990/11932 | Loss 2.3794 | LR 7.56e-07 | samples_seen=278848
2026-05-16 05:03:30,419  INFO  Epoch 1 | Step 12990/11932 | Loss 0.0994 | LR 7.56e-07 | samples_seen=278856
2026-05-16 05:03:31,537  INFO  Epoch 1 | Step 12990/11932 | Loss 0.0516 | LR 7.56e-07 | samples_seen=278864
2026-05-16 05:03:32,304  INFO  Epoch 1 | Step 12990/11932 | Loss 0.0629 | LR 7.56e-07 | samples_seen=278872
2026-05-16 05:04:03,198  INFO  Epoch 1 | Step 13000/11932 | Loss 2.5922 | LR 7.46e-07 | samples_seen=279168
2026-05-16 05:04:03,748  INFO  Epoch 1 | Step 13000/11932 | Loss 0.0916 | LR 7.46e-07 | samples_seen=279176
2026-05-16 05:04:04,606  INFO  Epoch 1 | Step 13000/11932 | Loss 0.0553 | LR 7.46e-07 | samples_seen=279184
2026-05-16 05:04:05,390  INFO  Epoch 1 | Step 13000/11932 | Loss 0.0595 | LR 7.46e-07 | samples_seen=279192
2026-05-16 05:04:37,483  INFO  Epoch 1 | Step 13010/11932 | Loss 2.5684 | LR 7.36e-07 | samples_seen=279488
2026-05-16 05:04:38,241  INFO  Epoch 1 | Step 13010/11932 | Loss 0.0495 | LR 7.36e-07 | samples_seen=279496
2026-05-16 05:04:39,160  INFO  Epoch 1 | Step 13010/11932 | Loss 0.0906 | LR 7.36e-07 | samples_seen=279504
2026-05-16 05:04:39,723  INFO  Epoch 1 | Step 13010/11932 | Loss 0.0704 | LR 7.36e-07 | samples_seen=279512
2026-05-16 05:05:11,649  INFO  Epoch 1 | Step 13020/11932 | Loss 2.4602 | LR 7.25e-07 | samples_seen=279808
2026-05-16 05:05:12,230  INFO  Epoch 1 | Step 13020/11932 | Loss 0.0752 | LR 7.25e-07 | samples_seen=279816
2026-05-16 05:05:12,800  INFO  Epoch 1 | Step 13020/11932 | Loss 0.0367 | LR 7.25e-07 | samples_seen=279824
2026-05-16 05:05:13,454  INFO  Epoch 1 | Step 13020/11932 | Loss 0.0538 | LR 7.25e-07 | samples_seen=279832
2026-05-16 05:05:45,260  INFO  Epoch 1 | Step 13030/11932 | Loss 2.4574 | LR 7.15e-07 | samples_seen=280128
2026-05-16 05:05:46,166  INFO  Epoch 1 | Step 13030/11932 | Loss 0.0402 | LR 7.15e-07 | samples_seen=280136
2026-05-16 05:05:46,818  INFO  Epoch 1 | Step 13030/11932 | Loss 0.0580 | LR 7.15e-07 | samples_seen=280144
2026-05-16 05:05:47,330  INFO  Epoch 1 | Step 13030/11932 | Loss 0.0853 | LR 7.15e-07 | samples_seen=280152
2026-05-16 05:06:19,675  INFO  Epoch 1 | Step 13040/11932 | Loss 2.5180 | LR 7.05e-07 | samples_seen=280448
2026-05-16 05:06:20,408  INFO  Epoch 1 | Step 13040/11932 | Loss 0.0639 | LR 7.05e-07 | samples_seen=280456
2026-05-16 05:06:21,417  INFO  Epoch 1 | Step 13040/11932 | Loss 0.0413 | LR 7.05e-07 | samples_seen=280464
2026-05-16 05:06:22,415  INFO  Epoch 1 | Step 13040/11932 | Loss 0.0846 | LR 7.05e-07 | samples_seen=280472
2026-05-16 05:06:50,999  INFO  Epoch 1 | Step 13050/11932 | Loss 2.7547 | LR 6.95e-07 | samples_seen=280768
2026-05-16 05:06:51,765  INFO  Epoch 1 | Step 13050/11932 | Loss 0.0413 | LR 6.95e-07 | samples_seen=280776
2026-05-16 05:06:52,522  INFO  Epoch 1 | Step 13050/11932 | Loss 0.0630 | LR 6.95e-07 | samples_seen=280784
2026-05-16 05:06:53,255  INFO  Epoch 1 | Step 13050/11932 | Loss 0.0547 | LR 6.95e-07 | samples_seen=280792
2026-05-16 05:10:22,475  INFO  Checkpoint saved → ../checkpoints/stage2_h100/step13051 | global_step=13051 | samples_seen=280800
2026-05-16 05:10:52,631  INFO  Epoch 1 | Step 13060/11932 | Loss 2.5404 | LR 6.85e-07 | samples_seen=281088
2026-05-16 05:10:53,823  INFO  Epoch 1 | Step 13060/11932 | Loss 0.0698 | LR 6.85e-07 | samples_seen=281096
2026-05-16 05:10:54,763  INFO  Epoch 1 | Step 13060/11932 | Loss 0.0459 | LR 6.85e-07 | samples_seen=281104
2026-05-16 05:10:55,674  INFO  Epoch 1 | Step 13060/11932 | Loss 0.0592 | LR 6.85e-07 | samples_seen=281112
2026-05-16 05:11:28,221  INFO  Epoch 1 | Step 13070/11932 | Loss 2.3896 | LR 6.76e-07 | samples_seen=281408
2026-05-16 05:11:28,672  INFO  Epoch 1 | Step 13070/11932 | Loss 0.0629 | LR 6.76e-07 | samples_seen=281416
2026-05-16 05:11:30,158  INFO  Epoch 1 | Step 13070/11932 | Loss 0.0673 | LR 6.76e-07 | samples_seen=281424
2026-05-16 05:11:30,902  INFO  Epoch 1 | Step 13070/11932 | Loss 0.0581 | LR 6.76e-07 | samples_seen=281432
2026-05-16 05:12:00,018  INFO  Epoch 1 | Step 13080/11932 | Loss 2.6735 | LR 6.66e-07 | samples_seen=281728
2026-05-16 05:12:00,521  INFO  Epoch 1 | Step 13080/11932 | Loss 0.0946 | LR 6.66e-07 | samples_seen=281736
2026-05-16 05:12:01,451  INFO  Epoch 1 | Step 13080/11932 | Loss 0.0449 | LR 6.66e-07 | samples_seen=281744
2026-05-16 05:12:01,990  INFO  Epoch 1 | Step 13080/11932 | Loss 0.0863 | LR 6.66e-07 | samples_seen=281752
2026-05-16 05:12:32,195  INFO  Epoch 1 | Step 13090/11932 | Loss 2.4470 | LR 6.56e-07 | samples_seen=282048
2026-05-16 05:12:33,448  INFO  Epoch 1 | Step 13090/11932 | Loss 0.0756 | LR 6.56e-07 | samples_seen=282056
2026-05-16 05:12:34,087  INFO  Epoch 1 | Step 13090/11932 | Loss 0.0566 | LR 6.56e-07 | samples_seen=282064
2026-05-16 05:12:35,013  INFO  Epoch 1 | Step 13090/11932 | Loss 0.0659 | LR 6.56e-07 | samples_seen=282072
2026-05-16 05:13:07,727  INFO  Epoch 1 | Step 13100/11932 | Loss 2.5031 | LR 6.46e-07 | samples_seen=282368
2026-05-16 05:13:09,019  INFO  Epoch 1 | Step 13100/11932 | Loss 0.0783 | LR 6.46e-07 | samples_seen=282376
2026-05-16 05:13:09,589  INFO  Epoch 1 | Step 13100/11932 | Loss 0.0697 | LR 6.46e-07 | samples_seen=282384
2026-05-16 05:13:10,879  INFO  Epoch 1 | Step 13100/11932 | Loss 0.0714 | LR 6.46e-07 | samples_seen=282392
2026-05-16 05:13:43,172  INFO  Epoch 1 | Step 13110/11932 | Loss 2.4124 | LR 6.37e-07 | samples_seen=282688
2026-05-16 05:13:43,705  INFO  Epoch 1 | Step 13110/11932 | Loss 0.0655 | LR 6.37e-07 | samples_seen=282696
2026-05-16 05:13:44,724  INFO  Epoch 1 | Step 13110/11932 | Loss 0.0535 | LR 6.37e-07 | samples_seen=282704
2026-05-16 05:13:45,413  INFO  Epoch 1 | Step 13110/11932 | Loss 0.0504 | LR 6.37e-07 | samples_seen=282712
2026-05-16 05:14:14,769  INFO  Epoch 1 | Step 13120/11932 | Loss 2.5246 | LR 6.27e-07 | samples_seen=283008
2026-05-16 05:14:15,742  INFO  Epoch 1 | Step 13120/11932 | Loss 0.0469 | LR 6.27e-07 | samples_seen=283016
2026-05-16 05:14:16,261  INFO  Epoch 1 | Step 13120/11932 | Loss 0.0727 | LR 6.27e-07 | samples_seen=283024
2026-05-16 05:14:16,935  INFO  Epoch 1 | Step 13120/11932 | Loss 0.0497 | LR 6.27e-07 | samples_seen=283032
2026-05-16 05:14:45,692  INFO  Epoch 1 | Step 13130/11932 | Loss 2.4152 | LR 6.18e-07 | samples_seen=283328
2026-05-16 05:14:46,533  INFO  Epoch 1 | Step 13130/11932 | Loss 0.0520 | LR 6.18e-07 | samples_seen=283336
2026-05-16 05:14:47,315  INFO  Epoch 1 | Step 13130/11932 | Loss 0.0389 | LR 6.18e-07 | samples_seen=283344
2026-05-16 05:14:48,065  INFO  Epoch 1 | Step 13130/11932 | Loss 0.0381 | LR 6.18e-07 | samples_seen=283352
2026-05-16 05:15:18,858  INFO  Epoch 1 | Step 13140/11932 | Loss 2.3064 | LR 6.09e-07 | samples_seen=283648
2026-05-16 05:15:19,465  INFO  Epoch 1 | Step 13140/11932 | Loss 0.0608 | LR 6.09e-07 | samples_seen=283656
2026-05-16 05:15:19,979  INFO  Epoch 1 | Step 13140/11932 | Loss 0.0877 | LR 6.09e-07 | samples_seen=283664
2026-05-16 05:15:21,172  INFO  Epoch 1 | Step 13140/11932 | Loss 0.0433 | LR 6.09e-07 | samples_seen=283672
2026-05-16 05:15:52,829  INFO  Epoch 1 | Step 13150/11932 | Loss 2.4045 | LR 5.99e-07 | samples_seen=283968
2026-05-16 05:15:53,218  INFO  Epoch 1 | Step 13150/11932 | Loss 0.1242 | LR 5.99e-07 | samples_seen=283976
2026-05-16 05:15:54,061  INFO  Epoch 1 | Step 13150/11932 | Loss 0.0687 | LR 5.99e-07 | samples_seen=283984
2026-05-16 05:15:54,518  INFO  Epoch 1 | Step 13150/11932 | Loss 0.0786 | LR 5.99e-07 | samples_seen=283992
2026-05-16 05:16:30,863  INFO  Epoch 1 | Step 13160/11932 | Loss 2.5543 | LR 5.90e-07 | samples_seen=284288
2026-05-16 05:16:32,311  INFO  Epoch 1 | Step 13160/11932 | Loss 0.0697 | LR 5.90e-07 | samples_seen=284296
2026-05-16 05:16:33,594  INFO  Epoch 1 | Step 13160/11932 | Loss 0.0870 | LR 5.90e-07 | samples_seen=284304
2026-05-16 05:16:34,709  INFO  Epoch 1 | Step 13160/11932 | Loss 0.0600 | LR 5.90e-07 | samples_seen=284312
2026-05-16 05:17:05,201  INFO  Epoch 1 | Step 13170/11932 | Loss 2.2897 | LR 5.81e-07 | samples_seen=284608
2026-05-16 05:17:05,789  INFO  Epoch 1 | Step 13170/11932 | Loss 0.1383 | LR 5.81e-07 | samples_seen=284616
2026-05-16 05:17:07,027  INFO  Epoch 1 | Step 13170/11932 | Loss 0.0615 | LR 5.81e-07 | samples_seen=284624
2026-05-16 05:17:07,675  INFO  Epoch 1 | Step 13170/11932 | Loss 0.0476 | LR 5.81e-07 | samples_seen=284632
2026-05-16 05:17:36,835  INFO  Epoch 1 | Step 13180/11932 | Loss 2.6287 | LR 5.72e-07 | samples_seen=284928
2026-05-16 05:17:37,613  INFO  Epoch 1 | Step 13180/11932 | Loss 0.0824 | LR 5.72e-07 | samples_seen=284936
2026-05-16 05:17:38,077  INFO  Epoch 1 | Step 13180/11932 | Loss 0.0893 | LR 5.72e-07 | samples_seen=284944
2026-05-16 05:17:39,134  INFO  Epoch 1 | Step 13180/11932 | Loss 0.0833 | LR 5.72e-07 | samples_seen=284952
2026-05-16 05:18:06,750  INFO  Epoch 1 | Step 13190/11932 | Loss 2.5060 | LR 5.63e-07 | samples_seen=285248
2026-05-16 05:18:07,601  INFO  Epoch 1 | Step 13190/11932 | Loss 0.0321 | LR 5.63e-07 | samples_seen=285256
2026-05-16 05:18:08,207  INFO  Epoch 1 | Step 13190/11932 | Loss 0.0645 | LR 5.63e-07 | samples_seen=285264
2026-05-16 05:18:08,595  INFO  Epoch 1 | Step 13190/11932 | Loss 0.1008 | LR 5.63e-07 | samples_seen=285272
2026-05-16 05:18:39,787  INFO  Epoch 1 | Step 13200/11932 | Loss 2.6226 | LR 5.54e-07 | samples_seen=285568
2026-05-16 05:18:40,544  INFO  Epoch 1 | Step 13200/11932 | Loss 0.0513 | LR 5.54e-07 | samples_seen=285576
2026-05-16 05:18:41,238  INFO  Epoch 1 | Step 13200/11932 | Loss 0.0639 | LR 5.54e-07 | samples_seen=285584
2026-05-16 05:18:41,901  INFO  Epoch 1 | Step 13200/11932 | Loss 0.0655 | LR 5.54e-07 | samples_seen=285592
2026-05-16 05:19:10,471  INFO  Epoch 1 | Step 13210/11932 | Loss 2.6040 | LR 5.45e-07 | samples_seen=285888
2026-05-16 05:19:11,367  INFO  Epoch 1 | Step 13210/11932 | Loss 0.0556 | LR 5.45e-07 | samples_seen=285896
2026-05-16 05:19:11,906  INFO  Epoch 1 | Step 13210/11932 | Loss 0.0575 | LR 5.45e-07 | samples_seen=285904
2026-05-16 05:19:12,406  INFO  Epoch 1 | Step 13210/11932 | Loss 0.0803 | LR 5.45e-07 | samples_seen=285912
2026-05-16 05:19:43,045  INFO  Epoch 1 | Step 13220/11932 | Loss 2.2179 | LR 5.36e-07 | samples_seen=286208
2026-05-16 05:19:43,519  INFO  Epoch 1 | Step 13220/11932 | Loss 0.0676 | LR 5.36e-07 | samples_seen=286216
2026-05-16 05:19:44,297  INFO  Epoch 1 | Step 13220/11932 | Loss 0.0486 | LR 5.36e-07 | samples_seen=286224
2026-05-16 05:19:45,179  INFO  Epoch 1 | Step 13220/11932 | Loss 0.0565 | LR 5.36e-07 | samples_seen=286232
2026-05-16 05:20:14,859  INFO  Epoch 1 | Step 13230/11932 | Loss 2.6507 | LR 5.27e-07 | samples_seen=286528
2026-05-16 05:20:15,499  INFO  Epoch 1 | Step 13230/11932 | Loss 0.0586 | LR 5.27e-07 | samples_seen=286536
2026-05-16 05:20:16,556  INFO  Epoch 1 | Step 13230/11932 | Loss 0.0688 | LR 5.27e-07 | samples_seen=286544
2026-05-16 05:20:17,120  INFO  Epoch 1 | Step 13230/11932 | Loss 0.0767 | LR 5.27e-07 | samples_seen=286552
2026-05-16 05:20:51,754  INFO  Epoch 1 | Step 13240/11932 | Loss 2.4628 | LR 5.19e-07 | samples_seen=286848
2026-05-16 05:20:52,484  INFO  Epoch 1 | Step 13240/11932 | Loss 0.0386 | LR 5.19e-07 | samples_seen=286856
2026-05-16 05:20:53,239  INFO  Epoch 1 | Step 13240/11932 | Loss 0.0616 | LR 5.19e-07 | samples_seen=286864
2026-05-16 05:20:54,412  INFO  Epoch 1 | Step 13240/11932 | Loss 0.0541 | LR 5.19e-07 | samples_seen=286872
2026-05-16 05:21:23,544  INFO  Epoch 1 | Step 13250/11932 | Loss 2.3905 | LR 5.10e-07 | samples_seen=287168
2026-05-16 05:21:24,164  INFO  Epoch 1 | Step 13250/11932 | Loss 0.0574 | LR 5.10e-07 | samples_seen=287176
2026-05-16 05:21:25,467  INFO  Epoch 1 | Step 13250/11932 | Loss 0.0512 | LR 5.10e-07 | samples_seen=287184
2026-05-16 05:21:25,985  INFO  Epoch 1 | Step 13250/11932 | Loss 0.0853 | LR 5.10e-07 | samples_seen=287192
2026-05-16 05:21:56,244  INFO  Epoch 1 | Step 13260/11932 | Loss 2.5358 | LR 5.02e-07 | samples_seen=287488
2026-05-16 05:21:56,970  INFO  Epoch 1 | Step 13260/11932 | Loss 0.0453 | LR 5.02e-07 | samples_seen=287496
2026-05-16 05:21:57,432  INFO  Epoch 1 | Step 13260/11932 | Loss 0.0762 | LR 5.02e-07 | samples_seen=287504
2026-05-16 05:21:58,407  INFO  Epoch 1 | Step 13260/11932 | Loss 0.0668 | LR 5.02e-07 | samples_seen=287512
2026-05-16 05:22:29,802  INFO  Epoch 1 | Step 13270/11932 | Loss 2.3590 | LR 4.93e-07 | samples_seen=287808
2026-05-16 05:22:30,707  INFO  Epoch 1 | Step 13270/11932 | Loss 0.0608 | LR 4.93e-07 | samples_seen=287816
2026-05-16 05:22:31,277  INFO  Epoch 1 | Step 13270/11932 | Loss 0.0846 | LR 4.93e-07 | samples_seen=287824
2026-05-16 05:22:32,058  INFO  Epoch 1 | Step 13270/11932 | Loss 0.0606 | LR 4.93e-07 | samples_seen=287832
2026-05-16 05:23:03,836  INFO  Epoch 1 | Step 13280/11932 | Loss 2.2528 | LR 4.85e-07 | samples_seen=288128
2026-05-16 05:23:04,380  INFO  Epoch 1 | Step 13280/11932 | Loss 0.0714 | LR 4.85e-07 | samples_seen=288136
2026-05-16 05:23:04,871  INFO  Epoch 1 | Step 13280/11932 | Loss 0.0757 | LR 4.85e-07 | samples_seen=288144
2026-05-16 05:23:05,723  INFO  Epoch 1 | Step 13280/11932 | Loss 0.0544 | LR 4.85e-07 | samples_seen=288152
2026-05-16 05:23:36,892  INFO  Epoch 1 | Step 13290/11932 | Loss 2.4470 | LR 4.77e-07 | samples_seen=288448
2026-05-16 05:23:37,777  INFO  Epoch 1 | Step 13290/11932 | Loss 0.0440 | LR 4.77e-07 | samples_seen=288456
2026-05-16 05:23:38,580  INFO  Epoch 1 | Step 13290/11932 | Loss 0.0436 | LR 4.77e-07 | samples_seen=288464
2026-05-16 05:23:39,454  INFO  Epoch 1 | Step 13290/11932 | Loss 0.0658 | LR 4.77e-07 | samples_seen=288472
2026-05-16 05:24:09,644  INFO  Epoch 1 | Step 13300/11932 | Loss 2.6579 | LR 4.68e-07 | samples_seen=288768
2026-05-16 05:24:10,608  INFO  Epoch 1 | Step 13300/11932 | Loss 0.0504 | LR 4.68e-07 | samples_seen=288776
2026-05-16 05:24:11,450  INFO  Epoch 1 | Step 13300/11932 | Loss 0.0510 | LR 4.68e-07 | samples_seen=288784
2026-05-16 05:24:12,177  INFO  Epoch 1 | Step 13300/11932 | Loss 0.0358 | LR 4.68e-07 | samples_seen=288792
2026-05-16 05:24:44,343  INFO  Epoch 1 | Step 13310/11932 | Loss 2.4381 | LR 4.60e-07 | samples_seen=289088
2026-05-16 05:24:45,227  INFO  Epoch 1 | Step 13310/11932 | Loss 0.0405 | LR 4.60e-07 | samples_seen=289096
2026-05-16 05:24:46,204  INFO  Epoch 1 | Step 13310/11932 | Loss 0.0719 | LR 4.60e-07 | samples_seen=289104
2026-05-16 05:24:46,660  INFO  Epoch 1 | Step 13310/11932 | Loss 0.0614 | LR 4.60e-07 | samples_seen=289112
2026-05-16 05:25:16,818  INFO  Epoch 1 | Step 13320/11932 | Loss 2.5412 | LR 4.52e-07 | samples_seen=289408
2026-05-16 05:25:18,198  INFO  Epoch 1 | Step 13320/11932 | Loss 0.0959 | LR 4.52e-07 | samples_seen=289416
2026-05-16 05:25:19,097  INFO  Epoch 1 | Step 13320/11932 | Loss 0.0329 | LR 4.52e-07 | samples_seen=289424
2026-05-16 05:25:19,669  INFO  Epoch 1 | Step 13320/11932 | Loss 0.0735 | LR 4.52e-07 | samples_seen=289432
2026-05-16 05:25:49,939  INFO  Epoch 1 | Step 13330/11932 | Loss 2.2753 | LR 4.44e-07 | samples_seen=289728
2026-05-16 05:25:50,759  INFO  Epoch 1 | Step 13330/11932 | Loss 0.0710 | LR 4.44e-07 | samples_seen=289736
2026-05-16 05:25:51,247  INFO  Epoch 1 | Step 13330/11932 | Loss 0.0814 | LR 4.44e-07 | samples_seen=289744
2026-05-16 05:25:51,928  INFO  Epoch 1 | Step 13330/11932 | Loss 0.0525 | LR 4.44e-07 | samples_seen=289752
2026-05-16 05:26:25,361  INFO  Epoch 1 | Step 13340/11932 | Loss 2.4124 | LR 4.36e-07 | samples_seen=290048
2026-05-16 05:26:26,485  INFO  Epoch 1 | Step 13340/11932 | Loss 0.0563 | LR 4.36e-07 | samples_seen=290056
2026-05-16 05:26:27,392  INFO  Epoch 1 | Step 13340/11932 | Loss 0.0401 | LR 4.36e-07 | samples_seen=290064
2026-05-16 05:26:28,071  INFO  Epoch 1 | Step 13340/11932 | Loss 0.0508 | LR 4.36e-07 | samples_seen=290072
2026-05-16 05:27:00,005  INFO  Epoch 1 | Step 13350/11932 | Loss 2.4634 | LR 4.28e-07 | samples_seen=290368
2026-05-16 05:27:00,449  INFO  Epoch 1 | Step 13350/11932 | Loss 0.1074 | LR 4.28e-07 | samples_seen=290376
2026-05-16 05:27:01,136  INFO  Epoch 1 | Step 13350/11932 | Loss 0.0569 | LR 4.28e-07 | samples_seen=290384
2026-05-16 05:27:02,505  INFO  Epoch 1 | Step 13350/11932 | Loss 0.0748 | LR 4.28e-07 | samples_seen=290392
2026-05-16 05:27:32,667  INFO  Epoch 1 | Step 13360/11932 | Loss 2.4814 | LR 4.20e-07 | samples_seen=290688
2026-05-16 05:27:33,845  INFO  Epoch 1 | Step 13360/11932 | Loss 0.0709 | LR 4.20e-07 | samples_seen=290696
2026-05-16 05:27:34,379  INFO  Epoch 1 | Step 13360/11932 | Loss 0.0383 | LR 4.20e-07 | samples_seen=290704
2026-05-16 05:27:35,624  INFO  Epoch 1 | Step 13360/11932 | Loss 0.0527 | LR 4.20e-07 | samples_seen=290712
2026-05-16 05:28:05,969  INFO  Epoch 1 | Step 13370/11932 | Loss 2.4046 | LR 4.13e-07 | samples_seen=291008
2026-05-16 05:28:07,133  INFO  Epoch 1 | Step 13370/11932 | Loss 0.0995 | LR 4.13e-07 | samples_seen=291016
2026-05-16 05:28:07,910  INFO  Epoch 1 | Step 13370/11932 | Loss 0.0431 | LR 4.13e-07 | samples_seen=291024
2026-05-16 05:28:08,683  INFO  Epoch 1 | Step 13370/11932 | Loss 0.0581 | LR 4.13e-07 | samples_seen=291032
2026-05-16 05:28:36,611  INFO  Epoch 1 | Step 13380/11932 | Loss 2.4902 | LR 4.05e-07 | samples_seen=291328
2026-05-16 05:28:37,364  INFO  Epoch 1 | Step 13380/11932 | Loss 0.0787 | LR 4.05e-07 | samples_seen=291336
2026-05-16 05:28:38,296  INFO  Epoch 1 | Step 13380/11932 | Loss 0.0662 | LR 4.05e-07 | samples_seen=291344
2026-05-16 05:28:38,933  INFO  Epoch 1 | Step 13380/11932 | Loss 0.0666 | LR 4.05e-07 | samples_seen=291352
2026-05-16 05:29:05,853  INFO  Epoch 1 | Step 13390/11932 | Loss 2.6148 | LR 3.97e-07 | samples_seen=291648
2026-05-16 05:29:06,964  INFO  Epoch 1 | Step 13390/11932 | Loss 0.0631 | LR 3.97e-07 | samples_seen=291656
2026-05-16 05:29:07,567  INFO  Epoch 1 | Step 13390/11932 | Loss 0.0816 | LR 3.97e-07 | samples_seen=291664
2026-05-16 05:29:08,680  INFO  Epoch 1 | Step 13390/11932 | Loss 0.0482 | LR 3.97e-07 | samples_seen=291672
2026-05-16 05:29:40,588  INFO  Epoch 1 | Step 13400/11932 | Loss 2.5040 | LR 3.90e-07 | samples_seen=291968
2026-05-16 05:29:41,204  INFO  Epoch 1 | Step 13400/11932 | Loss 0.0767 | LR 3.90e-07 | samples_seen=291976
2026-05-16 05:29:42,213  INFO  Epoch 1 | Step 13400/11932 | Loss 0.0598 | LR 3.90e-07 | samples_seen=291984
2026-05-16 05:29:43,322  INFO  Epoch 1 | Step 13400/11932 | Loss 0.0462 | LR 3.90e-07 | samples_seen=291992
2026-05-16 05:30:12,998  INFO  Epoch 1 | Step 13410/11932 | Loss 2.2856 | LR 3.82e-07 | samples_seen=292288
2026-05-16 05:30:14,263  INFO  Epoch 1 | Step 13410/11932 | Loss 0.0513 | LR 3.82e-07 | samples_seen=292296
2026-05-16 05:30:15,506  INFO  Epoch 1 | Step 13410/11932 | Loss 0.0625 | LR 3.82e-07 | samples_seen=292304
2026-05-16 05:30:16,275  INFO  Epoch 1 | Step 13410/11932 | Loss 0.0562 | LR 3.82e-07 | samples_seen=292312
2026-05-16 05:30:48,230  INFO  Epoch 1 | Step 13420/11932 | Loss 2.4585 | LR 3.75e-07 | samples_seen=292608
2026-05-16 05:30:49,232  INFO  Epoch 1 | Step 13420/11932 | Loss 0.0476 | LR 3.75e-07 | samples_seen=292616
2026-05-16 05:30:50,225  INFO  Epoch 1 | Step 13420/11932 | Loss 0.0612 | LR 3.75e-07 | samples_seen=292624
2026-05-16 05:30:51,345  INFO  Epoch 1 | Step 13420/11932 | Loss 0.0681 | LR 3.75e-07 | samples_seen=292632
2026-05-16 05:31:20,721  INFO  Epoch 1 | Step 13430/11932 | Loss 2.6263 | LR 3.68e-07 | samples_seen=292928
2026-05-16 05:31:21,217  INFO  Epoch 1 | Step 13430/11932 | Loss 0.0835 | LR 3.68e-07 | samples_seen=292936
2026-05-16 05:31:22,153  INFO  Epoch 1 | Step 13430/11932 | Loss 0.0519 | LR 3.68e-07 | samples_seen=292944
2026-05-16 05:31:22,875  INFO  Epoch 1 | Step 13430/11932 | Loss 0.0656 | LR 3.68e-07 | samples_seen=292952
2026-05-16 05:31:51,879  INFO  Epoch 1 | Step 13440/11932 | Loss 2.4245 | LR 3.60e-07 | samples_seen=293248
2026-05-16 05:31:53,131  INFO  Epoch 1 | Step 13440/11932 | Loss 0.0846 | LR 3.60e-07 | samples_seen=293256
2026-05-16 05:31:53,666  INFO  Epoch 1 | Step 13440/11932 | Loss 0.0601 | LR 3.60e-07 | samples_seen=293264
2026-05-16 05:31:54,808  INFO  Epoch 1 | Step 13440/11932 | Loss 0.0584 | LR 3.60e-07 | samples_seen=293272
2026-05-16 05:32:25,500  INFO  Epoch 1 | Step 13450/11932 | Loss 2.1827 | LR 3.53e-07 | samples_seen=293568
2026-05-16 05:32:26,473  INFO  Epoch 1 | Step 13450/11932 | Loss 0.0570 | LR 3.53e-07 | samples_seen=293576
2026-05-16 05:32:27,448  INFO  Epoch 1 | Step 13450/11932 | Loss 0.0749 | LR 3.53e-07 | samples_seen=293584
2026-05-16 05:32:28,257  INFO  Epoch 1 | Step 13450/11932 | Loss 0.0496 | LR 3.53e-07 | samples_seen=293592
2026-05-16 05:32:59,101  INFO  Epoch 1 | Step 13460/11932 | Loss 2.4647 | LR 3.46e-07 | samples_seen=293888
2026-05-16 05:32:59,583  INFO  Epoch 1 | Step 13460/11932 | Loss 0.0849 | LR 3.46e-07 | samples_seen=293896
2026-05-16 05:33:00,666  INFO  Epoch 1 | Step 13460/11932 | Loss 0.0580 | LR 3.46e-07 | samples_seen=293904
2026-05-16 05:33:01,926  INFO  Epoch 1 | Step 13460/11932 | Loss 0.0702 | LR 3.46e-07 | samples_seen=293912
2026-05-16 05:33:33,581  INFO  Epoch 1 | Step 13470/11932 | Loss 2.3460 | LR 3.39e-07 | samples_seen=294208
2026-05-16 05:33:34,311  INFO  Epoch 1 | Step 13470/11932 | Loss 0.0352 | LR 3.39e-07 | samples_seen=294216
2026-05-16 05:33:34,758  INFO  Epoch 1 | Step 13470/11932 | Loss 0.1571 | LR 3.39e-07 | samples_seen=294224
2026-05-16 05:33:35,812  INFO  Epoch 1 | Step 13470/11932 | Loss 0.0836 | LR 3.39e-07 | samples_seen=294232
2026-05-16 05:34:05,300  INFO  Epoch 1 | Step 13480/11932 | Loss 2.4313 | LR 3.32e-07 | samples_seen=294528
2026-05-16 05:34:05,938  INFO  Epoch 1 | Step 13480/11932 | Loss 0.0706 | LR 3.32e-07 | samples_seen=294536
2026-05-16 05:34:07,238  INFO  Epoch 1 | Step 13480/11932 | Loss 0.0555 | LR 3.32e-07 | samples_seen=294544
2026-05-16 05:34:08,370  INFO  Epoch 1 | Step 13480/11932 | Loss 0.0749 | LR 3.32e-07 | samples_seen=294552
2026-05-16 05:34:37,236  INFO  Epoch 1 | Step 13490/11932 | Loss 2.6197 | LR 3.25e-07 | samples_seen=294848
2026-05-16 05:34:38,028  INFO  Epoch 1 | Step 13490/11932 | Loss 0.0745 | LR 3.25e-07 | samples_seen=294856
2026-05-16 05:34:39,149  INFO  Epoch 1 | Step 13490/11932 | Loss 0.0464 | LR 3.25e-07 | samples_seen=294864
2026-05-16 05:34:40,620  INFO  Epoch 1 | Step 13490/11932 | Loss 0.0544 | LR 3.25e-07 | samples_seen=294872
2026-05-16 05:35:09,211  INFO  Epoch 1 | Step 13500/11932 | Loss 2.6305 | LR 3.18e-07 | samples_seen=295168
2026-05-16 05:35:09,682  INFO  Epoch 1 | Step 13500/11932 | Loss 0.0703 | LR 3.18e-07 | samples_seen=295176
2026-05-16 05:35:10,345  INFO  Epoch 1 | Step 13500/11932 | Loss 0.0505 | LR 3.18e-07 | samples_seen=295184
2026-05-16 05:35:10,884  INFO  Epoch 1 | Step 13500/11932 | Loss 0.0845 | LR 3.18e-07 | samples_seen=295192
2026-05-16 05:35:42,089  INFO  Epoch 1 | Step 13510/11932 | Loss 2.5232 | LR 3.11e-07 | samples_seen=295488
2026-05-16 05:35:42,929  INFO  Epoch 1 | Step 13510/11932 | Loss 0.0680 | LR 3.11e-07 | samples_seen=295496
2026-05-16 05:35:43,814  INFO  Epoch 1 | Step 13510/11932 | Loss 0.0658 | LR 3.11e-07 | samples_seen=295504
2026-05-16 05:35:44,704  INFO  Epoch 1 | Step 13510/11932 | Loss 0.0574 | LR 3.11e-07 | samples_seen=295512
2026-05-16 05:36:16,278  INFO  Epoch 1 | Step 13520/11932 | Loss 2.5114 | LR 3.05e-07 | samples_seen=295808
2026-05-16 05:36:16,865  INFO  Epoch 1 | Step 13520/11932 | Loss 0.0800 | LR 3.05e-07 | samples_seen=295816
2026-05-16 05:36:17,994  INFO  Epoch 1 | Step 13520/11932 | Loss 0.0575 | LR 3.05e-07 | samples_seen=295824
2026-05-16 05:36:19,394  INFO  Epoch 1 | Step 13520/11932 | Loss 0.0497 | LR 3.05e-07 | samples_seen=295832
2026-05-16 05:36:49,656  INFO  Epoch 1 | Step 13530/11932 | Loss 2.5362 | LR 2.98e-07 | samples_seen=296128
2026-05-16 05:36:50,377  INFO  Epoch 1 | Step 13530/11932 | Loss 0.0609 | LR 2.98e-07 | samples_seen=296136
2026-05-16 05:36:51,281  INFO  Epoch 1 | Step 13530/11932 | Loss 0.0897 | LR 2.98e-07 | samples_seen=296144
2026-05-16 05:36:51,851  INFO  Epoch 1 | Step 13530/11932 | Loss 0.0854 | LR 2.98e-07 | samples_seen=296152
2026-05-16 05:37:23,343  INFO  Epoch 1 | Step 13540/11932 | Loss 2.4356 | LR 2.92e-07 | samples_seen=296448
2026-05-16 05:37:23,716  INFO  Epoch 1 | Step 13540/11932 | Loss 0.1021 | LR 2.92e-07 | samples_seen=296456
2026-05-16 05:37:25,185  INFO  Epoch 1 | Step 13540/11932 | Loss 0.0699 | LR 2.92e-07 | samples_seen=296464
2026-05-16 05:37:26,312  INFO  Epoch 1 | Step 13540/11932 | Loss 0.0720 | LR 2.92e-07 | samples_seen=296472
2026-05-16 05:37:55,813  INFO  Epoch 1 | Step 13550/11932 | Loss 2.4142 | LR 2.85e-07 | samples_seen=296768
2026-05-16 05:37:56,259  INFO  Epoch 1 | Step 13550/11932 | Loss 0.0941 | LR 2.85e-07 | samples_seen=296776
2026-05-16 05:37:57,332  INFO  Epoch 1 | Step 13550/11932 | Loss 0.0479 | LR 2.85e-07 | samples_seen=296784
2026-05-16 05:37:57,851  INFO  Epoch 1 | Step 13550/11932 | Loss 0.0738 | LR 2.85e-07 | samples_seen=296792
2026-05-16 05:38:29,924  INFO  Epoch 1 | Step 13560/11932 | Loss 2.4696 | LR 2.79e-07 | samples_seen=297088
2026-05-16 05:38:30,649  INFO  Epoch 1 | Step 13560/11932 | Loss 0.0522 | LR 2.79e-07 | samples_seen=297096
2026-05-16 05:38:31,210  INFO  Epoch 1 | Step 13560/11932 | Loss 0.0726 | LR 2.79e-07 | samples_seen=297104
2026-05-16 05:38:32,397  INFO  Epoch 1 | Step 13560/11932 | Loss 0.0781 | LR 2.79e-07 | samples_seen=297112
2026-05-16 05:39:05,561  INFO  Epoch 1 | Step 13570/11932 | Loss 2.6810 | LR 2.72e-07 | samples_seen=297408
2026-05-16 05:39:06,480  INFO  Epoch 1 | Step 13570/11932 | Loss 0.0536 | LR 2.72e-07 | samples_seen=297416
2026-05-16 05:39:07,227  INFO  Epoch 1 | Step 13570/11932 | Loss 0.0483 | LR 2.72e-07 | samples_seen=297424
2026-05-16 05:39:07,739  INFO  Epoch 1 | Step 13570/11932 | Loss 0.0809 | LR 2.72e-07 | samples_seen=297432
2026-05-16 05:39:40,416  INFO  Epoch 1 | Step 13580/11932 | Loss 2.6092 | LR 2.66e-07 | samples_seen=297728
2026-05-16 05:39:41,198  INFO  Epoch 1 | Step 13580/11932 | Loss 0.0548 | LR 2.66e-07 | samples_seen=297736
2026-05-16 05:39:41,774  INFO  Epoch 1 | Step 13580/11932 | Loss 0.0732 | LR 2.66e-07 | samples_seen=297744
2026-05-16 05:39:42,757  INFO  Epoch 1 | Step 13580/11932 | Loss 0.0519 | LR 2.66e-07 | samples_seen=297752
2026-05-16 05:40:15,538  INFO  Epoch 1 | Step 13590/11932 | Loss 2.6009 | LR 2.60e-07 | samples_seen=298048
2026-05-16 05:40:16,197  INFO  Epoch 1 | Step 13590/11932 | Loss 0.0720 | LR 2.60e-07 | samples_seen=298056
2026-05-16 05:40:16,800  INFO  Epoch 1 | Step 13590/11932 | Loss 0.0883 | LR 2.60e-07 | samples_seen=298064
2026-05-16 05:40:17,437  INFO  Epoch 1 | Step 13590/11932 | Loss 0.0534 | LR 2.60e-07 | samples_seen=298072
2026-05-16 05:43:54,868  INFO  Checkpoint saved → ../checkpoints/stage2_h100/step13592 | global_step=13592 | samples_seen=298120
2026-05-16 05:44:22,410  INFO  Epoch 1 | Step 13600/11932 | Loss 2.6557 | LR 2.54e-07 | samples_seen=298368
2026-05-16 05:44:23,233  INFO  Epoch 1 | Step 13600/11932 | Loss 0.0467 | LR 2.54e-07 | samples_seen=298376
2026-05-16 05:44:24,249  INFO  Epoch 1 | Step 13600/11932 | Loss 0.0595 | LR 2.54e-07 | samples_seen=298384
2026-05-16 05:44:24,950  INFO  Epoch 1 | Step 13600/11932 | Loss 0.0564 | LR 2.54e-07 | samples_seen=298392
2026-05-16 05:44:57,538  INFO  Epoch 1 | Step 13610/11932 | Loss 2.3586 | LR 2.48e-07 | samples_seen=298688
2026-05-16 05:44:58,198  INFO  Epoch 1 | Step 13610/11932 | Loss 0.0456 | LR 2.48e-07 | samples_seen=298696
2026-05-16 05:44:58,825  INFO  Epoch 1 | Step 13610/11932 | Loss 0.0568 | LR 2.48e-07 | samples_seen=298704
2026-05-16 05:44:59,890  INFO  Epoch 1 | Step 13610/11932 | Loss 0.0488 | LR 2.48e-07 | samples_seen=298712
2026-05-16 05:45:30,155  INFO  Epoch 1 | Step 13620/11932 | Loss 2.6650 | LR 2.42e-07 | samples_seen=299008
2026-05-16 05:45:30,669  INFO  Epoch 1 | Step 13620/11932 | Loss 0.0616 | LR 2.42e-07 | samples_seen=299016
2026-05-16 05:45:31,552  INFO  Epoch 1 | Step 13620/11932 | Loss 0.0510 | LR 2.42e-07 | samples_seen=299024
2026-05-16 05:45:32,463  INFO  Epoch 1 | Step 13620/11932 | Loss 0.0500 | LR 2.42e-07 | samples_seen=299032
2026-05-16 05:46:08,804  INFO  Epoch 1 | Step 13630/11932 | Loss 2.2996 | LR 2.36e-07 | samples_seen=299328
2026-05-16 05:46:09,185  INFO  Epoch 1 | Step 13630/11932 | Loss 0.1011 | LR 2.36e-07 | samples_seen=299336
2026-05-16 05:46:09,940  INFO  Epoch 1 | Step 13630/11932 | Loss 0.0551 | LR 2.36e-07 | samples_seen=299344
2026-05-16 05:46:10,492  INFO  Epoch 1 | Step 13630/11932 | Loss 0.0668 | LR 2.36e-07 | samples_seen=299352
2026-05-16 05:46:44,608  INFO  Epoch 1 | Step 13640/11932 | Loss 2.5477 | LR 2.30e-07 | samples_seen=299648
2026-05-16 05:46:45,378  INFO  Epoch 1 | Step 13640/11932 | Loss 0.0514 | LR 2.30e-07 | samples_seen=299656
2026-05-16 05:46:46,855  INFO  Epoch 1 | Step 13640/11932 | Loss 0.0714 | LR 2.30e-07 | samples_seen=299664
2026-05-16 05:46:47,255  INFO  Epoch 1 | Step 13640/11932 | Loss 0.1006 | LR 2.30e-07 | samples_seen=299672
2026-05-16 05:47:20,736  INFO  Epoch 1 | Step 13650/11932 | Loss 2.6581 | LR 2.24e-07 | samples_seen=299968
2026-05-16 05:47:21,634  INFO  Epoch 1 | Step 13650/11932 | Loss 0.1127 | LR 2.24e-07 | samples_seen=299976
2026-05-16 05:47:22,186  INFO  Epoch 1 | Step 13650/11932 | Loss 0.0958 | LR 2.24e-07 | samples_seen=299984
2026-05-16 05:47:22,859  INFO  Epoch 1 | Step 13650/11932 | Loss 0.0445 | LR 2.24e-07 | samples_seen=299992
2026-05-16 05:47:51,750  INFO  Epoch 1 | Step 13660/11932 | Loss 2.4194 | LR 2.19e-07 | samples_seen=300288
2026-05-16 05:47:52,621  INFO  Epoch 1 | Step 13660/11932 | Loss 0.0520 | LR 2.19e-07 | samples_seen=300296
2026-05-16 05:47:54,086  INFO  Epoch 1 | Step 13660/11932 | Loss 0.0599 | LR 2.19e-07 | samples_seen=300304
2026-05-16 05:47:54,842  INFO  Epoch 1 | Step 13660/11932 | Loss 0.0339 | LR 2.19e-07 | samples_seen=300312
2026-05-16 05:48:25,683  INFO  Epoch 1 | Step 13670/11932 | Loss 2.4176 | LR 2.13e-07 | samples_seen=300608
2026-05-16 05:48:26,424  INFO  Epoch 1 | Step 13670/11932 | Loss 0.0431 | LR 2.13e-07 | samples_seen=300616
2026-05-16 05:48:27,151  INFO  Epoch 1 | Step 13670/11932 | Loss 0.0439 | LR 2.13e-07 | samples_seen=300624
2026-05-16 05:48:27,697  INFO  Epoch 1 | Step 13670/11932 | Loss 0.0739 | LR 2.13e-07 | samples_seen=300632
2026-05-16 05:48:57,227  INFO  Epoch 1 | Step 13680/11932 | Loss 2.5312 | LR 2.08e-07 | samples_seen=300928
2026-05-16 05:48:58,296  INFO  Epoch 1 | Step 13680/11932 | Loss 0.0497 | LR 2.08e-07 | samples_seen=300936
2026-05-16 05:48:58,907  INFO  Epoch 1 | Step 13680/11932 | Loss 0.0537 | LR 2.08e-07 | samples_seen=300944
2026-05-16 05:48:59,517  INFO  Epoch 1 | Step 13680/11932 | Loss 0.0783 | LR 2.08e-07 | samples_seen=300952
2026-05-16 05:49:30,613  INFO  Epoch 1 | Step 13690/11932 | Loss 2.4213 | LR 2.02e-07 | samples_seen=301248
2026-05-16 05:49:31,579  INFO  Epoch 1 | Step 13690/11932 | Loss 0.0375 | LR 2.02e-07 | samples_seen=301256
2026-05-16 05:49:32,269  INFO  Epoch 1 | Step 13690/11932 | Loss 0.0637 | LR 2.02e-07 | samples_seen=301264
2026-05-16 05:49:32,907  INFO  Epoch 1 | Step 13690/11932 | Loss 0.0555 | LR 2.02e-07 | samples_seen=301272
2026-05-16 05:50:04,193  INFO  Epoch 1 | Step 13700/11932 | Loss 2.4930 | LR 1.97e-07 | samples_seen=301568
2026-05-16 05:50:04,844  INFO  Epoch 1 | Step 13700/11932 | Loss 0.0410 | LR 1.97e-07 | samples_seen=301576
2026-05-16 05:50:05,577  INFO  Epoch 1 | Step 13700/11932 | Loss 0.0579 | LR 1.97e-07 | samples_seen=301584
2026-05-16 05:50:06,826  INFO  Epoch 1 | Step 13700/11932 | Loss 0.0356 | LR 1.97e-07 | samples_seen=301592
2026-05-16 05:50:38,970  INFO  Epoch 1 | Step 13710/11932 | Loss 2.4810 | LR 1.91e-07 | samples_seen=301888
2026-05-16 05:50:39,882  INFO  Epoch 1 | Step 13710/11932 | Loss 0.0537 | LR 1.91e-07 | samples_seen=301896
2026-05-16 05:50:40,891  INFO  Epoch 1 | Step 13710/11932 | Loss 0.0803 | LR 1.91e-07 | samples_seen=301904
2026-05-16 05:50:41,553  INFO  Epoch 1 | Step 13710/11932 | Loss 0.1001 | LR 1.91e-07 | samples_seen=301912
2026-05-16 05:51:11,638  INFO  Epoch 1 | Step 13720/11932 | Loss 2.5724 | LR 1.86e-07 | samples_seen=302208
2026-05-16 05:51:12,144  INFO  Epoch 1 | Step 13720/11932 | Loss 0.0760 | LR 1.86e-07 | samples_seen=302216
2026-05-16 05:51:12,751  INFO  Epoch 1 | Step 13720/11932 | Loss 0.0596 | LR 1.86e-07 | samples_seen=302224
2026-05-16 05:51:13,498  INFO  Epoch 1 | Step 13720/11932 | Loss 0.0634 | LR 1.86e-07 | samples_seen=302232
2026-05-16 05:51:45,794  INFO  Epoch 1 | Step 13730/11932 | Loss 2.5743 | LR 1.81e-07 | samples_seen=302528
2026-05-16 05:51:47,245  INFO  Epoch 1 | Step 13730/11932 | Loss 0.0650 | LR 1.81e-07 | samples_seen=302536
2026-05-16 05:51:47,741  INFO  Epoch 1 | Step 13730/11932 | Loss 0.0914 | LR 1.81e-07 | samples_seen=302544
2026-05-16 05:51:48,897  INFO  Epoch 1 | Step 13730/11932 | Loss 0.0557 | LR 1.81e-07 | samples_seen=302552
2026-05-16 05:52:22,958  INFO  Epoch 1 | Step 13740/11932 | Loss 2.4690 | LR 1.76e-07 | samples_seen=302848
2026-05-16 05:52:23,444  INFO  Epoch 1 | Step 13740/11932 | Loss 0.1001 | LR 1.76e-07 | samples_seen=302856
2026-05-16 05:52:24,129  INFO  Epoch 1 | Step 13740/11932 | Loss 0.0441 | LR 1.76e-07 | samples_seen=302864
2026-05-16 05:52:25,293  INFO  Epoch 1 | Step 13740/11932 | Loss 0.0734 | LR 1.76e-07 | samples_seen=302872
2026-05-16 05:52:57,921  INFO  Epoch 1 | Step 13750/11932 | Loss 2.4306 | LR 1.71e-07 | samples_seen=303168
2026-05-16 05:52:58,760  INFO  Epoch 1 | Step 13750/11932 | Loss 0.0580 | LR 1.71e-07 | samples_seen=303176
2026-05-16 05:52:59,890  INFO  Epoch 1 | Step 13750/11932 | Loss 0.0601 | LR 1.71e-07 | samples_seen=303184
2026-05-16 05:53:01,006  INFO  Epoch 1 | Step 13750/11932 | Loss 0.0493 | LR 1.71e-07 | samples_seen=303192
2026-05-16 05:53:31,864  INFO  Epoch 1 | Step 13760/11932 | Loss 2.5085 | LR 1.66e-07 | samples_seen=303488
2026-05-16 05:53:32,368  INFO  Epoch 1 | Step 13760/11932 | Loss 0.0869 | LR 1.66e-07 | samples_seen=303496
2026-05-16 05:53:33,269  INFO  Epoch 1 | Step 13760/11932 | Loss 0.0613 | LR 1.66e-07 | samples_seen=303504
2026-05-16 05:53:33,995  INFO  Epoch 1 | Step 13760/11932 | Loss 0.0452 | LR 1.66e-07 | samples_seen=303512
2026-05-16 05:54:04,375  INFO  Epoch 1 | Step 13770/11932 | Loss 2.4112 | LR 1.61e-07 | samples_seen=303808
2026-05-16 05:54:04,893  INFO  Epoch 1 | Step 13770/11932 | Loss 0.0805 | LR 1.61e-07 | samples_seen=303816
2026-05-16 05:54:06,362  INFO  Epoch 1 | Step 13770/11932 | Loss 0.0770 | LR 1.61e-07 | samples_seen=303824
2026-05-16 05:54:06,742  INFO  Epoch 1 | Step 13770/11932 | Loss 0.0863 | LR 1.61e-07 | samples_seen=303832
2026-05-16 05:54:42,820  INFO  Epoch 1 | Step 13780/11932 | Loss 2.3116 | LR 1.56e-07 | samples_seen=304128
2026-05-16 05:54:43,447  INFO  Epoch 1 | Step 13780/11932 | Loss 0.0769 | LR 1.56e-07 | samples_seen=304136
2026-05-16 05:54:44,204  INFO  Epoch 1 | Step 13780/11932 | Loss 0.0545 | LR 1.56e-07 | samples_seen=304144
2026-05-16 05:54:44,810  INFO  Epoch 1 | Step 13780/11932 | Loss 0.0750 | LR 1.56e-07 | samples_seen=304152
2026-05-16 05:55:14,799  INFO  Epoch 1 | Step 13790/11932 | Loss 2.6165 | LR 1.51e-07 | samples_seen=304448
2026-05-16 05:55:15,417  INFO  Epoch 1 | Step 13790/11932 | Loss 0.0511 | LR 1.51e-07 | samples_seen=304456
2026-05-16 05:55:16,394  INFO  Epoch 1 | Step 13790/11932 | Loss 0.0466 | LR 1.51e-07 | samples_seen=304464
2026-05-16 05:55:17,267  INFO  Epoch 1 | Step 13790/11932 | Loss 0.0695 | LR 1.51e-07 | samples_seen=304472
2026-05-16 05:55:49,230  INFO  Epoch 1 | Step 13800/11932 | Loss 2.7191 | LR 1.47e-07 | samples_seen=304768
2026-05-16 05:55:50,198  INFO  Epoch 1 | Step 13800/11932 | Loss 0.0405 | LR 1.47e-07 | samples_seen=304776
2026-05-16 05:55:50,878  INFO  Epoch 1 | Step 13800/11932 | Loss 0.0612 | LR 1.47e-07 | samples_seen=304784
2026-05-16 05:55:51,990  INFO  Epoch 1 | Step 13800/11932 | Loss 0.0817 | LR 1.47e-07 | samples_seen=304792
2026-05-16 05:56:22,795  INFO  Epoch 1 | Step 13810/11932 | Loss 2.4281 | LR 1.42e-07 | samples_seen=305088
2026-05-16 05:56:23,888  INFO  Epoch 1 | Step 13810/11932 | Loss 0.0703 | LR 1.42e-07 | samples_seen=305096
2026-05-16 05:56:24,326  INFO  Epoch 1 | Step 13810/11932 | Loss 0.1010 | LR 1.42e-07 | samples_seen=305104
2026-05-16 05:56:25,373  INFO  Epoch 1 | Step 13810/11932 | Loss 0.0687 | LR 1.42e-07 | samples_seen=305112
2026-05-16 05:56:54,868  INFO  Epoch 1 | Step 13820/11932 | Loss 2.2026 | LR 1.38e-07 | samples_seen=305408
2026-05-16 05:56:55,286  INFO  Epoch 1 | Step 13820/11932 | Loss 0.1153 | LR 1.38e-07 | samples_seen=305416
2026-05-16 05:56:56,894  INFO  Epoch 1 | Step 13820/11932 | Loss 0.0771 | LR 1.38e-07 | samples_seen=305424
2026-05-16 05:56:57,572  INFO  Epoch 1 | Step 13820/11932 | Loss 0.0645 | LR 1.38e-07 | samples_seen=305432
2026-05-16 05:57:28,298  INFO  Epoch 1 | Step 13830/11932 | Loss 2.3820 | LR 1.33e-07 | samples_seen=305728
2026-05-16 05:57:28,820  INFO  Epoch 1 | Step 13830/11932 | Loss 0.0741 | LR 1.33e-07 | samples_seen=305736
2026-05-16 05:57:29,606  INFO  Epoch 1 | Step 13830/11932 | Loss 0.0510 | LR 1.33e-07 | samples_seen=305744
2026-05-16 05:57:30,478  INFO  Epoch 1 | Step 13830/11932 | Loss 0.0679 | LR 1.33e-07 | samples_seen=305752
2026-05-16 05:58:00,477  INFO  Epoch 1 | Step 13840/11932 | Loss 2.4608 | LR 1.29e-07 | samples_seen=306048
2026-05-16 05:58:01,331  INFO  Epoch 1 | Step 13840/11932 | Loss 0.0583 | LR 1.29e-07 | samples_seen=306056
2026-05-16 05:58:02,211  INFO  Epoch 1 | Step 13840/11932 | Loss 0.0605 | LR 1.29e-07 | samples_seen=306064
2026-05-16 05:58:02,760  INFO  Epoch 1 | Step 13840/11932 | Loss 0.0590 | LR 1.29e-07 | samples_seen=306072
2026-05-16 05:58:35,261  INFO  Epoch 1 | Step 13850/11932 | Loss 2.3187 | LR 1.25e-07 | samples_seen=306368
2026-05-16 05:58:36,709  INFO  Epoch 1 | Step 13850/11932 | Loss 0.0845 | LR 1.25e-07 | samples_seen=306376
2026-05-16 05:58:37,435  INFO  Epoch 1 | Step 13850/11932 | Loss 0.0535 | LR 1.25e-07 | samples_seen=306384
2026-05-16 05:58:38,213  INFO  Epoch 1 | Step 13850/11932 | Loss 0.0483 | LR 1.25e-07 | samples_seen=306392
2026-05-16 05:59:07,806  INFO  Epoch 1 | Step 13860/11932 | Loss 2.3002 | LR 1.20e-07 | samples_seen=306688
2026-05-16 05:59:08,231  INFO  Epoch 1 | Step 13860/11932 | Loss 0.1000 | LR 1.20e-07 | samples_seen=306696
2026-05-16 05:59:09,164  INFO  Epoch 1 | Step 13860/11932 | Loss 0.0520 | LR 1.20e-07 | samples_seen=306704
2026-05-16 05:59:09,831  INFO  Epoch 1 | Step 13860/11932 | Loss 0.0529 | LR 1.20e-07 | samples_seen=306712
2026-05-16 05:59:42,536  INFO  Epoch 1 | Step 13870/11932 | Loss 2.5243 | LR 1.16e-07 | samples_seen=307008
2026-05-16 05:59:43,019  INFO  Epoch 1 | Step 13870/11932 | Loss 0.0846 | LR 1.16e-07 | samples_seen=307016
2026-05-16 05:59:43,657  INFO  Epoch 1 | Step 13870/11932 | Loss 0.0697 | LR 1.16e-07 | samples_seen=307024
2026-05-16 05:59:44,805  INFO  Epoch 1 | Step 13870/11932 | Loss 0.0490 | LR 1.16e-07 | samples_seen=307032
2026-05-16 06:00:15,742  INFO  Epoch 1 | Step 13880/11932 | Loss 2.7111 | LR 1.12e-07 | samples_seen=307328
2026-05-16 06:00:16,990  INFO  Epoch 1 | Step 13880/11932 | Loss 0.0595 | LR 1.12e-07 | samples_seen=307336
2026-05-16 06:00:18,454  INFO  Epoch 1 | Step 13880/11932 | Loss 0.0638 | LR 1.12e-07 | samples_seen=307344
2026-05-16 06:00:19,294  INFO  Epoch 1 | Step 13880/11932 | Loss 0.0604 | LR 1.12e-07 | samples_seen=307352
2026-05-16 06:00:53,104  INFO  Epoch 1 | Step 13890/11932 | Loss 2.4243 | LR 1.08e-07 | samples_seen=307648
2026-05-16 06:00:54,552  INFO  Epoch 1 | Step 13890/11932 | Loss 0.0772 | LR 1.08e-07 | samples_seen=307656
2026-05-16 06:00:55,195  INFO  Epoch 1 | Step 13890/11932 | Loss 0.0605 | LR 1.08e-07 | samples_seen=307664
2026-05-16 06:00:55,790  INFO  Epoch 1 | Step 13890/11932 | Loss 0.0484 | LR 1.08e-07 | samples_seen=307672
2026-05-16 06:01:26,358  INFO  Epoch 1 | Step 13900/11932 | Loss 2.2967 | LR 1.04e-07 | samples_seen=307968
2026-05-16 06:01:26,891  INFO  Epoch 1 | Step 13900/11932 | Loss 0.0896 | LR 1.04e-07 | samples_seen=307976
2026-05-16 06:01:27,564  INFO  Epoch 1 | Step 13900/11932 | Loss 0.0397 | LR 1.04e-07 | samples_seen=307984
2026-05-16 06:01:28,605  INFO  Epoch 1 | Step 13900/11932 | Loss 0.0408 | LR 1.04e-07 | samples_seen=307992
2026-05-16 06:01:59,342  INFO  Epoch 1 | Step 13910/11932 | Loss 2.4182 | LR 1.00e-07 | samples_seen=308288
2026-05-16 06:02:00,165  INFO  Epoch 1 | Step 13910/11932 | Loss 0.0418 | LR 1.00e-07 | samples_seen=308296
2026-05-16 06:02:01,323  INFO  Epoch 1 | Step 13910/11932 | Loss 0.0637 | LR 1.00e-07 | samples_seen=308304
2026-05-16 06:02:01,863  INFO  Epoch 1 | Step 13910/11932 | Loss 0.0642 | LR 1.00e-07 | samples_seen=308312
2026-05-16 06:02:31,926  INFO  Epoch 1 | Step 13920/11932 | Loss 2.3854 | LR 9.64e-08 | samples_seen=308608
2026-05-16 06:02:32,899  INFO  Epoch 1 | Step 13920/11932 | Loss 0.0707 | LR 9.64e-08 | samples_seen=308616
2026-05-16 06:02:33,409  INFO  Epoch 1 | Step 13920/11932 | Loss 0.0721 | LR 9.64e-08 | samples_seen=308624
2026-05-16 06:02:34,054  INFO  Epoch 1 | Step 13920/11932 | Loss 0.0607 | LR 9.64e-08 | samples_seen=308632
2026-05-16 06:03:05,521  INFO  Epoch 1 | Step 13930/11932 | Loss 2.3650 | LR 9.27e-08 | samples_seen=308928
2026-05-16 06:03:06,398  INFO  Epoch 1 | Step 13930/11932 | Loss 0.0344 | LR 9.27e-08 | samples_seen=308936
2026-05-16 06:03:07,011  INFO  Epoch 1 | Step 13930/11932 | Loss 0.0585 | LR 9.27e-08 | samples_seen=308944
2026-05-16 06:03:07,816  INFO  Epoch 1 | Step 13930/11932 | Loss 0.0619 | LR 9.27e-08 | samples_seen=308952
2026-05-16 06:03:37,016  INFO  Epoch 1 | Step 13940/11932 | Loss 2.5042 | LR 8.90e-08 | samples_seen=309248
2026-05-16 06:03:37,686  INFO  Epoch 1 | Step 13940/11932 | Loss 0.0501 | LR 8.90e-08 | samples_seen=309256
2026-05-16 06:03:38,441  INFO  Epoch 1 | Step 13940/11932 | Loss 0.0482 | LR 8.90e-08 | samples_seen=309264
2026-05-16 06:03:39,909  INFO  Epoch 1 | Step 13940/11932 | Loss 0.0870 | LR 8.90e-08 | samples_seen=309272
2026-05-16 06:04:10,941  INFO  Epoch 1 | Step 13950/11932 | Loss 2.4004 | LR 8.54e-08 | samples_seen=309568
2026-05-16 06:04:11,858  INFO  Epoch 1 | Step 13950/11932 | Loss 0.0654 | LR 8.54e-08 | samples_seen=309576
2026-05-16 06:04:12,627  INFO  Epoch 1 | Step 13950/11932 | Loss 0.0653 | LR 8.54e-08 | samples_seen=309584
2026-05-16 06:04:13,528  INFO  Epoch 1 | Step 13950/11932 | Loss 0.0620 | LR 8.54e-08 | samples_seen=309592
2026-05-16 06:04:44,720  INFO  Epoch 1 | Step 13960/11932 | Loss 2.2261 | LR 8.19e-08 | samples_seen=309888
2026-05-16 06:04:45,303  INFO  Epoch 1 | Step 13960/11932 | Loss 0.0570 | LR 8.19e-08 | samples_seen=309896
2026-05-16 06:04:46,367  INFO  Epoch 1 | Step 13960/11932 | Loss 0.0684 | LR 8.19e-08 | samples_seen=309904
2026-05-16 06:04:46,799  INFO  Epoch 1 | Step 13960/11932 | Loss 0.0918 | LR 8.19e-08 | samples_seen=309912
2026-05-16 06:05:16,235  INFO  Epoch 1 | Step 13970/11932 | Loss 2.6962 | LR 7.85e-08 | samples_seen=310208
2026-05-16 06:05:17,407  INFO  Epoch 1 | Step 13970/11932 | Loss 0.0728 | LR 7.85e-08 | samples_seen=310216
2026-05-16 06:05:18,640  INFO  Epoch 1 | Step 13970/11932 | Loss 0.0601 | LR 7.85e-08 | samples_seen=310224
2026-05-16 06:05:19,569  INFO  Epoch 1 | Step 13970/11932 | Loss 0.0419 | LR 7.85e-08 | samples_seen=310232
2026-05-16 06:05:47,668  INFO  Epoch 1 | Step 13980/11932 | Loss 2.3679 | LR 7.52e-08 | samples_seen=310528
2026-05-16 06:05:48,779  INFO  Epoch 1 | Step 13980/11932 | Loss 0.0618 | LR 7.52e-08 | samples_seen=310536
2026-05-16 06:05:49,787  INFO  Epoch 1 | Step 13980/11932 | Loss 0.0649 | LR 7.52e-08 | samples_seen=310544
2026-05-16 06:05:50,302  INFO  Epoch 1 | Step 13980/11932 | Loss 0.0668 | LR 7.52e-08 | samples_seen=310552
2026-05-16 06:06:19,249  INFO  Epoch 1 | Step 13990/11932 | Loss 2.4412 | LR 7.19e-08 | samples_seen=310848
2026-05-16 06:06:19,967  INFO  Epoch 1 | Step 13990/11932 | Loss 0.0426 | LR 7.19e-08 | samples_seen=310856
2026-05-16 06:06:21,443  INFO  Epoch 1 | Step 13990/11932 | Loss 0.0804 | LR 7.19e-08 | samples_seen=310864
2026-05-16 06:06:22,207  INFO  Epoch 1 | Step 13990/11932 | Loss 0.0579 | LR 7.19e-08 | samples_seen=310872
2026-05-16 06:06:50,186  INFO  Epoch 1 | Step 14000/11932 | Loss 2.6338 | LR 6.87e-08 | samples_seen=311168
2026-05-16 06:06:50,948  INFO  Epoch 1 | Step 14000/11932 | Loss 0.0459 | LR 6.87e-08 | samples_seen=311176
2026-05-16 06:06:51,619  INFO  Epoch 1 | Step 14000/11932 | Loss 0.1267 | LR 6.87e-08 | samples_seen=311184
2026-05-16 06:06:52,290  INFO  Epoch 1 | Step 14000/11932 | Loss 0.0409 | LR 6.87e-08 | samples_seen=311192
2026-05-16 06:07:21,471  INFO  Epoch 1 | Step 14010/11932 | Loss 2.4595 | LR 6.55e-08 | samples_seen=311488
2026-05-16 06:07:22,442  INFO  Epoch 1 | Step 14010/11932 | Loss 0.0483 | LR 6.55e-08 | samples_seen=311496
2026-05-16 06:07:23,122  INFO  Epoch 1 | Step 14010/11932 | Loss 0.0563 | LR 6.55e-08 | samples_seen=311504
2026-05-16 06:07:23,659  INFO  Epoch 1 | Step 14010/11932 | Loss 0.0777 | LR 6.55e-08 | samples_seen=311512
2026-05-16 06:07:54,843  INFO  Epoch 1 | Step 14020/11932 | Loss 2.3732 | LR 6.25e-08 | samples_seen=311808
2026-05-16 06:07:55,346  INFO  Epoch 1 | Step 14020/11932 | Loss 0.0699 | LR 6.25e-08 | samples_seen=311816
2026-05-16 06:07:56,811  INFO  Epoch 1 | Step 14020/11932 | Loss 0.0697 | LR 6.25e-08 | samples_seen=311824
2026-05-16 06:07:57,921  INFO  Epoch 1 | Step 14020/11932 | Loss 0.0785 | LR 6.25e-08 | samples_seen=311832
2026-05-16 06:08:27,488  INFO  Epoch 1 | Step 14030/11932 | Loss 2.6002 | LR 5.95e-08 | samples_seen=312128
2026-05-16 06:08:28,516  INFO  Epoch 1 | Step 14030/11932 | Loss 0.0563 | LR 5.95e-08 | samples_seen=312136
2026-05-16 06:08:29,803  INFO  Epoch 1 | Step 14030/11932 | Loss 0.0701 | LR 5.95e-08 | samples_seen=312144
2026-05-16 06:08:30,548  INFO  Epoch 1 | Step 14030/11932 | Loss 0.0442 | LR 5.95e-08 | samples_seen=312152
2026-05-16 06:09:04,399  INFO  Epoch 1 | Step 14040/11932 | Loss 2.3980 | LR 5.65e-08 | samples_seen=312448
2026-05-16 06:09:04,893  INFO  Epoch 1 | Step 14040/11932 | Loss 0.0976 | LR 5.65e-08 | samples_seen=312456
2026-05-16 06:09:05,656  INFO  Epoch 1 | Step 14040/11932 | Loss 0.0543 | LR 5.65e-08 | samples_seen=312464
2026-05-16 06:09:06,338  INFO  Epoch 1 | Step 14040/11932 | Loss 0.0839 | LR 5.65e-08 | samples_seen=312472
2026-05-16 06:09:37,540  INFO  Epoch 1 | Step 14050/11932 | Loss 2.3663 | LR 5.37e-08 | samples_seen=312768
2026-05-16 06:09:38,090  INFO  Epoch 1 | Step 14050/11932 | Loss 0.0867 | LR 5.37e-08 | samples_seen=312776
2026-05-16 06:09:39,548  INFO  Epoch 1 | Step 14050/11932 | Loss 0.0763 | LR 5.37e-08 | samples_seen=312784
2026-05-16 06:09:40,327  INFO  Epoch 1 | Step 14050/11932 | Loss 0.0612 | LR 5.37e-08 | samples_seen=312792
2026-05-16 06:10:11,690  INFO  Epoch 1 | Step 14060/11932 | Loss 2.4650 | LR 5.09e-08 | samples_seen=313088
2026-05-16 06:10:12,139  INFO  Epoch 1 | Step 14060/11932 | Loss 0.0917 | LR 5.09e-08 | samples_seen=313096
2026-05-16 06:10:12,869  INFO  Epoch 1 | Step 14060/11932 | Loss 0.0623 | LR 5.09e-08 | samples_seen=313104
2026-05-16 06:10:13,902  INFO  Epoch 1 | Step 14060/11932 | Loss 0.0498 | LR 5.09e-08 | samples_seen=313112
2026-05-16 06:10:43,755  INFO  Epoch 1 | Step 14070/11932 | Loss 2.6672 | LR 4.82e-08 | samples_seen=313408
2026-05-16 06:10:44,675  INFO  Epoch 1 | Step 14070/11932 | Loss 0.0405 | LR 4.82e-08 | samples_seen=313416
2026-05-16 06:10:45,224  INFO  Epoch 1 | Step 14070/11932 | Loss 0.0878 | LR 4.82e-08 | samples_seen=313424
2026-05-16 06:10:45,909  INFO  Epoch 1 | Step 14070/11932 | Loss 0.0637 | LR 4.82e-08 | samples_seen=313432
2026-05-16 06:11:15,811  INFO  Epoch 1 | Step 14080/11932 | Loss 2.2555 | LR 4.56e-08 | samples_seen=313728
2026-05-16 06:11:16,455  INFO  Epoch 1 | Step 14080/11932 | Loss 0.0515 | LR 4.56e-08 | samples_seen=313736
2026-05-16 06:11:17,252  INFO  Epoch 1 | Step 14080/11932 | Loss 0.0632 | LR 4.56e-08 | samples_seen=313744
2026-05-16 06:11:17,851  INFO  Epoch 1 | Step 14080/11932 | Loss 0.0679 | LR 4.56e-08 | samples_seen=313752
2026-05-16 06:11:50,381  INFO  Epoch 1 | Step 14090/11932 | Loss 2.1957 | LR 4.30e-08 | samples_seen=314048
2026-05-16 06:11:51,506  INFO  Epoch 1 | Step 14090/11932 | Loss 0.0491 | LR 4.30e-08 | samples_seen=314056
2026-05-16 06:11:52,018  INFO  Epoch 1 | Step 14090/11932 | Loss 0.0655 | LR 4.30e-08 | samples_seen=314064
2026-05-16 06:11:53,123  INFO  Epoch 1 | Step 14090/11932 | Loss 0.0571 | LR 4.30e-08 | samples_seen=314072
2026-05-16 06:12:25,773  INFO  Epoch 1 | Step 14100/11932 | Loss 2.3468 | LR 4.06e-08 | samples_seen=314368
2026-05-16 06:12:26,618  INFO  Epoch 1 | Step 14100/11932 | Loss 0.0556 | LR 4.06e-08 | samples_seen=314376
2026-05-16 06:12:27,080  INFO  Epoch 1 | Step 14100/11932 | Loss 0.1159 | LR 4.06e-08 | samples_seen=314384
2026-05-16 06:12:28,088  INFO  Epoch 1 | Step 14100/11932 | Loss 0.0753 | LR 4.06e-08 | samples_seen=314392
2026-05-16 06:12:58,630  INFO  Epoch 1 | Step 14110/11932 | Loss 2.2899 | LR 3.82e-08 | samples_seen=314688
2026-05-16 06:12:59,110  INFO  Epoch 1 | Step 14110/11932 | Loss 0.0871 | LR 3.82e-08 | samples_seen=314696
2026-05-16 06:12:59,946  INFO  Epoch 1 | Step 14110/11932 | Loss 0.0622 | LR 3.82e-08 | samples_seen=314704
2026-05-16 06:13:00,817  INFO  Epoch 1 | Step 14110/11932 | Loss 0.0507 | LR 3.82e-08 | samples_seen=314712
2026-05-16 06:13:33,108  INFO  Epoch 1 | Step 14120/11932 | Loss 2.4321 | LR 3.58e-08 | samples_seen=315008
2026-05-16 06:13:33,638  INFO  Epoch 1 | Step 14120/11932 | Loss 0.0845 | LR 3.58e-08 | samples_seen=315016
2026-05-16 06:13:34,711  INFO  Epoch 1 | Step 14120/11932 | Loss 0.0689 | LR 3.58e-08 | samples_seen=315024
2026-05-16 06:13:35,553  INFO  Epoch 1 | Step 14120/11932 | Loss 0.0469 | LR 3.58e-08 | samples_seen=315032
2026-05-16 06:17:23,997  INFO  Checkpoint saved → ../checkpoints/stage2_h100/step14126 | global_step=14126 | samples_seen=315200
2026-05-16 06:17:38,309  INFO  Epoch 1 | Step 14130/11932 | Loss 2.3705 | LR 3.36e-08 | samples_seen=315328
2026-05-16 06:17:38,943  INFO  Epoch 1 | Step 14130/11932 | Loss 0.0859 | LR 3.36e-08 | samples_seen=315336
2026-05-16 06:17:39,698  INFO  Epoch 1 | Step 14130/11932 | Loss 0.0421 | LR 3.36e-08 | samples_seen=315344
2026-05-16 06:17:40,952  INFO  Epoch 1 | Step 14130/11932 | Loss 0.0584 | LR 3.36e-08 | samples_seen=315352
2026-05-16 06:18:10,056  INFO  Epoch 1 | Step 14140/11932 | Loss 2.2247 | LR 3.14e-08 | samples_seen=315648
2026-05-16 06:18:10,890  INFO  Epoch 1 | Step 14140/11932 | Loss 0.0488 | LR 3.14e-08 | samples_seen=315656
2026-05-16 06:18:11,558  INFO  Epoch 1 | Step 14140/11932 | Loss 0.0533 | LR 3.14e-08 | samples_seen=315664
2026-05-16 06:18:12,062  INFO  Epoch 1 | Step 14140/11932 | Loss 0.0781 | LR 3.14e-08 | samples_seen=315672
2026-05-16 06:18:43,515  INFO  Epoch 1 | Step 14150/11932 | Loss 2.5113 | LR 2.93e-08 | samples_seen=315968
2026-05-16 06:18:43,939  INFO  Epoch 1 | Step 14150/11932 | Loss 0.0831 | LR 2.93e-08 | samples_seen=315976
2026-05-16 06:18:45,141  INFO  Epoch 1 | Step 14150/11932 | Loss 0.0691 | LR 2.93e-08 | samples_seen=315984
2026-05-16 06:18:46,189  INFO  Epoch 1 | Step 14150/11932 | Loss 0.0789 | LR 2.93e-08 | samples_seen=315992
2026-05-16 06:19:16,299  INFO  Epoch 1 | Step 14160/11932 | Loss 2.4333 | LR 2.72e-08 | samples_seen=316288
2026-05-16 06:19:16,726  INFO  Epoch 1 | Step 14160/11932 | Loss 0.1069 | LR 2.72e-08 | samples_seen=316296
2026-05-16 06:19:18,089  INFO  Epoch 1 | Step 14160/11932 | Loss 0.0799 | LR 2.72e-08 | samples_seen=316304
2026-05-16 06:19:18,966  INFO  Epoch 1 | Step 14160/11932 | Loss 0.0406 | LR 2.72e-08 | samples_seen=316312
2026-05-16 06:19:49,011  INFO  Epoch 1 | Step 14170/11932 | Loss 2.3651 | LR 2.53e-08 | samples_seen=316608
2026-05-16 06:19:50,063  INFO  Epoch 1 | Step 14170/11932 | Loss 0.0863 | LR 2.53e-08 | samples_seen=316616
2026-05-16 06:19:50,735  INFO  Epoch 1 | Step 14170/11932 | Loss 0.0637 | LR 2.53e-08 | samples_seen=316624
2026-05-16 06:19:51,509  INFO  Epoch 1 | Step 14170/11932 | Loss 0.0876 | LR 2.53e-08 | samples_seen=316632
2026-05-16 06:20:24,511  INFO  Epoch 1 | Step 14180/11932 | Loss 2.6385 | LR 2.34e-08 | samples_seen=316928
2026-05-16 06:20:25,186  INFO  Epoch 1 | Step 14180/11932 | Loss 0.0706 | LR 2.34e-08 | samples_seen=316936
2026-05-16 06:20:25,690  INFO  Epoch 1 | Step 14180/11932 | Loss 0.0685 | LR 2.34e-08 | samples_seen=316944
2026-05-16 06:20:27,088  INFO  Epoch 1 | Step 14180/11932 | Loss 0.0559 | LR 2.34e-08 | samples_seen=316952
2026-05-16 06:20:59,567  INFO  Epoch 1 | Step 14190/11932 | Loss 2.3989 | LR 2.16e-08 | samples_seen=317248
2026-05-16 06:21:00,306  INFO  Epoch 1 | Step 14190/11932 | Loss 0.0460 | LR 2.16e-08 | samples_seen=317256
2026-05-16 06:21:00,772  INFO  Epoch 1 | Step 14190/11932 | Loss 0.1070 | LR 2.16e-08 | samples_seen=317264
2026-05-16 06:21:02,038  INFO  Epoch 1 | Step 14190/11932 | Loss 0.0862 | LR 2.16e-08 | samples_seen=317272
2026-05-16 06:21:34,428  INFO  Epoch 1 | Step 14200/11932 | Loss 2.4708 | LR 1.98e-08 | samples_seen=317568
2026-05-16 06:21:35,097  INFO  Epoch 1 | Step 14200/11932 | Loss 0.0532 | LR 1.98e-08 | samples_seen=317576
2026-05-16 06:21:35,898  INFO  Epoch 1 | Step 14200/11932 | Loss 0.0454 | LR 1.98e-08 | samples_seen=317584
2026-05-16 06:21:37,370  INFO  Epoch 1 | Step 14200/11932 | Loss 0.0903 | LR 1.98e-08 | samples_seen=317592
2026-05-16 06:22:09,371  INFO  Epoch 1 | Step 14210/11932 | Loss 2.3798 | LR 1.81e-08 | samples_seen=317888
2026-05-16 06:22:10,494  INFO  Epoch 1 | Step 14210/11932 | Loss 0.0655 | LR 1.81e-08 | samples_seen=317896
2026-05-16 06:22:11,288  INFO  Epoch 1 | Step 14210/11932 | Loss 0.0336 | LR 1.81e-08 | samples_seen=317904
2026-05-16 06:22:11,827  INFO  Epoch 1 | Step 14210/11932 | Loss 0.0741 | LR 1.81e-08 | samples_seen=317912
2026-05-16 06:22:47,142  INFO  Epoch 1 | Step 14220/11932 | Loss 2.5152 | LR 1.65e-08 | samples_seen=318208
2026-05-16 06:22:47,860  INFO  Epoch 1 | Step 14220/11932 | Loss 0.0463 | LR 1.65e-08 | samples_seen=318216
2026-05-16 06:22:48,199  INFO  Epoch 1 | Step 14220/11932 | Loss 0.1114 | LR 1.65e-08 | samples_seen=318224
2026-05-16 06:22:48,695  INFO  Epoch 1 | Step 14220/11932 | Loss 0.0723 | LR 1.65e-08 | samples_seen=318232
2026-05-16 06:23:19,047  INFO  Epoch 1 | Step 14230/11932 | Loss 2.4797 | LR 1.50e-08 | samples_seen=318528
2026-05-16 06:23:19,813  INFO  Epoch 1 | Step 14230/11932 | Loss 0.0619 | LR 1.50e-08 | samples_seen=318536
2026-05-16 06:23:20,497  INFO  Epoch 1 | Step 14230/11932 | Loss 0.0600 | LR 1.50e-08 | samples_seen=318544
2026-05-16 06:23:21,406  INFO  Epoch 1 | Step 14230/11932 | Loss 0.0436 | LR 1.50e-08 | samples_seen=318552
2026-05-16 06:23:53,816  INFO  Epoch 1 | Step 14240/11932 | Loss 2.4569 | LR 1.36e-08 | samples_seen=318848
2026-05-16 06:23:54,492  INFO  Epoch 1 | Step 14240/11932 | Loss 0.0576 | LR 1.36e-08 | samples_seen=318856
2026-05-16 06:23:55,595  INFO  Epoch 1 | Step 14240/11932 | Loss 0.0821 | LR 1.36e-08 | samples_seen=318864
2026-05-16 06:23:56,055  INFO  Epoch 1 | Step 14240/11932 | Loss 0.0860 | LR 1.36e-08 | samples_seen=318872
2026-05-16 06:24:26,563  INFO  Epoch 1 | Step 14250/11932 | Loss 2.4116 | LR 1.22e-08 | samples_seen=319168
2026-05-16 06:24:27,221  INFO  Epoch 1 | Step 14250/11932 | Loss 0.0518 | LR 1.22e-08 | samples_seen=319176
2026-05-16 06:24:28,465  INFO  Epoch 1 | Step 14250/11932 | Loss 0.0586 | LR 1.22e-08 | samples_seen=319184
2026-05-16 06:24:29,234  INFO  Epoch 1 | Step 14250/11932 | Loss 0.0637 | LR 1.22e-08 | samples_seen=319192
2026-05-16 06:24:57,745  INFO  Epoch 1 | Step 14260/11932 | Loss 2.5497 | LR 1.09e-08 | samples_seen=319488
2026-05-16 06:24:58,417  INFO  Epoch 1 | Step 14260/11932 | Loss 0.0467 | LR 1.09e-08 | samples_seen=319496
2026-05-16 06:24:59,169  INFO  Epoch 1 | Step 14260/11932 | Loss 0.0611 | LR 1.09e-08 | samples_seen=319504
2026-05-16 06:25:00,160  INFO  Epoch 1 | Step 14260/11932 | Loss 0.0717 | LR 1.09e-08 | samples_seen=319512
2026-05-16 06:25:28,328  INFO  Epoch 1 | Step 14270/11932 | Loss 2.4476 | LR 9.66e-09 | samples_seen=319808
2026-05-16 06:25:29,463  INFO  Epoch 1 | Step 14270/11932 | Loss 0.0516 | LR 9.66e-09 | samples_seen=319816
2026-05-16 06:25:30,098  INFO  Epoch 1 | Step 14270/11932 | Loss 0.0716 | LR 9.66e-09 | samples_seen=319824
2026-05-16 06:25:31,031  INFO  Epoch 1 | Step 14270/11932 | Loss 0.0524 | LR 9.66e-09 | samples_seen=319832
2026-05-16 06:26:03,381  INFO  Epoch 1 | Step 14280/11932 | Loss 2.5133 | LR 8.51e-09 | samples_seen=320128
2026-05-16 06:26:04,342  INFO  Epoch 1 | Step 14280/11932 | Loss 0.0656 | LR 8.51e-09 | samples_seen=320136
2026-05-16 06:26:04,883  INFO  Epoch 1 | Step 14280/11932 | Loss 0.0728 | LR 8.51e-09 | samples_seen=320144
2026-05-16 06:26:05,755  INFO  Epoch 1 | Step 14280/11932 | Loss 0.0535 | LR 8.51e-09 | samples_seen=320152
2026-05-16 06:26:36,274  INFO  Epoch 1 | Step 14290/11932 | Loss 2.5678 | LR 7.43e-09 | samples_seen=320448
2026-05-16 06:26:37,400  INFO  Epoch 1 | Step 14290/11932 | Loss 0.0629 | LR 7.43e-09 | samples_seen=320456
2026-05-16 06:26:38,006  INFO  Epoch 1 | Step 14290/11932 | Loss 0.0618 | LR 7.43e-09 | samples_seen=320464
2026-05-16 06:26:39,335  INFO  Epoch 1 | Step 14290/11932 | Loss 0.0805 | LR 7.43e-09 | samples_seen=320472
2026-05-16 06:27:11,047  INFO  Epoch 1 | Step 14300/11932 | Loss 2.4289 | LR 6.42e-09 | samples_seen=320768
2026-05-16 06:27:11,830  INFO  Epoch 1 | Step 14300/11932 | Loss 0.0762 | LR 6.42e-09 | samples_seen=320776
2026-05-16 06:27:12,390  INFO  Epoch 1 | Step 14300/11932 | Loss 0.0572 | LR 6.42e-09 | samples_seen=320784
2026-05-16 06:27:13,248  INFO  Epoch 1 | Step 14300/11932 | Loss 0.0481 | LR 6.42e-09 | samples_seen=320792
2026-05-16 06:27:45,483  INFO  Epoch 1 | Step 14310/11932 | Loss 2.3804 | LR 5.48e-09 | samples_seen=321088
2026-05-16 06:27:46,602  INFO  Epoch 1 | Step 14310/11932 | Loss 0.0741 | LR 5.48e-09 | samples_seen=321096
2026-05-16 06:27:47,480  INFO  Epoch 1 | Step 14310/11932 | Loss 0.0851 | LR 5.48e-09 | samples_seen=321104
2026-05-16 06:27:48,150  INFO  Epoch 1 | Step 14310/11932 | Loss 0.0630 | LR 5.48e-09 | samples_seen=321112
2026-05-16 06:28:16,857  INFO  Epoch 1 | Step 14320/11932 | Loss 2.5259 | LR 4.62e-09 | samples_seen=321408
2026-05-16 06:28:17,283  INFO  Epoch 1 | Step 14320/11932 | Loss 0.1006 | LR 4.62e-09 | samples_seen=321416
2026-05-16 06:28:18,080  INFO  Epoch 1 | Step 14320/11932 | Loss 0.0416 | LR 4.62e-09 | samples_seen=321424
2026-05-16 06:28:18,590  INFO  Epoch 1 | Step 14320/11932 | Loss 0.0731 | LR 4.62e-09 | samples_seen=321432
2026-05-16 06:28:49,511  INFO  Epoch 1 | Step 14330/11932 | Loss 2.5081 | LR 3.83e-09 | samples_seen=321728
2026-05-16 06:28:50,956  INFO  Epoch 1 | Step 14330/11932 | Loss 0.0912 | LR 3.83e-09 | samples_seen=321736
2026-05-16 06:28:51,236  INFO  Epoch 1 | Step 14330/11932 | Loss 0.0986 | LR 3.83e-09 | samples_seen=321744
2026-05-16 06:28:52,075  INFO  Epoch 1 | Step 14330/11932 | Loss 0.0523 | LR 3.83e-09 | samples_seen=321752
2026-05-16 06:29:22,296  INFO  Epoch 1 | Step 14340/11932 | Loss 2.4158 | LR 3.12e-09 | samples_seen=322048
2026-05-16 06:29:22,889  INFO  Epoch 1 | Step 14340/11932 | Loss 0.0679 | LR 3.12e-09 | samples_seen=322056
2026-05-16 06:29:24,356  INFO  Epoch 1 | Step 14340/11932 | Loss 0.0859 | LR 3.12e-09 | samples_seen=322064
2026-05-16 06:29:25,149  INFO  Epoch 1 | Step 14340/11932 | Loss 0.0417 | LR 3.12e-09 | samples_seen=322072
2026-05-16 06:29:54,536  INFO  Epoch 1 | Step 14350/11932 | Loss 2.3264 | LR 2.48e-09 | samples_seen=322368
2026-05-16 06:29:55,008  INFO  Epoch 1 | Step 14350/11932 | Loss 0.0997 | LR 2.48e-09 | samples_seen=322376
2026-05-16 06:29:55,987  INFO  Epoch 1 | Step 14350/11932 | Loss 0.0690 | LR 2.48e-09 | samples_seen=322384
2026-05-16 06:29:56,631  INFO  Epoch 1 | Step 14350/11932 | Loss 0.0565 | LR 2.48e-09 | samples_seen=322392
2026-05-16 06:30:30,111  INFO  Epoch 1 | Step 14360/11932 | Loss 2.4166 | LR 1.91e-09 | samples_seen=322688
2026-05-16 06:30:31,071  INFO  Epoch 1 | Step 14360/11932 | Loss 0.0672 | LR 1.91e-09 | samples_seen=322696
2026-05-16 06:30:31,980  INFO  Epoch 1 | Step 14360/11932 | Loss 0.0513 | LR 1.91e-09 | samples_seen=322704
2026-05-16 06:30:32,778  INFO  Epoch 1 | Step 14360/11932 | Loss 0.0599 | LR 1.91e-09 | samples_seen=322712
2026-05-16 06:31:01,319  INFO  Epoch 1 | Step 14370/11932 | Loss 2.4659 | LR 1.42e-09 | samples_seen=323008
2026-05-16 06:31:01,741  INFO  Epoch 1 | Step 14370/11932 | Loss 0.0963 | LR 1.42e-09 | samples_seen=323016
2026-05-16 06:31:02,516  INFO  Epoch 1 | Step 14370/11932 | Loss 0.0463 | LR 1.42e-09 | samples_seen=323024
2026-05-16 06:31:03,079  INFO  Epoch 1 | Step 14370/11932 | Loss 0.0772 | LR 1.42e-09 | samples_seen=323032
2026-05-16 06:31:35,795  INFO  Epoch 1 | Step 14380/11932 | Loss 2.5328 | LR 9.96e-10 | samples_seen=323328
2026-05-16 06:31:36,349  INFO  Epoch 1 | Step 14380/11932 | Loss 0.0738 | LR 9.96e-10 | samples_seen=323336
2026-05-16 06:31:36,975  INFO  Epoch 1 | Step 14380/11932 | Loss 0.1014 | LR 9.96e-10 | samples_seen=323344
2026-05-16 06:31:37,727  INFO  Epoch 1 | Step 14380/11932 | Loss 0.0310 | LR 9.96e-10 | samples_seen=323352
2026-05-16 06:32:05,111  INFO  Epoch 1 | Step 14390/11932 | Loss 2.5128 | LR 6.50e-10 | samples_seen=323648
2026-05-16 06:32:05,838  INFO  Epoch 1 | Step 14390/11932 | Loss 0.0612 | LR 6.50e-10 | samples_seen=323656
2026-05-16 06:32:06,525  INFO  Epoch 1 | Step 14390/11932 | Loss 0.0488 | LR 6.50e-10 | samples_seen=323664
2026-05-16 06:32:07,282  INFO  Epoch 1 | Step 14390/11932 | Loss 0.0418 | LR 6.50e-10 | samples_seen=323672
2026-05-16 06:32:39,942  INFO  Epoch 1 | Step 14400/11932 | Loss 2.3190 | LR 3.77e-10 | samples_seen=323968
2026-05-16 06:32:40,956  INFO  Epoch 1 | Step 14400/11932 | Loss 0.0678 | LR 3.77e-10 | samples_seen=323976
2026-05-16 06:32:41,815  INFO  Epoch 1 | Step 14400/11932 | Loss 0.0646 | LR 3.77e-10 | samples_seen=323984
2026-05-16 06:32:42,480  INFO  Epoch 1 | Step 14400/11932 | Loss 0.0777 | LR 3.77e-10 | samples_seen=323992
2026-05-16 06:33:12,442  INFO  Epoch 1 | Step 14410/11932 | Loss 2.6380 | LR 1.78e-10 | samples_seen=324288
2026-05-16 06:33:12,974  INFO  Epoch 1 | Step 14410/11932 | Loss 0.0608 | LR 1.78e-10 | samples_seen=324296
2026-05-16 06:33:13,612  INFO  Epoch 1 | Step 14410/11932 | Loss 0.0612 | LR 1.78e-10 | samples_seen=324304
2026-05-16 06:33:14,241  INFO  Epoch 1 | Step 14410/11932 | Loss 0.0810 | LR 1.78e-10 | samples_seen=324312
2026-05-16 06:33:45,352  INFO  Epoch 1 | Step 14420/11932 | Loss 2.4859 | LR 5.30e-11 | samples_seen=324608
2026-05-16 06:33:45,938  INFO  Epoch 1 | Step 14420/11932 | Loss 0.0658 | LR 5.30e-11 | samples_seen=324616
2026-05-16 06:33:46,716  INFO  Epoch 1 | Step 14420/11932 | Loss 0.0569 | LR 5.30e-11 | samples_seen=324624
2026-05-16 06:33:47,549  INFO  Epoch 1 | Step 14420/11932 | Loss 0.0575 | LR 5.30e-11 | samples_seen=324632
2026-05-16 06:34:18,573  INFO  Epoch 1 | Step 14430/11932 | Loss 2.5298 | LR 1.47e-12 | samples_seen=324928
2026-05-16 06:34:19,618  INFO  Epoch 1 | Step 14430/11932 | Loss 0.0730 | LR 1.47e-12 | samples_seen=324936
2026-05-16 06:34:20,357  INFO  Epoch 1 | Step 14430/11932 | Loss 0.0537 | LR 1.47e-12 | samples_seen=324944
2026-05-16 06:34:20,878  INFO  Epoch 1 | Step 14430/11932 | Loss 0.0938 | LR 1.47e-12 | samples_seen=324952
2026-05-16 06:34:53,222  INFO  Epoch 1 | Step 14440/11932 | Loss 2.4766 | LR 2.36e-11 | samples_seen=325248
2026-05-16 06:34:53,668  INFO  Epoch 1 | Step 14440/11932 | Loss 0.1038 | LR 2.36e-11 | samples_seen=325256
2026-05-16 06:34:54,542  INFO  Epoch 1 | Step 14440/11932 | Loss 0.0882 | LR 2.36e-11 | samples_seen=325264
2026-05-16 06:34:55,476  INFO  Epoch 1 | Step 14440/11932 | Loss 0.0960 | LR 2.36e-11 | samples_seen=325272
2026-05-16 06:35:24,316  INFO  Epoch 1 | Step 14450/11932 | Loss 2.3290 | LR 1.19e-10 | samples_seen=325568
2026-05-16 06:35:25,189  INFO  Epoch 1 | Step 14450/11932 | Loss 0.0580 | LR 1.19e-10 | samples_seen=325576
2026-05-16 06:35:26,243  INFO  Epoch 1 | Step 14450/11932 | Loss 0.0810 | LR 1.19e-10 | samples_seen=325584
2026-05-16 06:35:27,517  INFO  Epoch 1 | Step 14450/11932 | Loss 0.0719 | LR 1.19e-10 | samples_seen=325592
2026-05-16 06:35:56,455  INFO  Epoch 1 | Step 14460/11932 | Loss 2.4612 | LR 2.89e-10 | samples_seen=325888
2026-05-16 06:35:57,332  INFO  Epoch 1 | Step 14460/11932 | Loss 0.0595 | LR 2.89e-10 | samples_seen=325896
2026-05-16 06:35:58,108  INFO  Epoch 1 | Step 14460/11932 | Loss 0.0771 | LR 2.89e-10 | samples_seen=325904
2026-05-16 06:35:58,596  INFO  Epoch 1 | Step 14460/11932 | Loss 0.0928 | LR 2.89e-10 | samples_seen=325912
2026-05-16 06:36:29,084  INFO  Epoch 1 | Step 14470/11932 | Loss 2.5637 | LR 5.32e-10 | samples_seen=326208
2026-05-16 06:36:29,758  INFO  Epoch 1 | Step 14470/11932 | Loss 0.0565 | LR 5.32e-10 | samples_seen=326216
2026-05-16 06:36:30,930  INFO  Epoch 1 | Step 14470/11932 | Loss 0.0779 | LR 5.32e-10 | samples_seen=326224
2026-05-16 06:36:31,733  INFO  Epoch 1 | Step 14470/11932 | Loss 0.0604 | LR 5.32e-10 | samples_seen=326232
2026-05-16 06:37:02,494  INFO  Epoch 1 | Step 14480/11932 | Loss 2.5650 | LR 8.49e-10 | samples_seen=326528
2026-05-16 06:37:03,273  INFO  Epoch 1 | Step 14480/11932 | Loss 0.0580 | LR 8.49e-10 | samples_seen=326536
2026-05-16 06:37:03,738  INFO  Epoch 1 | Step 14480/11932 | Loss 0.0646 | LR 8.49e-10 | samples_seen=326544
2026-05-16 06:37:04,197  INFO  Epoch 1 | Step 14480/11932 | Loss 0.0788 | LR 8.49e-10 | samples_seen=326552
2026-05-16 06:37:35,421  INFO  Epoch 1 | Step 14490/11932 | Loss 2.5997 | LR 1.24e-09 | samples_seen=326848
2026-05-16 06:37:35,915  INFO  Epoch 1 | Step 14490/11932 | Loss 0.0800 | LR 1.24e-09 | samples_seen=326856
2026-05-16 06:37:36,355  INFO  Epoch 1 | Step 14490/11932 | Loss 0.1056 | LR 1.24e-09 | samples_seen=326864
2026-05-16 06:37:37,148  INFO  Epoch 1 | Step 14490/11932 | Loss 0.0597 | LR 1.24e-09 | samples_seen=326872
2026-05-16 06:38:10,652  INFO  Epoch 1 | Step 14500/11932 | Loss 2.5009 | LR 1.70e-09 | samples_seen=327168
2026-05-16 06:38:11,136  INFO  Epoch 1 | Step 14500/11932 | Loss 0.0758 | LR 1.70e-09 | samples_seen=327176
2026-05-16 06:38:12,055  INFO  Epoch 1 | Step 14500/11932 | Loss 0.0710 | LR 1.70e-09 | samples_seen=327184
2026-05-16 06:38:12,665  INFO  Epoch 1 | Step 14500/11932 | Loss 0.0493 | LR 1.70e-09 | samples_seen=327192
2026-05-16 06:38:42,100  INFO  Epoch 1 | Step 14510/11932 | Loss 2.5325 | LR 2.24e-09 | samples_seen=327488
2026-05-16 06:38:43,250  INFO  Epoch 1 | Step 14510/11932 | Loss 0.0444 | LR 2.24e-09 | samples_seen=327496
2026-05-16 06:38:43,800  INFO  Epoch 1 | Step 14510/11932 | Loss 0.0827 | LR 2.24e-09 | samples_seen=327504
2026-05-16 06:38:44,224  INFO  Epoch 1 | Step 14510/11932 | Loss 0.1377 | LR 2.24e-09 | samples_seen=327512
2026-05-16 06:39:15,087  INFO  Epoch 1 | Step 14520/11932 | Loss 2.6197 | LR 2.85e-09 | samples_seen=327808
2026-05-16 06:39:15,668  INFO  Epoch 1 | Step 14520/11932 | Loss 0.0733 | LR 2.85e-09 | samples_seen=327816
2026-05-16 06:39:16,340  INFO  Epoch 1 | Step 14520/11932 | Loss 0.0607 | LR 2.85e-09 | samples_seen=327824
2026-05-16 06:39:16,971  INFO  Epoch 1 | Step 14520/11932 | Loss 0.0974 | LR 2.85e-09 | samples_seen=327832
2026-05-16 06:39:48,072  INFO  Epoch 1 | Step 14530/11932 | Loss 2.7240 | LR 3.54e-09 | samples_seen=328128
2026-05-16 06:39:49,527  INFO  Epoch 1 | Step 14530/11932 | Loss 0.0782 | LR 3.54e-09 | samples_seen=328136
2026-05-16 06:39:50,563  INFO  Epoch 1 | Step 14530/11932 | Loss 0.0838 | LR 3.54e-09 | samples_seen=328144
2026-05-16 06:39:51,339  INFO  Epoch 1 | Step 14530/11932 | Loss 0.0453 | LR 3.54e-09 | samples_seen=328152
2026-05-16 06:40:20,665  INFO  Epoch 1 | Step 14540/11932 | Loss 2.4890 | LR 4.30e-09 | samples_seen=328448
2026-05-16 06:40:21,522  INFO  Epoch 1 | Step 14540/11932 | Loss 0.0496 | LR 4.30e-09 | samples_seen=328456
2026-05-16 06:40:22,219  INFO  Epoch 1 | Step 14540/11932 | Loss 0.0457 | LR 4.30e-09 | samples_seen=328464
2026-05-16 06:40:23,103  INFO  Epoch 1 | Step 14540/11932 | Loss 0.0571 | LR 4.30e-09 | samples_seen=328472
2026-05-16 06:40:53,151  INFO  Epoch 1 | Step 14550/11932 | Loss 2.4914 | LR 5.13e-09 | samples_seen=328768
2026-05-16 06:40:53,861  INFO  Epoch 1 | Step 14550/11932 | Loss 0.0419 | LR 5.13e-09 | samples_seen=328776
2026-05-16 06:40:54,496  INFO  Epoch 1 | Step 14550/11932 | Loss 0.0501 | LR 5.13e-09 | samples_seen=328784
2026-05-16 06:40:55,162  INFO  Epoch 1 | Step 14550/11932 | Loss 0.0467 | LR 5.13e-09 | samples_seen=328792
2026-05-16 06:41:22,583  INFO  Epoch 1 | Step 14560/11932 | Loss 2.6360 | LR 6.03e-09 | samples_seen=329088
2026-05-16 06:41:23,057  INFO  Epoch 1 | Step 14560/11932 | Loss 0.1021 | LR 6.03e-09 | samples_seen=329096
2026-05-16 06:41:23,931  INFO  Epoch 1 | Step 14560/11932 | Loss 0.0562 | LR 6.03e-09 | samples_seen=329104
2026-05-16 06:41:24,710  INFO  Epoch 1 | Step 14560/11932 | Loss 0.0734 | LR 6.03e-09 | samples_seen=329112
2026-05-16 06:41:57,888  INFO  Epoch 1 | Step 14570/11932 | Loss 2.5941 | LR 7.01e-09 | samples_seen=329408
2026-05-16 06:41:58,407  INFO  Epoch 1 | Step 14570/11932 | Loss 0.0518 | LR 7.01e-09 | samples_seen=329416
2026-05-16 06:41:59,410  INFO  Epoch 1 | Step 14570/11932 | Loss 0.0483 | LR 7.01e-09 | samples_seen=329424
2026-05-16 06:41:59,960  INFO  Epoch 1 | Step 14570/11932 | Loss 0.0666 | LR 7.01e-09 | samples_seen=329432
2026-05-16 06:42:26,906  INFO  Epoch 1 | Step 14580/11932 | Loss 2.4972 | LR 8.07e-09 | samples_seen=329728
2026-05-16 06:42:28,360  INFO  Epoch 1 | Step 14580/11932 | Loss 0.0962 | LR 8.07e-09 | samples_seen=329736
2026-05-16 06:42:29,822  INFO  Epoch 1 | Step 14580/11932 | Loss 0.0699 | LR 8.07e-09 | samples_seen=329744
2026-05-16 06:42:31,204  INFO  Epoch 1 | Step 14580/11932 | Loss 0.0571 | LR 8.07e-09 | samples_seen=329752
2026-05-16 06:43:00,590  INFO  Epoch 1 | Step 14590/11932 | Loss 2.5508 | LR 9.19e-09 | samples_seen=330048
2026-05-16 06:43:00,857  INFO  Epoch 1 | Step 14590/11932 | Loss 0.0716 | LR 9.19e-09 | samples_seen=330056
2026-05-16 06:43:01,755  INFO  Epoch 1 | Step 14590/11932 | Loss 0.0650 | LR 9.19e-09 | samples_seen=330064
2026-05-16 06:43:02,878  INFO  Epoch 1 | Step 14590/11932 | Loss 0.0648 | LR 9.19e-09 | samples_seen=330072
2026-05-16 06:43:33,398  INFO  Epoch 1 | Step 14600/11932 | Loss 2.4427 | LR 1.04e-08 | samples_seen=330368
2026-05-16 06:43:33,927  INFO  Epoch 1 | Step 14600/11932 | Loss 0.0789 | LR 1.04e-08 | samples_seen=330376
2026-05-16 06:43:34,836  INFO  Epoch 1 | Step 14600/11932 | Loss 0.0481 | LR 1.04e-08 | samples_seen=330384
2026-05-16 06:43:35,325  INFO  Epoch 1 | Step 14600/11932 | Loss 0.0613 | LR 1.04e-08 | samples_seen=330392
2026-05-16 06:44:06,390  INFO  Epoch 1 | Step 14610/11932 | Loss 2.7127 | LR 1.17e-08 | samples_seen=330688
2026-05-16 06:44:06,934  INFO  Epoch 1 | Step 14610/11932 | Loss 0.1060 | LR 1.17e-08 | samples_seen=330696
2026-05-16 06:44:07,860  INFO  Epoch 1 | Step 14610/11932 | Loss 0.0609 | LR 1.17e-08 | samples_seen=330704
2026-05-16 06:44:08,611  INFO  Epoch 1 | Step 14610/11932 | Loss 0.0378 | LR 1.17e-08 | samples_seen=330712
2026-05-16 06:44:37,262  INFO  Epoch 1 | Step 14620/11932 | Loss 2.3954 | LR 1.30e-08 | samples_seen=331008
2026-05-16 06:44:38,677  INFO  Epoch 1 | Step 14620/11932 | Loss 0.0409 | LR 1.30e-08 | samples_seen=331016
2026-05-16 06:44:39,799  INFO  Epoch 1 | Step 14620/11932 | Loss 0.0499 | LR 1.30e-08 | samples_seen=331024
2026-05-16 06:44:40,601  INFO  Epoch 1 | Step 14620/11932 | Loss 0.0607 | LR 1.30e-08 | samples_seen=331032
2026-05-16 06:45:10,101  INFO  Epoch 1 | Step 14630/11932 | Loss 2.5341 | LR 1.44e-08 | samples_seen=331328
2026-05-16 06:45:10,576  INFO  Epoch 1 | Step 14630/11932 | Loss 0.0902 | LR 1.44e-08 | samples_seen=331336
2026-05-16 06:45:11,477  INFO  Epoch 1 | Step 14630/11932 | Loss 0.0618 | LR 1.44e-08 | samples_seen=331344
2026-05-16 06:45:12,220  INFO  Epoch 1 | Step 14630/11932 | Loss 0.0894 | LR 1.44e-08 | samples_seen=331352
2026-05-16 06:45:40,872  INFO  Epoch 1 | Step 14640/11932 | Loss 2.6455 | LR 1.59e-08 | samples_seen=331648
2026-05-16 06:45:42,189  INFO  Epoch 1 | Step 14640/11932 | Loss 0.0674 | LR 1.59e-08 | samples_seen=331656
2026-05-16 06:45:42,930  INFO  Epoch 1 | Step 14640/11932 | Loss 0.0493 | LR 1.59e-08 | samples_seen=331664
2026-05-16 06:45:43,443  INFO  Epoch 1 | Step 14640/11932 | Loss 0.1017 | LR 1.59e-08 | samples_seen=331672
2026-05-16 06:46:11,179  INFO  Epoch 1 | Step 14650/11932 | Loss 2.5172 | LR 1.75e-08 | samples_seen=331968
2026-05-16 06:46:12,434  INFO  Epoch 1 | Step 14650/11932 | Loss 0.0705 | LR 1.75e-08 | samples_seen=331976
2026-05-16 06:46:12,834  INFO  Epoch 1 | Step 14650/11932 | Loss 0.0974 | LR 1.75e-08 | samples_seen=331984
2026-05-16 06:46:13,435  INFO  Epoch 1 | Step 14650/11932 | Loss 0.0440 | LR 1.75e-08 | samples_seen=331992
2026-05-16 06:46:45,605  INFO  Epoch 1 | Step 14660/11932 | Loss 2.4438 | LR 1.91e-08 | samples_seen=332288
2026-05-16 06:46:46,240  INFO  Epoch 1 | Step 14660/11932 | Loss 0.0610 | LR 1.91e-08 | samples_seen=332296
2026-05-16 06:46:47,151  INFO  Epoch 1 | Step 14660/11932 | Loss 0.0566 | LR 1.91e-08 | samples_seen=332304
2026-05-16 06:46:47,937  INFO  Epoch 1 | Step 14660/11932 | Loss 0.0792 | LR 1.91e-08 | samples_seen=332312
2026-05-16 06:47:21,740  INFO  Epoch 1 | Step 14670/11932 | Loss 2.5193 | LR 2.09e-08 | samples_seen=332608
2026-05-16 06:47:22,648  INFO  Epoch 1 | Step 14670/11932 | Loss 0.0383 | LR 2.09e-08 | samples_seen=332616
2026-05-16 06:47:23,425  INFO  Epoch 1 | Step 14670/11932 | Loss 0.0531 | LR 2.09e-08 | samples_seen=332624
2026-05-16 06:47:24,065  INFO  Epoch 1 | Step 14670/11932 | Loss 0.0681 | LR 2.09e-08 | samples_seen=332632
2026-05-16 06:50:50,967  INFO  Checkpoint saved → ../checkpoints/stage2_h100/step14670 | global_step=14670 | samples_seen=332632
2026-05-16 06:51:20,807  INFO  Epoch 1 | Step 14680/11932 | Loss 2.5165 | LR 2.26e-08 | samples_seen=332928
2026-05-16 06:51:21,254  INFO  Epoch 1 | Step 14680/11932 | Loss 0.0613 | LR 2.26e-08 | samples_seen=332936
2026-05-16 06:51:21,748  INFO  Epoch 1 | Step 14680/11932 | Loss 0.1214 | LR 2.26e-08 | samples_seen=332944
2026-05-16 06:51:23,225  INFO  Epoch 1 | Step 14680/11932 | Loss 0.1068 | LR 2.26e-08 | samples_seen=332952
2026-05-16 06:51:56,867  INFO  Epoch 1 | Step 14690/11932 | Loss 2.4850 | LR 2.45e-08 | samples_seen=333248
2026-05-16 06:51:58,039  INFO  Epoch 1 | Step 14690/11932 | Loss 0.0831 | LR 2.45e-08 | samples_seen=333256
2026-05-16 06:51:58,580  INFO  Epoch 1 | Step 14690/11932 | Loss 0.0913 | LR 2.45e-08 | samples_seen=333264
2026-05-16 06:51:59,573  INFO  Epoch 1 | Step 14690/11932 | Loss 0.0490 | LR 2.45e-08 | samples_seen=333272
2026-05-16 06:52:30,448  INFO  Epoch 1 | Step 14700/11932 | Loss 2.5724 | LR 2.64e-08 | samples_seen=333568
2026-05-16 06:52:31,297  INFO  Epoch 1 | Step 14700/11932 | Loss 0.0578 | LR 2.64e-08 | samples_seen=333576
2026-05-16 06:52:32,082  INFO  Epoch 1 | Step 14700/11932 | Loss 0.0738 | LR 2.64e-08 | samples_seen=333584
2026-05-16 06:52:32,634  INFO  Epoch 1 | Step 14700/11932 | Loss 0.0838 | LR 2.64e-08 | samples_seen=333592
2026-05-16 06:53:00,362  INFO  Epoch 1 | Step 14710/11932 | Loss 2.6405 | LR 2.85e-08 | samples_seen=333888
2026-05-16 06:53:01,464  INFO  Epoch 1 | Step 14710/11932 | Loss 0.0489 | LR 2.85e-08 | samples_seen=333896
2026-05-16 06:53:02,531  INFO  Epoch 1 | Step 14710/11932 | Loss 0.0811 | LR 2.85e-08 | samples_seen=333904
2026-05-16 06:53:02,997  INFO  Epoch 1 | Step 14710/11932 | Loss 0.0942 | LR 2.85e-08 | samples_seen=333912
2026-05-16 06:53:34,003  INFO  Epoch 1 | Step 14720/11932 | Loss 2.4023 | LR 3.05e-08 | samples_seen=334208
2026-05-16 06:53:34,735  INFO  Epoch 1 | Step 14720/11932 | Loss 0.0647 | LR 3.05e-08 | samples_seen=334216
2026-05-16 06:53:36,010  INFO  Epoch 1 | Step 14720/11932 | Loss 0.0555 | LR 3.05e-08 | samples_seen=334224
2026-05-16 06:53:36,885  INFO  Epoch 1 | Step 14720/11932 | Loss 0.0726 | LR 3.05e-08 | samples_seen=334232
2026-05-16 06:54:04,551  INFO  Epoch 1 | Step 14730/11932 | Loss 2.7093 | LR 3.27e-08 | samples_seen=334528
2026-05-16 06:54:05,340  INFO  Epoch 1 | Step 14730/11932 | Loss 0.0533 | LR 3.27e-08 | samples_seen=334536
2026-05-16 06:54:06,648  INFO  Epoch 1 | Step 14730/11932 | Loss 0.0552 | LR 3.27e-08 | samples_seen=334544
2026-05-16 06:54:08,112  INFO  Epoch 1 | Step 14730/11932 | Loss 0.0685 | LR 3.27e-08 | samples_seen=334552
2026-05-16 06:54:38,118  INFO  Epoch 1 | Step 14740/11932 | Loss 2.4500 | LR 3.49e-08 | samples_seen=334848
2026-05-16 06:54:39,502  INFO  Epoch 1 | Step 14740/11932 | Loss 0.0711 | LR 3.49e-08 | samples_seen=334856
2026-05-16 06:54:40,173  INFO  Epoch 1 | Step 14740/11932 | Loss 0.0525 | LR 3.49e-08 | samples_seen=334864
2026-05-16 06:54:40,662  INFO  Epoch 1 | Step 14740/11932 | Loss 0.0886 | LR 3.49e-08 | samples_seen=334872
2026-05-16 06:55:10,629  INFO  Epoch 1 | Step 14750/11932 | Loss 2.6860 | LR 3.72e-08 | samples_seen=335168
2026-05-16 06:55:11,513  INFO  Epoch 1 | Step 14750/11932 | Loss 0.0466 | LR 3.72e-08 | samples_seen=335176
2026-05-16 06:55:12,035  INFO  Epoch 1 | Step 14750/11932 | Loss 0.0767 | LR 3.72e-08 | samples_seen=335184
2026-05-16 06:55:12,939  INFO  Epoch 1 | Step 14750/11932 | Loss 0.0555 | LR 3.72e-08 | samples_seen=335192
2026-05-16 06:55:41,330  INFO  Epoch 1 | Step 14760/11932 | Loss 2.3127 | LR 3.96e-08 | samples_seen=335488
2026-05-16 06:55:42,367  INFO  Epoch 1 | Step 14760/11932 | Loss 0.1051 | LR 3.96e-08 | samples_seen=335496
2026-05-16 06:55:42,805  INFO  Epoch 1 | Step 14760/11932 | Loss 0.0539 | LR 3.96e-08 | samples_seen=335504
2026-05-16 06:55:43,352  INFO  Epoch 1 | Step 14760/11932 | Loss 0.0844 | LR 3.96e-08 | samples_seen=335512
2026-05-16 06:56:17,034  INFO  Epoch 1 | Step 14770/11932 | Loss 2.4763 | LR 4.20e-08 | samples_seen=335808
2026-05-16 06:56:17,919  INFO  Epoch 1 | Step 14770/11932 | Loss 0.0579 | LR 4.20e-08 | samples_seen=335816
2026-05-16 06:56:18,822  INFO  Epoch 1 | Step 14770/11932 | Loss 0.0741 | LR 4.20e-08 | samples_seen=335824
2026-05-16 06:56:19,338  INFO  Epoch 1 | Step 14770/11932 | Loss 0.0743 | LR 4.20e-08 | samples_seen=335832
2026-05-16 06:56:49,420  INFO  Epoch 1 | Step 14780/11932 | Loss 2.4113 | LR 4.46e-08 | samples_seen=336128
2026-05-16 06:56:49,942  INFO  Epoch 1 | Step 14780/11932 | Loss 0.0626 | LR 4.46e-08 | samples_seen=336136
2026-05-16 06:56:51,317  INFO  Epoch 1 | Step 14780/11932 | Loss 0.0609 | LR 4.46e-08 | samples_seen=336144
2026-05-16 06:56:52,772  INFO  Epoch 1 | Step 14780/11932 | Loss 0.0620 | LR 4.46e-08 | samples_seen=336152
2026-05-16 06:57:23,527  INFO  Epoch 1 | Step 14790/11932 | Loss 2.4360 | LR 4.72e-08 | samples_seen=336448
2026-05-16 06:57:24,235  INFO  Epoch 1 | Step 14790/11932 | Loss 0.0451 | LR 4.72e-08 | samples_seen=336456
2026-05-16 06:57:24,867  INFO  Epoch 1 | Step 14790/11932 | Loss 0.0735 | LR 4.72e-08 | samples_seen=336464
2026-05-16 06:57:25,642  INFO  Epoch 1 | Step 14790/11932 | Loss 0.0343 | LR 4.72e-08 | samples_seen=336472
2026-05-16 06:57:56,702  INFO  Epoch 1 | Step 14800/11932 | Loss 2.3613 | LR 4.98e-08 | samples_seen=336768
2026-05-16 06:57:57,253  INFO  Epoch 1 | Step 14800/11932 | Loss 0.0560 | LR 4.98e-08 | samples_seen=336776
2026-05-16 06:57:57,813  INFO  Epoch 1 | Step 14800/11932 | Loss 0.0677 | LR 4.98e-08 | samples_seen=336784
2026-05-16 06:57:59,285  INFO  Epoch 1 | Step 14800/11932 | Loss 0.0662 | LR 4.98e-08 | samples_seen=336792
2026-05-16 06:58:30,559  INFO  Epoch 1 | Step 14810/11932 | Loss 2.5105 | LR 5.26e-08 | samples_seen=337088
2026-05-16 06:58:31,106  INFO  Epoch 1 | Step 14810/11932 | Loss 0.0640 | LR 5.26e-08 | samples_seen=337096
2026-05-16 06:58:31,757  INFO  Epoch 1 | Step 14810/11932 | Loss 0.0539 | LR 5.26e-08 | samples_seen=337104
2026-05-16 06:58:33,219  INFO  Epoch 1 | Step 14810/11932 | Loss 0.0966 | LR 5.26e-08 | samples_seen=337112
2026-05-16 06:59:06,671  INFO  Epoch 1 | Step 14820/11932 | Loss 2.5363 | LR 5.54e-08 | samples_seen=337408
2026-05-16 06:59:08,117  INFO  Epoch 1 | Step 14820/11932 | Loss 0.0509 | LR 5.54e-08 | samples_seen=337416
2026-05-16 06:59:08,651  INFO  Epoch 1 | Step 14820/11932 | Loss 0.0869 | LR 5.54e-08 | samples_seen=337424
2026-05-16 06:59:09,138  INFO  Epoch 1 | Step 14820/11932 | Loss 0.0997 | LR 5.54e-08 | samples_seen=337432
2026-05-16 06:59:39,650  INFO  Epoch 1 | Step 14830/11932 | Loss 2.4980 | LR 5.83e-08 | samples_seen=337728
2026-05-16 06:59:40,171  INFO  Epoch 1 | Step 14830/11932 | Loss 0.0969 | LR 5.83e-08 | samples_seen=337736
2026-05-16 06:59:41,641  INFO  Epoch 1 | Step 14830/11932 | Loss 0.0996 | LR 5.83e-08 | samples_seen=337744
2026-05-16 06:59:42,268  INFO  Epoch 1 | Step 14830/11932 | Loss 0.0864 | LR 5.83e-08 | samples_seen=337752
2026-05-16 07:00:11,115  INFO  Epoch 1 | Step 14840/11932 | Loss 2.5602 | LR 6.12e-08 | samples_seen=338048
2026-05-16 07:00:11,833  INFO  Epoch 1 | Step 14840/11932 | Loss 0.0457 | LR 6.12e-08 | samples_seen=338056
2026-05-16 07:00:12,704  INFO  Epoch 1 | Step 14840/11932 | Loss 0.0488 | LR 6.12e-08 | samples_seen=338064
2026-05-16 07:00:13,679  INFO  Epoch 1 | Step 14840/11932 | Loss 0.0458 | LR 6.12e-08 | samples_seen=338072
2026-05-16 07:00:42,521  INFO  Epoch 1 | Step 14850/11932 | Loss 2.5237 | LR 6.43e-08 | samples_seen=338368
2026-05-16 07:00:43,008  INFO  Epoch 1 | Step 14850/11932 | Loss 0.0882 | LR 6.43e-08 | samples_seen=338376
2026-05-16 07:00:43,504  INFO  Epoch 1 | Step 14850/11932 | Loss 0.0764 | LR 6.43e-08 | samples_seen=338384
2026-05-16 07:00:44,771  INFO  Epoch 1 | Step 14850/11932 | Loss 0.0792 | LR 6.43e-08 | samples_seen=338392
2026-05-16 07:01:16,247  INFO  Epoch 1 | Step 14860/11932 | Loss 2.1437 | LR 6.74e-08 | samples_seen=338688
2026-05-16 07:01:17,351  INFO  Epoch 1 | Step 14860/11932 | Loss 0.0778 | LR 6.74e-08 | samples_seen=338696
2026-05-16 07:01:18,220  INFO  Epoch 1 | Step 14860/11932 | Loss 0.0615 | LR 6.74e-08 | samples_seen=338704
2026-05-16 07:01:18,975  INFO  Epoch 1 | Step 14860/11932 | Loss 0.0550 | LR 6.74e-08 | samples_seen=338712
2026-05-16 07:01:50,369  INFO  Epoch 1 | Step 14870/11932 | Loss 2.4936 | LR 7.06e-08 | samples_seen=339008
2026-05-16 07:01:51,262  INFO  Epoch 1 | Step 14870/11932 | Loss 0.0523 | LR 7.06e-08 | samples_seen=339016
2026-05-16 07:01:52,735  INFO  Epoch 1 | Step 14870/11932 | Loss 0.0701 | LR 7.06e-08 | samples_seen=339024
2026-05-16 07:01:53,243  INFO  Epoch 1 | Step 14870/11932 | Loss 0.0964 | LR 7.06e-08 | samples_seen=339032
2026-05-16 07:02:20,952  INFO  Epoch 1 | Step 14880/11932 | Loss 2.4435 | LR 7.38e-08 | samples_seen=339328
2026-05-16 07:02:21,941  INFO  Epoch 1 | Step 14880/11932 | Loss 0.0598 | LR 7.38e-08 | samples_seen=339336
2026-05-16 07:02:22,930  INFO  Epoch 1 | Step 14880/11932 | Loss 0.0646 | LR 7.38e-08 | samples_seen=339344
2026-05-16 07:02:23,928  INFO  Epoch 1 | Step 14880/11932 | Loss 0.0653 | LR 7.38e-08 | samples_seen=339352
2026-05-16 07:02:54,824  INFO  Epoch 1 | Step 14890/11932 | Loss 2.3612 | LR 7.72e-08 | samples_seen=339648
2026-05-16 07:02:55,604  INFO  Epoch 1 | Step 14890/11932 | Loss 0.0326 | LR 7.72e-08 | samples_seen=339656
2026-05-16 07:02:56,212  INFO  Epoch 1 | Step 14890/11932 | Loss 0.1023 | LR 7.72e-08 | samples_seen=339664
2026-05-16 07:02:57,627  INFO  Epoch 1 | Step 14890/11932 | Loss 0.0541 | LR 7.72e-08 | samples_seen=339672
2026-05-16 07:03:28,643  INFO  Epoch 1 | Step 14900/11932 | Loss 2.2815 | LR 8.06e-08 | samples_seen=339968
2026-05-16 07:03:29,463  INFO  Epoch 1 | Step 14900/11932 | Loss 0.0518 | LR 8.06e-08 | samples_seen=339976
2026-05-16 07:03:30,471  INFO  Epoch 1 | Step 14900/11932 | Loss 0.0460 | LR 8.06e-08 | samples_seen=339984
2026-05-16 07:03:30,936  INFO  Epoch 1 | Step 14900/11932 | Loss 0.1105 | LR 8.06e-08 | samples_seen=339992
2026-05-16 07:03:59,235  INFO  Epoch 1 | Step 14910/11932 | Loss 2.4051 | LR 8.40e-08 | samples_seen=340288
2026-05-16 07:04:00,276  INFO  Epoch 1 | Step 14910/11932 | Loss 0.0599 | LR 8.40e-08 | samples_seen=340296
2026-05-16 07:04:00,885  INFO  Epoch 1 | Step 14910/11932 | Loss 0.0664 | LR 8.40e-08 | samples_seen=340304
2026-05-16 07:04:01,791  INFO  Epoch 1 | Step 14910/11932 | Loss 0.0345 | LR 8.40e-08 | samples_seen=340312
2026-05-16 07:04:33,191  INFO  Epoch 1 | Step 14920/11932 | Loss 2.4093 | LR 8.76e-08 | samples_seen=340608
2026-05-16 07:04:33,811  INFO  Epoch 1 | Step 14920/11932 | Loss 0.0474 | LR 8.76e-08 | samples_seen=340616
2026-05-16 07:04:34,941  INFO  Epoch 1 | Step 14920/11932 | Loss 0.0724 | LR 8.76e-08 | samples_seen=340624
2026-05-16 07:04:35,852  INFO  Epoch 1 | Step 14920/11932 | Loss 0.0601 | LR 8.76e-08 | samples_seen=340632
2026-05-16 07:05:04,733  INFO  Epoch 1 | Step 14930/11932 | Loss 2.5699 | LR 9.12e-08 | samples_seen=340928
2026-05-16 07:05:05,650  INFO  Epoch 1 | Step 14930/11932 | Loss 0.0673 | LR 9.12e-08 | samples_seen=340936
2026-05-16 07:05:06,689  INFO  Epoch 1 | Step 14930/11932 | Loss 0.0501 | LR 9.12e-08 | samples_seen=340944
2026-05-16 07:05:07,981  INFO  Epoch 1 | Step 14930/11932 | Loss 0.0644 | LR 9.12e-08 | samples_seen=340952
2026-05-16 07:05:37,412  INFO  Epoch 1 | Step 14940/11932 | Loss 2.4414 | LR 9.49e-08 | samples_seen=341248
2026-05-16 07:05:37,920  INFO  Epoch 1 | Step 14940/11932 | Loss 0.0975 | LR 9.49e-08 | samples_seen=341256
2026-05-16 07:05:38,461  INFO  Epoch 1 | Step 14940/11932 | Loss 0.0456 | LR 9.49e-08 | samples_seen=341264
2026-05-16 07:05:39,091  INFO  Epoch 1 | Step 14940/11932 | Loss 0.0625 | LR 9.49e-08 | samples_seen=341272
2026-05-16 07:06:09,226  INFO  Epoch 1 | Step 14950/11932 | Loss 2.5058 | LR 9.87e-08 | samples_seen=341568
2026-05-16 07:06:09,712  INFO  Epoch 1 | Step 14950/11932 | Loss 0.0654 | LR 9.87e-08 | samples_seen=341576
2026-05-16 07:06:10,725  INFO  Epoch 1 | Step 14950/11932 | Loss 0.0638 | LR 9.87e-08 | samples_seen=341584
2026-05-16 07:06:11,768  INFO  Epoch 1 | Step 14950/11932 | Loss 0.0595 | LR 9.87e-08 | samples_seen=341592
2026-05-16 07:06:46,875  INFO  Epoch 1 | Step 14960/11932 | Loss 2.5488 | LR 1.03e-07 | samples_seen=341888
2026-05-16 07:06:47,784  INFO  Epoch 1 | Step 14960/11932 | Loss 0.0531 | LR 1.03e-07 | samples_seen=341896
2026-05-16 07:06:48,470  INFO  Epoch 1 | Step 14960/11932 | Loss 0.0592 | LR 1.03e-07 | samples_seen=341904
2026-05-16 07:06:49,378  INFO  Epoch 1 | Step 14960/11932 | Loss 0.0650 | LR 1.03e-07 | samples_seen=341912
2026-05-16 07:07:21,785  INFO  Epoch 1 | Step 14970/11932 | Loss 2.4980 | LR 1.06e-07 | samples_seen=342208
2026-05-16 07:07:22,800  INFO  Epoch 1 | Step 14970/11932 | Loss 0.0759 | LR 1.06e-07 | samples_seen=342216
2026-05-16 07:07:23,453  INFO  Epoch 1 | Step 14970/11932 | Loss 0.0510 | LR 1.06e-07 | samples_seen=342224
2026-05-16 07:07:24,236  INFO  Epoch 1 | Step 14970/11932 | Loss 0.0745 | LR 1.06e-07 | samples_seen=342232
2026-05-16 07:07:55,476  INFO  Epoch 1 | Step 14980/11932 | Loss 2.7071 | LR 1.10e-07 | samples_seen=342528
2026-05-16 07:07:56,372  INFO  Epoch 1 | Step 14980/11932 | Loss 0.0525 | LR 1.10e-07 | samples_seen=342536
2026-05-16 07:07:57,667  INFO  Epoch 1 | Step 14980/11932 | Loss 0.0449 | LR 1.10e-07 | samples_seen=342544
2026-05-16 07:07:58,505  INFO  Epoch 1 | Step 14980/11932 | Loss 0.0623 | LR 1.10e-07 | samples_seen=342552
2026-05-16 07:08:27,474  INFO  Epoch 1 | Step 14990/11932 | Loss 2.5396 | LR 1.14e-07 | samples_seen=342848
2026-05-16 07:08:27,998  INFO  Epoch 1 | Step 14990/11932 | Loss 0.0848 | LR 1.14e-07 | samples_seen=342856
2026-05-16 07:08:28,533  INFO  Epoch 1 | Step 14990/11932 | Loss 0.0589 | LR 1.14e-07 | samples_seen=342864
2026-05-16 07:08:29,202  INFO  Epoch 1 | Step 14990/11932 | Loss 0.0447 | LR 1.14e-07 | samples_seen=342872
2026-05-16 07:09:02,097  INFO  Epoch 1 | Step 15000/11932 | Loss 2.3781 | LR 1.19e-07 | samples_seen=343168
2026-05-16 07:09:03,553  INFO  Epoch 1 | Step 15000/11932 | Loss 0.1129 | LR 1.19e-07 | samples_seen=343176
2026-05-16 07:09:04,298  INFO  Epoch 1 | Step 15000/11932 | Loss 0.0855 | LR 1.19e-07 | samples_seen=343184
2026-05-16 07:09:05,355  INFO  Epoch 1 | Step 15000/11932 | Loss 0.0525 | LR 1.19e-07 | samples_seen=343192
2026-05-16 07:09:32,914  INFO  Epoch 1 | Step 15010/11932 | Loss 2.4459 | LR 1.23e-07 | samples_seen=343488
2026-05-16 07:09:33,801  INFO  Epoch 1 | Step 15010/11932 | Loss 0.0781 | LR 1.23e-07 | samples_seen=343496
2026-05-16 07:09:34,549  INFO  Epoch 1 | Step 15010/11932 | Loss 0.0429 | LR 1.23e-07 | samples_seen=343504
2026-05-16 07:09:35,297  INFO  Epoch 1 | Step 15010/11932 | Loss 0.0449 | LR 1.23e-07 | samples_seen=343512
2026-05-16 07:10:05,908  INFO  Epoch 1 | Step 15020/11932 | Loss 2.6219 | LR 1.27e-07 | samples_seen=343808
2026-05-16 07:10:06,351  INFO  Epoch 1 | Step 15020/11932 | Loss 0.0721 | LR 1.27e-07 | samples_seen=343816
2026-05-16 07:10:07,390  INFO  Epoch 1 | Step 15020/11932 | Loss 0.0516 | LR 1.27e-07 | samples_seen=343824
2026-05-16 07:10:08,181  INFO  Epoch 1 | Step 15020/11932 | Loss 0.0777 | LR 1.27e-07 | samples_seen=343832
2026-05-16 07:10:37,626  INFO  Epoch 1 | Step 15030/11932 | Loss 2.5122 | LR 1.31e-07 | samples_seen=344128
2026-05-16 07:10:38,587  INFO  Epoch 1 | Step 15030/11932 | Loss 0.0409 | LR 1.31e-07 | samples_seen=344136
2026-05-16 07:10:39,323  INFO  Epoch 1 | Step 15030/11932 | Loss 0.0553 | LR 1.31e-07 | samples_seen=344144
2026-05-16 07:10:40,021  INFO  Epoch 1 | Step 15030/11932 | Loss 0.0463 | LR 1.31e-07 | samples_seen=344152
2026-05-16 07:11:09,579  INFO  Epoch 1 | Step 15040/11932 | Loss 2.3185 | LR 1.36e-07 | samples_seen=344448
2026-05-16 07:11:10,290  INFO  Epoch 1 | Step 15040/11932 | Loss 0.0431 | LR 1.36e-07 | samples_seen=344456
2026-05-16 07:11:10,935  INFO  Epoch 1 | Step 15040/11932 | Loss 0.0863 | LR 1.36e-07 | samples_seen=344464
2026-05-16 07:11:11,814  INFO  Epoch 1 | Step 15040/11932 | Loss 0.0660 | LR 1.36e-07 | samples_seen=344472
2026-05-16 07:11:41,150  INFO  Epoch 1 | Step 15050/11932 | Loss 2.6926 | LR 1.40e-07 | samples_seen=344768
2026-05-16 07:11:41,705  INFO  Epoch 1 | Step 15050/11932 | Loss 0.0514 | LR 1.40e-07 | samples_seen=344776
2026-05-16 07:11:42,362  INFO  Epoch 1 | Step 15050/11932 | Loss 0.0539 | LR 1.40e-07 | samples_seen=344784
2026-05-16 07:11:43,403  INFO  Epoch 1 | Step 15050/11932 | Loss 0.0452 | LR 1.40e-07 | samples_seen=344792
2026-05-16 07:12:14,771  INFO  Epoch 1 | Step 15060/11932 | Loss 2.5259 | LR 1.45e-07 | samples_seen=345088
2026-05-16 07:12:15,908  INFO  Epoch 1 | Step 15060/11932 | Loss 0.0796 | LR 1.45e-07 | samples_seen=345096
2026-05-16 07:12:16,426  INFO  Epoch 1 | Step 15060/11932 | Loss 0.0658 | LR 1.45e-07 | samples_seen=345104
2026-05-16 07:12:17,398  INFO  Epoch 1 | Step 15060/11932 | Loss 0.0628 | LR 1.45e-07 | samples_seen=345112
2026-05-16 07:12:47,848  INFO  Epoch 1 | Step 15070/11932 | Loss 2.2462 | LR 1.50e-07 | samples_seen=345408
2026-05-16 07:12:48,376  INFO  Epoch 1 | Step 15070/11932 | Loss 0.0785 | LR 1.50e-07 | samples_seen=345416
2026-05-16 07:12:49,148  INFO  Epoch 1 | Step 15070/11932 | Loss 0.0437 | LR 1.50e-07 | samples_seen=345424
2026-05-16 07:12:50,151  INFO  Epoch 1 | Step 15070/11932 | Loss 0.0443 | LR 1.50e-07 | samples_seen=345432
2026-05-16 07:13:22,700  INFO  Epoch 1 | Step 15080/11932 | Loss 2.5288 | LR 1.54e-07 | samples_seen=345728
2026-05-16 07:13:23,698  INFO  Epoch 1 | Step 15080/11932 | Loss 0.0696 | LR 1.54e-07 | samples_seen=345736
2026-05-16 07:13:24,356  INFO  Epoch 1 | Step 15080/11932 | Loss 0.0543 | LR 1.54e-07 | samples_seen=345744
2026-05-16 07:13:25,138  INFO  Epoch 1 | Step 15080/11932 | Loss 0.0537 | LR 1.54e-07 | samples_seen=345752
2026-05-16 07:13:56,319  INFO  Epoch 1 | Step 15090/11932 | Loss 2.4750 | LR 1.59e-07 | samples_seen=346048
2026-05-16 07:13:57,427  INFO  Epoch 1 | Step 15090/11932 | Loss 0.0487 | LR 1.59e-07 | samples_seen=346056
2026-05-16 07:13:58,028  INFO  Epoch 1 | Step 15090/11932 | Loss 0.1093 | LR 1.59e-07 | samples_seen=346064
2026-05-16 07:13:58,900  INFO  Epoch 1 | Step 15090/11932 | Loss 0.0561 | LR 1.59e-07 | samples_seen=346072
2026-05-16 07:14:28,807  INFO  Epoch 1 | Step 15100/11932 | Loss 2.4521 | LR 1.64e-07 | samples_seen=346368
2026-05-16 07:14:29,836  INFO  Epoch 1 | Step 15100/11932 | Loss 0.0766 | LR 1.64e-07 | samples_seen=346376
2026-05-16 07:14:30,636  INFO  Epoch 1 | Step 15100/11932 | Loss 0.0941 | LR 1.64e-07 | samples_seen=346384
2026-05-16 07:14:31,559  INFO  Epoch 1 | Step 15100/11932 | Loss 0.0455 | LR 1.64e-07 | samples_seen=346392
2026-05-16 07:15:05,173  INFO  Epoch 1 | Step 15110/11932 | Loss 2.3181 | LR 1.69e-07 | samples_seen=346688
2026-05-16 07:15:06,484  INFO  Epoch 1 | Step 15110/11932 | Loss 0.0484 | LR 1.69e-07 | samples_seen=346696
2026-05-16 07:15:07,290  INFO  Epoch 1 | Step 15110/11932 | Loss 0.0516 | LR 1.69e-07 | samples_seen=346704
2026-05-16 07:15:08,738  INFO  Epoch 1 | Step 15110/11932 | Loss 0.1299 | LR 1.69e-07 | samples_seen=346712
2026-05-16 07:15:41,173  INFO  Epoch 1 | Step 15120/11932 | Loss 2.4792 | LR 1.74e-07 | samples_seen=347008
2026-05-16 07:15:41,442  INFO  Epoch 1 | Step 15120/11932 | Loss 0.0893 | LR 1.74e-07 | samples_seen=347016
2026-05-16 07:15:42,096  INFO  Epoch 1 | Step 15120/11932 | Loss 0.0796 | LR 1.74e-07 | samples_seen=347024
2026-05-16 07:15:42,554  INFO  Epoch 1 | Step 15120/11932 | Loss 0.1006 | LR 1.74e-07 | samples_seen=347032
2026-05-16 07:16:12,484  INFO  Epoch 1 | Step 15130/11932 | Loss 2.5873 | LR 1.79e-07 | samples_seen=347328
2026-05-16 07:16:13,733  INFO  Epoch 1 | Step 15130/11932 | Loss 0.0485 | LR 1.79e-07 | samples_seen=347336
2026-05-16 07:16:14,607  INFO  Epoch 1 | Step 15130/11932 | Loss 0.0689 | LR 1.79e-07 | samples_seen=347344
2026-05-16 07:16:15,362  INFO  Epoch 1 | Step 15130/11932 | Loss 0.0622 | LR 1.79e-07 | samples_seen=347352
2026-05-16 07:16:47,727  INFO  Epoch 1 | Step 15140/11932 | Loss 2.4387 | LR 1.84e-07 | samples_seen=347648
2026-05-16 07:16:48,205  INFO  Epoch 1 | Step 15140/11932 | Loss 0.0987 | LR 1.84e-07 | samples_seen=347656
2026-05-16 07:16:49,463  INFO  Epoch 1 | Step 15140/11932 | Loss 0.0740 | LR 1.84e-07 | samples_seen=347664
2026-05-16 07:16:50,003  INFO  Epoch 1 | Step 15140/11932 | Loss 0.0787 | LR 1.84e-07 | samples_seen=347672
2026-05-16 07:17:19,869  INFO  Epoch 1 | Step 15150/11932 | Loss 2.3752 | LR 1.89e-07 | samples_seen=347968
2026-05-16 07:17:20,648  INFO  Epoch 1 | Step 15150/11932 | Loss 0.0488 | LR 1.89e-07 | samples_seen=347976
2026-05-16 07:17:21,323  INFO  Epoch 1 | Step 15150/11932 | Loss 0.0443 | LR 1.89e-07 | samples_seen=347984
2026-05-16 07:17:21,884  INFO  Epoch 1 | Step 15150/11932 | Loss 0.0697 | LR 1.89e-07 | samples_seen=347992
2026-05-16 07:17:50,868  INFO  Epoch 1 | Step 15160/11932 | Loss 2.5681 | LR 1.95e-07 | samples_seen=348288
2026-05-16 07:17:51,579  INFO  Epoch 1 | Step 15160/11932 | Loss 0.0351 | LR 1.95e-07 | samples_seen=348296
2026-05-16 07:17:52,691  INFO  Epoch 1 | Step 15160/11932 | Loss 0.0611 | LR 1.95e-07 | samples_seen=348304
2026-05-16 07:17:53,725  INFO  Epoch 1 | Step 15160/11932 | Loss 0.0441 | LR 1.95e-07 | samples_seen=348312
2026-05-16 07:18:22,806  INFO  Epoch 1 | Step 15170/11932 | Loss 2.6690 | LR 2.00e-07 | samples_seen=348608
2026-05-16 07:18:23,306  INFO  Epoch 1 | Step 15170/11932 | Loss 0.0748 | LR 2.00e-07 | samples_seen=348616
2026-05-16 07:18:23,821  INFO  Epoch 1 | Step 15170/11932 | Loss 0.0649 | LR 2.00e-07 | samples_seen=348624
2026-05-16 07:18:24,457  INFO  Epoch 1 | Step 15170/11932 | Loss 0.0658 | LR 2.00e-07 | samples_seen=348632
2026-05-16 07:18:56,285  INFO  Epoch 1 | Step 15180/11932 | Loss 2.3261 | LR 2.05e-07 | samples_seen=348928
2026-05-16 07:18:57,005  INFO  Epoch 1 | Step 15180/11932 | Loss 0.0506 | LR 2.05e-07 | samples_seen=348936
2026-05-16 07:18:57,388  INFO  Epoch 1 | Step 15180/11932 | Loss 0.0927 | LR 2.05e-07 | samples_seen=348944
2026-05-16 07:18:58,067  INFO  Epoch 1 | Step 15180/11932 | Loss 0.0708 | LR 2.05e-07 | samples_seen=348952
2026-05-16 07:19:27,900  INFO  Epoch 1 | Step 15190/11932 | Loss 2.2004 | LR 2.11e-07 | samples_seen=349248
2026-05-16 07:19:29,355  INFO  Epoch 1 | Step 15190/11932 | Loss 0.0944 | LR 2.11e-07 | samples_seen=349256
2026-05-16 07:19:30,146  INFO  Epoch 1 | Step 15190/11932 | Loss 0.0393 | LR 2.11e-07 | samples_seen=349264
2026-05-16 07:19:30,586  INFO  Epoch 1 | Step 15190/11932 | Loss 0.0909 | LR 2.11e-07 | samples_seen=349272
2026-05-16 07:20:00,733  INFO  Epoch 1 | Step 15200/11932 | Loss 2.4802 | LR 2.16e-07 | samples_seen=349568
2026-05-16 07:20:01,555  INFO  Epoch 1 | Step 15200/11932 | Loss 0.0705 | LR 2.16e-07 | samples_seen=349576
2026-05-16 07:20:02,166  INFO  Epoch 1 | Step 15200/11932 | Loss 0.0507 | LR 2.16e-07 | samples_seen=349584
2026-05-16 07:20:02,973  INFO  Epoch 1 | Step 15200/11932 | Loss 0.0659 | LR 2.16e-07 | samples_seen=349592
2026-05-16 07:20:32,921  INFO  Epoch 1 | Step 15210/11932 | Loss 2.6414 | LR 2.22e-07 | samples_seen=349888
2026-05-16 07:20:34,100  INFO  Epoch 1 | Step 15210/11932 | Loss 0.1229 | LR 2.22e-07 | samples_seen=349896
2026-05-16 07:20:34,665  INFO  Epoch 1 | Step 15210/11932 | Loss 0.0489 | LR 2.22e-07 | samples_seen=349904
2026-05-16 07:20:35,247  INFO  Epoch 1 | Step 15210/11932 | Loss 0.0771 | LR 2.22e-07 | samples_seen=349912
2026-05-16 07:24:22,064  INFO  Checkpoint saved → ../checkpoints/stage2_h100/step15215 | global_step=15215 | samples_seen=350072
2026-05-16 07:24:36,506  INFO  Epoch 1 | Step 15220/11932 | Loss 2.4180 | LR 2.28e-07 | samples_seen=350208
2026-05-16 07:24:37,467  INFO  Epoch 1 | Step 15220/11932 | Loss 0.0678 | LR 2.28e-07 | samples_seen=350216
2026-05-16 07:24:38,072  INFO  Epoch 1 | Step 15220/11932 | Loss 0.0546 | LR 2.28e-07 | samples_seen=350224
2026-05-16 07:24:39,078  INFO  Epoch 1 | Step 15220/11932 | Loss 0.0675 | LR 2.28e-07 | samples_seen=350232
2026-05-16 07:25:09,823  INFO  Epoch 1 | Step 15230/11932 | Loss 2.5392 | LR 2.34e-07 | samples_seen=350528
2026-05-16 07:25:10,936  INFO  Epoch 1 | Step 15230/11932 | Loss 0.0535 | LR 2.34e-07 | samples_seen=350536
2026-05-16 07:25:11,806  INFO  Epoch 1 | Step 15230/11932 | Loss 0.0577 | LR 2.34e-07 | samples_seen=350544
2026-05-16 07:25:12,989  INFO  Epoch 1 | Step 15230/11932 | Loss 0.1165 | LR 2.34e-07 | samples_seen=350552
2026-05-16 07:25:47,014  INFO  Epoch 1 | Step 15240/11932 | Loss 2.2878 | LR 2.40e-07 | samples_seen=350848
2026-05-16 07:25:47,686  INFO  Epoch 1 | Step 15240/11932 | Loss 0.0866 | LR 2.40e-07 | samples_seen=350856
2026-05-16 07:25:48,220  INFO  Epoch 1 | Step 15240/11932 | Loss 0.0970 | LR 2.40e-07 | samples_seen=350864
2026-05-16 07:25:49,032  INFO  Epoch 1 | Step 15240/11932 | Loss 0.0616 | LR 2.40e-07 | samples_seen=350872
2026-05-16 07:26:21,834  INFO  Epoch 1 | Step 15250/11932 | Loss 2.3254 | LR 2.45e-07 | samples_seen=351168
2026-05-16 07:26:23,280  INFO  Epoch 1 | Step 15250/11932 | Loss 0.0779 | LR 2.45e-07 | samples_seen=351176
2026-05-16 07:26:23,956  INFO  Epoch 1 | Step 15250/11932 | Loss 0.0595 | LR 2.45e-07 | samples_seen=351184
2026-05-16 07:26:24,531  INFO  Epoch 1 | Step 15250/11932 | Loss 0.0620 | LR 2.45e-07 | samples_seen=351192
2026-05-16 07:26:54,530  INFO  Epoch 1 | Step 15260/11932 | Loss 2.5430 | LR 2.51e-07 | samples_seen=351488
2026-05-16 07:26:55,252  INFO  Epoch 1 | Step 15260/11932 | Loss 0.0585 | LR 2.51e-07 | samples_seen=351496
2026-05-16 07:26:55,761  INFO  Epoch 1 | Step 15260/11932 | Loss 0.0714 | LR 2.51e-07 | samples_seen=351504
2026-05-16 07:26:56,635  INFO  Epoch 1 | Step 15260/11932 | Loss 0.0480 | LR 2.51e-07 | samples_seen=351512
2026-05-16 07:27:25,519  INFO  Epoch 1 | Step 15270/11932 | Loss 2.4434 | LR 2.58e-07 | samples_seen=351808
2026-05-16 07:27:25,895  INFO  Epoch 1 | Step 15270/11932 | Loss 0.1185 | LR 2.58e-07 | samples_seen=351816
2026-05-16 07:27:26,463  INFO  Epoch 1 | Step 15270/11932 | Loss 0.0591 | LR 2.58e-07 | samples_seen=351824
2026-05-16 07:27:27,337  INFO  Epoch 1 | Step 15270/11932 | Loss 0.0691 | LR 2.58e-07 | samples_seen=351832
2026-05-16 07:27:57,555  INFO  Epoch 1 | Step 15280/11932 | Loss 2.6251 | LR 2.64e-07 | samples_seen=352128
2026-05-16 07:27:58,066  INFO  Epoch 1 | Step 15280/11932 | Loss 0.0929 | LR 2.64e-07 | samples_seen=352136
2026-05-16 07:27:58,955  INFO  Epoch 1 | Step 15280/11932 | Loss 0.0713 | LR 2.64e-07 | samples_seen=352144
2026-05-16 07:27:59,691  INFO  Epoch 1 | Step 15280/11932 | Loss 0.0562 | LR 2.64e-07 | samples_seen=352152
2026-05-16 07:28:28,573  INFO  Epoch 1 | Step 15290/11932 | Loss 2.5662 | LR 2.70e-07 | samples_seen=352448
2026-05-16 07:28:29,299  INFO  Epoch 1 | Step 15290/11932 | Loss 0.0505 | LR 2.70e-07 | samples_seen=352456
2026-05-16 07:28:29,956  INFO  Epoch 1 | Step 15290/11932 | Loss 0.0691 | LR 2.70e-07 | samples_seen=352464
2026-05-16 07:28:30,764  INFO  Epoch 1 | Step 15290/11932 | Loss 0.0767 | LR 2.70e-07 | samples_seen=352472
2026-05-16 07:29:00,354  INFO  Epoch 1 | Step 15300/11932 | Loss 2.5827 | LR 2.76e-07 | samples_seen=352768
2026-05-16 07:29:00,795  INFO  Epoch 1 | Step 15300/11932 | Loss 0.1199 | LR 2.76e-07 | samples_seen=352776
2026-05-16 07:29:01,738  INFO  Epoch 1 | Step 15300/11932 | Loss 0.0587 | LR 2.76e-07 | samples_seen=352784
2026-05-16 07:29:03,002  INFO  Epoch 1 | Step 15300/11932 | Loss 0.0583 | LR 2.76e-07 | samples_seen=352792
2026-05-16 07:29:36,051  INFO  Epoch 1 | Step 15310/11932 | Loss 2.3944 | LR 2.83e-07 | samples_seen=353088
2026-05-16 07:29:36,722  INFO  Epoch 1 | Step 15310/11932 | Loss 0.0393 | LR 2.83e-07 | samples_seen=353096
2026-05-16 07:29:38,192  INFO  Epoch 1 | Step 15310/11932 | Loss 0.0934 | LR 2.83e-07 | samples_seen=353104
2026-05-16 07:29:38,855  INFO  Epoch 1 | Step 15310/11932 | Loss 0.0646 | LR 2.83e-07 | samples_seen=353112
2026-05-16 07:30:09,316  INFO  Epoch 1 | Step 15320/11932 | Loss 2.4531 | LR 2.89e-07 | samples_seen=353408
2026-05-16 07:30:09,875  INFO  Epoch 1 | Step 15320/11932 | Loss 0.0840 | LR 2.89e-07 | samples_seen=353416
2026-05-16 07:30:11,263  INFO  Epoch 1 | Step 15320/11932 | Loss 0.0520 | LR 2.89e-07 | samples_seen=353424
2026-05-16 07:30:11,788  INFO  Epoch 1 | Step 15320/11932 | Loss 0.0636 | LR 2.89e-07 | samples_seen=353432
2026-05-16 07:30:41,076  INFO  Epoch 1 | Step 15330/11932 | Loss 2.3663 | LR 2.96e-07 | samples_seen=353728
2026-05-16 07:30:41,943  INFO  Epoch 1 | Step 15330/11932 | Loss 0.0551 | LR 2.96e-07 | samples_seen=353736
2026-05-16 07:30:42,382  INFO  Epoch 1 | Step 15330/11932 | Loss 0.0790 | LR 2.96e-07 | samples_seen=353744
2026-05-16 07:30:43,174  INFO  Epoch 1 | Step 15330/11932 | Loss 0.0729 | LR 2.96e-07 | samples_seen=353752
2026-05-16 07:31:15,846  INFO  Epoch 1 | Step 15340/11932 | Loss 2.4487 | LR 3.02e-07 | samples_seen=354048
2026-05-16 07:31:16,440  INFO  Epoch 1 | Step 15340/11932 | Loss 0.0803 | LR 3.02e-07 | samples_seen=354056
2026-05-16 07:31:17,371  INFO  Epoch 1 | Step 15340/11932 | Loss 0.0601 | LR 3.02e-07 | samples_seen=354064
2026-05-16 07:31:18,376  INFO  Epoch 1 | Step 15340/11932 | Loss 0.0435 | LR 3.02e-07 | samples_seen=354072
2026-05-16 07:31:48,857  INFO  Epoch 1 | Step 15350/11932 | Loss 2.5584 | LR 3.09e-07 | samples_seen=354368
2026-05-16 07:31:50,092  INFO  Epoch 1 | Step 15350/11932 | Loss 0.0756 | LR 3.09e-07 | samples_seen=354376
2026-05-16 07:31:50,996  INFO  Epoch 1 | Step 15350/11932 | Loss 0.0529 | LR 3.09e-07 | samples_seen=354384
2026-05-16 07:31:51,567  INFO  Epoch 1 | Step 15350/11932 | Loss 0.0626 | LR 3.09e-07 | samples_seen=354392
2026-05-16 07:32:22,975  INFO  Epoch 1 | Step 15360/11932 | Loss 2.5648 | LR 3.16e-07 | samples_seen=354688
2026-05-16 07:32:23,638  INFO  Epoch 1 | Step 15360/11932 | Loss 0.0580 | LR 3.16e-07 | samples_seen=354696
2026-05-16 07:32:24,163  INFO  Epoch 1 | Step 15360/11932 | Loss 0.0855 | LR 3.16e-07 | samples_seen=354704
2026-05-16 07:32:25,176  INFO  Epoch 1 | Step 15360/11932 | Loss 0.0604 | LR 3.16e-07 | samples_seen=354712
2026-05-16 07:32:56,859  INFO  Epoch 1 | Step 15370/11932 | Loss 2.4810 | LR 3.22e-07 | samples_seen=355008
2026-05-16 07:32:57,441  INFO  Epoch 1 | Step 15370/11932 | Loss 0.0569 | LR 3.22e-07 | samples_seen=355016
2026-05-16 07:32:57,987  INFO  Epoch 1 | Step 15370/11932 | Loss 0.0947 | LR 3.22e-07 | samples_seen=355024
2026-05-16 07:32:58,638  INFO  Epoch 1 | Step 15370/11932 | Loss 0.0923 | LR 3.22e-07 | samples_seen=355032
2026-05-16 07:33:31,231  INFO  Epoch 1 | Step 15380/11932 | Loss 2.5261 | LR 3.29e-07 | samples_seen=355328
2026-05-16 07:33:31,730  INFO  Epoch 1 | Step 15380/11932 | Loss 0.0852 | LR 3.29e-07 | samples_seen=355336
2026-05-16 07:33:32,182  INFO  Epoch 1 | Step 15380/11932 | Loss 0.0953 | LR 3.29e-07 | samples_seen=355344
2026-05-16 07:33:33,106  INFO  Epoch 1 | Step 15380/11932 | Loss 0.0649 | LR 3.29e-07 | samples_seen=355352
2026-05-16 07:34:05,722  INFO  Epoch 1 | Step 15390/11932 | Loss 2.2500 | LR 3.36e-07 | samples_seen=355648
2026-05-16 07:34:06,703  INFO  Epoch 1 | Step 15390/11932 | Loss 0.0732 | LR 3.36e-07 | samples_seen=355656
2026-05-16 07:34:07,080  INFO  Epoch 1 | Step 15390/11932 | Loss 0.1019 | LR 3.36e-07 | samples_seen=355664
2026-05-16 07:34:08,554  INFO  Epoch 1 | Step 15390/11932 | Loss 0.0783 | LR 3.36e-07 | samples_seen=355672
2026-05-16 07:34:40,037  INFO  Epoch 1 | Step 15400/11932 | Loss 2.3573 | LR 3.43e-07 | samples_seen=355968
2026-05-16 07:34:40,587  INFO  Epoch 1 | Step 15400/11932 | Loss 0.0537 | LR 3.43e-07 | samples_seen=355976
2026-05-16 07:34:41,160  INFO  Epoch 1 | Step 15400/11932 | Loss 0.0621 | LR 3.43e-07 | samples_seen=355984
2026-05-16 07:34:41,801  INFO  Epoch 1 | Step 15400/11932 | Loss 0.0855 | LR 3.43e-07 | samples_seen=355992
2026-05-16 07:35:11,982  INFO  Epoch 1 | Step 15410/11932 | Loss 2.3501 | LR 3.50e-07 | samples_seen=356288
2026-05-16 07:35:13,113  INFO  Epoch 1 | Step 15410/11932 | Loss 0.0479 | LR 3.50e-07 | samples_seen=356296
2026-05-16 07:35:13,748  INFO  Epoch 1 | Step 15410/11932 | Loss 0.0669 | LR 3.50e-07 | samples_seen=356304
2026-05-16 07:35:14,270  INFO  Epoch 1 | Step 15410/11932 | Loss 0.0742 | LR 3.50e-07 | samples_seen=356312
2026-05-16 07:35:44,264  INFO  Epoch 1 | Step 15420/11932 | Loss 2.4541 | LR 3.57e-07 | samples_seen=356608
2026-05-16 07:35:44,906  INFO  Epoch 1 | Step 15420/11932 | Loss 0.0463 | LR 3.57e-07 | samples_seen=356616
2026-05-16 07:35:45,550  INFO  Epoch 1 | Step 15420/11932 | Loss 0.0390 | LR 3.57e-07 | samples_seen=356624
2026-05-16 07:35:46,470  INFO  Epoch 1 | Step 15420/11932 | Loss 0.0700 | LR 3.57e-07 | samples_seen=356632
2026-05-16 07:36:17,093  INFO  Epoch 1 | Step 15430/11932 | Loss 2.4134 | LR 3.65e-07 | samples_seen=356928
2026-05-16 07:36:17,534  INFO  Epoch 1 | Step 15430/11932 | Loss 0.0630 | LR 3.65e-07 | samples_seen=356936
2026-05-16 07:36:18,330  INFO  Epoch 1 | Step 15430/11932 | Loss 0.0568 | LR 3.65e-07 | samples_seen=356944
2026-05-16 07:36:18,877  INFO  Epoch 1 | Step 15430/11932 | Loss 0.0631 | LR 3.65e-07 | samples_seen=356952
2026-05-16 07:36:51,577  INFO  Epoch 1 | Step 15440/11932 | Loss 2.5614 | LR 3.72e-07 | samples_seen=357248
2026-05-16 07:36:52,293  INFO  Epoch 1 | Step 15440/11932 | Loss 0.0422 | LR 3.72e-07 | samples_seen=357256
2026-05-16 07:36:53,410  INFO  Epoch 1 | Step 15440/11932 | Loss 0.0575 | LR 3.72e-07 | samples_seen=357264
2026-05-16 07:36:54,194  INFO  Epoch 1 | Step 15440/11932 | Loss 0.0437 | LR 3.72e-07 | samples_seen=357272
2026-05-16 07:37:27,211  INFO  Epoch 1 | Step 15450/11932 | Loss 2.3766 | LR 3.79e-07 | samples_seen=357568
2026-05-16 07:37:27,486  INFO  Epoch 1 | Step 15450/11932 | Loss 0.0898 | LR 3.79e-07 | samples_seen=357576
2026-05-16 07:37:28,145  INFO  Epoch 1 | Step 15450/11932 | Loss 0.0585 | LR 3.79e-07 | samples_seen=357584
2026-05-16 07:37:29,182  INFO  Epoch 1 | Step 15450/11932 | Loss 0.0583 | LR 3.79e-07 | samples_seen=357592
2026-05-16 07:37:58,796  INFO  Epoch 1 | Step 15460/11932 | Loss 2.4460 | LR 3.87e-07 | samples_seen=357888
2026-05-16 07:37:59,219  INFO  Epoch 1 | Step 15460/11932 | Loss 0.0786 | LR 3.87e-07 | samples_seen=357896
2026-05-16 07:37:59,876  INFO  Epoch 1 | Step 15460/11932 | Loss 0.0528 | LR 3.87e-07 | samples_seen=357904
2026-05-16 07:38:00,812  INFO  Epoch 1 | Step 15460/11932 | Loss 0.0548 | LR 3.87e-07 | samples_seen=357912
2026-05-16 07:38:31,538  INFO  Epoch 1 | Step 15470/11932 | Loss 2.5507 | LR 3.94e-07 | samples_seen=358208
2026-05-16 07:38:32,706  INFO  Epoch 1 | Step 15470/11932 | Loss 0.0858 | LR 3.94e-07 | samples_seen=358216
2026-05-16 07:38:33,900  INFO  Epoch 1 | Step 15470/11932 | Loss 0.0869 | LR 3.94e-07 | samples_seen=358224
2026-05-16 07:38:34,826  INFO  Epoch 1 | Step 15470/11932 | Loss 0.0320 | LR 3.94e-07 | samples_seen=358232
2026-05-16 07:39:04,208  INFO  Epoch 1 | Step 15480/11932 | Loss 2.4794 | LR 4.02e-07 | samples_seen=358528
2026-05-16 07:39:05,128  INFO  Epoch 1 | Step 15480/11932 | Loss 0.0642 | LR 4.02e-07 | samples_seen=358536
2026-05-16 07:39:05,821  INFO  Epoch 1 | Step 15480/11932 | Loss 0.0581 | LR 4.02e-07 | samples_seen=358544
2026-05-16 07:39:06,580  INFO  Epoch 1 | Step 15480/11932 | Loss 0.0529 | LR 4.02e-07 | samples_seen=358552
2026-05-16 07:39:37,284  INFO  Epoch 1 | Step 15490/11932 | Loss 2.5510 | LR 4.09e-07 | samples_seen=358848
2026-05-16 07:39:38,046  INFO  Epoch 1 | Step 15490/11932 | Loss 0.0487 | LR 4.09e-07 | samples_seen=358856
2026-05-16 07:39:39,035  INFO  Epoch 1 | Step 15490/11932 | Loss 0.0784 | LR 4.09e-07 | samples_seen=358864
2026-05-16 07:39:40,500  INFO  Epoch 1 | Step 15490/11932 | Loss 0.0740 | LR 4.09e-07 | samples_seen=358872
2026-05-16 07:40:10,766  INFO  Epoch 1 | Step 15500/11932 | Loss 2.2871 | LR 4.17e-07 | samples_seen=359168
2026-05-16 07:40:11,505  INFO  Epoch 1 | Step 15500/11932 | Loss 0.0339 | LR 4.17e-07 | samples_seen=359176
2026-05-16 07:40:12,306  INFO  Epoch 1 | Step 15500/11932 | Loss 0.0519 | LR 4.17e-07 | samples_seen=359184
2026-05-16 07:40:13,306  INFO  Epoch 1 | Step 15500/11932 | Loss 0.0778 | LR 4.17e-07 | samples_seen=359192
2026-05-16 07:40:45,709  INFO  Epoch 1 | Step 15510/11932 | Loss 2.2707 | LR 4.25e-07 | samples_seen=359488
2026-05-16 07:40:46,549  INFO  Epoch 1 | Step 15510/11932 | Loss 0.0777 | LR 4.25e-07 | samples_seen=359496
2026-05-16 07:40:47,221  INFO  Epoch 1 | Step 15510/11932 | Loss 0.0573 | LR 4.25e-07 | samples_seen=359504
2026-05-16 07:40:47,711  INFO  Epoch 1 | Step 15510/11932 | Loss 0.0626 | LR 4.25e-07 | samples_seen=359512
2026-05-16 07:41:18,373  INFO  Epoch 1 | Step 15520/11932 | Loss 2.5089 | LR 4.33e-07 | samples_seen=359808
2026-05-16 07:41:19,193  INFO  Epoch 1 | Step 15520/11932 | Loss 0.0476 | LR 4.33e-07 | samples_seen=359816
2026-05-16 07:41:19,662  INFO  Epoch 1 | Step 15520/11932 | Loss 0.1070 | LR 4.33e-07 | samples_seen=359824
2026-05-16 07:41:20,255  INFO  Epoch 1 | Step 15520/11932 | Loss 0.0634 | LR 4.33e-07 | samples_seen=359832
2026-05-16 07:41:50,704  INFO  Epoch 1 | Step 15530/11932 | Loss 2.5086 | LR 4.41e-07 | samples_seen=360128
2026-05-16 07:41:51,726  INFO  Epoch 1 | Step 15530/11932 | Loss 0.0657 | LR 4.41e-07 | samples_seen=360136
2026-05-16 07:41:52,267  INFO  Epoch 1 | Step 15530/11932 | Loss 0.0574 | LR 4.41e-07 | samples_seen=360144
2026-05-16 07:41:53,247  INFO  Epoch 1 | Step 15530/11932 | Loss 0.0461 | LR 4.41e-07 | samples_seen=360152
2026-05-16 07:42:23,152  INFO  Epoch 1 | Step 15540/11932 | Loss 2.4550 | LR 4.49e-07 | samples_seen=360448
2026-05-16 07:42:24,530  INFO  Epoch 1 | Step 15540/11932 | Loss 0.0711 | LR 4.49e-07 | samples_seen=360456
2026-05-16 07:42:25,635  INFO  Epoch 1 | Step 15540/11932 | Loss 0.0653 | LR 4.49e-07 | samples_seen=360464
2026-05-16 07:42:26,564  INFO  Epoch 1 | Step 15540/11932 | Loss 0.0926 | LR 4.49e-07 | samples_seen=360472
2026-05-16 07:42:59,830  INFO  Epoch 1 | Step 15550/11932 | Loss 2.3831 | LR 4.57e-07 | samples_seen=360768
2026-05-16 07:43:00,617  INFO  Epoch 1 | Step 15550/11932 | Loss 0.0588 | LR 4.57e-07 | samples_seen=360776
2026-05-16 07:43:01,648  INFO  Epoch 1 | Step 15550/11932 | Loss 0.0590 | LR 4.57e-07 | samples_seen=360784
2026-05-16 07:43:02,257  INFO  Epoch 1 | Step 15550/11932 | Loss 0.0827 | LR 4.57e-07 | samples_seen=360792
2026-05-16 07:43:35,024  INFO  Epoch 1 | Step 15560/11932 | Loss 2.6170 | LR 4.65e-07 | samples_seen=361088
2026-05-16 07:43:35,689  INFO  Epoch 1 | Step 15560/11932 | Loss 0.0682 | LR 4.65e-07 | samples_seen=361096
2026-05-16 07:43:36,817  INFO  Epoch 1 | Step 15560/11932 | Loss 0.0633 | LR 4.65e-07 | samples_seen=361104
2026-05-16 07:43:37,808  INFO  Epoch 1 | Step 15560/11932 | Loss 0.0785 | LR 4.65e-07 | samples_seen=361112
2026-05-16 07:44:06,176  INFO  Epoch 1 | Step 15570/11932 | Loss 2.5518 | LR 4.73e-07 | samples_seen=361408
2026-05-16 07:44:06,814  INFO  Epoch 1 | Step 15570/11932 | Loss 0.0601 | LR 4.73e-07 | samples_seen=361416
2026-05-16 07:44:07,339  INFO  Epoch 1 | Step 15570/11932 | Loss 0.1041 | LR 4.73e-07 | samples_seen=361424
2026-05-16 07:44:08,375  INFO  Epoch 1 | Step 15570/11932 | Loss 0.0373 | LR 4.73e-07 | samples_seen=361432
2026-05-16 07:44:38,678  INFO  Epoch 1 | Step 15580/11932 | Loss 2.4181 | LR 4.81e-07 | samples_seen=361728
2026-05-16 07:44:39,123  INFO  Epoch 1 | Step 15580/11932 | Loss 0.0965 | LR 4.81e-07 | samples_seen=361736
2026-05-16 07:44:40,584  INFO  Epoch 1 | Step 15580/11932 | Loss 0.0658 | LR 4.81e-07 | samples_seen=361744
2026-05-16 07:44:41,224  INFO  Epoch 1 | Step 15580/11932 | Loss 0.0473 | LR 4.81e-07 | samples_seen=361752
2026-05-16 07:45:13,228  INFO  Epoch 1 | Step 15590/11932 | Loss 2.6151 | LR 4.90e-07 | samples_seen=362048
2026-05-16 07:45:13,751  INFO  Epoch 1 | Step 15590/11932 | Loss 0.1018 | LR 4.90e-07 | samples_seen=362056
2026-05-16 07:45:14,351  INFO  Epoch 1 | Step 15590/11932 | Loss 0.0837 | LR 4.90e-07 | samples_seen=362064
2026-05-16 07:45:15,130  INFO  Epoch 1 | Step 15590/11932 | Loss 0.0824 | LR 4.90e-07 | samples_seen=362072
2026-05-16 07:45:48,166  INFO  Epoch 1 | Step 15600/11932 | Loss 2.3521 | LR 4.98e-07 | samples_seen=362368
2026-05-16 07:45:48,582  INFO  Epoch 1 | Step 15600/11932 | Loss 0.0942 | LR 4.98e-07 | samples_seen=362376
2026-05-16 07:45:49,590  INFO  Epoch 1 | Step 15600/11932 | Loss 0.0706 | LR 4.98e-07 | samples_seen=362384
2026-05-16 07:45:50,125  INFO  Epoch 1 | Step 15600/11932 | Loss 0.0582 | LR 4.98e-07 | samples_seen=362392
2026-05-16 07:46:21,831  INFO  Epoch 1 | Step 15610/11932 | Loss 2.5458 | LR 5.07e-07 | samples_seen=362688
2026-05-16 07:46:22,850  INFO  Epoch 1 | Step 15610/11932 | Loss 0.0458 | LR 5.07e-07 | samples_seen=362696
2026-05-16 07:46:23,364  INFO  Epoch 1 | Step 15610/11932 | Loss 0.0881 | LR 5.07e-07 | samples_seen=362704
2026-05-16 07:46:24,235  INFO  Epoch 1 | Step 15610/11932 | Loss 0.0537 | LR 5.07e-07 | samples_seen=362712
2026-05-16 07:46:55,054  INFO  Epoch 1 | Step 15620/11932 | Loss 2.4807 | LR 5.15e-07 | samples_seen=363008
2026-05-16 07:46:56,207  INFO  Epoch 1 | Step 15620/11932 | Loss 0.0402 | LR 5.15e-07 | samples_seen=363016
2026-05-16 07:46:56,815  INFO  Epoch 1 | Step 15620/11932 | Loss 0.0506 | LR 5.15e-07 | samples_seen=363024
2026-05-16 07:46:57,563  INFO  Epoch 1 | Step 15620/11932 | Loss 0.0401 | LR 5.15e-07 | samples_seen=363032
2026-05-16 07:47:28,086  INFO  Epoch 1 | Step 15630/11932 | Loss 2.4272 | LR 5.24e-07 | samples_seen=363328
2026-05-16 07:47:29,494  INFO  Epoch 1 | Step 15630/11932 | Loss 0.0665 | LR 5.24e-07 | samples_seen=363336
2026-05-16 07:47:30,418  INFO  Epoch 1 | Step 15630/11932 | Loss 0.0490 | LR 5.24e-07 | samples_seen=363344
2026-05-16 07:47:31,262  INFO  Epoch 1 | Step 15630/11932 | Loss 0.0454 | LR 5.24e-07 | samples_seen=363352
2026-05-16 07:48:05,204  INFO  Epoch 1 | Step 15640/11932 | Loss 2.3064 | LR 5.33e-07 | samples_seen=363648
2026-05-16 07:48:06,349  INFO  Epoch 1 | Step 15640/11932 | Loss 0.0832 | LR 5.33e-07 | samples_seen=363656
2026-05-16 07:48:07,023  INFO  Epoch 1 | Step 15640/11932 | Loss 0.0595 | LR 5.33e-07 | samples_seen=363664
2026-05-16 07:48:07,796  INFO  Epoch 1 | Step 15640/11932 | Loss 0.0541 | LR 5.33e-07 | samples_seen=363672
2026-05-16 07:48:37,289  INFO  Epoch 1 | Step 15650/11932 | Loss 2.5467 | LR 5.41e-07 | samples_seen=363968
2026-05-16 07:48:38,042  INFO  Epoch 1 | Step 15650/11932 | Loss 0.0772 | LR 5.41e-07 | samples_seen=363976
2026-05-16 07:48:38,916  INFO  Epoch 1 | Step 15650/11932 | Loss 0.0494 | LR 5.41e-07 | samples_seen=363984
2026-05-16 07:48:39,928  INFO  Epoch 1 | Step 15650/11932 | Loss 0.0779 | LR 5.41e-07 | samples_seen=363992
2026-05-16 07:49:10,142  INFO  Epoch 1 | Step 15660/11932 | Loss 2.2759 | LR 5.50e-07 | samples_seen=364288
2026-05-16 07:49:10,686  INFO  Epoch 1 | Step 15660/11932 | Loss 0.0727 | LR 5.50e-07 | samples_seen=364296
2026-05-16 07:49:11,925  INFO  Epoch 1 | Step 15660/11932 | Loss 0.0580 | LR 5.50e-07 | samples_seen=364304
2026-05-16 07:49:12,571  INFO  Epoch 1 | Step 15660/11932 | Loss 0.0662 | LR 5.50e-07 | samples_seen=364312
2026-05-16 07:49:43,177  INFO  Epoch 1 | Step 15670/11932 | Loss 2.4810 | LR 5.59e-07 | samples_seen=364608
2026-05-16 07:49:44,310  INFO  Epoch 1 | Step 15670/11932 | Loss 0.0558 | LR 5.59e-07 | samples_seen=364616
2026-05-16 07:49:45,002  INFO  Epoch 1 | Step 15670/11932 | Loss 0.0518 | LR 5.59e-07 | samples_seen=364624
2026-05-16 07:49:45,662  INFO  Epoch 1 | Step 15670/11932 | Loss 0.0662 | LR 5.59e-07 | samples_seen=364632
2026-05-16 07:50:15,415  INFO  Epoch 1 | Step 15680/11932 | Loss 2.5335 | LR 5.68e-07 | samples_seen=364928
2026-05-16 07:50:16,659  INFO  Epoch 1 | Step 15680/11932 | Loss 0.0719 | LR 5.68e-07 | samples_seen=364936
2026-05-16 07:50:17,171  INFO  Epoch 1 | Step 15680/11932 | Loss 0.0572 | LR 5.68e-07 | samples_seen=364944
2026-05-16 07:50:17,732  INFO  Epoch 1 | Step 15680/11932 | Loss 0.0731 | LR 5.68e-07 | samples_seen=364952
2026-05-16 07:50:49,663  INFO  Epoch 1 | Step 15690/11932 | Loss 2.4817 | LR 5.77e-07 | samples_seen=365248
2026-05-16 07:50:50,217  INFO  Epoch 1 | Step 15690/11932 | Loss 0.0689 | LR 5.77e-07 | samples_seen=365256
2026-05-16 07:50:50,820  INFO  Epoch 1 | Step 15690/11932 | Loss 0.0694 | LR 5.77e-07 | samples_seen=365264
2026-05-16 07:50:51,500  INFO  Epoch 1 | Step 15690/11932 | Loss 0.0554 | LR 5.77e-07 | samples_seen=365272
2026-05-16 07:51:21,691  INFO  Epoch 1 | Step 15700/11932 | Loss 2.5760 | LR 5.86e-07 | samples_seen=365568
2026-05-16 07:51:22,482  INFO  Epoch 1 | Step 15700/11932 | Loss 0.0562 | LR 5.86e-07 | samples_seen=365576
2026-05-16 07:51:23,222  INFO  Epoch 1 | Step 15700/11932 | Loss 0.0472 | LR 5.86e-07 | samples_seen=365584
2026-05-16 07:51:23,835  INFO  Epoch 1 | Step 15700/11932 | Loss 0.0584 | LR 5.86e-07 | samples_seen=365592
2026-05-16 07:51:55,234  INFO  Epoch 1 | Step 15710/11932 | Loss 2.6492 | LR 5.96e-07 | samples_seen=365888
2026-05-16 07:51:56,078  INFO  Epoch 1 | Step 15710/11932 | Loss 0.0459 | LR 5.96e-07 | samples_seen=365896
2026-05-16 07:51:57,186  INFO  Epoch 1 | Step 15710/11932 | Loss 0.0476 | LR 5.96e-07 | samples_seen=365904
2026-05-16 07:51:57,991  INFO  Epoch 1 | Step 15710/11932 | Loss 0.0475 | LR 5.96e-07 | samples_seen=365912
2026-05-16 07:52:28,916  INFO  Epoch 1 | Step 15720/11932 | Loss 2.4200 | LR 6.05e-07 | samples_seen=366208
2026-05-16 07:52:29,654  INFO  Epoch 1 | Step 15720/11932 | Loss 0.0381 | LR 6.05e-07 | samples_seen=366216
2026-05-16 07:52:30,453  INFO  Epoch 1 | Step 15720/11932 | Loss 0.0447 | LR 6.05e-07 | samples_seen=366224
2026-05-16 07:52:31,647  INFO  Epoch 1 | Step 15720/11932 | Loss 0.0617 | LR 6.05e-07 | samples_seen=366232
2026-05-16 07:53:01,901  INFO  Epoch 1 | Step 15730/11932 | Loss 2.4678 | LR 6.14e-07 | samples_seen=366528
2026-05-16 07:53:02,288  INFO  Epoch 1 | Step 15730/11932 | Loss 0.0840 | LR 6.14e-07 | samples_seen=366536
2026-05-16 07:53:02,688  INFO  Epoch 1 | Step 15730/11932 | Loss 0.1089 | LR 6.14e-07 | samples_seen=366544
2026-05-16 07:53:03,719  INFO  Epoch 1 | Step 15730/11932 | Loss 0.0608 | LR 6.14e-07 | samples_seen=366552
2026-05-16 07:53:34,524  INFO  Epoch 1 | Step 15740/11932 | Loss 2.3134 | LR 6.24e-07 | samples_seen=366848
2026-05-16 07:53:35,700  INFO  Epoch 1 | Step 15740/11932 | Loss 0.0564 | LR 6.24e-07 | samples_seen=366856
2026-05-16 07:53:36,814  INFO  Epoch 1 | Step 15740/11932 | Loss 0.0577 | LR 6.24e-07 | samples_seen=366864
2026-05-16 07:53:37,406  INFO  Epoch 1 | Step 15740/11932 | Loss 0.0892 | LR 6.24e-07 | samples_seen=366872
2026-05-16 07:54:08,937  INFO  Epoch 1 | Step 15750/11932 | Loss 2.3785 | LR 6.33e-07 | samples_seen=367168
2026-05-16 07:54:09,582  INFO  Epoch 1 | Step 15750/11932 | Loss 0.0994 | LR 6.33e-07 | samples_seen=367176
2026-05-16 07:54:10,685  INFO  Epoch 1 | Step 15750/11932 | Loss 0.1012 | LR 6.33e-07 | samples_seen=367184
2026-05-16 07:54:11,872  INFO  Epoch 1 | Step 15750/11932 | Loss 0.0702 | LR 6.33e-07 | samples_seen=367192
2026-05-16 07:57:51,811  INFO  Checkpoint saved → ../checkpoints/stage2_h100/step15754 | global_step=15754 | samples_seen=367296
2026-05-16 07:58:11,055  INFO  Epoch 1 | Step 15760/11932 | Loss 2.5349 | LR 6.43e-07 | samples_seen=367488
2026-05-16 07:58:12,510  INFO  Epoch 1 | Step 15760/11932 | Loss 0.0397 | LR 6.43e-07 | samples_seen=367496
2026-05-16 07:58:13,111  INFO  Epoch 1 | Step 15760/11932 | Loss 0.0706 | LR 6.43e-07 | samples_seen=367504
2026-05-16 07:58:14,039  INFO  Epoch 1 | Step 15760/11932 | Loss 0.0898 | LR 6.43e-07 | samples_seen=367512
2026-05-16 07:58:45,950  INFO  Epoch 1 | Step 15770/11932 | Loss 2.4452 | LR 6.52e-07 | samples_seen=367808
2026-05-16 07:58:46,436  INFO  Epoch 1 | Step 15770/11932 | Loss 0.0775 | LR 6.52e-07 | samples_seen=367816
2026-05-16 07:58:47,487  INFO  Epoch 1 | Step 15770/11932 | Loss 0.0702 | LR 6.52e-07 | samples_seen=367824
2026-05-16 07:58:48,803  INFO  Epoch 1 | Step 15770/11932 | Loss 0.0684 | LR 6.52e-07 | samples_seen=367832
2026-05-16 07:59:21,969  INFO  Epoch 1 | Step 15780/11932 | Loss 2.3522 | LR 6.62e-07 | samples_seen=368128
2026-05-16 07:59:23,444  INFO  Epoch 1 | Step 15780/11932 | Loss 0.0458 | LR 6.62e-07 | samples_seen=368136
2026-05-16 07:59:24,928  INFO  Epoch 1 | Step 15780/11932 | Loss 0.0586 | LR 6.62e-07 | samples_seen=368144
2026-05-16 07:59:25,372  INFO  Epoch 1 | Step 15780/11932 | Loss 0.1015 | LR 6.62e-07 | samples_seen=368152
2026-05-16 07:59:55,402  INFO  Epoch 1 | Step 15790/11932 | Loss 2.6684 | LR 6.72e-07 | samples_seen=368448
2026-05-16 07:59:56,378  INFO  Epoch 1 | Step 15790/11932 | Loss 0.0527 | LR 6.72e-07 | samples_seen=368456
2026-05-16 07:59:56,879  INFO  Epoch 1 | Step 15790/11932 | Loss 0.0893 | LR 6.72e-07 | samples_seen=368464
2026-05-16 07:59:58,062  INFO  Epoch 1 | Step 15790/11932 | Loss 0.0638 | LR 6.72e-07 | samples_seen=368472
2026-05-16 08:00:29,515  INFO  Epoch 1 | Step 15800/11932 | Loss 2.6192 | LR 6.81e-07 | samples_seen=368768
2026-05-16 08:00:30,110  INFO  Epoch 1 | Step 15800/11932 | Loss 0.0553 | LR 6.81e-07 | samples_seen=368776
2026-05-16 08:00:30,662  INFO  Epoch 1 | Step 15800/11932 | Loss 0.0605 | LR 6.81e-07 | samples_seen=368784
2026-05-16 08:00:31,150  INFO  Epoch 1 | Step 15800/11932 | Loss 0.0857 | LR 6.81e-07 | samples_seen=368792
2026-05-16 08:01:02,729  INFO  Epoch 1 | Step 15810/11932 | Loss 2.4964 | LR 6.91e-07 | samples_seen=369088
2026-05-16 08:01:03,262  INFO  Epoch 1 | Step 15810/11932 | Loss 0.0593 | LR 6.91e-07 | samples_seen=369096
2026-05-16 08:01:04,016  INFO  Epoch 1 | Step 15810/11932 | Loss 0.0369 | LR 6.91e-07 | samples_seen=369104
2026-05-16 08:01:04,551  INFO  Epoch 1 | Step 15810/11932 | Loss 0.0824 | LR 6.91e-07 | samples_seen=369112
2026-05-16 08:01:34,261  INFO  Epoch 1 | Step 15820/11932 | Loss 2.6373 | LR 7.01e-07 | samples_seen=369408
2026-05-16 08:01:34,916  INFO  Epoch 1 | Step 15820/11932 | Loss 0.0607 | LR 7.01e-07 | samples_seen=369416
2026-05-16 08:01:36,066  INFO  Epoch 1 | Step 15820/11932 | Loss 0.0479 | LR 7.01e-07 | samples_seen=369424
2026-05-16 08:01:37,340  INFO  Epoch 1 | Step 15820/11932 | Loss 0.0657 | LR 7.01e-07 | samples_seen=369432
2026-05-16 08:02:08,187  INFO  Epoch 1 | Step 15830/11932 | Loss 2.6519 | LR 7.11e-07 | samples_seen=369728
2026-05-16 08:02:08,939  INFO  Epoch 1 | Step 15830/11932 | Loss 0.0504 | LR 7.11e-07 | samples_seen=369736
2026-05-16 08:02:09,866  INFO  Epoch 1 | Step 15830/11932 | Loss 0.0387 | LR 7.11e-07 | samples_seen=369744
2026-05-16 08:02:10,800  INFO  Epoch 1 | Step 15830/11932 | Loss 0.0409 | LR 7.11e-07 | samples_seen=369752
2026-05-16 08:02:40,894  INFO  Epoch 1 | Step 15840/11932 | Loss 2.6160 | LR 7.21e-07 | samples_seen=370048
2026-05-16 08:02:41,956  INFO  Epoch 1 | Step 15840/11932 | Loss 0.0486 | LR 7.21e-07 | samples_seen=370056
2026-05-16 08:02:42,625  INFO  Epoch 1 | Step 15840/11932 | Loss 0.0569 | LR 7.21e-07 | samples_seen=370064
2026-05-16 08:02:43,084  INFO  Epoch 1 | Step 15840/11932 | Loss 0.0837 | LR 7.21e-07 | samples_seen=370072
2026-05-16 08:03:15,669  INFO  Epoch 1 | Step 15850/11932 | Loss 2.5163 | LR 7.31e-07 | samples_seen=370368
2026-05-16 08:03:16,774  INFO  Epoch 1 | Step 15850/11932 | Loss 0.0888 | LR 7.31e-07 | samples_seen=370376
2026-05-16 08:03:17,833  INFO  Epoch 1 | Step 15850/11932 | Loss 0.0361 | LR 7.31e-07 | samples_seen=370384
2026-05-16 08:03:19,037  INFO  Epoch 1 | Step 15850/11932 | Loss 0.1069 | LR 7.31e-07 | samples_seen=370392
2026-05-16 08:03:52,270  INFO  Epoch 1 | Step 15860/11932 | Loss 2.5573 | LR 7.42e-07 | samples_seen=370688
2026-05-16 08:03:53,166  INFO  Epoch 1 | Step 15860/11932 | Loss 0.0405 | LR 7.42e-07 | samples_seen=370696
2026-05-16 08:03:53,774  INFO  Epoch 1 | Step 15860/11932 | Loss 0.0690 | LR 7.42e-07 | samples_seen=370704
2026-05-16 08:03:54,414  INFO  Epoch 1 | Step 15860/11932 | Loss 0.0625 | LR 7.42e-07 | samples_seen=370712
2026-05-16 08:04:27,205  INFO  Epoch 1 | Step 15870/11932 | Loss 2.5805 | LR 7.52e-07 | samples_seen=371008
2026-05-16 08:04:28,233  INFO  Epoch 1 | Step 15870/11932 | Loss 0.0826 | LR 7.52e-07 | samples_seen=371016
2026-05-16 08:04:29,362  INFO  Epoch 1 | Step 15870/11932 | Loss 0.0824 | LR 7.52e-07 | samples_seen=371024
2026-05-16 08:04:30,825  INFO  Epoch 1 | Step 15870/11932 | Loss 0.0521 | LR 7.52e-07 | samples_seen=371032
2026-05-16 08:05:01,641  INFO  Epoch 1 | Step 15880/11932 | Loss 2.4263 | LR 7.62e-07 | samples_seen=371328
2026-05-16 08:05:02,532  INFO  Epoch 1 | Step 15880/11932 | Loss 0.0533 | LR 7.62e-07 | samples_seen=371336
2026-05-16 08:05:03,269  INFO  Epoch 1 | Step 15880/11932 | Loss 0.0517 | LR 7.62e-07 | samples_seen=371344
2026-05-16 08:05:03,736  INFO  Epoch 1 | Step 15880/11932 | Loss 0.0883 | LR 7.62e-07 | samples_seen=371352
2026-05-16 08:05:31,517  INFO  Epoch 1 | Step 15890/11932 | Loss 2.5490 | LR 7.73e-07 | samples_seen=371648
2026-05-16 08:05:31,926  INFO  Epoch 1 | Step 15890/11932 | Loss 0.0905 | LR 7.73e-07 | samples_seen=371656
2026-05-16 08:05:32,414  INFO  Epoch 1 | Step 15890/11932 | Loss 0.0853 | LR 7.73e-07 | samples_seen=371664
2026-05-16 08:05:33,221  INFO  Epoch 1 | Step 15890/11932 | Loss 0.0505 | LR 7.73e-07 | samples_seen=371672
2026-05-16 08:06:05,326  INFO  Epoch 1 | Step 15900/11932 | Loss 2.6526 | LR 7.83e-07 | samples_seen=371968
2026-05-16 08:06:05,869  INFO  Epoch 1 | Step 15900/11932 | Loss 0.0783 | LR 7.83e-07 | samples_seen=371976
2026-05-16 08:06:06,922  INFO  Epoch 1 | Step 15900/11932 | Loss 0.0669 | LR 7.83e-07 | samples_seen=371984
2026-05-16 08:06:07,584  INFO  Epoch 1 | Step 15900/11932 | Loss 0.0901 | LR 7.83e-07 | samples_seen=371992
2026-05-16 08:06:39,951  INFO  Epoch 1 | Step 15910/11932 | Loss 2.5527 | LR 7.94e-07 | samples_seen=372288
2026-05-16 08:06:40,666  INFO  Epoch 1 | Step 15910/11932 | Loss 0.0480 | LR 7.94e-07 | samples_seen=372296
2026-05-16 08:06:40,947  INFO  Epoch 1 | Step 15910/11932 | Loss 0.0662 | LR 7.94e-07 | samples_seen=372304
2026-05-16 08:06:41,749  INFO  Epoch 1 | Step 15910/11932 | Loss 0.0474 | LR 7.94e-07 | samples_seen=372312
2026-05-16 08:07:13,538  INFO  Epoch 1 | Step 15920/11932 | Loss 2.3636 | LR 8.04e-07 | samples_seen=372608
2026-05-16 08:07:14,899  INFO  Epoch 1 | Step 15920/11932 | Loss 0.0582 | LR 8.04e-07 | samples_seen=372616
2026-05-16 08:07:15,784  INFO  Epoch 1 | Step 15920/11932 | Loss 0.0752 | LR 8.04e-07 | samples_seen=372624
2026-05-16 08:07:16,879  INFO  Epoch 1 | Step 15920/11932 | Loss 0.0614 | LR 8.04e-07 | samples_seen=372632
2026-05-16 08:07:48,771  INFO  Epoch 1 | Step 15930/11932 | Loss 2.4409 | LR 8.15e-07 | samples_seen=372928
2026-05-16 08:07:49,732  INFO  Epoch 1 | Step 15930/11932 | Loss 0.0446 | LR 8.15e-07 | samples_seen=372936
2026-05-16 08:07:51,139  INFO  Epoch 1 | Step 15930/11932 | Loss 0.0909 | LR 8.15e-07 | samples_seen=372944
2026-05-16 08:07:51,658  INFO  Epoch 1 | Step 15930/11932 | Loss 0.0862 | LR 8.15e-07 | samples_seen=372952
2026-05-16 08:08:23,090  INFO  Epoch 1 | Step 15940/11932 | Loss 2.3873 | LR 8.26e-07 | samples_seen=373248
2026-05-16 08:08:24,545  INFO  Epoch 1 | Step 15940/11932 | Loss 0.0627 | LR 8.26e-07 | samples_seen=373256
2026-05-16 08:08:25,520  INFO  Epoch 1 | Step 15940/11932 | Loss 0.0555 | LR 8.26e-07 | samples_seen=373264
2026-05-16 08:08:25,795  INFO  Epoch 1 | Step 15940/11932 | Loss 0.1065 | LR 8.26e-07 | samples_seen=373272
2026-05-16 08:08:55,595  INFO  Epoch 1 | Step 15950/11932 | Loss 2.4528 | LR 8.37e-07 | samples_seen=373568
2026-05-16 08:08:56,327  INFO  Epoch 1 | Step 15950/11932 | Loss 0.0806 | LR 8.37e-07 | samples_seen=373576
2026-05-16 08:08:57,567  INFO  Epoch 1 | Step 15950/11932 | Loss 0.0715 | LR 8.37e-07 | samples_seen=373584
2026-05-16 08:08:58,125  INFO  Epoch 1 | Step 15950/11932 | Loss 0.0787 | LR 8.37e-07 | samples_seen=373592
2026-05-16 08:09:28,974  INFO  Epoch 1 | Step 15960/11932 | Loss 2.4518 | LR 8.48e-07 | samples_seen=373888
2026-05-16 08:09:29,718  INFO  Epoch 1 | Step 15960/11932 | Loss 0.0369 | LR 8.48e-07 | samples_seen=373896
2026-05-16 08:09:30,650  INFO  Epoch 1 | Step 15960/11932 | Loss 0.0857 | LR 8.48e-07 | samples_seen=373904
2026-05-16 08:09:31,761  INFO  Epoch 1 | Step 15960/11932 | Loss 0.0602 | LR 8.48e-07 | samples_seen=373912
2026-05-16 08:10:01,915  INFO  Epoch 1 | Step 15970/11932 | Loss 2.3310 | LR 8.59e-07 | samples_seen=374208
2026-05-16 08:10:02,828  INFO  Epoch 1 | Step 15970/11932 | Loss 0.0411 | LR 8.59e-07 | samples_seen=374216
2026-05-16 08:10:03,874  INFO  Epoch 1 | Step 15970/11932 | Loss 0.0487 | LR 8.59e-07 | samples_seen=374224
2026-05-16 08:10:04,304  INFO  Epoch 1 | Step 15970/11932 | Loss 0.0872 | LR 8.59e-07 | samples_seen=374232
2026-05-16 08:10:32,634  INFO  Epoch 1 | Step 15980/11932 | Loss 2.3030 | LR 8.70e-07 | samples_seen=374528
2026-05-16 08:10:33,052  INFO  Epoch 1 | Step 15980/11932 | Loss 0.1032 | LR 8.70e-07 | samples_seen=374536
2026-05-16 08:10:34,092  INFO  Epoch 1 | Step 15980/11932 | Loss 0.0482 | LR 8.70e-07 | samples_seen=374544
2026-05-16 08:10:34,697  INFO  Epoch 1 | Step 15980/11932 | Loss 0.0766 | LR 8.70e-07 | samples_seen=374552
2026-05-16 08:11:04,786  INFO  Epoch 1 | Step 15990/11932 | Loss 2.5431 | LR 8.81e-07 | samples_seen=374848
2026-05-16 08:11:05,203  INFO  Epoch 1 | Step 15990/11932 | Loss 0.1174 | LR 8.81e-07 | samples_seen=374856
2026-05-16 08:11:05,894  INFO  Epoch 1 | Step 15990/11932 | Loss 0.0711 | LR 8.81e-07 | samples_seen=374864
2026-05-16 08:11:06,547  INFO  Epoch 1 | Step 15990/11932 | Loss 0.0485 | LR 8.81e-07 | samples_seen=374872
2026-05-16 08:11:37,367  INFO  Epoch 1 | Step 16000/11932 | Loss 2.2923 | LR 8.92e-07 | samples_seen=375168
2026-05-16 08:11:37,922  INFO  Epoch 1 | Step 16000/11932 | Loss 0.0444 | LR 8.92e-07 | samples_seen=375176
2026-05-16 08:11:38,825  INFO  Epoch 1 | Step 16000/11932 | Loss 0.0586 | LR 8.92e-07 | samples_seen=375184
2026-05-16 08:11:39,573  INFO  Epoch 1 | Step 16000/11932 | Loss 0.0451 | LR 8.92e-07 | samples_seen=375192
2026-05-16 08:12:12,840  INFO  Epoch 1 | Step 16010/11932 | Loss 2.3138 | LR 9.03e-07 | samples_seen=375488
2026-05-16 08:12:13,465  INFO  Epoch 1 | Step 16010/11932 | Loss 0.0401 | LR 9.03e-07 | samples_seen=375496
2026-05-16 08:12:14,660  INFO  Epoch 1 | Step 16010/11932 | Loss 0.0403 | LR 9.03e-07 | samples_seen=375504
2026-05-16 08:12:15,297  INFO  Epoch 1 | Step 16010/11932 | Loss 0.0544 | LR 9.03e-07 | samples_seen=375512
2026-05-16 08:12:46,591  INFO  Epoch 1 | Step 16020/11932 | Loss 2.4811 | LR 9.15e-07 | samples_seen=375808
2026-05-16 08:12:47,089  INFO  Epoch 1 | Step 16020/11932 | Loss 0.0728 | LR 9.15e-07 | samples_seen=375816
2026-05-16 08:12:48,561  INFO  Epoch 1 | Step 16020/11932 | Loss 0.0551 | LR 9.15e-07 | samples_seen=375824
2026-05-16 08:12:49,205  INFO  Epoch 1 | Step 16020/11932 | Loss 0.0619 | LR 9.15e-07 | samples_seen=375832
2026-05-16 08:13:19,675  INFO  Epoch 1 | Step 16030/11932 | Loss 2.4121 | LR 9.26e-07 | samples_seen=376128
2026-05-16 08:13:20,225  INFO  Epoch 1 | Step 16030/11932 | Loss 0.0703 | LR 9.26e-07 | samples_seen=376136
2026-05-16 08:13:21,348  INFO  Epoch 1 | Step 16030/11932 | Loss 0.0645 | LR 9.26e-07 | samples_seen=376144
2026-05-16 08:13:22,816  INFO  Epoch 1 | Step 16030/11932 | Loss 0.0497 | LR 9.26e-07 | samples_seen=376152
2026-05-16 08:13:56,895  INFO  Epoch 1 | Step 16040/11932 | Loss 2.4916 | LR 9.37e-07 | samples_seen=376448
2026-05-16 08:13:57,438  INFO  Epoch 1 | Step 16040/11932 | Loss 0.0455 | LR 9.37e-07 | samples_seen=376456
2026-05-16 08:13:58,086  INFO  Epoch 1 | Step 16040/11932 | Loss 0.0701 | LR 9.37e-07 | samples_seen=376464
2026-05-16 08:13:58,959  INFO  Epoch 1 | Step 16040/11932 | Loss 0.0836 | LR 9.37e-07 | samples_seen=376472
2026-05-16 08:14:29,992  INFO  Epoch 1 | Step 16050/11932 | Loss 2.5486 | LR 9.49e-07 | samples_seen=376768
2026-05-16 08:14:31,001  INFO  Epoch 1 | Step 16050/11932 | Loss 0.0653 | LR 9.49e-07 | samples_seen=376776
2026-05-16 08:14:31,782  INFO  Epoch 1 | Step 16050/11932 | Loss 0.0410 | LR 9.49e-07 | samples_seen=376784
2026-05-16 08:14:32,455  INFO  Epoch 1 | Step 16050/11932 | Loss 0.0370 | LR 9.49e-07 | samples_seen=376792
2026-05-16 08:15:03,561  INFO  Epoch 1 | Step 16060/11932 | Loss 2.5548 | LR 9.60e-07 | samples_seen=377088
2026-05-16 08:15:04,344  INFO  Epoch 1 | Step 16060/11932 | Loss 0.0614 | LR 9.60e-07 | samples_seen=377096
2026-05-16 08:15:04,866  INFO  Epoch 1 | Step 16060/11932 | Loss 0.0783 | LR 9.60e-07 | samples_seen=377104
2026-05-16 08:15:05,428  INFO  Epoch 1 | Step 16060/11932 | Loss 0.0710 | LR 9.60e-07 | samples_seen=377112
2026-05-16 08:15:37,386  INFO  Epoch 1 | Step 16070/11932 | Loss 2.5116 | LR 9.72e-07 | samples_seen=377408
2026-05-16 08:15:38,167  INFO  Epoch 1 | Step 16070/11932 | Loss 0.0445 | LR 9.72e-07 | samples_seen=377416
2026-05-16 08:15:39,092  INFO  Epoch 1 | Step 16070/11932 | Loss 0.0507 | LR 9.72e-07 | samples_seen=377424
2026-05-16 08:15:40,071  INFO  Epoch 1 | Step 16070/11932 | Loss 0.0766 | LR 9.72e-07 | samples_seen=377432
2026-05-16 08:16:11,528  INFO  Epoch 1 | Step 16080/11932 | Loss 2.4194 | LR 9.84e-07 | samples_seen=377728
2026-05-16 08:16:12,172  INFO  Epoch 1 | Step 16080/11932 | Loss 0.0334 | LR 9.84e-07 | samples_seen=377736
2026-05-16 08:16:12,971  INFO  Epoch 1 | Step 16080/11932 | Loss 0.0470 | LR 9.84e-07 | samples_seen=377744
2026-05-16 08:16:13,853  INFO  Epoch 1 | Step 16080/11932 | Loss 0.0452 | LR 9.84e-07 | samples_seen=377752
2026-05-16 08:16:43,907  INFO  Epoch 1 | Step 16090/11932 | Loss 2.2807 | LR 9.96e-07 | samples_seen=378048
2026-05-16 08:16:45,057  INFO  Epoch 1 | Step 16090/11932 | Loss 0.0603 | LR 9.96e-07 | samples_seen=378056
2026-05-16 08:16:46,067  INFO  Epoch 1 | Step 16090/11932 | Loss 0.0560 | LR 9.96e-07 | samples_seen=378064
2026-05-16 08:16:46,789  INFO  Epoch 1 | Step 16090/11932 | Loss 0.0590 | LR 9.96e-07 | samples_seen=378072
2026-05-16 08:17:19,929  INFO  Epoch 1 | Step 16100/11932 | Loss 2.4027 | LR 1.01e-06 | samples_seen=378368
2026-05-16 08:17:20,372  INFO  Epoch 1 | Step 16100/11932 | Loss 0.0838 | LR 1.01e-06 | samples_seen=378376
2026-05-16 08:17:21,125  INFO  Epoch 1 | Step 16100/11932 | Loss 0.0641 | LR 1.01e-06 | samples_seen=378384
2026-05-16 08:17:22,376  INFO  Epoch 1 | Step 16100/11932 | Loss 0.0705 | LR 1.01e-06 | samples_seen=378392
2026-05-16 08:17:51,968  INFO  Epoch 1 | Step 16110/11932 | Loss 2.4772 | LR 1.02e-06 | samples_seen=378688
2026-05-16 08:17:52,557  INFO  Epoch 1 | Step 16110/11932 | Loss 0.0545 | LR 1.02e-06 | samples_seen=378696
2026-05-16 08:17:53,541  INFO  Epoch 1 | Step 16110/11932 | Loss 0.0634 | LR 1.02e-06 | samples_seen=378704
2026-05-16 08:17:54,326  INFO  Epoch 1 | Step 16110/11932 | Loss 0.0483 | LR 1.02e-06 | samples_seen=378712
2026-05-16 08:18:25,791  INFO  Epoch 1 | Step 16120/11932 | Loss 2.3645 | LR 1.03e-06 | samples_seen=379008
2026-05-16 08:18:26,467  INFO  Epoch 1 | Step 16120/11932 | Loss 0.0605 | LR 1.03e-06 | samples_seen=379016
2026-05-16 08:18:27,357  INFO  Epoch 1 | Step 16120/11932 | Loss 0.0865 | LR 1.03e-06 | samples_seen=379024
2026-05-16 08:18:28,542  INFO  Epoch 1 | Step 16120/11932 | Loss 0.0538 | LR 1.03e-06 | samples_seen=379032
2026-05-16 08:19:01,904  INFO  Epoch 1 | Step 16130/11932 | Loss 2.4670 | LR 1.04e-06 | samples_seen=379328
2026-05-16 08:19:03,031  INFO  Epoch 1 | Step 16130/11932 | Loss 0.0595 | LR 1.04e-06 | samples_seen=379336
2026-05-16 08:19:03,778  INFO  Epoch 1 | Step 16130/11932 | Loss 0.0681 | LR 1.04e-06 | samples_seen=379344
2026-05-16 08:19:04,955  INFO  Epoch 1 | Step 16130/11932 | Loss 0.0507 | LR 1.04e-06 | samples_seen=379352
2026-05-16 08:19:39,791  INFO  Epoch 1 | Step 16140/11932 | Loss 2.4058 | LR 1.06e-06 | samples_seen=379648
2026-05-16 08:19:40,506  INFO  Epoch 1 | Step 16140/11932 | Loss 0.0366 | LR 1.06e-06 | samples_seen=379656
2026-05-16 08:19:41,053  INFO  Epoch 1 | Step 16140/11932 | Loss 0.0861 | LR 1.06e-06 | samples_seen=379664
2026-05-16 08:19:42,218  INFO  Epoch 1 | Step 16140/11932 | Loss 0.0388 | LR 1.06e-06 | samples_seen=379672
2026-05-16 08:20:12,750  INFO  Epoch 1 | Step 16150/11932 | Loss 2.5376 | LR 1.07e-06 | samples_seen=379968
2026-05-16 08:20:13,636  INFO  Epoch 1 | Step 16150/11932 | Loss 0.0502 | LR 1.07e-06 | samples_seen=379976
2026-05-16 08:20:14,099  INFO  Epoch 1 | Step 16150/11932 | Loss 0.0821 | LR 1.07e-06 | samples_seen=379984
2026-05-16 08:20:15,015  INFO  Epoch 1 | Step 16150/11932 | Loss 0.0513 | LR 1.07e-06 | samples_seen=379992
2026-05-16 08:20:45,764  INFO  Epoch 1 | Step 16160/11932 | Loss 2.4737 | LR 1.08e-06 | samples_seen=380288
2026-05-16 08:20:46,271  INFO  Epoch 1 | Step 16160/11932 | Loss 0.0748 | LR 1.08e-06 | samples_seen=380296
2026-05-16 08:20:46,878  INFO  Epoch 1 | Step 16160/11932 | Loss 0.0476 | LR 1.08e-06 | samples_seen=380304
2026-05-16 08:20:47,995  INFO  Epoch 1 | Step 16160/11932 | Loss 0.0651 | LR 1.08e-06 | samples_seen=380312
2026-05-16 08:21:21,354  INFO  Epoch 1 | Step 16170/11932 | Loss 2.4625 | LR 1.09e-06 | samples_seen=380608
2026-05-16 08:21:22,189  INFO  Epoch 1 | Step 16170/11932 | Loss 0.0439 | LR 1.09e-06 | samples_seen=380616
2026-05-16 08:21:22,945  INFO  Epoch 1 | Step 16170/11932 | Loss 0.0527 | LR 1.09e-06 | samples_seen=380624
2026-05-16 08:21:23,830  INFO  Epoch 1 | Step 16170/11932 | Loss 0.0533 | LR 1.09e-06 | samples_seen=380632
2026-05-16 08:21:59,201  INFO  Epoch 1 | Step 16180/11932 | Loss 2.6129 | LR 1.10e-06 | samples_seen=380928
2026-05-16 08:21:59,645  INFO  Epoch 1 | Step 16180/11932 | Loss 0.0767 | LR 1.10e-06 | samples_seen=380936
2026-05-16 08:22:00,134  INFO  Epoch 1 | Step 16180/11932 | Loss 0.0364 | LR 1.10e-06 | samples_seen=380944
2026-05-16 08:22:01,323  INFO  Epoch 1 | Step 16180/11932 | Loss 0.1041 | LR 1.10e-06 | samples_seen=380952
2026-05-16 08:22:33,846  INFO  Epoch 1 | Step 16190/11932 | Loss 2.4478 | LR 1.12e-06 | samples_seen=381248
2026-05-16 08:22:34,438  INFO  Epoch 1 | Step 16190/11932 | Loss 0.0442 | LR 1.12e-06 | samples_seen=381256
2026-05-16 08:22:35,006  INFO  Epoch 1 | Step 16190/11932 | Loss 0.0725 | LR 1.12e-06 | samples_seen=381264
2026-05-16 08:22:35,910  INFO  Epoch 1 | Step 16190/11932 | Loss 0.0617 | LR 1.12e-06 | samples_seen=381272
2026-05-16 08:23:07,161  INFO  Epoch 1 | Step 16200/11932 | Loss 2.6003 | LR 1.13e-06 | samples_seen=381568
2026-05-16 08:23:08,031  INFO  Epoch 1 | Step 16200/11932 | Loss 0.0417 | LR 1.13e-06 | samples_seen=381576
2026-05-16 08:23:09,433  INFO  Epoch 1 | Step 16200/11932 | Loss 0.0804 | LR 1.13e-06 | samples_seen=381584
2026-05-16 08:23:09,967  INFO  Epoch 1 | Step 16200/11932 | Loss 0.0546 | LR 1.13e-06 | samples_seen=381592
2026-05-16 08:23:33,824  INFO  Epoch 1 DONE | Avg Loss 0.6695 | Time 10h 29m 48s | samples_seen=381824
2026-05-16 08:27:10,481  INFO  Checkpoint saved → ../checkpoints/stage2_h100/epoch1_final | global_step=16208 | samples_seen=381824
2026-05-16 08:27:10,482  INFO  Stage 2 H100 complete. Total: 10h 33m 25s
