2026-05-15 16:44:45,209  INFO  Loading parquet: ../data/visualwebinstruct/mixed_conversation.parquet
2026-05-15 16:44:51,231  INFO  After single-image filter: 381829 samples
2026-05-15 16:47:17,742  INFO  After image-exists filter: 381827 samples
2026-05-15 16:47:18,706  INFO  Dataset ready: 381827 samples
2026-05-15 16:47:21,766  INFO  Epoch 1 | Step 2500/23865 | Loss 0.0314 | LR 0.00e+00 | samples_seen=2
2026-05-15 16:47:22,573  INFO  Epoch 1 | Step 2500/23865 | Loss 0.1329 | LR 0.00e+00 | samples_seen=4
2026-05-15 16:47:23,399  INFO  Epoch 1 | Step 2500/23865 | Loss 0.0806 | LR 0.00e+00 | samples_seen=6
2026-05-15 16:47:24,211  INFO  Epoch 1 | Step 2500/23865 | Loss 0.0469 | LR 0.00e+00 | samples_seen=8
2026-05-15 16:47:25,029  INFO  Epoch 1 | Step 2500/23865 | Loss 0.0413 | LR 0.00e+00 | samples_seen=10
2026-05-15 16:47:25,839  INFO  Epoch 1 | Step 2500/23865 | Loss 0.0204 | LR 0.00e+00 | samples_seen=12
2026-05-15 16:47:26,650  INFO  Epoch 1 | Step 2500/23865 | Loss 0.0775 | LR 0.00e+00 | samples_seen=14
2026-05-15 16:48:29,497  INFO  Epoch 1 | Step 2510/23865 | Loss 5.6516 | LR 2.80e-07 | samples_seen=160
2026-05-15 16:48:30,333  INFO  Epoch 1 | Step 2510/23865 | Loss 0.0540 | LR 2.80e-07 | samples_seen=162
2026-05-15 16:48:31,167  INFO  Epoch 1 | Step 2510/23865 | Loss 0.1252 | LR 2.80e-07 | samples_seen=164
2026-05-15 16:48:32,077  INFO  Epoch 1 | Step 2510/23865 | Loss 0.0258 | LR 2.80e-07 | samples_seen=166
2026-05-15 16:48:32,904  INFO  Epoch 1 | Step 2510/23865 | Loss 0.0710 | LR 2.80e-07 | samples_seen=168
2026-05-15 16:48:33,738  INFO  Epoch 1 | Step 2510/23865 | Loss 0.1293 | LR 2.80e-07 | samples_seen=170
2026-05-15 16:48:34,571  INFO  Epoch 1 | Step 2510/23865 | Loss 0.1056 | LR 2.80e-07 | samples_seen=172
2026-05-15 16:48:35,422  INFO  Epoch 1 | Step 2510/23865 | Loss 0.0287 | LR 2.80e-07 | samples_seen=174
2026-05-15 16:49:39,877  INFO  Epoch 1 | Step 2520/23865 | Loss 5.7279 | LR 5.59e-07 | samples_seen=320
2026-05-15 16:49:40,703  INFO  Epoch 1 | Step 2520/23865 | Loss 0.0455 | LR 5.59e-07 | samples_seen=322
2026-05-15 16:49:41,549  INFO  Epoch 1 | Step 2520/23865 | Loss 0.0513 | LR 5.59e-07 | samples_seen=324
2026-05-15 16:49:42,413  INFO  Epoch 1 | Step 2520/23865 | Loss 0.0269 | LR 5.59e-07 | samples_seen=326
2026-05-15 16:49:43,262  INFO  Epoch 1 | Step 2520/23865 | Loss 0.0829 | LR 5.59e-07 | samples_seen=328
2026-05-15 16:49:44,108  INFO  Epoch 1 | Step 2520/23865 | Loss 0.1144 | LR 5.59e-07 | samples_seen=330
2026-05-15 16:49:44,987  INFO  Epoch 1 | Step 2520/23865 | Loss 0.0643 | LR 5.59e-07 | samples_seen=332
2026-05-15 16:49:45,842  INFO  Epoch 1 | Step 2520/23865 | Loss 0.1093 | LR 5.59e-07 | samples_seen=334
2026-05-15 16:50:50,545  INFO  Epoch 1 | Step 2530/23865 | Loss 5.5153 | LR 8.39e-07 | samples_seen=480
2026-05-15 16:50:51,354  INFO  Epoch 1 | Step 2530/23865 | Loss 0.1218 | LR 8.39e-07 | samples_seen=482
2026-05-15 16:50:52,251  INFO  Epoch 1 | Step 2530/23865 | Loss 0.0741 | LR 8.39e-07 | samples_seen=484
2026-05-15 16:50:53,135  INFO  Epoch 1 | Step 2530/23865 | Loss 0.0811 | LR 8.39e-07 | samples_seen=486
2026-05-15 16:50:53,979  INFO  Epoch 1 | Step 2530/23865 | Loss 0.1369 | LR 8.39e-07 | samples_seen=488
2026-05-15 16:50:54,874  INFO  Epoch 1 | Step 2530/23865 | Loss 0.0367 | LR 8.39e-07 | samples_seen=490
2026-05-15 16:50:55,717  INFO  Epoch 1 | Step 2530/23865 | Loss 0.0801 | LR 8.39e-07 | samples_seen=492
2026-05-15 16:50:56,591  INFO  Epoch 1 | Step 2530/23865 | Loss 0.0571 | LR 8.39e-07 | samples_seen=494
2026-05-15 16:52:01,755  INFO  Epoch 1 | Step 2540/23865 | Loss 5.0799 | LR 1.12e-06 | samples_seen=640
2026-05-15 16:52:02,600  INFO  Epoch 1 | Step 2540/23865 | Loss 0.0855 | LR 1.12e-06 | samples_seen=642
2026-05-15 16:52:03,473  INFO  Epoch 1 | Step 2540/23865 | Loss 0.0556 | LR 1.12e-06 | samples_seen=644
2026-05-15 16:52:04,341  INFO  Epoch 1 | Step 2540/23865 | Loss 0.0408 | LR 1.12e-06 | samples_seen=646
2026-05-15 16:52:05,222  INFO  Epoch 1 | Step 2540/23865 | Loss 0.0948 | LR 1.12e-06 | samples_seen=648
2026-05-15 16:52:06,107  INFO  Epoch 1 | Step 2540/23865 | Loss 0.0321 | LR 1.12e-06 | samples_seen=650
2026-05-15 16:52:06,992  INFO  Epoch 1 | Step 2540/23865 | Loss 0.1305 | LR 1.12e-06 | samples_seen=652
2026-05-15 16:52:07,837  INFO  Epoch 1 | Step 2540/23865 | Loss 0.1074 | LR 1.12e-06 | samples_seen=654
2026-05-15 16:53:13,045  INFO  Epoch 1 | Step 2550/23865 | Loss 5.8391 | LR 1.40e-06 | samples_seen=800
2026-05-15 16:53:13,861  INFO  Epoch 1 | Step 2550/23865 | Loss 0.0488 | LR 1.40e-06 | samples_seen=802
2026-05-15 16:53:14,719  INFO  Epoch 1 | Step 2550/23865 | Loss 0.0822 | LR 1.40e-06 | samples_seen=804
2026-05-15 16:53:15,593  INFO  Epoch 1 | Step 2550/23865 | Loss 0.0809 | LR 1.40e-06 | samples_seen=806
2026-05-15 16:53:16,468  INFO  Epoch 1 | Step 2550/23865 | Loss 0.0418 | LR 1.40e-06 | samples_seen=808
2026-05-15 16:53:17,365  INFO  Epoch 1 | Step 2550/23865 | Loss 0.0392 | LR 1.40e-06 | samples_seen=810
2026-05-15 16:53:18,241  INFO  Epoch 1 | Step 2550/23865 | Loss 0.0315 | LR 1.40e-06 | samples_seen=812
2026-05-15 16:53:19,143  INFO  Epoch 1 | Step 2550/23865 | Loss 0.0610 | LR 1.40e-06 | samples_seen=814
2026-05-15 16:54:24,320  INFO  Epoch 1 | Step 2560/23865 | Loss 5.5366 | LR 1.68e-06 | samples_seen=960
2026-05-15 16:54:25,121  INFO  Epoch 1 | Step 2560/23865 | Loss 0.1382 | LR 1.68e-06 | samples_seen=962
2026-05-15 16:54:26,048  INFO  Epoch 1 | Step 2560/23865 | Loss 0.0767 | LR 1.68e-06 | samples_seen=964
2026-05-15 16:54:27,091  INFO  Epoch 1 | Step 2560/23865 | Loss 0.0492 | LR 1.68e-06 | samples_seen=966
2026-05-15 16:54:27,966  INFO  Epoch 1 | Step 2560/23865 | Loss 0.0435 | LR 1.68e-06 | samples_seen=968
2026-05-15 16:54:28,854  INFO  Epoch 1 | Step 2560/23865 | Loss 0.0510 | LR 1.68e-06 | samples_seen=970
2026-05-15 16:54:29,741  INFO  Epoch 1 | Step 2560/23865 | Loss 0.0969 | LR 1.68e-06 | samples_seen=972
2026-05-15 16:54:30,613  INFO  Epoch 1 | Step 2560/23865 | Loss 0.0375 | LR 1.68e-06 | samples_seen=974
2026-05-15 16:55:35,790  INFO  Epoch 1 | Step 2570/23865 | Loss 4.9024 | LR 1.96e-06 | samples_seen=1120
2026-05-15 16:55:36,621  INFO  Epoch 1 | Step 2570/23865 | Loss 0.0545 | LR 1.96e-06 | samples_seen=1122
2026-05-15 16:55:37,471  INFO  Epoch 1 | Step 2570/23865 | Loss 0.1215 | LR 1.96e-06 | samples_seen=1124
2026-05-15 16:55:38,358  INFO  Epoch 1 | Step 2570/23865 | Loss 0.0484 | LR 1.96e-06 | samples_seen=1126
2026-05-15 16:55:39,209  INFO  Epoch 1 | Step 2570/23865 | Loss 0.0883 | LR 1.96e-06 | samples_seen=1128
2026-05-15 16:55:40,083  INFO  Epoch 1 | Step 2570/23865 | Loss 0.0471 | LR 1.96e-06 | samples_seen=1130
2026-05-15 16:55:40,954  INFO  Epoch 1 | Step 2570/23865 | Loss 0.0896 | LR 1.96e-06 | samples_seen=1132
2026-05-15 16:55:41,827  INFO  Epoch 1 | Step 2570/23865 | Loss 0.0985 | LR 1.96e-06 | samples_seen=1134
2026-05-15 16:56:46,830  INFO  Epoch 1 | Step 2580/23865 | Loss 5.5054 | LR 2.24e-06 | samples_seen=1280
2026-05-15 16:56:47,675  INFO  Epoch 1 | Step 2580/23865 | Loss 0.2344 | LR 2.24e-06 | samples_seen=1282
2026-05-15 16:56:48,521  INFO  Epoch 1 | Step 2580/23865 | Loss 0.1088 | LR 2.24e-06 | samples_seen=1284
2026-05-15 16:56:49,412  INFO  Epoch 1 | Step 2580/23865 | Loss 0.0288 | LR 2.24e-06 | samples_seen=1286
2026-05-15 16:56:50,271  INFO  Epoch 1 | Step 2580/23865 | Loss 0.0702 | LR 2.24e-06 | samples_seen=1288
2026-05-15 16:56:51,130  INFO  Epoch 1 | Step 2580/23865 | Loss 0.0881 | LR 2.24e-06 | samples_seen=1290
2026-05-15 16:56:51,973  INFO  Epoch 1 | Step 2580/23865 | Loss 0.1109 | LR 2.24e-06 | samples_seen=1292
2026-05-15 16:56:52,880  INFO  Epoch 1 | Step 2580/23865 | Loss 0.0499 | LR 2.24e-06 | samples_seen=1294
2026-05-15 16:58:04,074  INFO  Loading parquet: ../data/visualwebinstruct/mixed_conversation.parquet
2026-05-15 16:58:09,950  INFO  After single-image filter: 381829 samples
2026-05-15 17:00:38,475  INFO  After image-exists filter: 381827 samples
2026-05-15 17:00:39,449  INFO  Dataset ready: 381827 samples
2026-05-15 17:05:10,023  INFO  Loading parquet: ../data/visualwebinstruct/mixed_conversation.parquet
2026-05-15 17:05:15,919  INFO  After single-image filter: 381829 samples
2026-05-15 17:07:46,520  INFO  After image-exists filter: 381827 samples
2026-05-15 17:07:47,496  INFO  Dataset ready: 381827 samples
2026-05-15 17:07:50,313  INFO  Epoch 1 | Step 2500/23865 | Loss 0.0315 | LR 0.00e+00 | samples_seen=2
2026-05-15 17:07:50,593  INFO  Epoch 1 | Step 2500/23865 | Loss 0.1329 | LR 0.00e+00 | samples_seen=4
2026-05-15 17:07:51,161  INFO  Epoch 1 | Step 2500/23865 | Loss 0.0805 | LR 0.00e+00 | samples_seen=6
2026-05-15 17:07:51,657  INFO  Epoch 1 | Step 2500/23865 | Loss 0.0470 | LR 0.00e+00 | samples_seen=8
2026-05-15 17:07:52,248  INFO  Epoch 1 | Step 2500/23865 | Loss 0.0414 | LR 0.00e+00 | samples_seen=10
2026-05-15 17:07:52,640  INFO  Epoch 1 | Step 2500/23865 | Loss 0.0205 | LR 0.00e+00 | samples_seen=12
2026-05-15 17:07:53,036  INFO  Epoch 1 | Step 2500/23865 | Loss 0.0776 | LR 0.00e+00 | samples_seen=14
2026-05-15 17:08:27,105  INFO  Epoch 1 | Step 2510/23865 | Loss 5.6504 | LR 2.80e-07 | samples_seen=160
2026-05-15 17:08:27,693  INFO  Epoch 1 | Step 2510/23865 | Loss 0.0540 | LR 2.80e-07 | samples_seen=162
2026-05-15 17:08:27,950  INFO  Epoch 1 | Step 2510/23865 | Loss 0.1251 | LR 2.80e-07 | samples_seen=164
2026-05-15 17:08:28,834  INFO  Epoch 1 | Step 2510/23865 | Loss 0.0258 | LR 2.80e-07 | samples_seen=166
2026-05-15 17:08:29,073  INFO  Epoch 1 | Step 2510/23865 | Loss 0.0708 | LR 2.80e-07 | samples_seen=168
2026-05-15 17:08:29,345  INFO  Epoch 1 | Step 2510/23865 | Loss 0.1291 | LR 2.80e-07 | samples_seen=170
2026-05-15 17:08:29,635  INFO  Epoch 1 | Step 2510/23865 | Loss 0.1058 | LR 2.80e-07 | samples_seen=172
2026-05-15 17:08:30,090  INFO  Epoch 1 | Step 2510/23865 | Loss 0.0287 | LR 2.80e-07 | samples_seen=174
2026-05-15 17:09:04,580  INFO  Epoch 1 | Step 2520/23865 | Loss 5.7289 | LR 5.59e-07 | samples_seen=320
2026-05-15 17:09:05,022  INFO  Epoch 1 | Step 2520/23865 | Loss 0.0455 | LR 5.59e-07 | samples_seen=322
2026-05-15 17:09:05,350  INFO  Epoch 1 | Step 2520/23865 | Loss 0.0512 | LR 5.59e-07 | samples_seen=324
2026-05-15 17:09:05,774  INFO  Epoch 1 | Step 2520/23865 | Loss 0.0269 | LR 5.59e-07 | samples_seen=326
2026-05-15 17:09:06,068  INFO  Epoch 1 | Step 2520/23865 | Loss 0.0829 | LR 5.59e-07 | samples_seen=328
2026-05-15 17:09:06,357  INFO  Epoch 1 | Step 2520/23865 | Loss 0.1143 | LR 5.59e-07 | samples_seen=330
2026-05-15 17:09:06,951  INFO  Epoch 1 | Step 2520/23865 | Loss 0.0643 | LR 5.59e-07 | samples_seen=332
2026-05-15 17:09:07,355  INFO  Epoch 1 | Step 2520/23865 | Loss 0.1093 | LR 5.59e-07 | samples_seen=334
2026-05-15 17:09:41,611  INFO  Epoch 1 | Step 2530/23865 | Loss 5.5165 | LR 8.39e-07 | samples_seen=480
2026-05-15 17:09:41,885  INFO  Epoch 1 | Step 2530/23865 | Loss 0.1214 | LR 8.39e-07 | samples_seen=482
2026-05-15 17:09:42,626  INFO  Epoch 1 | Step 2530/23865 | Loss 0.0742 | LR 8.39e-07 | samples_seen=484
2026-05-15 17:09:43,165  INFO  Epoch 1 | Step 2530/23865 | Loss 0.0810 | LR 8.39e-07 | samples_seen=486
2026-05-15 17:09:43,435  INFO  Epoch 1 | Step 2530/23865 | Loss 0.1362 | LR 8.39e-07 | samples_seen=488
2026-05-15 17:09:44,155  INFO  Epoch 1 | Step 2530/23865 | Loss 0.0367 | LR 8.39e-07 | samples_seen=490
2026-05-15 17:09:44,446  INFO  Epoch 1 | Step 2530/23865 | Loss 0.0802 | LR 8.39e-07 | samples_seen=492
2026-05-15 17:09:44,979  INFO  Epoch 1 | Step 2530/23865 | Loss 0.0571 | LR 8.39e-07 | samples_seen=494
2026-05-15 17:10:22,078  INFO  Epoch 1 | Step 2540/23865 | Loss 5.0818 | LR 1.12e-06 | samples_seen=640
2026-05-15 17:10:22,638  INFO  Epoch 1 | Step 2540/23865 | Loss 0.0855 | LR 1.12e-06 | samples_seen=642
2026-05-15 17:10:23,172  INFO  Epoch 1 | Step 2540/23865 | Loss 0.0555 | LR 1.12e-06 | samples_seen=644
2026-05-15 17:10:23,599  INFO  Epoch 1 | Step 2540/23865 | Loss 0.0407 | LR 1.12e-06 | samples_seen=646
2026-05-15 17:10:24,147  INFO  Epoch 1 | Step 2540/23865 | Loss 0.0948 | LR 1.12e-06 | samples_seen=648
2026-05-15 17:10:24,735  INFO  Epoch 1 | Step 2540/23865 | Loss 0.0321 | LR 1.12e-06 | samples_seen=650
2026-05-15 17:10:25,333  INFO  Epoch 1 | Step 2540/23865 | Loss 0.1302 | LR 1.12e-06 | samples_seen=652
2026-05-15 17:10:25,624  INFO  Epoch 1 | Step 2540/23865 | Loss 0.1078 | LR 1.12e-06 | samples_seen=654
2026-05-15 17:11:01,777  INFO  Epoch 1 | Step 2550/23865 | Loss 5.8358 | LR 1.40e-06 | samples_seen=800
2026-05-15 17:11:02,134  INFO  Epoch 1 | Step 2550/23865 | Loss 0.0486 | LR 1.40e-06 | samples_seen=802
2026-05-15 17:11:02,499  INFO  Epoch 1 | Step 2550/23865 | Loss 0.0822 | LR 1.40e-06 | samples_seen=804
2026-05-15 17:11:02,987  INFO  Epoch 1 | Step 2550/23865 | Loss 0.0809 | LR 1.40e-06 | samples_seen=806
2026-05-15 17:11:03,443  INFO  Epoch 1 | Step 2550/23865 | Loss 0.0420 | LR 1.40e-06 | samples_seen=808
2026-05-15 17:11:04,109  INFO  Epoch 1 | Step 2550/23865 | Loss 0.0391 | LR 1.40e-06 | samples_seen=810
2026-05-15 17:11:04,593  INFO  Epoch 1 | Step 2550/23865 | Loss 0.0315 | LR 1.40e-06 | samples_seen=812
2026-05-15 17:11:05,336  INFO  Epoch 1 | Step 2550/23865 | Loss 0.0611 | LR 1.40e-06 | samples_seen=814
2026-05-15 17:11:42,359  INFO  Epoch 1 | Step 2560/23865 | Loss 5.5361 | LR 1.68e-06 | samples_seen=960
2026-05-15 17:11:42,588  INFO  Epoch 1 | Step 2560/23865 | Loss 0.1384 | LR 1.68e-06 | samples_seen=962
2026-05-15 17:11:43,455  INFO  Epoch 1 | Step 2560/23865 | Loss 0.0767 | LR 1.68e-06 | samples_seen=964
2026-05-15 17:11:44,337  INFO  Epoch 1 | Step 2560/23865 | Loss 0.0492 | LR 1.68e-06 | samples_seen=966
2026-05-15 17:11:44,838  INFO  Epoch 1 | Step 2560/23865 | Loss 0.0434 | LR 1.68e-06 | samples_seen=968
2026-05-15 17:11:45,397  INFO  Epoch 1 | Step 2560/23865 | Loss 0.0510 | LR 1.68e-06 | samples_seen=970
2026-05-15 17:11:46,003  INFO  Epoch 1 | Step 2560/23865 | Loss 0.0970 | LR 1.68e-06 | samples_seen=972
2026-05-15 17:11:46,481  INFO  Epoch 1 | Step 2560/23865 | Loss 0.0375 | LR 1.68e-06 | samples_seen=974
2026-05-15 17:12:22,928  INFO  Epoch 1 | Step 2570/23865 | Loss 4.9017 | LR 1.96e-06 | samples_seen=1120
2026-05-15 17:12:23,379  INFO  Epoch 1 | Step 2570/23865 | Loss 0.0546 | LR 1.96e-06 | samples_seen=1122
2026-05-15 17:12:23,675  INFO  Epoch 1 | Step 2570/23865 | Loss 0.1222 | LR 1.96e-06 | samples_seen=1124
2026-05-15 17:12:24,328  INFO  Epoch 1 | Step 2570/23865 | Loss 0.0483 | LR 1.96e-06 | samples_seen=1126
2026-05-15 17:12:24,680  INFO  Epoch 1 | Step 2570/23865 | Loss 0.0885 | LR 1.96e-06 | samples_seen=1128
2026-05-15 17:12:25,179  INFO  Epoch 1 | Step 2570/23865 | Loss 0.0470 | LR 1.96e-06 | samples_seen=1130
2026-05-15 17:12:25,660  INFO  Epoch 1 | Step 2570/23865 | Loss 0.0897 | LR 1.96e-06 | samples_seen=1132
2026-05-15 17:12:26,213  INFO  Epoch 1 | Step 2570/23865 | Loss 0.0985 | LR 1.96e-06 | samples_seen=1134
2026-05-15 17:13:01,564  INFO  Epoch 1 | Step 2580/23865 | Loss 5.5035 | LR 2.24e-06 | samples_seen=1280
2026-05-15 17:13:02,183  INFO  Epoch 1 | Step 2580/23865 | Loss 0.2344 | LR 2.24e-06 | samples_seen=1282
2026-05-15 17:13:02,485  INFO  Epoch 1 | Step 2580/23865 | Loss 0.1091 | LR 2.24e-06 | samples_seen=1284
2026-05-15 17:13:03,094  INFO  Epoch 1 | Step 2580/23865 | Loss 0.0287 | LR 2.24e-06 | samples_seen=1286
2026-05-15 17:13:03,523  INFO  Epoch 1 | Step 2580/23865 | Loss 0.0701 | LR 2.24e-06 | samples_seen=1288
2026-05-15 17:13:03,928  INFO  Epoch 1 | Step 2580/23865 | Loss 0.0882 | LR 2.24e-06 | samples_seen=1290
2026-05-15 17:13:04,204  INFO  Epoch 1 | Step 2580/23865 | Loss 0.1108 | LR 2.24e-06 | samples_seen=1292
2026-05-15 17:13:05,113  INFO  Epoch 1 | Step 2580/23865 | Loss 0.0499 | LR 2.24e-06 | samples_seen=1294
2026-05-15 17:13:42,469  INFO  Epoch 1 | Step 2590/23865 | Loss 5.1653 | LR 2.52e-06 | samples_seen=1440
2026-05-15 17:13:43,012  INFO  Epoch 1 | Step 2590/23865 | Loss 0.0585 | LR 2.52e-06 | samples_seen=1442
2026-05-15 17:13:43,571  INFO  Epoch 1 | Step 2590/23865 | Loss 0.0688 | LR 2.52e-06 | samples_seen=1444
2026-05-15 17:13:44,236  INFO  Epoch 1 | Step 2590/23865 | Loss 0.0777 | LR 2.52e-06 | samples_seen=1446
2026-05-15 17:13:44,545  INFO  Epoch 1 | Step 2590/23865 | Loss 0.1116 | LR 2.52e-06 | samples_seen=1448
2026-05-15 17:13:44,982  INFO  Epoch 1 | Step 2590/23865 | Loss 0.0648 | LR 2.52e-06 | samples_seen=1450
2026-05-15 17:13:45,267  INFO  Epoch 1 | Step 2590/23865 | Loss 0.0896 | LR 2.52e-06 | samples_seen=1452
2026-05-15 17:13:45,663  INFO  Epoch 1 | Step 2590/23865 | Loss 0.0375 | LR 2.52e-06 | samples_seen=1454
2026-05-15 17:14:24,861  INFO  Epoch 1 | Step 2600/23865 | Loss 5.7164 | LR 2.80e-06 | samples_seen=1600
2026-05-15 17:14:25,186  INFO  Epoch 1 | Step 2600/23865 | Loss 0.0563 | LR 2.80e-06 | samples_seen=1602
2026-05-15 17:14:25,720  INFO  Epoch 1 | Step 2600/23865 | Loss 0.0650 | LR 2.80e-06 | samples_seen=1604
2026-05-15 17:14:26,270  INFO  Epoch 1 | Step 2600/23865 | Loss 0.0464 | LR 2.80e-06 | samples_seen=1606
2026-05-15 17:14:26,794  INFO  Epoch 1 | Step 2600/23865 | Loss 0.1011 | LR 2.80e-06 | samples_seen=1608
2026-05-15 17:14:27,226  INFO  Epoch 1 | Step 2600/23865 | Loss 0.0499 | LR 2.80e-06 | samples_seen=1610
2026-05-15 17:14:27,489  INFO  Epoch 1 | Step 2600/23865 | Loss 0.1299 | LR 2.80e-06 | samples_seen=1612
2026-05-15 17:14:28,071  INFO  Epoch 1 | Step 2600/23865 | Loss 0.0643 | LR 2.80e-06 | samples_seen=1614
2026-05-15 17:15:04,499  INFO  Epoch 1 | Step 2610/23865 | Loss 5.4210 | LR 3.08e-06 | samples_seen=1760
2026-05-15 17:15:04,773  INFO  Epoch 1 | Step 2610/23865 | Loss 0.1144 | LR 3.08e-06 | samples_seen=1762
2026-05-15 17:15:05,133  INFO  Epoch 1 | Step 2610/23865 | Loss 0.0382 | LR 3.08e-06 | samples_seen=1764
2026-05-15 17:15:05,621  INFO  Epoch 1 | Step 2610/23865 | Loss 0.0461 | LR 3.08e-06 | samples_seen=1766
2026-05-15 17:15:06,102  INFO  Epoch 1 | Step 2610/23865 | Loss 0.1152 | LR 3.08e-06 | samples_seen=1768
2026-05-15 17:15:06,639  INFO  Epoch 1 | Step 2610/23865 | Loss 0.0539 | LR 3.08e-06 | samples_seen=1770
2026-05-15 17:15:06,972  INFO  Epoch 1 | Step 2610/23865 | Loss 0.1429 | LR 3.08e-06 | samples_seen=1772
2026-05-15 17:15:07,270  INFO  Epoch 1 | Step 2610/23865 | Loss 0.1120 | LR 3.08e-06 | samples_seen=1774
2026-05-15 17:15:40,623  INFO  Epoch 1 | Step 2620/23865 | Loss 5.9792 | LR 3.36e-06 | samples_seen=1920
2026-05-15 17:15:40,870  INFO  Epoch 1 | Step 2620/23865 | Loss 0.1133 | LR 3.36e-06 | samples_seen=1922
2026-05-15 17:15:41,414  INFO  Epoch 1 | Step 2620/23865 | Loss 0.0749 | LR 3.36e-06 | samples_seen=1924
2026-05-15 17:15:41,905  INFO  Epoch 1 | Step 2620/23865 | Loss 0.0538 | LR 3.36e-06 | samples_seen=1926
2026-05-15 17:15:42,747  INFO  Epoch 1 | Step 2620/23865 | Loss 0.0450 | LR 3.36e-06 | samples_seen=1928
2026-05-15 17:15:43,315  INFO  Epoch 1 | Step 2620/23865 | Loss 0.0461 | LR 3.36e-06 | samples_seen=1930
2026-05-15 17:15:43,664  INFO  Epoch 1 | Step 2620/23865 | Loss 0.0393 | LR 3.36e-06 | samples_seen=1932
2026-05-15 17:15:44,105  INFO  Epoch 1 | Step 2620/23865 | Loss 0.0632 | LR 3.36e-06 | samples_seen=1934
2026-05-15 17:16:21,590  INFO  Epoch 1 | Step 2630/23865 | Loss 5.1463 | LR 3.64e-06 | samples_seen=2080
2026-05-15 17:16:21,952  INFO  Epoch 1 | Step 2630/23865 | Loss 0.0402 | LR 3.64e-06 | samples_seen=2082
2026-05-15 17:16:22,429  INFO  Epoch 1 | Step 2630/23865 | Loss 0.0446 | LR 3.64e-06 | samples_seen=2084
2026-05-15 17:16:22,790  INFO  Epoch 1 | Step 2630/23865 | Loss 0.1747 | LR 3.64e-06 | samples_seen=2086
2026-05-15 17:16:23,380  INFO  Epoch 1 | Step 2630/23865 | Loss 0.0434 | LR 3.64e-06 | samples_seen=2088
2026-05-15 17:16:23,988  INFO  Epoch 1 | Step 2630/23865 | Loss 0.0532 | LR 3.64e-06 | samples_seen=2090
2026-05-15 17:16:24,284  INFO  Epoch 1 | Step 2630/23865 | Loss 0.1137 | LR 3.64e-06 | samples_seen=2092
2026-05-15 17:16:24,815  INFO  Epoch 1 | Step 2630/23865 | Loss 0.0572 | LR 3.64e-06 | samples_seen=2094
2026-05-15 17:17:04,068  INFO  Epoch 1 | Step 2640/23865 | Loss 4.9367 | LR 3.92e-06 | samples_seen=2240
2026-05-15 17:17:04,393  INFO  Epoch 1 | Step 2640/23865 | Loss 0.0332 | LR 3.92e-06 | samples_seen=2242
2026-05-15 17:17:04,694  INFO  Epoch 1 | Step 2640/23865 | Loss 0.1024 | LR 3.92e-06 | samples_seen=2244
2026-05-15 17:17:05,606  INFO  Epoch 1 | Step 2640/23865 | Loss 0.0261 | LR 3.92e-06 | samples_seen=2246
2026-05-15 17:17:05,939  INFO  Epoch 1 | Step 2640/23865 | Loss 0.1016 | LR 3.92e-06 | samples_seen=2248
2026-05-15 17:17:06,475  INFO  Epoch 1 | Step 2640/23865 | Loss 0.0412 | LR 3.92e-06 | samples_seen=2250
2026-05-15 17:17:07,015  INFO  Epoch 1 | Step 2640/23865 | Loss 0.0901 | LR 3.92e-06 | samples_seen=2252
2026-05-15 17:17:07,551  INFO  Epoch 1 | Step 2640/23865 | Loss 0.0299 | LR 3.92e-06 | samples_seen=2254
2026-05-15 17:17:45,864  INFO  Epoch 1 | Step 2650/23865 | Loss 5.2007 | LR 4.20e-06 | samples_seen=2400
2026-05-15 17:17:46,312  INFO  Epoch 1 | Step 2650/23865 | Loss 0.1409 | LR 4.20e-06 | samples_seen=2402
2026-05-15 17:17:46,778  INFO  Epoch 1 | Step 2650/23865 | Loss 0.0566 | LR 4.20e-06 | samples_seen=2404
2026-05-15 17:17:47,332  INFO  Epoch 1 | Step 2650/23865 | Loss 0.0471 | LR 4.20e-06 | samples_seen=2406
2026-05-15 17:17:47,620  INFO  Epoch 1 | Step 2650/23865 | Loss 0.1467 | LR 4.20e-06 | samples_seen=2408
2026-05-15 17:17:47,891  INFO  Epoch 1 | Step 2650/23865 | Loss 0.1228 | LR 4.20e-06 | samples_seen=2410
2026-05-15 17:17:48,458  INFO  Epoch 1 | Step 2650/23865 | Loss 0.0279 | LR 4.20e-06 | samples_seen=2412
2026-05-15 17:17:48,729  INFO  Epoch 1 | Step 2650/23865 | Loss 0.0926 | LR 4.20e-06 | samples_seen=2414
2026-05-15 17:18:25,718  INFO  Epoch 1 | Step 2660/23865 | Loss 5.3629 | LR 4.48e-06 | samples_seen=2560
2026-05-15 17:18:25,993  INFO  Epoch 1 | Step 2660/23865 | Loss 0.1259 | LR 4.48e-06 | samples_seen=2562
2026-05-15 17:18:26,402  INFO  Epoch 1 | Step 2660/23865 | Loss 0.0430 | LR 4.48e-06 | samples_seen=2564
2026-05-15 17:18:26,833  INFO  Epoch 1 | Step 2660/23865 | Loss 0.0182 | LR 4.48e-06 | samples_seen=2566
2026-05-15 17:18:27,106  INFO  Epoch 1 | Step 2660/23865 | Loss 0.1241 | LR 4.48e-06 | samples_seen=2568
2026-05-15 17:18:27,584  INFO  Epoch 1 | Step 2660/23865 | Loss 0.0675 | LR 4.48e-06 | samples_seen=2570
2026-05-15 17:18:27,867  INFO  Epoch 1 | Step 2660/23865 | Loss 0.1436 | LR 4.48e-06 | samples_seen=2572
2026-05-15 17:18:28,461  INFO  Epoch 1 | Step 2660/23865 | Loss 0.0809 | LR 4.48e-06 | samples_seen=2574
2026-05-15 17:19:04,131  INFO  Epoch 1 | Step 2670/23865 | Loss 5.8346 | LR 4.76e-06 | samples_seen=2720
2026-05-15 17:19:04,503  INFO  Epoch 1 | Step 2670/23865 | Loss 0.1499 | LR 4.76e-06 | samples_seen=2722
2026-05-15 17:19:05,083  INFO  Epoch 1 | Step 2670/23865 | Loss 0.1075 | LR 4.76e-06 | samples_seen=2724
2026-05-15 17:19:05,612  INFO  Epoch 1 | Step 2670/23865 | Loss 0.0643 | LR 4.76e-06 | samples_seen=2726
2026-05-15 17:19:05,826  INFO  Epoch 1 | Step 2670/23865 | Loss 0.1775 | LR 4.76e-06 | samples_seen=2728
2026-05-15 17:19:06,371  INFO  Epoch 1 | Step 2670/23865 | Loss 0.1041 | LR 4.76e-06 | samples_seen=2730
2026-05-15 17:19:07,087  INFO  Epoch 1 | Step 2670/23865 | Loss 0.0809 | LR 4.76e-06 | samples_seen=2732
2026-05-15 17:19:07,650  INFO  Epoch 1 | Step 2670/23865 | Loss 0.1072 | LR 4.76e-06 | samples_seen=2734
2026-05-15 17:19:42,318  INFO  Epoch 1 | Step 2680/23865 | Loss 5.5680 | LR 5.03e-06 | samples_seen=2880
2026-05-15 17:19:42,747  INFO  Epoch 1 | Step 2680/23865 | Loss 0.1161 | LR 5.03e-06 | samples_seen=2882
2026-05-15 17:19:43,665  INFO  Epoch 1 | Step 2680/23865 | Loss 0.0853 | LR 5.03e-06 | samples_seen=2884
2026-05-15 17:19:44,185  INFO  Epoch 1 | Step 2680/23865 | Loss 0.0604 | LR 5.03e-06 | samples_seen=2886
2026-05-15 17:19:44,599  INFO  Epoch 1 | Step 2680/23865 | Loss 0.0423 | LR 5.03e-06 | samples_seen=2888
2026-05-15 17:19:44,888  INFO  Epoch 1 | Step 2680/23865 | Loss 0.1136 | LR 5.03e-06 | samples_seen=2890
2026-05-15 17:19:45,354  INFO  Epoch 1 | Step 2680/23865 | Loss 0.0230 | LR 5.03e-06 | samples_seen=2892
2026-05-15 17:19:45,961  INFO  Epoch 1 | Step 2680/23865 | Loss 0.0349 | LR 5.03e-06 | samples_seen=2894
2026-05-15 17:20:23,476  INFO  Epoch 1 | Step 2690/23865 | Loss 5.3553 | LR 5.31e-06 | samples_seen=3040
2026-05-15 17:20:23,735  INFO  Epoch 1 | Step 2690/23865 | Loss 0.1248 | LR 5.31e-06 | samples_seen=3042
2026-05-15 17:20:24,026  INFO  Epoch 1 | Step 2690/23865 | Loss 0.1010 | LR 5.31e-06 | samples_seen=3044
2026-05-15 17:20:24,443  INFO  Epoch 1 | Step 2690/23865 | Loss 0.0539 | LR 5.31e-06 | samples_seen=3046
2026-05-15 17:20:24,883  INFO  Epoch 1 | Step 2690/23865 | Loss 0.0349 | LR 5.31e-06 | samples_seen=3048
2026-05-15 17:20:25,359  INFO  Epoch 1 | Step 2690/23865 | Loss 0.1155 | LR 5.31e-06 | samples_seen=3050
2026-05-15 17:20:25,833  INFO  Epoch 1 | Step 2690/23865 | Loss 0.1191 | LR 5.31e-06 | samples_seen=3052
2026-05-15 17:20:26,330  INFO  Epoch 1 | Step 2690/23865 | Loss 0.0432 | LR 5.31e-06 | samples_seen=3054
2026-05-15 17:21:03,914  INFO  Epoch 1 | Step 2700/23865 | Loss 5.6081 | LR 5.59e-06 | samples_seen=3200
2026-05-15 17:21:04,289  INFO  Epoch 1 | Step 2700/23865 | Loss 0.0496 | LR 5.59e-06 | samples_seen=3202
2026-05-15 17:21:04,773  INFO  Epoch 1 | Step 2700/23865 | Loss 0.0881 | LR 5.59e-06 | samples_seen=3204
2026-05-15 17:21:05,319  INFO  Epoch 1 | Step 2700/23865 | Loss 0.0443 | LR 5.59e-06 | samples_seen=3206
2026-05-15 17:21:05,733  INFO  Epoch 1 | Step 2700/23865 | Loss 0.0562 | LR 5.59e-06 | samples_seen=3208
2026-05-15 17:21:06,014  INFO  Epoch 1 | Step 2700/23865 | Loss 0.0894 | LR 5.59e-06 | samples_seen=3210
2026-05-15 17:21:06,297  INFO  Epoch 1 | Step 2700/23865 | Loss 0.1336 | LR 5.59e-06 | samples_seen=3212
2026-05-15 17:21:06,774  INFO  Epoch 1 | Step 2700/23865 | Loss 0.0685 | LR 5.59e-06 | samples_seen=3214
2026-05-15 17:21:43,553  INFO  Epoch 1 | Step 2710/23865 | Loss 4.9983 | LR 5.87e-06 | samples_seen=3360
2026-05-15 17:21:44,083  INFO  Epoch 1 | Step 2710/23865 | Loss 0.0675 | LR 5.87e-06 | samples_seen=3362
2026-05-15 17:21:44,580  INFO  Epoch 1 | Step 2710/23865 | Loss 0.0521 | LR 5.87e-06 | samples_seen=3364
2026-05-15 17:21:45,175  INFO  Epoch 1 | Step 2710/23865 | Loss 0.0358 | LR 5.87e-06 | samples_seen=3366
2026-05-15 17:21:45,642  INFO  Epoch 1 | Step 2710/23865 | Loss 0.0777 | LR 5.87e-06 | samples_seen=3368
2026-05-15 17:21:46,063  INFO  Epoch 1 | Step 2710/23865 | Loss 0.0716 | LR 5.87e-06 | samples_seen=3370
2026-05-15 17:21:46,471  INFO  Epoch 1 | Step 2710/23865 | Loss 0.0832 | LR 5.87e-06 | samples_seen=3372
2026-05-15 17:21:47,031  INFO  Epoch 1 | Step 2710/23865 | Loss 0.2293 | LR 5.87e-06 | samples_seen=3374
2026-05-15 17:22:23,995  INFO  Epoch 1 | Step 2720/23865 | Loss 5.6207 | LR 6.15e-06 | samples_seen=3520
2026-05-15 17:22:24,303  INFO  Epoch 1 | Step 2720/23865 | Loss 0.1346 | LR 6.15e-06 | samples_seen=3522
2026-05-15 17:22:24,648  INFO  Epoch 1 | Step 2720/23865 | Loss 0.0549 | LR 6.15e-06 | samples_seen=3524
2026-05-15 17:22:25,085  INFO  Epoch 1 | Step 2720/23865 | Loss 0.0501 | LR 6.15e-06 | samples_seen=3526
2026-05-15 17:22:25,465  INFO  Epoch 1 | Step 2720/23865 | Loss 0.0971 | LR 6.15e-06 | samples_seen=3528
2026-05-15 17:22:25,757  INFO  Epoch 1 | Step 2720/23865 | Loss 0.0776 | LR 6.15e-06 | samples_seen=3530
2026-05-15 17:22:26,093  INFO  Epoch 1 | Step 2720/23865 | Loss 0.0638 | LR 6.15e-06 | samples_seen=3532
2026-05-15 17:22:26,569  INFO  Epoch 1 | Step 2720/23865 | Loss 0.0657 | LR 6.15e-06 | samples_seen=3534
2026-05-15 17:23:01,980  INFO  Epoch 1 | Step 2730/23865 | Loss 5.6116 | LR 6.43e-06 | samples_seen=3680
2026-05-15 17:23:02,311  INFO  Epoch 1 | Step 2730/23865 | Loss 0.0778 | LR 6.43e-06 | samples_seen=3682
2026-05-15 17:23:03,059  INFO  Epoch 1 | Step 2730/23865 | Loss 0.0321 | LR 6.43e-06 | samples_seen=3684
2026-05-15 17:23:03,458  INFO  Epoch 1 | Step 2730/23865 | Loss 0.0369 | LR 6.43e-06 | samples_seen=3686
2026-05-15 17:23:04,301  INFO  Epoch 1 | Step 2730/23865 | Loss 0.0367 | LR 6.43e-06 | samples_seen=3688
2026-05-15 17:23:04,595  INFO  Epoch 1 | Step 2730/23865 | Loss 0.0716 | LR 6.43e-06 | samples_seen=3690
2026-05-15 17:23:05,236  INFO  Epoch 1 | Step 2730/23865 | Loss 0.0553 | LR 6.43e-06 | samples_seen=3692
2026-05-15 17:23:05,641  INFO  Epoch 1 | Step 2730/23865 | Loss 0.0733 | LR 6.43e-06 | samples_seen=3694
2026-05-15 17:23:41,931  INFO  Epoch 1 | Step 2740/23865 | Loss 4.9960 | LR 6.71e-06 | samples_seen=3840
2026-05-15 17:23:42,747  INFO  Epoch 1 | Step 2740/23865 | Loss 0.0334 | LR 6.71e-06 | samples_seen=3842
2026-05-15 17:23:43,091  INFO  Epoch 1 | Step 2740/23865 | Loss 0.0478 | LR 6.71e-06 | samples_seen=3844
2026-05-15 17:23:43,653  INFO  Epoch 1 | Step 2740/23865 | Loss 0.0626 | LR 6.71e-06 | samples_seen=3846
2026-05-15 17:23:44,190  INFO  Epoch 1 | Step 2740/23865 | Loss 0.0999 | LR 6.71e-06 | samples_seen=3848
2026-05-15 17:23:44,899  INFO  Epoch 1 | Step 2740/23865 | Loss 0.0831 | LR 6.71e-06 | samples_seen=3850
2026-05-15 17:23:45,342  INFO  Epoch 1 | Step 2740/23865 | Loss 0.0496 | LR 6.71e-06 | samples_seen=3852
2026-05-15 17:23:45,549  INFO  Epoch 1 | Step 2740/23865 | Loss 0.0795 | LR 6.71e-06 | samples_seen=3854
2026-05-15 17:24:21,455  INFO  Epoch 1 | Step 2750/23865 | Loss 5.3263 | LR 6.99e-06 | samples_seen=4000
2026-05-15 17:24:22,186  INFO  Epoch 1 | Step 2750/23865 | Loss 0.0524 | LR 6.99e-06 | samples_seen=4002
2026-05-15 17:24:22,763  INFO  Epoch 1 | Step 2750/23865 | Loss 0.0574 | LR 6.99e-06 | samples_seen=4004
2026-05-15 17:24:23,238  INFO  Epoch 1 | Step 2750/23865 | Loss 0.0355 | LR 6.99e-06 | samples_seen=4006
2026-05-15 17:24:23,821  INFO  Epoch 1 | Step 2750/23865 | Loss 0.0627 | LR 6.99e-06 | samples_seen=4008
2026-05-15 17:24:24,302  INFO  Epoch 1 | Step 2750/23865 | Loss 0.0421 | LR 6.99e-06 | samples_seen=4010
2026-05-15 17:24:24,849  INFO  Epoch 1 | Step 2750/23865 | Loss 0.0675 | LR 6.99e-06 | samples_seen=4012
2026-05-15 17:24:25,398  INFO  Epoch 1 | Step 2750/23865 | Loss 0.0655 | LR 6.99e-06 | samples_seen=4014
2026-05-15 17:25:01,560  INFO  Epoch 1 | Step 2760/23865 | Loss 5.1682 | LR 7.27e-06 | samples_seen=4160
2026-05-15 17:25:01,825  INFO  Epoch 1 | Step 2760/23865 | Loss 0.0953 | LR 7.27e-06 | samples_seen=4162
2026-05-15 17:25:02,203  INFO  Epoch 1 | Step 2760/23865 | Loss 0.1065 | LR 7.27e-06 | samples_seen=4164
2026-05-15 17:25:02,771  INFO  Epoch 1 | Step 2760/23865 | Loss 0.0468 | LR 7.27e-06 | samples_seen=4166
2026-05-15 17:25:03,250  INFO  Epoch 1 | Step 2760/23865 | Loss 0.0778 | LR 7.27e-06 | samples_seen=4168
2026-05-15 17:25:03,655  INFO  Epoch 1 | Step 2760/23865 | Loss 0.1004 | LR 7.27e-06 | samples_seen=4170
2026-05-15 17:25:04,083  INFO  Epoch 1 | Step 2760/23865 | Loss 0.0239 | LR 7.27e-06 | samples_seen=4172
2026-05-15 17:25:04,678  INFO  Epoch 1 | Step 2760/23865 | Loss 0.0524 | LR 7.27e-06 | samples_seen=4174
2026-05-15 17:25:39,414  INFO  Epoch 1 | Step 2770/23865 | Loss 5.4364 | LR 7.55e-06 | samples_seen=4320
2026-05-15 17:25:39,772  INFO  Epoch 1 | Step 2770/23865 | Loss 0.0391 | LR 7.55e-06 | samples_seen=4322
2026-05-15 17:25:40,412  INFO  Epoch 1 | Step 2770/23865 | Loss 0.1130 | LR 7.55e-06 | samples_seen=4324
2026-05-15 17:25:40,896  INFO  Epoch 1 | Step 2770/23865 | Loss 0.1114 | LR 7.55e-06 | samples_seen=4326
2026-05-15 17:25:41,434  INFO  Epoch 1 | Step 2770/23865 | Loss 0.0608 | LR 7.55e-06 | samples_seen=4328
2026-05-15 17:25:42,044  INFO  Epoch 1 | Step 2770/23865 | Loss 0.0350 | LR 7.55e-06 | samples_seen=4330
2026-05-15 17:25:42,520  INFO  Epoch 1 | Step 2770/23865 | Loss 0.0418 | LR 7.55e-06 | samples_seen=4332
2026-05-15 17:25:42,818  INFO  Epoch 1 | Step 2770/23865 | Loss 0.0914 | LR 7.55e-06 | samples_seen=4334
2026-05-15 17:26:17,313  INFO  Epoch 1 | Step 2780/23865 | Loss 5.8659 | LR 7.83e-06 | samples_seen=4480
2026-05-15 17:26:17,862  INFO  Epoch 1 | Step 2780/23865 | Loss 0.0307 | LR 7.83e-06 | samples_seen=4482
2026-05-15 17:26:18,437  INFO  Epoch 1 | Step 2780/23865 | Loss 0.0401 | LR 7.83e-06 | samples_seen=4484
2026-05-15 17:26:19,032  INFO  Epoch 1 | Step 2780/23865 | Loss 0.0509 | LR 7.83e-06 | samples_seen=4486
2026-05-15 17:26:19,528  INFO  Epoch 1 | Step 2780/23865 | Loss 0.0811 | LR 7.83e-06 | samples_seen=4488
2026-05-15 17:26:19,946  INFO  Epoch 1 | Step 2780/23865 | Loss 0.1010 | LR 7.83e-06 | samples_seen=4490
2026-05-15 17:26:20,413  INFO  Epoch 1 | Step 2780/23865 | Loss 0.0350 | LR 7.83e-06 | samples_seen=4492
2026-05-15 17:26:21,022  INFO  Epoch 1 | Step 2780/23865 | Loss 0.0784 | LR 7.83e-06 | samples_seen=4494
2026-05-15 17:26:58,924  INFO  Epoch 1 | Step 2790/23865 | Loss 5.5896 | LR 8.11e-06 | samples_seen=4640
2026-05-15 17:26:59,276  INFO  Epoch 1 | Step 2790/23865 | Loss 0.0207 | LR 8.11e-06 | samples_seen=4642
2026-05-15 17:26:59,804  INFO  Epoch 1 | Step 2790/23865 | Loss 0.0263 | LR 8.11e-06 | samples_seen=4644
2026-05-15 17:27:00,199  INFO  Epoch 1 | Step 2790/23865 | Loss 0.0680 | LR 8.11e-06 | samples_seen=4646
2026-05-15 17:27:00,960  INFO  Epoch 1 | Step 2790/23865 | Loss 0.0406 | LR 8.11e-06 | samples_seen=4648
2026-05-15 17:27:01,419  INFO  Epoch 1 | Step 2790/23865 | Loss 0.0329 | LR 8.11e-06 | samples_seen=4650
2026-05-15 17:27:01,902  INFO  Epoch 1 | Step 2790/23865 | Loss 0.0598 | LR 8.11e-06 | samples_seen=4652
2026-05-15 17:27:02,675  INFO  Epoch 1 | Step 2790/23865 | Loss 0.1175 | LR 8.11e-06 | samples_seen=4654
2026-05-15 17:27:38,908  INFO  Epoch 1 | Step 2800/23865 | Loss 5.7294 | LR 8.39e-06 | samples_seen=4800
2026-05-15 17:27:39,237  INFO  Epoch 1 | Step 2800/23865 | Loss 0.0476 | LR 8.39e-06 | samples_seen=4802
2026-05-15 17:27:39,533  INFO  Epoch 1 | Step 2800/23865 | Loss 0.0678 | LR 8.39e-06 | samples_seen=4804
2026-05-15 17:27:40,283  INFO  Epoch 1 | Step 2800/23865 | Loss 0.0423 | LR 8.39e-06 | samples_seen=4806
2026-05-15 17:27:40,578  INFO  Epoch 1 | Step 2800/23865 | Loss 0.0661 | LR 8.39e-06 | samples_seen=4808
2026-05-15 17:27:40,855  INFO  Epoch 1 | Step 2800/23865 | Loss 0.1185 | LR 8.39e-06 | samples_seen=4810
2026-05-15 17:27:41,631  INFO  Epoch 1 | Step 2800/23865 | Loss 0.1148 | LR 8.39e-06 | samples_seen=4812
2026-05-15 17:27:42,153  INFO  Epoch 1 | Step 2800/23865 | Loss 0.0742 | LR 8.39e-06 | samples_seen=4814
2026-05-15 17:28:18,103  INFO  Epoch 1 | Step 2810/23865 | Loss 5.5938 | LR 8.67e-06 | samples_seen=4960
2026-05-15 17:28:18,431  INFO  Epoch 1 | Step 2810/23865 | Loss 0.1130 | LR 8.67e-06 | samples_seen=4962
2026-05-15 17:28:18,997  INFO  Epoch 1 | Step 2810/23865 | Loss 0.0389 | LR 8.67e-06 | samples_seen=4964
2026-05-15 17:28:19,761  INFO  Epoch 1 | Step 2810/23865 | Loss 0.0708 | LR 8.67e-06 | samples_seen=4966
2026-05-15 17:28:20,044  INFO  Epoch 1 | Step 2810/23865 | Loss 0.0961 | LR 8.67e-06 | samples_seen=4968
2026-05-15 17:28:20,618  INFO  Epoch 1 | Step 2810/23865 | Loss 0.1150 | LR 8.67e-06 | samples_seen=4970
2026-05-15 17:28:21,205  INFO  Epoch 1 | Step 2810/23865 | Loss 0.0703 | LR 8.67e-06 | samples_seen=4972
2026-05-15 17:28:21,542  INFO  Epoch 1 | Step 2810/23865 | Loss 0.0940 | LR 8.67e-06 | samples_seen=4974
2026-05-15 17:28:56,975  INFO  Epoch 1 | Step 2820/23865 | Loss 4.8333 | LR 8.95e-06 | samples_seen=5120
2026-05-15 17:28:57,471  INFO  Epoch 1 | Step 2820/23865 | Loss 0.0674 | LR 8.95e-06 | samples_seen=5122
2026-05-15 17:28:58,248  INFO  Epoch 1 | Step 2820/23865 | Loss 0.0210 | LR 8.95e-06 | samples_seen=5124
2026-05-15 17:28:58,722  INFO  Epoch 1 | Step 2820/23865 | Loss 0.0332 | LR 8.95e-06 | samples_seen=5126
2026-05-15 17:28:59,258  INFO  Epoch 1 | Step 2820/23865 | Loss 0.0547 | LR 8.95e-06 | samples_seen=5128
2026-05-15 17:28:59,907  INFO  Epoch 1 | Step 2820/23865 | Loss 0.0397 | LR 8.95e-06 | samples_seen=5130
2026-05-15 17:29:00,325  INFO  Epoch 1 | Step 2820/23865 | Loss 0.0719 | LR 8.95e-06 | samples_seen=5132
2026-05-15 17:29:00,976  INFO  Epoch 1 | Step 2820/23865 | Loss 0.0622 | LR 8.95e-06 | samples_seen=5134
2026-05-15 17:29:38,607  INFO  Epoch 1 | Step 2830/23865 | Loss 5.4152 | LR 9.23e-06 | samples_seen=5280
2026-05-15 17:29:39,208  INFO  Epoch 1 | Step 2830/23865 | Loss 0.0669 | LR 9.23e-06 | samples_seen=5282
2026-05-15 17:29:39,510  INFO  Epoch 1 | Step 2830/23865 | Loss 0.0985 | LR 9.23e-06 | samples_seen=5284
2026-05-15 17:29:40,108  INFO  Epoch 1 | Step 2830/23865 | Loss 0.0437 | LR 9.23e-06 | samples_seen=5286
2026-05-15 17:29:40,603  INFO  Epoch 1 | Step 2830/23865 | Loss 0.0421 | LR 9.23e-06 | samples_seen=5288
2026-05-15 17:29:41,371  INFO  Epoch 1 | Step 2830/23865 | Loss 0.0663 | LR 9.23e-06 | samples_seen=5290
2026-05-15 17:29:41,664  INFO  Epoch 1 | Step 2830/23865 | Loss 0.1140 | LR 9.23e-06 | samples_seen=5292
2026-05-15 17:29:42,106  INFO  Epoch 1 | Step 2830/23865 | Loss 0.0666 | LR 9.23e-06 | samples_seen=5294
2026-05-15 17:30:19,294  INFO  Epoch 1 | Step 2840/23865 | Loss 4.8150 | LR 9.51e-06 | samples_seen=5440
2026-05-15 17:30:19,691  INFO  Epoch 1 | Step 2840/23865 | Loss 0.0299 | LR 9.51e-06 | samples_seen=5442
2026-05-15 17:30:20,127  INFO  Epoch 1 | Step 2840/23865 | Loss 0.0411 | LR 9.51e-06 | samples_seen=5444
2026-05-15 17:30:20,802  INFO  Epoch 1 | Step 2840/23865 | Loss 0.0373 | LR 9.51e-06 | samples_seen=5446
2026-05-15 17:30:21,364  INFO  Epoch 1 | Step 2840/23865 | Loss 0.1216 | LR 9.51e-06 | samples_seen=5448
2026-05-15 17:30:21,920  INFO  Epoch 1 | Step 2840/23865 | Loss 0.0635 | LR 9.51e-06 | samples_seen=5450
2026-05-15 17:30:22,201  INFO  Epoch 1 | Step 2840/23865 | Loss 0.1255 | LR 9.51e-06 | samples_seen=5452
2026-05-15 17:30:22,583  INFO  Epoch 1 | Step 2840/23865 | Loss 0.0620 | LR 9.51e-06 | samples_seen=5454
2026-05-15 17:30:57,064  INFO  Epoch 1 | Step 2850/23865 | Loss 5.2813 | LR 9.79e-06 | samples_seen=5600
2026-05-15 17:30:57,746  INFO  Epoch 1 | Step 2850/23865 | Loss 0.0667 | LR 9.79e-06 | samples_seen=5602
2026-05-15 17:30:58,203  INFO  Epoch 1 | Step 2850/23865 | Loss 0.0928 | LR 9.79e-06 | samples_seen=5604
2026-05-15 17:30:59,126  INFO  Epoch 1 | Step 2850/23865 | Loss 0.0447 | LR 9.79e-06 | samples_seen=5606
2026-05-15 17:30:59,483  INFO  Epoch 1 | Step 2850/23865 | Loss 0.0574 | LR 9.79e-06 | samples_seen=5608
2026-05-15 17:30:59,771  INFO  Epoch 1 | Step 2850/23865 | Loss 0.1395 | LR 9.79e-06 | samples_seen=5610
2026-05-15 17:31:00,207  INFO  Epoch 1 | Step 2850/23865 | Loss 0.0995 | LR 9.79e-06 | samples_seen=5612
2026-05-15 17:31:00,798  INFO  Epoch 1 | Step 2850/23865 | Loss 0.0839 | LR 9.79e-06 | samples_seen=5614
2026-05-15 17:31:37,578  INFO  Epoch 1 | Step 2860/23865 | Loss 5.1700 | LR 1.01e-05 | samples_seen=5760
2026-05-15 17:31:38,122  INFO  Epoch 1 | Step 2860/23865 | Loss 0.0893 | LR 1.01e-05 | samples_seen=5762
2026-05-15 17:31:38,665  INFO  Epoch 1 | Step 2860/23865 | Loss 0.0276 | LR 1.01e-05 | samples_seen=5764
2026-05-15 17:31:39,306  INFO  Epoch 1 | Step 2860/23865 | Loss 0.0532 | LR 1.01e-05 | samples_seen=5766
2026-05-15 17:31:39,673  INFO  Epoch 1 | Step 2860/23865 | Loss 0.0344 | LR 1.01e-05 | samples_seen=5768
2026-05-15 17:31:40,012  INFO  Epoch 1 | Step 2860/23865 | Loss 0.1358 | LR 1.01e-05 | samples_seen=5770
2026-05-15 17:31:40,802  INFO  Epoch 1 | Step 2860/23865 | Loss 0.0925 | LR 1.01e-05 | samples_seen=5772
2026-05-15 17:31:41,091  INFO  Epoch 1 | Step 2860/23865 | Loss 0.1184 | LR 1.01e-05 | samples_seen=5774
2026-05-15 17:32:24,082  INFO  Epoch 1 | Step 2870/23865 | Loss 4.7013 | LR 1.03e-05 | samples_seen=5920
2026-05-15 17:32:24,483  INFO  Epoch 1 | Step 2870/23865 | Loss 0.0515 | LR 1.03e-05 | samples_seen=5922
2026-05-15 17:32:24,844  INFO  Epoch 1 | Step 2870/23865 | Loss 0.0331 | LR 1.03e-05 | samples_seen=5924
2026-05-15 17:32:25,549  INFO  Epoch 1 | Step 2870/23865 | Loss 0.0541 | LR 1.03e-05 | samples_seen=5926
2026-05-15 17:32:26,024  INFO  Epoch 1 | Step 2870/23865 | Loss 0.1055 | LR 1.03e-05 | samples_seen=5928
2026-05-15 17:32:26,418  INFO  Epoch 1 | Step 2870/23865 | Loss 0.0470 | LR 1.03e-05 | samples_seen=5930
2026-05-15 17:32:27,186  INFO  Epoch 1 | Step 2870/23865 | Loss 0.0983 | LR 1.03e-05 | samples_seen=5932
2026-05-15 17:32:27,447  INFO  Epoch 1 | Step 2870/23865 | Loss 0.1257 | LR 1.03e-05 | samples_seen=5934
2026-05-15 17:33:24,709  INFO  Epoch 1 | Step 2880/23865 | Loss 5.1638 | LR 1.06e-05 | samples_seen=6080
2026-05-15 17:33:25,245  INFO  Epoch 1 | Step 2880/23865 | Loss 0.0686 | LR 1.06e-05 | samples_seen=6082
2026-05-15 17:33:25,780  INFO  Epoch 1 | Step 2880/23865 | Loss 0.0835 | LR 1.06e-05 | samples_seen=6084
2026-05-15 17:33:26,243  INFO  Epoch 1 | Step 2880/23865 | Loss 0.0229 | LR 1.06e-05 | samples_seen=6086
2026-05-15 17:33:34,701  INFO  Epoch 1 | Step 2880/23865 | Loss 0.0504 | LR 1.06e-05 | samples_seen=6088
2026-05-15 17:33:35,019  INFO  Epoch 1 | Step 2880/23865 | Loss 0.0404 | LR 1.06e-05 | samples_seen=6090
2026-05-15 17:33:36,490  INFO  Epoch 1 | Step 2880/23865 | Loss 0.1453 | LR 1.06e-05 | samples_seen=6092
2026-05-15 17:33:36,790  INFO  Epoch 1 | Step 2880/23865 | Loss 0.0703 | LR 1.06e-05 | samples_seen=6094
2026-05-15 17:34:33,205  INFO  Epoch 1 | Step 2890/23865 | Loss 5.4385 | LR 1.09e-05 | samples_seen=6240
2026-05-15 17:34:33,884  INFO  Epoch 1 | Step 2890/23865 | Loss 0.0330 | LR 1.09e-05 | samples_seen=6242
2026-05-15 17:34:34,238  INFO  Epoch 1 | Step 2890/23865 | Loss 0.0991 | LR 1.09e-05 | samples_seen=6244
2026-05-15 17:34:35,118  INFO  Epoch 1 | Step 2890/23865 | Loss 0.0564 | LR 1.09e-05 | samples_seen=6246
2026-05-15 17:34:35,405  INFO  Epoch 1 | Step 2890/23865 | Loss 0.0910 | LR 1.09e-05 | samples_seen=6248
2026-05-15 17:34:35,707  INFO  Epoch 1 | Step 2890/23865 | Loss 0.0289 | LR 1.09e-05 | samples_seen=6250
2026-05-15 17:34:39,362  INFO  Epoch 1 | Step 2890/23865 | Loss 0.1428 | LR 1.09e-05 | samples_seen=6252
2026-05-15 17:34:40,012  INFO  Epoch 1 | Step 2890/23865 | Loss 0.0520 | LR 1.09e-05 | samples_seen=6254
2026-05-15 17:35:38,572  INFO  Epoch 1 | Step 2900/23865 | Loss 5.6473 | LR 1.12e-05 | samples_seen=6400
2026-05-15 17:35:38,830  INFO  Epoch 1 | Step 2900/23865 | Loss 0.1381 | LR 1.12e-05 | samples_seen=6402
2026-05-15 17:35:39,455  INFO  Epoch 1 | Step 2900/23865 | Loss 0.0695 | LR 1.12e-05 | samples_seen=6404
2026-05-15 17:35:40,038  INFO  Epoch 1 | Step 2900/23865 | Loss 0.0353 | LR 1.12e-05 | samples_seen=6406
2026-05-15 17:35:40,581  INFO  Epoch 1 | Step 2900/23865 | Loss 0.0813 | LR 1.12e-05 | samples_seen=6408
2026-05-15 17:35:41,066  INFO  Epoch 1 | Step 2900/23865 | Loss 0.0360 | LR 1.12e-05 | samples_seen=6410
2026-05-15 17:35:41,359  INFO  Epoch 1 | Step 2900/23865 | Loss 0.0857 | LR 1.12e-05 | samples_seen=6412
2026-05-15 17:35:41,931  INFO  Epoch 1 | Step 2900/23865 | Loss 0.0331 | LR 1.12e-05 | samples_seen=6414
2026-05-15 17:36:45,261  INFO  Epoch 1 | Step 2910/23865 | Loss 5.1185 | LR 1.15e-05 | samples_seen=6560
2026-05-15 17:36:48,299  INFO  Epoch 1 | Step 2910/23865 | Loss 0.0284 | LR 1.15e-05 | samples_seen=6562
2026-05-15 17:36:48,626  INFO  Epoch 1 | Step 2910/23865 | Loss 0.0947 | LR 1.15e-05 | samples_seen=6564
2026-05-15 17:36:51,983  INFO  Epoch 1 | Step 2910/23865 | Loss 0.1467 | LR 1.15e-05 | samples_seen=6566
2026-05-15 17:36:52,617  INFO  Epoch 1 | Step 2910/23865 | Loss 0.0297 | LR 1.15e-05 | samples_seen=6568
2026-05-15 17:36:52,908  INFO  Epoch 1 | Step 2910/23865 | Loss 0.1334 | LR 1.15e-05 | samples_seen=6570
2026-05-15 17:36:53,176  INFO  Epoch 1 | Step 2910/23865 | Loss 0.1162 | LR 1.15e-05 | samples_seen=6572
2026-05-15 17:36:56,785  INFO  Epoch 1 | Step 2910/23865 | Loss 0.0372 | LR 1.15e-05 | samples_seen=6574
2026-05-15 17:45:11,243  INFO  Checkpoint saved → ../checkpoints/stage2_l40/step2915 | global_step=2915 | samples_seen=6654
2026-05-15 17:45:26,507  INFO  Epoch 1 | Step 2920/23865 | Loss 5.3392 | LR 1.17e-05 | samples_seen=6720
2026-05-15 17:45:26,895  INFO  Epoch 1 | Step 2920/23865 | Loss 0.0400 | LR 1.17e-05 | samples_seen=6722
2026-05-15 17:45:27,746  INFO  Epoch 1 | Step 2920/23865 | Loss 0.0588 | LR 1.17e-05 | samples_seen=6724
2026-05-15 17:45:28,023  INFO  Epoch 1 | Step 2920/23865 | Loss 0.1167 | LR 1.17e-05 | samples_seen=6726
2026-05-15 17:45:28,491  INFO  Epoch 1 | Step 2920/23865 | Loss 0.0371 | LR 1.17e-05 | samples_seen=6728
2026-05-15 17:45:28,909  INFO  Epoch 1 | Step 2920/23865 | Loss 0.0275 | LR 1.17e-05 | samples_seen=6730
2026-05-15 17:45:29,372  INFO  Epoch 1 | Step 2920/23865 | Loss 0.0780 | LR 1.17e-05 | samples_seen=6732
2026-05-15 17:45:29,924  INFO  Epoch 1 | Step 2920/23865 | Loss 0.0343 | LR 1.17e-05 | samples_seen=6734
2026-05-15 17:46:10,166  INFO  Epoch 1 | Step 2930/23865 | Loss 5.6783 | LR 1.20e-05 | samples_seen=6880
2026-05-15 17:46:10,410  INFO  Epoch 1 | Step 2930/23865 | Loss 0.1205 | LR 1.20e-05 | samples_seen=6882
2026-05-15 17:46:10,764  INFO  Epoch 1 | Step 2930/23865 | Loss 0.0358 | LR 1.20e-05 | samples_seen=6884
2026-05-15 17:46:11,286  INFO  Epoch 1 | Step 2930/23865 | Loss 0.0777 | LR 1.20e-05 | samples_seen=6886
2026-05-15 17:46:11,674  INFO  Epoch 1 | Step 2930/23865 | Loss 0.0504 | LR 1.20e-05 | samples_seen=6888
2026-05-15 17:46:12,091  INFO  Epoch 1 | Step 2930/23865 | Loss 0.0430 | LR 1.20e-05 | samples_seen=6890
2026-05-15 17:46:12,692  INFO  Epoch 1 | Step 2930/23865 | Loss 0.0803 | LR 1.20e-05 | samples_seen=6892
2026-05-15 17:46:13,019  INFO  Epoch 1 | Step 2930/23865 | Loss 0.1239 | LR 1.20e-05 | samples_seen=6894
2026-05-15 17:46:47,582  INFO  Epoch 1 | Step 2940/23865 | Loss 5.6853 | LR 1.23e-05 | samples_seen=7040
2026-05-15 17:46:47,966  INFO  Epoch 1 | Step 2940/23865 | Loss 0.0676 | LR 1.23e-05 | samples_seen=7042
2026-05-15 17:46:48,296  INFO  Epoch 1 | Step 2940/23865 | Loss 0.0871 | LR 1.23e-05 | samples_seen=7044
2026-05-15 17:46:48,741  INFO  Epoch 1 | Step 2940/23865 | Loss 0.0344 | LR 1.23e-05 | samples_seen=7046
2026-05-15 17:46:49,135  INFO  Epoch 1 | Step 2940/23865 | Loss 0.0419 | LR 1.23e-05 | samples_seen=7048
2026-05-15 17:46:49,488  INFO  Epoch 1 | Step 2940/23865 | Loss 0.0761 | LR 1.23e-05 | samples_seen=7050
2026-05-15 17:46:50,126  INFO  Epoch 1 | Step 2940/23865 | Loss 0.0298 | LR 1.23e-05 | samples_seen=7052
2026-05-15 17:46:50,559  INFO  Epoch 1 | Step 2940/23865 | Loss 0.0679 | LR 1.23e-05 | samples_seen=7054
2026-05-15 17:47:28,034  INFO  Epoch 1 | Step 2950/23865 | Loss 5.3968 | LR 1.26e-05 | samples_seen=7200
2026-05-15 17:47:28,392  INFO  Epoch 1 | Step 2950/23865 | Loss 0.0497 | LR 1.26e-05 | samples_seen=7202
2026-05-15 17:47:29,575  INFO  Epoch 1 | Step 2950/23865 | Loss 0.0831 | LR 1.26e-05 | samples_seen=7204
2026-05-15 17:47:30,293  INFO  Epoch 1 | Step 2950/23865 | Loss 0.0647 | LR 1.26e-05 | samples_seen=7206
2026-05-15 17:47:31,213  INFO  Epoch 1 | Step 2950/23865 | Loss 0.0375 | LR 1.26e-05 | samples_seen=7208
2026-05-15 17:47:31,886  INFO  Epoch 1 | Step 2950/23865 | Loss 0.0241 | LR 1.26e-05 | samples_seen=7210
2026-05-15 17:47:32,292  INFO  Epoch 1 | Step 2950/23865 | Loss 0.0843 | LR 1.26e-05 | samples_seen=7212
2026-05-15 17:47:33,166  INFO  Epoch 1 | Step 2950/23865 | Loss 0.1593 | LR 1.26e-05 | samples_seen=7214
2026-05-15 17:48:13,181  INFO  Epoch 1 | Step 2960/23865 | Loss 5.2250 | LR 1.29e-05 | samples_seen=7360
2026-05-15 17:48:13,685  INFO  Epoch 1 | Step 2960/23865 | Loss 0.1479 | LR 1.29e-05 | samples_seen=7362
2026-05-15 17:48:13,974  INFO  Epoch 1 | Step 2960/23865 | Loss 0.0548 | LR 1.29e-05 | samples_seen=7364
2026-05-15 17:48:14,570  INFO  Epoch 1 | Step 2960/23865 | Loss 0.1471 | LR 1.29e-05 | samples_seen=7366
2026-05-15 17:48:14,919  INFO  Epoch 1 | Step 2960/23865 | Loss 0.0944 | LR 1.29e-05 | samples_seen=7368
2026-05-15 17:48:15,219  INFO  Epoch 1 | Step 2960/23865 | Loss 0.1325 | LR 1.29e-05 | samples_seen=7370
2026-05-15 17:48:15,822  INFO  Epoch 1 | Step 2960/23865 | Loss 0.0890 | LR 1.29e-05 | samples_seen=7372
2026-05-15 17:48:16,254  INFO  Epoch 1 | Step 2960/23865 | Loss 0.1054 | LR 1.29e-05 | samples_seen=7374
2026-05-15 17:48:51,549  INFO  Epoch 1 | Step 2970/23865 | Loss 5.8408 | LR 1.31e-05 | samples_seen=7520
2026-05-15 17:48:51,904  INFO  Epoch 1 | Step 2970/23865 | Loss 0.0689 | LR 1.31e-05 | samples_seen=7522
2026-05-15 17:48:52,617  INFO  Epoch 1 | Step 2970/23865 | Loss 0.0481 | LR 1.31e-05 | samples_seen=7524
2026-05-15 17:48:53,374  INFO  Epoch 1 | Step 2970/23865 | Loss 0.0387 | LR 1.31e-05 | samples_seen=7526
2026-05-15 17:48:54,048  INFO  Epoch 1 | Step 2970/23865 | Loss 0.0544 | LR 1.31e-05 | samples_seen=7528
2026-05-15 17:48:54,268  INFO  Epoch 1 | Step 2970/23865 | Loss 0.2252 | LR 1.31e-05 | samples_seen=7530
2026-05-15 17:48:54,811  INFO  Epoch 1 | Step 2970/23865 | Loss 0.0810 | LR 1.31e-05 | samples_seen=7532
2026-05-15 17:48:55,376  INFO  Epoch 1 | Step 2970/23865 | Loss 0.1072 | LR 1.31e-05 | samples_seen=7534
2026-05-15 17:49:31,582  INFO  Epoch 1 | Step 2980/23865 | Loss 5.4441 | LR 1.34e-05 | samples_seen=7680
2026-05-15 17:49:32,004  INFO  Epoch 1 | Step 2980/23865 | Loss 0.1184 | LR 1.34e-05 | samples_seen=7682
2026-05-15 17:49:32,449  INFO  Epoch 1 | Step 2980/23865 | Loss 0.0895 | LR 1.34e-05 | samples_seen=7684
2026-05-15 17:49:32,710  INFO  Epoch 1 | Step 2980/23865 | Loss 0.1542 | LR 1.34e-05 | samples_seen=7686
2026-05-15 17:49:33,075  INFO  Epoch 1 | Step 2980/23865 | Loss 0.0263 | LR 1.34e-05 | samples_seen=7688
2026-05-15 17:49:33,507  INFO  Epoch 1 | Step 2980/23865 | Loss 0.0624 | LR 1.34e-05 | samples_seen=7690
2026-05-15 17:49:34,399  INFO  Epoch 1 | Step 2980/23865 | Loss 0.0693 | LR 1.34e-05 | samples_seen=7692
2026-05-15 17:49:34,991  INFO  Epoch 1 | Step 2980/23865 | Loss 0.0662 | LR 1.34e-05 | samples_seen=7694
2026-05-15 17:50:10,602  INFO  Epoch 1 | Step 2990/23865 | Loss 5.3955 | LR 1.37e-05 | samples_seen=7840
2026-05-15 17:50:10,869  INFO  Epoch 1 | Step 2990/23865 | Loss 0.0969 | LR 1.37e-05 | samples_seen=7842
2026-05-15 17:50:11,242  INFO  Epoch 1 | Step 2990/23865 | Loss 0.0683 | LR 1.37e-05 | samples_seen=7844
2026-05-15 17:50:11,552  INFO  Epoch 1 | Step 2990/23865 | Loss 0.1022 | LR 1.37e-05 | samples_seen=7846
2026-05-15 17:50:11,915  INFO  Epoch 1 | Step 2990/23865 | Loss 0.0131 | LR 1.37e-05 | samples_seen=7848
2026-05-15 17:50:12,188  INFO  Epoch 1 | Step 2990/23865 | Loss 0.1215 | LR 1.37e-05 | samples_seen=7850
2026-05-15 17:50:12,750  INFO  Epoch 1 | Step 2990/23865 | Loss 0.0750 | LR 1.37e-05 | samples_seen=7852
2026-05-15 17:50:13,283  INFO  Epoch 1 | Step 2990/23865 | Loss 0.0312 | LR 1.37e-05 | samples_seen=7854
2026-05-15 17:50:54,431  INFO  Epoch 1 | Step 3000/23865 | Loss 5.3340 | LR 1.40e-05 | samples_seen=8000
2026-05-15 17:50:54,757  INFO  Epoch 1 | Step 3000/23865 | Loss 0.1378 | LR 1.40e-05 | samples_seen=8002
2026-05-15 17:50:55,329  INFO  Epoch 1 | Step 3000/23865 | Loss 0.0360 | LR 1.40e-05 | samples_seen=8004
2026-05-15 17:50:56,087  INFO  Epoch 1 | Step 3000/23865 | Loss 0.0972 | LR 1.40e-05 | samples_seen=8006
2026-05-15 17:50:56,327  INFO  Epoch 1 | Step 3000/23865 | Loss 0.2461 | LR 1.40e-05 | samples_seen=8008
2026-05-15 17:50:56,611  INFO  Epoch 1 | Step 3000/23865 | Loss 0.1680 | LR 1.40e-05 | samples_seen=8010
2026-05-15 17:50:57,384  INFO  Epoch 1 | Step 3000/23865 | Loss 0.0357 | LR 1.40e-05 | samples_seen=8012
2026-05-15 17:50:58,285  INFO  Epoch 1 | Step 3000/23865 | Loss 0.0955 | LR 1.40e-05 | samples_seen=8014
2026-05-15 17:51:34,942  INFO  Epoch 1 | Step 3010/23865 | Loss 5.1090 | LR 1.43e-05 | samples_seen=8160
2026-05-15 17:51:36,196  INFO  Epoch 1 | Step 3010/23865 | Loss 0.0910 | LR 1.43e-05 | samples_seen=8162
2026-05-15 17:51:38,326  INFO  Epoch 1 | Step 3010/23865 | Loss 0.1389 | LR 1.43e-05 | samples_seen=8164
2026-05-15 17:51:38,881  INFO  Epoch 1 | Step 3010/23865 | Loss 0.0361 | LR 1.43e-05 | samples_seen=8166
2026-05-15 17:51:39,089  INFO  Epoch 1 | Step 3010/23865 | Loss 0.0851 | LR 1.43e-05 | samples_seen=8168
2026-05-15 17:51:39,375  INFO  Epoch 1 | Step 3010/23865 | Loss 0.1364 | LR 1.43e-05 | samples_seen=8170
2026-05-15 17:51:39,724  INFO  Epoch 1 | Step 3010/23865 | Loss 0.0580 | LR 1.43e-05 | samples_seen=8172
2026-05-15 17:51:40,121  INFO  Epoch 1 | Step 3010/23865 | Loss 0.0811 | LR 1.43e-05 | samples_seen=8174
2026-05-15 17:52:16,960  INFO  Epoch 1 | Step 3020/23865 | Loss 5.3912 | LR 1.45e-05 | samples_seen=8320
2026-05-15 17:52:17,505  INFO  Epoch 1 | Step 3020/23865 | Loss 0.0612 | LR 1.45e-05 | samples_seen=8322
2026-05-15 17:52:17,925  INFO  Epoch 1 | Step 3020/23865 | Loss 0.0348 | LR 1.45e-05 | samples_seen=8324
2026-05-15 17:52:18,283  INFO  Epoch 1 | Step 3020/23865 | Loss 0.0642 | LR 1.45e-05 | samples_seen=8326
2026-05-15 17:52:18,723  INFO  Epoch 1 | Step 3020/23865 | Loss 0.1128 | LR 1.45e-05 | samples_seen=8328
2026-05-15 17:52:19,640  INFO  Epoch 1 | Step 3020/23865 | Loss 0.0819 | LR 1.45e-05 | samples_seen=8330
2026-05-15 17:52:20,046  INFO  Epoch 1 | Step 3020/23865 | Loss 0.1003 | LR 1.45e-05 | samples_seen=8332
2026-05-15 17:52:20,409  INFO  Epoch 1 | Step 3020/23865 | Loss 0.0736 | LR 1.45e-05 | samples_seen=8334
2026-05-15 17:52:58,294  INFO  Epoch 1 | Step 3030/23865 | Loss 5.2628 | LR 1.48e-05 | samples_seen=8480
2026-05-15 17:52:58,750  INFO  Epoch 1 | Step 3030/23865 | Loss 0.0430 | LR 1.48e-05 | samples_seen=8482
2026-05-15 17:52:59,238  INFO  Epoch 1 | Step 3030/23865 | Loss 0.0330 | LR 1.48e-05 | samples_seen=8484
2026-05-15 17:52:59,533  INFO  Epoch 1 | Step 3030/23865 | Loss 0.1302 | LR 1.48e-05 | samples_seen=8486
2026-05-15 17:53:00,197  INFO  Epoch 1 | Step 3030/23865 | Loss 0.0549 | LR 1.48e-05 | samples_seen=8488
2026-05-15 17:53:00,602  INFO  Epoch 1 | Step 3030/23865 | Loss 0.0736 | LR 1.48e-05 | samples_seen=8490
2026-05-15 17:53:00,963  INFO  Epoch 1 | Step 3030/23865 | Loss 0.1027 | LR 1.48e-05 | samples_seen=8492
2026-05-15 17:53:01,772  INFO  Epoch 1 | Step 3030/23865 | Loss 0.0538 | LR 1.48e-05 | samples_seen=8494
2026-05-15 17:54:18,811  INFO  Epoch 1 | Step 3040/23865 | Loss 5.2387 | LR 1.51e-05 | samples_seen=8640
2026-05-15 17:54:19,621  INFO  Epoch 1 | Step 3040/23865 | Loss 0.0420 | LR 1.51e-05 | samples_seen=8642
2026-05-15 17:54:20,048  INFO  Epoch 1 | Step 3040/23865 | Loss 0.0636 | LR 1.51e-05 | samples_seen=8644
2026-05-15 17:54:20,918  INFO  Epoch 1 | Step 3040/23865 | Loss 0.0489 | LR 1.51e-05 | samples_seen=8646
2026-05-15 17:54:21,553  INFO  Epoch 1 | Step 3040/23865 | Loss 0.0468 | LR 1.51e-05 | samples_seen=8648
2026-05-15 17:54:21,836  INFO  Epoch 1 | Step 3040/23865 | Loss 0.1080 | LR 1.51e-05 | samples_seen=8650
2026-05-15 17:54:22,129  INFO  Epoch 1 | Step 3040/23865 | Loss 0.1150 | LR 1.51e-05 | samples_seen=8652
2026-05-15 17:54:22,415  INFO  Epoch 1 | Step 3040/23865 | Loss 0.1072 | LR 1.51e-05 | samples_seen=8654
2026-05-15 17:55:48,869  INFO  Epoch 1 | Step 3050/23865 | Loss 5.9596 | LR 1.54e-05 | samples_seen=8800
2026-05-15 17:55:49,311  INFO  Epoch 1 | Step 3050/23865 | Loss 0.0716 | LR 1.54e-05 | samples_seen=8802
2026-05-15 17:55:49,861  INFO  Epoch 1 | Step 3050/23865 | Loss 0.0798 | LR 1.54e-05 | samples_seen=8804
2026-05-15 17:55:50,256  INFO  Epoch 1 | Step 3050/23865 | Loss 0.0729 | LR 1.54e-05 | samples_seen=8806
2026-05-15 17:55:50,594  INFO  Epoch 1 | Step 3050/23865 | Loss 0.0397 | LR 1.54e-05 | samples_seen=8808
2026-05-15 17:55:51,307  INFO  Epoch 1 | Step 3050/23865 | Loss 0.0380 | LR 1.54e-05 | samples_seen=8810
2026-05-15 17:55:51,883  INFO  Epoch 1 | Step 3050/23865 | Loss 0.0559 | LR 1.54e-05 | samples_seen=8812
2026-05-15 17:55:52,163  INFO  Epoch 1 | Step 3050/23865 | Loss 0.1307 | LR 1.54e-05 | samples_seen=8814
2026-05-15 17:56:29,748  INFO  Epoch 1 | Step 3060/23865 | Loss 5.3684 | LR 1.57e-05 | samples_seen=8960
2026-05-15 17:56:30,452  INFO  Epoch 1 | Step 3060/23865 | Loss 0.0537 | LR 1.57e-05 | samples_seen=8962
2026-05-15 17:56:30,820  INFO  Epoch 1 | Step 3060/23865 | Loss 0.0946 | LR 1.57e-05 | samples_seen=8964
2026-05-15 17:56:31,090  INFO  Epoch 1 | Step 3060/23865 | Loss 0.1266 | LR 1.57e-05 | samples_seen=8966
2026-05-15 17:56:31,496  INFO  Epoch 1 | Step 3060/23865 | Loss 0.1117 | LR 1.57e-05 | samples_seen=8968
2026-05-15 17:56:31,971  INFO  Epoch 1 | Step 3060/23865 | Loss 0.0300 | LR 1.57e-05 | samples_seen=8970
2026-05-15 17:56:32,258  INFO  Epoch 1 | Step 3060/23865 | Loss 0.1482 | LR 1.57e-05 | samples_seen=8972
2026-05-15 17:56:32,668  INFO  Epoch 1 | Step 3060/23865 | Loss 0.0733 | LR 1.57e-05 | samples_seen=8974
2026-05-15 17:57:10,674  INFO  Epoch 1 | Step 3070/23865 | Loss 5.5418 | LR 1.59e-05 | samples_seen=9120
2026-05-15 17:57:11,011  INFO  Epoch 1 | Step 3070/23865 | Loss 0.0389 | LR 1.59e-05 | samples_seen=9122
2026-05-15 17:57:11,297  INFO  Epoch 1 | Step 3070/23865 | Loss 0.2960 | LR 1.59e-05 | samples_seen=9124
2026-05-15 17:57:11,951  INFO  Epoch 1 | Step 3070/23865 | Loss 0.1036 | LR 1.59e-05 | samples_seen=9126
2026-05-15 17:57:12,336  INFO  Epoch 1 | Step 3070/23865 | Loss 0.0637 | LR 1.59e-05 | samples_seen=9128
2026-05-15 17:57:13,003  INFO  Epoch 1 | Step 3070/23865 | Loss 0.0869 | LR 1.59e-05 | samples_seen=9130
2026-05-15 17:57:13,306  INFO  Epoch 1 | Step 3070/23865 | Loss 0.1464 | LR 1.59e-05 | samples_seen=9132
2026-05-15 17:57:13,699  INFO  Epoch 1 | Step 3070/23865 | Loss 0.0282 | LR 1.59e-05 | samples_seen=9134
2026-05-15 17:57:48,930  INFO  Epoch 1 | Step 3080/23865 | Loss 5.0777 | LR 1.62e-05 | samples_seen=9280
2026-05-15 17:57:49,291  INFO  Epoch 1 | Step 3080/23865 | Loss 0.0291 | LR 1.62e-05 | samples_seen=9282
2026-05-15 17:57:49,732  INFO  Epoch 1 | Step 3080/23865 | Loss 0.0978 | LR 1.62e-05 | samples_seen=9284
2026-05-15 17:57:50,224  INFO  Epoch 1 | Step 3080/23865 | Loss 0.0484 | LR 1.62e-05 | samples_seen=9286
2026-05-15 17:57:50,652  INFO  Epoch 1 | Step 3080/23865 | Loss 0.1050 | LR 1.62e-05 | samples_seen=9288
2026-05-15 17:57:51,100  INFO  Epoch 1 | Step 3080/23865 | Loss 0.0777 | LR 1.62e-05 | samples_seen=9290
2026-05-15 17:57:51,381  INFO  Epoch 1 | Step 3080/23865 | Loss 0.1164 | LR 1.62e-05 | samples_seen=9292
2026-05-15 17:57:52,292  INFO  Epoch 1 | Step 3080/23865 | Loss 0.0464 | LR 1.62e-05 | samples_seen=9294
2026-05-15 17:58:29,151  INFO  Epoch 1 | Step 3090/23865 | Loss 5.5438 | LR 1.65e-05 | samples_seen=9440
2026-05-15 17:58:29,772  INFO  Epoch 1 | Step 3090/23865 | Loss 0.0776 | LR 1.65e-05 | samples_seen=9442
2026-05-15 17:58:30,053  INFO  Epoch 1 | Step 3090/23865 | Loss 0.1186 | LR 1.65e-05 | samples_seen=9444
2026-05-15 17:58:30,355  INFO  Epoch 1 | Step 3090/23865 | Loss 0.0923 | LR 1.65e-05 | samples_seen=9446
2026-05-15 17:58:30,642  INFO  Epoch 1 | Step 3090/23865 | Loss 0.1065 | LR 1.65e-05 | samples_seen=9448
2026-05-15 17:58:30,934  INFO  Epoch 1 | Step 3090/23865 | Loss 0.0949 | LR 1.65e-05 | samples_seen=9450
2026-05-15 17:58:31,247  INFO  Epoch 1 | Step 3090/23865 | Loss 0.1058 | LR 1.65e-05 | samples_seen=9452
2026-05-15 17:58:31,582  INFO  Epoch 1 | Step 3090/23865 | Loss 0.1195 | LR 1.65e-05 | samples_seen=9454
2026-05-15 17:59:08,043  INFO  Epoch 1 | Step 3100/23865 | Loss 5.2322 | LR 1.68e-05 | samples_seen=9600
2026-05-15 17:59:08,720  INFO  Epoch 1 | Step 3100/23865 | Loss 0.0670 | LR 1.68e-05 | samples_seen=9602
2026-05-15 17:59:09,147  INFO  Epoch 1 | Step 3100/23865 | Loss 0.0396 | LR 1.68e-05 | samples_seen=9604
2026-05-15 17:59:09,678  INFO  Epoch 1 | Step 3100/23865 | Loss 0.1020 | LR 1.68e-05 | samples_seen=9606
2026-05-15 17:59:09,960  INFO  Epoch 1 | Step 3100/23865 | Loss 0.1373 | LR 1.68e-05 | samples_seen=9608
2026-05-15 17:59:10,571  INFO  Epoch 1 | Step 3100/23865 | Loss 0.0586 | LR 1.68e-05 | samples_seen=9610
2026-05-15 17:59:10,881  INFO  Epoch 1 | Step 3100/23865 | Loss 0.0812 | LR 1.68e-05 | samples_seen=9612
2026-05-15 17:59:11,353  INFO  Epoch 1 | Step 3100/23865 | Loss 0.0833 | LR 1.68e-05 | samples_seen=9614
2026-05-15 17:59:46,404  INFO  Epoch 1 | Step 3110/23865 | Loss 5.4663 | LR 1.71e-05 | samples_seen=9760
2026-05-15 17:59:46,899  INFO  Epoch 1 | Step 3110/23865 | Loss 0.0492 | LR 1.71e-05 | samples_seen=9762
2026-05-15 17:59:47,369  INFO  Epoch 1 | Step 3110/23865 | Loss 0.0744 | LR 1.71e-05 | samples_seen=9764
2026-05-15 17:59:47,959  INFO  Epoch 1 | Step 3110/23865 | Loss 0.0344 | LR 1.71e-05 | samples_seen=9766
2026-05-15 17:59:48,558  INFO  Epoch 1 | Step 3110/23865 | Loss 0.0700 | LR 1.71e-05 | samples_seen=9768
2026-05-15 17:59:48,823  INFO  Epoch 1 | Step 3110/23865 | Loss 0.0998 | LR 1.71e-05 | samples_seen=9770
2026-05-15 17:59:49,473  INFO  Epoch 1 | Step 3110/23865 | Loss 0.1282 | LR 1.71e-05 | samples_seen=9772
2026-05-15 17:59:49,830  INFO  Epoch 1 | Step 3110/23865 | Loss 0.0547 | LR 1.71e-05 | samples_seen=9774
2026-05-15 18:00:25,069  INFO  Epoch 1 | Step 3120/23865 | Loss 5.5613 | LR 1.73e-05 | samples_seen=9920
2026-05-15 18:00:25,753  INFO  Epoch 1 | Step 3120/23865 | Loss 0.0891 | LR 1.73e-05 | samples_seen=9922
2026-05-15 18:00:26,176  INFO  Epoch 1 | Step 3120/23865 | Loss 0.0679 | LR 1.73e-05 | samples_seen=9924
2026-05-15 18:00:26,531  INFO  Epoch 1 | Step 3120/23865 | Loss 0.0279 | LR 1.73e-05 | samples_seen=9926
2026-05-15 18:00:26,824  INFO  Epoch 1 | Step 3120/23865 | Loss 0.1404 | LR 1.73e-05 | samples_seen=9928
2026-05-15 18:00:27,312  INFO  Epoch 1 | Step 3120/23865 | Loss 0.0566 | LR 1.73e-05 | samples_seen=9930
2026-05-15 18:00:27,745  INFO  Epoch 1 | Step 3120/23865 | Loss 0.0498 | LR 1.73e-05 | samples_seen=9932
2026-05-15 18:00:28,529  INFO  Epoch 1 | Step 3120/23865 | Loss 0.0648 | LR 1.73e-05 | samples_seen=9934
2026-05-15 18:01:07,756  INFO  Epoch 1 | Step 3130/23865 | Loss 4.8804 | LR 1.76e-05 | samples_seen=10080
2026-05-15 18:01:08,383  INFO  Epoch 1 | Step 3130/23865 | Loss 0.0365 | LR 1.76e-05 | samples_seen=10082
2026-05-15 18:01:08,885  INFO  Epoch 1 | Step 3130/23865 | Loss 0.0755 | LR 1.76e-05 | samples_seen=10084
2026-05-15 18:01:09,546  INFO  Epoch 1 | Step 3130/23865 | Loss 0.0984 | LR 1.76e-05 | samples_seen=10086
2026-05-15 18:01:09,957  INFO  Epoch 1 | Step 3130/23865 | Loss 0.0810 | LR 1.76e-05 | samples_seen=10088
2026-05-15 18:01:10,526  INFO  Epoch 1 | Step 3130/23865 | Loss 0.0250 | LR 1.76e-05 | samples_seen=10090
2026-05-15 18:01:10,932  INFO  Epoch 1 | Step 3130/23865 | Loss 0.0862 | LR 1.76e-05 | samples_seen=10092
2026-05-15 18:01:11,837  INFO  Epoch 1 | Step 3130/23865 | Loss 0.0900 | LR 1.76e-05 | samples_seen=10094
2026-05-15 18:01:49,542  INFO  Epoch 1 | Step 3140/23865 | Loss 5.7912 | LR 1.79e-05 | samples_seen=10240
2026-05-15 18:01:50,091  INFO  Epoch 1 | Step 3140/23865 | Loss 0.0611 | LR 1.79e-05 | samples_seen=10242
2026-05-15 18:01:50,666  INFO  Epoch 1 | Step 3140/23865 | Loss 0.0331 | LR 1.79e-05 | samples_seen=10244
2026-05-15 18:01:50,958  INFO  Epoch 1 | Step 3140/23865 | Loss 0.0956 | LR 1.79e-05 | samples_seen=10246
2026-05-15 18:01:51,862  INFO  Epoch 1 | Step 3140/23865 | Loss 0.0563 | LR 1.79e-05 | samples_seen=10248
2026-05-15 18:01:52,202  INFO  Epoch 1 | Step 3140/23865 | Loss 0.1097 | LR 1.79e-05 | samples_seen=10250
2026-05-15 18:01:52,943  INFO  Epoch 1 | Step 3140/23865 | Loss 0.0741 | LR 1.79e-05 | samples_seen=10252
2026-05-15 18:01:53,317  INFO  Epoch 1 | Step 3140/23865 | Loss 0.0887 | LR 1.79e-05 | samples_seen=10254
2026-05-15 18:02:29,589  INFO  Epoch 1 | Step 3150/23865 | Loss 5.7317 | LR 1.82e-05 | samples_seen=10400
2026-05-15 18:02:29,996  INFO  Epoch 1 | Step 3150/23865 | Loss 0.0434 | LR 1.82e-05 | samples_seen=10402
2026-05-15 18:02:30,261  INFO  Epoch 1 | Step 3150/23865 | Loss 0.1301 | LR 1.82e-05 | samples_seen=10404
2026-05-15 18:02:30,788  INFO  Epoch 1 | Step 3150/23865 | Loss 0.0574 | LR 1.82e-05 | samples_seen=10406
2026-05-15 18:02:31,570  INFO  Epoch 1 | Step 3150/23865 | Loss 0.0646 | LR 1.82e-05 | samples_seen=10408
2026-05-15 18:02:31,996  INFO  Epoch 1 | Step 3150/23865 | Loss 0.1304 | LR 1.82e-05 | samples_seen=10410
2026-05-15 18:02:32,583  INFO  Epoch 1 | Step 3150/23865 | Loss 0.0894 | LR 1.82e-05 | samples_seen=10412
2026-05-15 18:02:33,051  INFO  Epoch 1 | Step 3150/23865 | Loss 0.0698 | LR 1.82e-05 | samples_seen=10414
2026-05-15 18:03:10,192  INFO  Epoch 1 | Step 3160/23865 | Loss 5.7010 | LR 1.85e-05 | samples_seen=10560
2026-05-15 18:03:10,707  INFO  Epoch 1 | Step 3160/23865 | Loss 0.0393 | LR 1.85e-05 | samples_seen=10562
2026-05-15 18:03:11,295  INFO  Epoch 1 | Step 3160/23865 | Loss 0.0966 | LR 1.85e-05 | samples_seen=10564
2026-05-15 18:03:11,593  INFO  Epoch 1 | Step 3160/23865 | Loss 0.1230 | LR 1.85e-05 | samples_seen=10566
2026-05-15 18:03:12,176  INFO  Epoch 1 | Step 3160/23865 | Loss 0.0502 | LR 1.85e-05 | samples_seen=10568
2026-05-15 18:03:12,709  INFO  Epoch 1 | Step 3160/23865 | Loss 0.0435 | LR 1.85e-05 | samples_seen=10570
2026-05-15 18:03:13,637  INFO  Epoch 1 | Step 3160/23865 | Loss 0.0559 | LR 1.85e-05 | samples_seen=10572
2026-05-15 18:03:14,357  INFO  Epoch 1 | Step 3160/23865 | Loss 0.0489 | LR 1.85e-05 | samples_seen=10574
2026-05-15 18:03:52,327  INFO  Epoch 1 | Step 3170/23865 | Loss 5.6483 | LR 1.87e-05 | samples_seen=10720
2026-05-15 18:03:52,855  INFO  Epoch 1 | Step 3170/23865 | Loss 0.0498 | LR 1.87e-05 | samples_seen=10722
2026-05-15 18:03:53,382  INFO  Epoch 1 | Step 3170/23865 | Loss 0.1442 | LR 1.87e-05 | samples_seen=10724
2026-05-15 18:03:53,843  INFO  Epoch 1 | Step 3170/23865 | Loss 0.0894 | LR 1.87e-05 | samples_seen=10726
2026-05-15 18:03:54,146  INFO  Epoch 1 | Step 3170/23865 | Loss 0.0824 | LR 1.87e-05 | samples_seen=10728
2026-05-15 18:03:54,869  INFO  Epoch 1 | Step 3170/23865 | Loss 0.0468 | LR 1.87e-05 | samples_seen=10730
2026-05-15 18:03:55,331  INFO  Epoch 1 | Step 3170/23865 | Loss 0.0253 | LR 1.87e-05 | samples_seen=10732
2026-05-15 18:03:55,814  INFO  Epoch 1 | Step 3170/23865 | Loss 0.0583 | LR 1.87e-05 | samples_seen=10734
2026-05-15 18:04:35,064  INFO  Epoch 1 | Step 3180/23865 | Loss 5.1143 | LR 1.90e-05 | samples_seen=10880
2026-05-15 18:04:35,395  INFO  Epoch 1 | Step 3180/23865 | Loss 0.0767 | LR 1.90e-05 | samples_seen=10882
2026-05-15 18:04:35,832  INFO  Epoch 1 | Step 3180/23865 | Loss 0.0448 | LR 1.90e-05 | samples_seen=10884
2026-05-15 18:04:36,328  INFO  Epoch 1 | Step 3180/23865 | Loss 0.0575 | LR 1.90e-05 | samples_seen=10886
2026-05-15 18:04:36,784  INFO  Epoch 1 | Step 3180/23865 | Loss 0.0446 | LR 1.90e-05 | samples_seen=10888
2026-05-15 18:04:37,140  INFO  Epoch 1 | Step 3180/23865 | Loss 0.0266 | LR 1.90e-05 | samples_seen=10890
2026-05-15 18:04:37,610  INFO  Epoch 1 | Step 3180/23865 | Loss 0.0337 | LR 1.90e-05 | samples_seen=10892
2026-05-15 18:04:37,850  INFO  Epoch 1 | Step 3180/23865 | Loss 0.2081 | LR 1.90e-05 | samples_seen=10894
2026-05-15 18:05:15,440  INFO  Epoch 1 | Step 3190/23865 | Loss 4.9395 | LR 1.93e-05 | samples_seen=11040
2026-05-15 18:05:16,045  INFO  Epoch 1 | Step 3190/23865 | Loss 0.0398 | LR 1.93e-05 | samples_seen=11042
2026-05-15 18:05:16,568  INFO  Epoch 1 | Step 3190/23865 | Loss 0.1575 | LR 1.93e-05 | samples_seen=11044
2026-05-15 18:05:17,032  INFO  Epoch 1 | Step 3190/23865 | Loss 0.0527 | LR 1.93e-05 | samples_seen=11046
2026-05-15 18:05:17,588  INFO  Epoch 1 | Step 3190/23865 | Loss 0.0659 | LR 1.93e-05 | samples_seen=11048
2026-05-15 18:05:18,186  INFO  Epoch 1 | Step 3190/23865 | Loss 0.0288 | LR 1.93e-05 | samples_seen=11050
2026-05-15 18:05:18,766  INFO  Epoch 1 | Step 3190/23865 | Loss 0.0792 | LR 1.93e-05 | samples_seen=11052
2026-05-15 18:05:18,974  INFO  Epoch 1 | Step 3190/23865 | Loss 0.1446 | LR 1.93e-05 | samples_seen=11054
2026-05-15 18:05:56,067  INFO  Epoch 1 | Step 3200/23865 | Loss 5.4362 | LR 1.96e-05 | samples_seen=11200
2026-05-15 18:05:56,477  INFO  Epoch 1 | Step 3200/23865 | Loss 0.0696 | LR 1.96e-05 | samples_seen=11202
2026-05-15 18:05:56,969  INFO  Epoch 1 | Step 3200/23865 | Loss 0.0421 | LR 1.96e-05 | samples_seen=11204
2026-05-15 18:05:57,321  INFO  Epoch 1 | Step 3200/23865 | Loss 0.0729 | LR 1.96e-05 | samples_seen=11206
2026-05-15 18:05:57,595  INFO  Epoch 1 | Step 3200/23865 | Loss 0.1168 | LR 1.96e-05 | samples_seen=11208
2026-05-15 18:05:58,022  INFO  Epoch 1 | Step 3200/23865 | Loss 0.0540 | LR 1.96e-05 | samples_seen=11210
2026-05-15 18:05:58,586  INFO  Epoch 1 | Step 3200/23865 | Loss 0.0520 | LR 1.96e-05 | samples_seen=11212
2026-05-15 18:05:59,123  INFO  Epoch 1 | Step 3200/23865 | Loss 0.0682 | LR 1.96e-05 | samples_seen=11214
2026-05-15 18:06:36,084  INFO  Epoch 1 | Step 3210/23865 | Loss 5.1109 | LR 1.99e-05 | samples_seen=11360
2026-05-15 18:06:36,485  INFO  Epoch 1 | Step 3210/23865 | Loss 0.0335 | LR 1.99e-05 | samples_seen=11362
2026-05-15 18:06:36,761  INFO  Epoch 1 | Step 3210/23865 | Loss 0.1210 | LR 1.99e-05 | samples_seen=11364
2026-05-15 18:06:37,053  INFO  Epoch 1 | Step 3210/23865 | Loss 0.0842 | LR 1.99e-05 | samples_seen=11366
2026-05-15 18:06:37,603  INFO  Epoch 1 | Step 3210/23865 | Loss 0.0402 | LR 1.99e-05 | samples_seen=11368
2026-05-15 18:06:38,143  INFO  Epoch 1 | Step 3210/23865 | Loss 0.1340 | LR 1.99e-05 | samples_seen=11370
2026-05-15 18:06:38,475  INFO  Epoch 1 | Step 3210/23865 | Loss 0.0700 | LR 1.99e-05 | samples_seen=11372
2026-05-15 18:06:39,145  INFO  Epoch 1 | Step 3210/23865 | Loss 0.0983 | LR 1.99e-05 | samples_seen=11374
2026-05-15 18:07:16,804  INFO  Epoch 1 | Step 3220/23865 | Loss 5.2221 | LR 2.00e-05 | samples_seen=11520
2026-05-15 18:07:17,047  INFO  Epoch 1 | Step 3220/23865 | Loss 0.1085 | LR 2.00e-05 | samples_seen=11522
2026-05-15 18:07:17,461  INFO  Epoch 1 | Step 3220/23865 | Loss 0.0261 | LR 2.00e-05 | samples_seen=11524
2026-05-15 18:07:17,810  INFO  Epoch 1 | Step 3220/23865 | Loss 0.1034 | LR 2.00e-05 | samples_seen=11526
2026-05-15 18:07:18,225  INFO  Epoch 1 | Step 3220/23865 | Loss 0.0639 | LR 2.00e-05 | samples_seen=11528
2026-05-15 18:07:18,517  INFO  Epoch 1 | Step 3220/23865 | Loss 0.1415 | LR 2.00e-05 | samples_seen=11530
2026-05-15 18:07:18,940  INFO  Epoch 1 | Step 3220/23865 | Loss 0.0758 | LR 2.00e-05 | samples_seen=11532
2026-05-15 18:07:19,306  INFO  Epoch 1 | Step 3220/23865 | Loss 0.0356 | LR 2.00e-05 | samples_seen=11534
2026-05-15 18:07:56,790  INFO  Epoch 1 | Step 3230/23865 | Loss 5.1860 | LR 2.00e-05 | samples_seen=11680
2026-05-15 18:07:57,152  INFO  Epoch 1 | Step 3230/23865 | Loss 0.0663 | LR 2.00e-05 | samples_seen=11682
2026-05-15 18:07:57,609  INFO  Epoch 1 | Step 3230/23865 | Loss 0.0512 | LR 2.00e-05 | samples_seen=11684
2026-05-15 18:07:57,918  INFO  Epoch 1 | Step 3230/23865 | Loss 0.1297 | LR 2.00e-05 | samples_seen=11686
2026-05-15 18:07:58,215  INFO  Epoch 1 | Step 3230/23865 | Loss 0.1111 | LR 2.00e-05 | samples_seen=11688
2026-05-15 18:07:58,515  INFO  Epoch 1 | Step 3230/23865 | Loss 0.0869 | LR 2.00e-05 | samples_seen=11690
2026-05-15 18:07:59,187  INFO  Epoch 1 | Step 3230/23865 | Loss 0.0726 | LR 2.00e-05 | samples_seen=11692
2026-05-15 18:07:59,682  INFO  Epoch 1 | Step 3230/23865 | Loss 0.0367 | LR 2.00e-05 | samples_seen=11694
2026-05-15 18:08:35,604  INFO  Epoch 1 | Step 3240/23865 | Loss 5.9225 | LR 2.00e-05 | samples_seen=11840
2026-05-15 18:08:36,219  INFO  Epoch 1 | Step 3240/23865 | Loss 0.0622 | LR 2.00e-05 | samples_seen=11842
2026-05-15 18:08:36,755  INFO  Epoch 1 | Step 3240/23865 | Loss 0.0613 | LR 2.00e-05 | samples_seen=11844
2026-05-15 18:08:37,140  INFO  Epoch 1 | Step 3240/23865 | Loss 0.0797 | LR 2.00e-05 | samples_seen=11846
2026-05-15 18:08:37,609  INFO  Epoch 1 | Step 3240/23865 | Loss 0.0385 | LR 2.00e-05 | samples_seen=11848
2026-05-15 18:08:37,887  INFO  Epoch 1 | Step 3240/23865 | Loss 0.1130 | LR 2.00e-05 | samples_seen=11850
2026-05-15 18:08:38,369  INFO  Epoch 1 | Step 3240/23865 | Loss 0.0284 | LR 2.00e-05 | samples_seen=11852
2026-05-15 18:08:38,811  INFO  Epoch 1 | Step 3240/23865 | Loss 0.0482 | LR 2.00e-05 | samples_seen=11854
2026-05-15 18:09:14,211  INFO  Epoch 1 | Step 3250/23865 | Loss 5.5579 | LR 2.00e-05 | samples_seen=12000
2026-05-15 18:09:14,763  INFO  Epoch 1 | Step 3250/23865 | Loss 0.1260 | LR 2.00e-05 | samples_seen=12002
2026-05-15 18:09:15,260  INFO  Epoch 1 | Step 3250/23865 | Loss 0.0369 | LR 2.00e-05 | samples_seen=12004
2026-05-15 18:09:15,905  INFO  Epoch 1 | Step 3250/23865 | Loss 0.0695 | LR 2.00e-05 | samples_seen=12006
2026-05-15 18:09:16,360  INFO  Epoch 1 | Step 3250/23865 | Loss 0.1287 | LR 2.00e-05 | samples_seen=12008
2026-05-15 18:09:16,889  INFO  Epoch 1 | Step 3250/23865 | Loss 0.0571 | LR 2.00e-05 | samples_seen=12010
2026-05-15 18:09:17,450  INFO  Epoch 1 | Step 3250/23865 | Loss 0.0442 | LR 2.00e-05 | samples_seen=12012
2026-05-15 18:09:17,658  INFO  Epoch 1 | Step 3250/23865 | Loss 0.0792 | LR 2.00e-05 | samples_seen=12014
2026-05-15 18:09:52,589  INFO  Epoch 1 | Step 3260/23865 | Loss 5.8084 | LR 2.00e-05 | samples_seen=12160
2026-05-15 18:09:53,042  INFO  Epoch 1 | Step 3260/23865 | Loss 0.1364 | LR 2.00e-05 | samples_seen=12162
2026-05-15 18:09:53,424  INFO  Epoch 1 | Step 3260/23865 | Loss 0.0599 | LR 2.00e-05 | samples_seen=12164
2026-05-15 18:09:53,726  INFO  Epoch 1 | Step 3260/23865 | Loss 0.1098 | LR 2.00e-05 | samples_seen=12166
2026-05-15 18:09:54,226  INFO  Epoch 1 | Step 3260/23865 | Loss 0.0796 | LR 2.00e-05 | samples_seen=12168
2026-05-15 18:09:54,949  INFO  Epoch 1 | Step 3260/23865 | Loss 0.0552 | LR 2.00e-05 | samples_seen=12170
2026-05-15 18:09:55,391  INFO  Epoch 1 | Step 3260/23865 | Loss 0.0671 | LR 2.00e-05 | samples_seen=12172
2026-05-15 18:09:55,931  INFO  Epoch 1 | Step 3260/23865 | Loss 0.0800 | LR 2.00e-05 | samples_seen=12174
2026-05-15 18:10:32,115  INFO  Epoch 1 | Step 3270/23865 | Loss 4.8123 | LR 2.00e-05 | samples_seen=12320
2026-05-15 18:10:32,804  INFO  Epoch 1 | Step 3270/23865 | Loss 0.1675 | LR 2.00e-05 | samples_seen=12322
2026-05-15 18:10:33,236  INFO  Epoch 1 | Step 3270/23865 | Loss 0.0686 | LR 2.00e-05 | samples_seen=12324
2026-05-15 18:10:33,882  INFO  Epoch 1 | Step 3270/23865 | Loss 0.0587 | LR 2.00e-05 | samples_seen=12326
2026-05-15 18:10:34,612  INFO  Epoch 1 | Step 3270/23865 | Loss 0.0687 | LR 2.00e-05 | samples_seen=12328
2026-05-15 18:10:35,192  INFO  Epoch 1 | Step 3270/23865 | Loss 0.0558 | LR 2.00e-05 | samples_seen=12330
2026-05-15 18:10:35,711  INFO  Epoch 1 | Step 3270/23865 | Loss 0.0649 | LR 2.00e-05 | samples_seen=12332
2026-05-15 18:10:36,074  INFO  Epoch 1 | Step 3270/23865 | Loss 0.0733 | LR 2.00e-05 | samples_seen=12334
2026-05-15 18:11:13,579  INFO  Epoch 1 | Step 3280/23865 | Loss 5.4189 | LR 2.00e-05 | samples_seen=12480
2026-05-15 18:11:13,830  INFO  Epoch 1 | Step 3280/23865 | Loss 0.1585 | LR 2.00e-05 | samples_seen=12482
2026-05-15 18:11:14,124  INFO  Epoch 1 | Step 3280/23865 | Loss 0.1212 | LR 2.00e-05 | samples_seen=12484
2026-05-15 18:11:14,532  INFO  Epoch 1 | Step 3280/23865 | Loss 0.0956 | LR 2.00e-05 | samples_seen=12486
2026-05-15 18:11:14,969  INFO  Epoch 1 | Step 3280/23865 | Loss 0.0720 | LR 2.00e-05 | samples_seen=12488
2026-05-15 18:11:15,363  INFO  Epoch 1 | Step 3280/23865 | Loss 0.0700 | LR 2.00e-05 | samples_seen=12490
2026-05-15 18:11:15,780  INFO  Epoch 1 | Step 3280/23865 | Loss 0.0976 | LR 2.00e-05 | samples_seen=12492
2026-05-15 18:11:16,523  INFO  Epoch 1 | Step 3280/23865 | Loss 0.0546 | LR 2.00e-05 | samples_seen=12494
2026-05-15 18:11:54,754  INFO  Epoch 1 | Step 3290/23865 | Loss 5.5025 | LR 2.00e-05 | samples_seen=12640
2026-05-15 18:11:55,202  INFO  Epoch 1 | Step 3290/23865 | Loss 0.1018 | LR 2.00e-05 | samples_seen=12642
2026-05-15 18:11:55,768  INFO  Epoch 1 | Step 3290/23865 | Loss 0.0476 | LR 2.00e-05 | samples_seen=12644
2026-05-15 18:11:56,367  INFO  Epoch 1 | Step 3290/23865 | Loss 0.0691 | LR 2.00e-05 | samples_seen=12646
2026-05-15 18:11:56,667  INFO  Epoch 1 | Step 3290/23865 | Loss 0.1232 | LR 2.00e-05 | samples_seen=12648
2026-05-15 18:11:57,087  INFO  Epoch 1 | Step 3290/23865 | Loss 0.0251 | LR 2.00e-05 | samples_seen=12650
2026-05-15 18:11:57,568  INFO  Epoch 1 | Step 3290/23865 | Loss 0.0328 | LR 2.00e-05 | samples_seen=12652
2026-05-15 18:11:58,059  INFO  Epoch 1 | Step 3290/23865 | Loss 0.0711 | LR 2.00e-05 | samples_seen=12654
2026-05-15 18:12:34,466  INFO  Epoch 1 | Step 3300/23865 | Loss 5.7547 | LR 2.00e-05 | samples_seen=12800
2026-05-15 18:12:34,725  INFO  Epoch 1 | Step 3300/23865 | Loss 0.0752 | LR 2.00e-05 | samples_seen=12802
2026-05-15 18:12:35,088  INFO  Epoch 1 | Step 3300/23865 | Loss 0.0854 | LR 2.00e-05 | samples_seen=12804
2026-05-15 18:12:35,431  INFO  Epoch 1 | Step 3300/23865 | Loss 0.0453 | LR 2.00e-05 | samples_seen=12806
2026-05-15 18:12:35,765  INFO  Epoch 1 | Step 3300/23865 | Loss 0.0790 | LR 2.00e-05 | samples_seen=12808
2026-05-15 18:12:36,021  INFO  Epoch 1 | Step 3300/23865 | Loss 0.1659 | LR 2.00e-05 | samples_seen=12810
2026-05-15 18:12:36,673  INFO  Epoch 1 | Step 3300/23865 | Loss 0.0420 | LR 2.00e-05 | samples_seen=12812
2026-05-15 18:12:37,252  INFO  Epoch 1 | Step 3300/23865 | Loss 0.0550 | LR 2.00e-05 | samples_seen=12814
2026-05-15 18:13:13,330  INFO  Epoch 1 | Step 3310/23865 | Loss 5.7985 | LR 2.00e-05 | samples_seen=12960
2026-05-15 18:13:13,755  INFO  Epoch 1 | Step 3310/23865 | Loss 0.0495 | LR 2.00e-05 | samples_seen=12962
2026-05-15 18:13:14,356  INFO  Epoch 1 | Step 3310/23865 | Loss 0.0320 | LR 2.00e-05 | samples_seen=12964
2026-05-15 18:13:14,896  INFO  Epoch 1 | Step 3310/23865 | Loss 0.0360 | LR 2.00e-05 | samples_seen=12966
2026-05-15 18:13:15,577  INFO  Epoch 1 | Step 3310/23865 | Loss 0.0797 | LR 2.00e-05 | samples_seen=12968
2026-05-15 18:13:16,011  INFO  Epoch 1 | Step 3310/23865 | Loss 0.0731 | LR 2.00e-05 | samples_seen=12970
2026-05-15 18:13:16,627  INFO  Epoch 1 | Step 3310/23865 | Loss 0.0313 | LR 2.00e-05 | samples_seen=12972
2026-05-15 18:13:17,341  INFO  Epoch 1 | Step 3310/23865 | Loss 0.0369 | LR 2.00e-05 | samples_seen=12974
2026-05-15 18:13:50,874  INFO  Epoch 1 | Step 3320/23865 | Loss 5.3555 | LR 2.00e-05 | samples_seen=13120
2026-05-15 18:13:51,129  INFO  Epoch 1 | Step 3320/23865 | Loss 0.1272 | LR 2.00e-05 | samples_seen=13122
2026-05-15 18:13:51,423  INFO  Epoch 1 | Step 3320/23865 | Loss 0.1348 | LR 2.00e-05 | samples_seen=13124
2026-05-15 18:13:51,790  INFO  Epoch 1 | Step 3320/23865 | Loss 0.0393 | LR 2.00e-05 | samples_seen=13126
2026-05-15 18:13:52,291  INFO  Epoch 1 | Step 3320/23865 | Loss 0.0358 | LR 2.00e-05 | samples_seen=13128
2026-05-15 18:13:52,932  INFO  Epoch 1 | Step 3320/23865 | Loss 0.0800 | LR 2.00e-05 | samples_seen=13130
2026-05-15 18:13:53,827  INFO  Epoch 1 | Step 3320/23865 | Loss 0.0427 | LR 2.00e-05 | samples_seen=13132
2026-05-15 18:13:54,421  INFO  Epoch 1 | Step 3320/23865 | Loss 0.0484 | LR 2.00e-05 | samples_seen=13134
2026-05-15 18:14:29,841  INFO  Epoch 1 | Step 3330/23865 | Loss 5.4885 | LR 2.00e-05 | samples_seen=13280
2026-05-15 18:14:30,382  INFO  Epoch 1 | Step 3330/23865 | Loss 0.0816 | LR 2.00e-05 | samples_seen=13282
2026-05-15 18:14:30,852  INFO  Epoch 1 | Step 3330/23865 | Loss 0.0698 | LR 2.00e-05 | samples_seen=13284
2026-05-15 18:14:31,418  INFO  Epoch 1 | Step 3330/23865 | Loss 0.0316 | LR 2.00e-05 | samples_seen=13286
2026-05-15 18:14:31,849  INFO  Epoch 1 | Step 3330/23865 | Loss 0.0263 | LR 2.00e-05 | samples_seen=13288
2026-05-15 18:14:32,138  INFO  Epoch 1 | Step 3330/23865 | Loss 0.0939 | LR 2.00e-05 | samples_seen=13290
2026-05-15 18:14:32,846  INFO  Epoch 1 | Step 3330/23865 | Loss 0.1263 | LR 2.00e-05 | samples_seen=13292
2026-05-15 18:14:33,383  INFO  Epoch 1 | Step 3330/23865 | Loss 0.0352 | LR 2.00e-05 | samples_seen=13294
2026-05-15 18:15:11,341  INFO  Epoch 1 | Step 3340/23865 | Loss 5.3913 | LR 2.00e-05 | samples_seen=13440
2026-05-15 18:18:38,627  INFO  Checkpoint saved → ../checkpoints/stage2_l40/step3340 | global_step=3340 | samples_seen=13440
2026-05-15 18:18:39,315  INFO  Epoch 1 | Step 3340/23865 | Loss 0.1068 | LR 2.00e-05 | samples_seen=13442
2026-05-15 18:18:39,847  INFO  Epoch 1 | Step 3340/23865 | Loss 0.0521 | LR 2.00e-05 | samples_seen=13444
2026-05-15 18:18:40,466  INFO  Epoch 1 | Step 3340/23865 | Loss 0.0650 | LR 2.00e-05 | samples_seen=13446
2026-05-15 18:18:40,896  INFO  Epoch 1 | Step 3340/23865 | Loss 0.0690 | LR 2.00e-05 | samples_seen=13448
2026-05-15 18:18:41,341  INFO  Epoch 1 | Step 3340/23865 | Loss 0.0512 | LR 2.00e-05 | samples_seen=13450
2026-05-15 18:18:41,876  INFO  Epoch 1 | Step 3340/23865 | Loss 0.1079 | LR 2.00e-05 | samples_seen=13452
2026-05-15 18:18:42,210  INFO  Epoch 1 | Step 3340/23865 | Loss 0.0815 | LR 2.00e-05 | samples_seen=13454
2026-05-15 18:19:15,464  INFO  Epoch 1 | Step 3350/23865 | Loss 5.1201 | LR 2.00e-05 | samples_seen=13600
2026-05-15 18:19:15,840  INFO  Epoch 1 | Step 3350/23865 | Loss 0.0432 | LR 2.00e-05 | samples_seen=13602
2026-05-15 18:19:16,128  INFO  Epoch 1 | Step 3350/23865 | Loss 0.0994 | LR 2.00e-05 | samples_seen=13604
2026-05-15 18:19:16,547  INFO  Epoch 1 | Step 3350/23865 | Loss 0.0696 | LR 2.00e-05 | samples_seen=13606
2026-05-15 18:19:16,892  INFO  Epoch 1 | Step 3350/23865 | Loss 0.0661 | LR 2.00e-05 | samples_seen=13608
2026-05-15 18:19:17,404  INFO  Epoch 1 | Step 3350/23865 | Loss 0.0843 | LR 2.00e-05 | samples_seen=13610
2026-05-15 18:19:17,693  INFO  Epoch 1 | Step 3350/23865 | Loss 0.1389 | LR 2.00e-05 | samples_seen=13612
2026-05-15 18:19:18,220  INFO  Epoch 1 | Step 3350/23865 | Loss 0.0879 | LR 2.00e-05 | samples_seen=13614
2026-05-15 18:19:51,750  INFO  Epoch 1 | Step 3360/23865 | Loss 5.4003 | LR 2.00e-05 | samples_seen=13760
2026-05-15 18:19:52,294  INFO  Epoch 1 | Step 3360/23865 | Loss 0.1117 | LR 2.00e-05 | samples_seen=13762
2026-05-15 18:19:52,583  INFO  Epoch 1 | Step 3360/23865 | Loss 0.0533 | LR 2.00e-05 | samples_seen=13764
2026-05-15 18:19:52,921  INFO  Epoch 1 | Step 3360/23865 | Loss 0.0481 | LR 2.00e-05 | samples_seen=13766
2026-05-15 18:19:53,207  INFO  Epoch 1 | Step 3360/23865 | Loss 0.0820 | LR 2.00e-05 | samples_seen=13768
2026-05-15 18:19:53,811  INFO  Epoch 1 | Step 3360/23865 | Loss 0.0617 | LR 2.00e-05 | samples_seen=13770
2026-05-15 18:19:54,380  INFO  Epoch 1 | Step 3360/23865 | Loss 0.0344 | LR 2.00e-05 | samples_seen=13772
2026-05-15 18:19:54,666  INFO  Epoch 1 | Step 3360/23865 | Loss 0.0556 | LR 2.00e-05 | samples_seen=13774
2026-05-15 18:20:30,385  INFO  Epoch 1 | Step 3370/23865 | Loss 5.4290 | LR 2.00e-05 | samples_seen=13920
2026-05-15 18:20:30,694  INFO  Epoch 1 | Step 3370/23865 | Loss 0.0731 | LR 2.00e-05 | samples_seen=13922
2026-05-15 18:20:31,017  INFO  Epoch 1 | Step 3370/23865 | Loss 0.0878 | LR 2.00e-05 | samples_seen=13924
2026-05-15 18:20:31,455  INFO  Epoch 1 | Step 3370/23865 | Loss 0.0674 | LR 2.00e-05 | samples_seen=13926
2026-05-15 18:20:32,120  INFO  Epoch 1 | Step 3370/23865 | Loss 0.0876 | LR 2.00e-05 | samples_seen=13928
2026-05-15 18:20:32,917  INFO  Epoch 1 | Step 3370/23865 | Loss 0.0811 | LR 2.00e-05 | samples_seen=13930
2026-05-15 18:20:33,480  INFO  Epoch 1 | Step 3370/23865 | Loss 0.1438 | LR 2.00e-05 | samples_seen=13932
2026-05-15 18:20:34,013  INFO  Epoch 1 | Step 3370/23865 | Loss 0.0203 | LR 2.00e-05 | samples_seen=13934
2026-05-15 18:21:07,891  INFO  Epoch 1 | Step 3380/23865 | Loss 5.9558 | LR 2.00e-05 | samples_seen=14080
2026-05-15 18:21:08,147  INFO  Epoch 1 | Step 3380/23865 | Loss 0.1117 | LR 2.00e-05 | samples_seen=14082
2026-05-15 18:21:08,474  INFO  Epoch 1 | Step 3380/23865 | Loss 0.1214 | LR 2.00e-05 | samples_seen=14084
2026-05-15 18:21:08,818  INFO  Epoch 1 | Step 3380/23865 | Loss 0.1056 | LR 2.00e-05 | samples_seen=14086
2026-05-15 18:21:09,508  INFO  Epoch 1 | Step 3380/23865 | Loss 0.0652 | LR 2.00e-05 | samples_seen=14088
2026-05-15 18:21:09,953  INFO  Epoch 1 | Step 3380/23865 | Loss 0.0606 | LR 2.00e-05 | samples_seen=14090
2026-05-15 18:21:10,554  INFO  Epoch 1 | Step 3380/23865 | Loss 0.0927 | LR 2.00e-05 | samples_seen=14092
2026-05-15 18:21:11,201  INFO  Epoch 1 | Step 3380/23865 | Loss 0.1311 | LR 2.00e-05 | samples_seen=14094
2026-05-15 18:21:47,395  INFO  Epoch 1 | Step 3390/23865 | Loss 5.2560 | LR 2.00e-05 | samples_seen=14240
2026-05-15 18:21:47,658  INFO  Epoch 1 | Step 3390/23865 | Loss 0.1037 | LR 2.00e-05 | samples_seen=14242
2026-05-15 18:21:48,389  INFO  Epoch 1 | Step 3390/23865 | Loss 0.0686 | LR 2.00e-05 | samples_seen=14244
2026-05-15 18:21:48,847  INFO  Epoch 1 | Step 3390/23865 | Loss 0.0415 | LR 2.00e-05 | samples_seen=14246
2026-05-15 18:21:49,355  INFO  Epoch 1 | Step 3390/23865 | Loss 0.0523 | LR 2.00e-05 | samples_seen=14248
2026-05-15 18:21:49,707  INFO  Epoch 1 | Step 3390/23865 | Loss 0.0885 | LR 2.00e-05 | samples_seen=14250
2026-05-15 18:21:50,127  INFO  Epoch 1 | Step 3390/23865 | Loss 0.0254 | LR 2.00e-05 | samples_seen=14252
2026-05-15 18:21:50,559  INFO  Epoch 1 | Step 3390/23865 | Loss 0.1235 | LR 2.00e-05 | samples_seen=14254
2026-05-15 18:22:30,293  INFO  Epoch 1 | Step 3400/23865 | Loss 4.9266 | LR 2.00e-05 | samples_seen=14400
2026-05-15 18:22:30,871  INFO  Epoch 1 | Step 3400/23865 | Loss 0.0496 | LR 2.00e-05 | samples_seen=14402
2026-05-15 18:22:31,346  INFO  Epoch 1 | Step 3400/23865 | Loss 0.0450 | LR 2.00e-05 | samples_seen=14404
2026-05-15 18:22:31,591  INFO  Epoch 1 | Step 3400/23865 | Loss 0.1606 | LR 2.00e-05 | samples_seen=14406
2026-05-15 18:22:31,883  INFO  Epoch 1 | Step 3400/23865 | Loss 0.1523 | LR 2.00e-05 | samples_seen=14408
2026-05-15 18:22:32,492  INFO  Epoch 1 | Step 3400/23865 | Loss 0.0216 | LR 2.00e-05 | samples_seen=14410
2026-05-15 18:22:32,932  INFO  Epoch 1 | Step 3400/23865 | Loss 0.0645 | LR 2.00e-05 | samples_seen=14412
2026-05-15 18:22:33,227  INFO  Epoch 1 | Step 3400/23865 | Loss 0.1005 | LR 2.00e-05 | samples_seen=14414
2026-05-15 18:23:10,055  INFO  Epoch 1 | Step 3410/23865 | Loss 5.5106 | LR 2.00e-05 | samples_seen=14560
2026-05-15 18:23:10,434  INFO  Epoch 1 | Step 3410/23865 | Loss 0.0462 | LR 2.00e-05 | samples_seen=14562
2026-05-15 18:23:10,896  INFO  Epoch 1 | Step 3410/23865 | Loss 0.0287 | LR 2.00e-05 | samples_seen=14564
2026-05-15 18:23:11,283  INFO  Epoch 1 | Step 3410/23865 | Loss 0.0653 | LR 2.00e-05 | samples_seen=14566
2026-05-15 18:23:11,865  INFO  Epoch 1 | Step 3410/23865 | Loss 0.0371 | LR 2.00e-05 | samples_seen=14568
2026-05-15 18:23:12,303  INFO  Epoch 1 | Step 3410/23865 | Loss 0.1176 | LR 2.00e-05 | samples_seen=14570
2026-05-15 18:23:12,846  INFO  Epoch 1 | Step 3410/23865 | Loss 0.0684 | LR 2.00e-05 | samples_seen=14572
2026-05-15 18:23:13,385  INFO  Epoch 1 | Step 3410/23865 | Loss 0.0906 | LR 2.00e-05 | samples_seen=14574
2026-05-15 18:23:50,680  INFO  Epoch 1 | Step 3420/23865 | Loss 5.6112 | LR 2.00e-05 | samples_seen=14720
2026-05-15 18:23:51,213  INFO  Epoch 1 | Step 3420/23865 | Loss 0.0594 | LR 2.00e-05 | samples_seen=14722
2026-05-15 18:23:51,512  INFO  Epoch 1 | Step 3420/23865 | Loss 0.0526 | LR 2.00e-05 | samples_seen=14724
2026-05-15 18:23:52,058  INFO  Epoch 1 | Step 3420/23865 | Loss 0.0513 | LR 2.00e-05 | samples_seen=14726
2026-05-15 18:23:52,664  INFO  Epoch 1 | Step 3420/23865 | Loss 0.0349 | LR 2.00e-05 | samples_seen=14728
2026-05-15 18:23:53,053  INFO  Epoch 1 | Step 3420/23865 | Loss 0.0689 | LR 2.00e-05 | samples_seen=14730
2026-05-15 18:23:53,957  INFO  Epoch 1 | Step 3420/23865 | Loss 0.0563 | LR 2.00e-05 | samples_seen=14732
2026-05-15 18:23:54,318  INFO  Epoch 1 | Step 3420/23865 | Loss 0.0494 | LR 2.00e-05 | samples_seen=14734
2026-05-15 18:24:32,967  INFO  Epoch 1 | Step 3430/23865 | Loss 5.4695 | LR 2.00e-05 | samples_seen=14880
2026-05-15 18:24:33,393  INFO  Epoch 1 | Step 3430/23865 | Loss 0.0785 | LR 2.00e-05 | samples_seen=14882
2026-05-15 18:24:33,883  INFO  Epoch 1 | Step 3430/23865 | Loss 0.0330 | LR 2.00e-05 | samples_seen=14884
2026-05-15 18:24:34,437  INFO  Epoch 1 | Step 3430/23865 | Loss 0.0371 | LR 2.00e-05 | samples_seen=14886
2026-05-15 18:24:34,920  INFO  Epoch 1 | Step 3430/23865 | Loss 0.0508 | LR 2.00e-05 | samples_seen=14888
2026-05-15 18:24:35,585  INFO  Epoch 1 | Step 3430/23865 | Loss 0.0513 | LR 2.00e-05 | samples_seen=14890
2026-05-15 18:24:36,083  INFO  Epoch 1 | Step 3430/23865 | Loss 0.0469 | LR 2.00e-05 | samples_seen=14892
2026-05-15 18:24:36,571  INFO  Epoch 1 | Step 3430/23865 | Loss 0.1274 | LR 2.00e-05 | samples_seen=14894
2026-05-15 18:25:12,872  INFO  Epoch 1 | Step 3440/23865 | Loss 5.5194 | LR 2.00e-05 | samples_seen=15040
2026-05-15 18:25:13,301  INFO  Epoch 1 | Step 3440/23865 | Loss 0.0475 | LR 2.00e-05 | samples_seen=15042
2026-05-15 18:25:13,801  INFO  Epoch 1 | Step 3440/23865 | Loss 0.0371 | LR 2.00e-05 | samples_seen=15044
2026-05-15 18:25:14,152  INFO  Epoch 1 | Step 3440/23865 | Loss 0.0381 | LR 2.00e-05 | samples_seen=15046
2026-05-15 18:25:14,732  INFO  Epoch 1 | Step 3440/23865 | Loss 0.0733 | LR 2.00e-05 | samples_seen=15048
2026-05-15 18:25:15,322  INFO  Epoch 1 | Step 3440/23865 | Loss 0.0463 | LR 2.00e-05 | samples_seen=15050
2026-05-15 18:25:15,579  INFO  Epoch 1 | Step 3440/23865 | Loss 0.1164 | LR 2.00e-05 | samples_seen=15052
2026-05-15 18:25:16,131  INFO  Epoch 1 | Step 3440/23865 | Loss 0.0914 | LR 2.00e-05 | samples_seen=15054
2026-05-15 18:25:55,167  INFO  Epoch 1 | Step 3450/23865 | Loss 5.5305 | LR 2.00e-05 | samples_seen=15200
2026-05-15 18:25:55,782  INFO  Epoch 1 | Step 3450/23865 | Loss 0.0788 | LR 2.00e-05 | samples_seen=15202
2026-05-15 18:25:56,152  INFO  Epoch 1 | Step 3450/23865 | Loss 0.0558 | LR 2.00e-05 | samples_seen=15204
2026-05-15 18:25:56,548  INFO  Epoch 1 | Step 3450/23865 | Loss 0.0843 | LR 2.00e-05 | samples_seen=15206
2026-05-15 18:25:57,003  INFO  Epoch 1 | Step 3450/23865 | Loss 0.0559 | LR 2.00e-05 | samples_seen=15208
2026-05-15 18:25:57,364  INFO  Epoch 1 | Step 3450/23865 | Loss 0.0863 | LR 2.00e-05 | samples_seen=15210
2026-05-15 18:25:57,933  INFO  Epoch 1 | Step 3450/23865 | Loss 0.0900 | LR 2.00e-05 | samples_seen=15212
2026-05-15 18:25:58,459  INFO  Epoch 1 | Step 3450/23865 | Loss 0.0781 | LR 2.00e-05 | samples_seen=15214
2026-05-15 18:26:34,113  INFO  Epoch 1 | Step 3460/23865 | Loss 5.1910 | LR 2.00e-05 | samples_seen=15360
2026-05-15 18:26:34,731  INFO  Epoch 1 | Step 3460/23865 | Loss 0.0346 | LR 2.00e-05 | samples_seen=15362
2026-05-15 18:26:35,099  INFO  Epoch 1 | Step 3460/23865 | Loss 0.0333 | LR 2.00e-05 | samples_seen=15364
2026-05-15 18:26:35,461  INFO  Epoch 1 | Step 3460/23865 | Loss 0.0579 | LR 2.00e-05 | samples_seen=15366
2026-05-15 18:26:35,861  INFO  Epoch 1 | Step 3460/23865 | Loss 0.0921 | LR 2.00e-05 | samples_seen=15368
2026-05-15 18:26:36,412  INFO  Epoch 1 | Step 3460/23865 | Loss 0.0304 | LR 2.00e-05 | samples_seen=15370
2026-05-15 18:26:36,947  INFO  Epoch 1 | Step 3460/23865 | Loss 0.0546 | LR 2.00e-05 | samples_seen=15372
2026-05-15 18:26:37,277  INFO  Epoch 1 | Step 3460/23865 | Loss 0.0684 | LR 2.00e-05 | samples_seen=15374
2026-05-15 18:27:16,123  INFO  Epoch 1 | Step 3470/23865 | Loss 4.9528 | LR 2.00e-05 | samples_seen=15520
2026-05-15 18:27:16,709  INFO  Epoch 1 | Step 3470/23865 | Loss 0.0925 | LR 2.00e-05 | samples_seen=15522
2026-05-15 18:27:17,058  INFO  Epoch 1 | Step 3470/23865 | Loss 0.0297 | LR 2.00e-05 | samples_seen=15524
2026-05-15 18:27:17,410  INFO  Epoch 1 | Step 3470/23865 | Loss 0.1101 | LR 2.00e-05 | samples_seen=15526
2026-05-15 18:27:17,621  INFO  Epoch 1 | Step 3470/23865 | Loss 0.2606 | LR 2.00e-05 | samples_seen=15528
2026-05-15 18:27:18,035  INFO  Epoch 1 | Step 3470/23865 | Loss 0.0925 | LR 2.00e-05 | samples_seen=15530
2026-05-15 18:27:18,334  INFO  Epoch 1 | Step 3470/23865 | Loss 0.0805 | LR 2.00e-05 | samples_seen=15532
2026-05-15 18:27:18,976  INFO  Epoch 1 | Step 3470/23865 | Loss 0.0321 | LR 2.00e-05 | samples_seen=15534
2026-05-15 18:27:54,152  INFO  Epoch 1 | Step 3480/23865 | Loss 5.4375 | LR 2.00e-05 | samples_seen=15680
2026-05-15 18:27:54,582  INFO  Epoch 1 | Step 3480/23865 | Loss 0.0472 | LR 2.00e-05 | samples_seen=15682
2026-05-15 18:27:54,875  INFO  Epoch 1 | Step 3480/23865 | Loss 0.1509 | LR 2.00e-05 | samples_seen=15684
2026-05-15 18:27:55,170  INFO  Epoch 1 | Step 3480/23865 | Loss 0.1137 | LR 2.00e-05 | samples_seen=15686
2026-05-15 18:27:55,460  INFO  Epoch 1 | Step 3480/23865 | Loss 0.0409 | LR 2.00e-05 | samples_seen=15688
2026-05-15 18:27:55,911  INFO  Epoch 1 | Step 3480/23865 | Loss 0.0390 | LR 2.00e-05 | samples_seen=15690
2026-05-15 18:27:56,453  INFO  Epoch 1 | Step 3480/23865 | Loss 0.0610 | LR 2.00e-05 | samples_seen=15692
2026-05-15 18:27:56,966  INFO  Epoch 1 | Step 3480/23865 | Loss 0.0408 | LR 2.00e-05 | samples_seen=15694
2026-05-15 18:28:31,326  INFO  Epoch 1 | Step 3490/23865 | Loss 5.3847 | LR 2.00e-05 | samples_seen=15840
2026-05-15 18:28:31,858  INFO  Epoch 1 | Step 3490/23865 | Loss 0.0575 | LR 2.00e-05 | samples_seen=15842
2026-05-15 18:28:32,197  INFO  Epoch 1 | Step 3490/23865 | Loss 0.1049 | LR 2.00e-05 | samples_seen=15844
2026-05-15 18:28:32,980  INFO  Epoch 1 | Step 3490/23865 | Loss 0.1224 | LR 2.00e-05 | samples_seen=15846
2026-05-15 18:28:33,279  INFO  Epoch 1 | Step 3490/23865 | Loss 0.1434 | LR 2.00e-05 | samples_seen=15848
2026-05-15 18:28:33,923  INFO  Epoch 1 | Step 3490/23865 | Loss 0.0840 | LR 2.00e-05 | samples_seen=15850
2026-05-15 18:28:34,299  INFO  Epoch 1 | Step 3490/23865 | Loss 0.0295 | LR 2.00e-05 | samples_seen=15852
2026-05-15 18:28:34,730  INFO  Epoch 1 | Step 3490/23865 | Loss 0.2099 | LR 2.00e-05 | samples_seen=15854
2026-05-15 18:29:12,265  INFO  Epoch 1 | Step 3500/23865 | Loss 5.3090 | LR 2.00e-05 | samples_seen=16000
2026-05-15 18:29:12,671  INFO  Epoch 1 | Step 3500/23865 | Loss 0.0508 | LR 2.00e-05 | samples_seen=16002
2026-05-15 18:29:13,454  INFO  Epoch 1 | Step 3500/23865 | Loss 0.0518 | LR 2.00e-05 | samples_seen=16004
2026-05-15 18:29:13,899  INFO  Epoch 1 | Step 3500/23865 | Loss 0.0848 | LR 2.00e-05 | samples_seen=16006
2026-05-15 18:29:14,449  INFO  Epoch 1 | Step 3500/23865 | Loss 0.0587 | LR 2.00e-05 | samples_seen=16008
2026-05-15 18:29:15,060  INFO  Epoch 1 | Step 3500/23865 | Loss 0.0198 | LR 2.00e-05 | samples_seen=16010
2026-05-15 18:29:15,357  INFO  Epoch 1 | Step 3500/23865 | Loss 0.1347 | LR 2.00e-05 | samples_seen=16012
2026-05-15 18:29:15,911  INFO  Epoch 1 | Step 3500/23865 | Loss 0.0675 | LR 2.00e-05 | samples_seen=16014
2026-05-15 18:29:52,810  INFO  Epoch 1 | Step 3510/23865 | Loss 5.1488 | LR 2.00e-05 | samples_seen=16160
2026-05-15 18:29:53,059  INFO  Epoch 1 | Step 3510/23865 | Loss 0.1034 | LR 2.00e-05 | samples_seen=16162
2026-05-15 18:29:53,460  INFO  Epoch 1 | Step 3510/23865 | Loss 0.1322 | LR 2.00e-05 | samples_seen=16164
2026-05-15 18:29:54,020  INFO  Epoch 1 | Step 3510/23865 | Loss 0.0617 | LR 2.00e-05 | samples_seen=16166
2026-05-15 18:29:54,324  INFO  Epoch 1 | Step 3510/23865 | Loss 0.1057 | LR 2.00e-05 | samples_seen=16168
2026-05-15 18:29:54,722  INFO  Epoch 1 | Step 3510/23865 | Loss 0.0827 | LR 2.00e-05 | samples_seen=16170
2026-05-15 18:29:55,312  INFO  Epoch 1 | Step 3510/23865 | Loss 0.0437 | LR 2.00e-05 | samples_seen=16172
2026-05-15 18:29:55,753  INFO  Epoch 1 | Step 3510/23865 | Loss 0.0727 | LR 2.00e-05 | samples_seen=16174
2026-05-15 18:30:34,343  INFO  Epoch 1 | Step 3520/23865 | Loss 4.8628 | LR 2.00e-05 | samples_seen=16320
2026-05-15 18:30:34,704  INFO  Epoch 1 | Step 3520/23865 | Loss 0.0381 | LR 2.00e-05 | samples_seen=16322
2026-05-15 18:30:35,083  INFO  Epoch 1 | Step 3520/23865 | Loss 0.0920 | LR 2.00e-05 | samples_seen=16324
2026-05-15 18:30:35,396  INFO  Epoch 1 | Step 3520/23865 | Loss 0.1086 | LR 2.00e-05 | samples_seen=16326
2026-05-15 18:30:35,985  INFO  Epoch 1 | Step 3520/23865 | Loss 0.0564 | LR 2.00e-05 | samples_seen=16328
2026-05-15 18:30:36,655  INFO  Epoch 1 | Step 3520/23865 | Loss 0.1448 | LR 2.00e-05 | samples_seen=16330
2026-05-15 18:30:37,236  INFO  Epoch 1 | Step 3520/23865 | Loss 0.0788 | LR 2.00e-05 | samples_seen=16332
2026-05-15 18:30:37,777  INFO  Epoch 1 | Step 3520/23865 | Loss 0.0470 | LR 2.00e-05 | samples_seen=16334
2026-05-15 18:31:12,793  INFO  Epoch 1 | Step 3530/23865 | Loss 5.7960 | LR 2.00e-05 | samples_seen=16480
2026-05-15 18:31:13,220  INFO  Epoch 1 | Step 3530/23865 | Loss 0.0278 | LR 2.00e-05 | samples_seen=16482
2026-05-15 18:31:13,559  INFO  Epoch 1 | Step 3530/23865 | Loss 0.1055 | LR 2.00e-05 | samples_seen=16484
2026-05-15 18:31:14,288  INFO  Epoch 1 | Step 3530/23865 | Loss 0.0800 | LR 2.00e-05 | samples_seen=16486
2026-05-15 18:31:14,807  INFO  Epoch 1 | Step 3530/23865 | Loss 0.0910 | LR 2.00e-05 | samples_seen=16488
2026-05-15 18:31:15,264  INFO  Epoch 1 | Step 3530/23865 | Loss 0.0554 | LR 2.00e-05 | samples_seen=16490
2026-05-15 18:31:15,946  INFO  Epoch 1 | Step 3530/23865 | Loss 0.0439 | LR 2.00e-05 | samples_seen=16492
2026-05-15 18:31:16,507  INFO  Epoch 1 | Step 3530/23865 | Loss 0.0605 | LR 2.00e-05 | samples_seen=16494
2026-05-15 18:31:52,935  INFO  Epoch 1 | Step 3540/23865 | Loss 5.2524 | LR 2.00e-05 | samples_seen=16640
2026-05-15 18:31:53,469  INFO  Epoch 1 | Step 3540/23865 | Loss 0.0561 | LR 2.00e-05 | samples_seen=16642
2026-05-15 18:31:53,762  INFO  Epoch 1 | Step 3540/23865 | Loss 0.0991 | LR 2.00e-05 | samples_seen=16644
2026-05-15 18:31:54,245  INFO  Epoch 1 | Step 3540/23865 | Loss 0.0401 | LR 2.00e-05 | samples_seen=16646
2026-05-15 18:31:54,947  INFO  Epoch 1 | Step 3540/23865 | Loss 0.0640 | LR 2.00e-05 | samples_seen=16648
2026-05-15 18:31:55,414  INFO  Epoch 1 | Step 3540/23865 | Loss 0.0673 | LR 2.00e-05 | samples_seen=16650
2026-05-15 18:31:55,955  INFO  Epoch 1 | Step 3540/23865 | Loss 0.0621 | LR 2.00e-05 | samples_seen=16652
2026-05-15 18:31:56,251  INFO  Epoch 1 | Step 3540/23865 | Loss 0.1129 | LR 2.00e-05 | samples_seen=16654
2026-05-15 18:32:34,878  INFO  Epoch 1 | Step 3550/23865 | Loss 4.9277 | LR 2.00e-05 | samples_seen=16800
2026-05-15 18:32:35,215  INFO  Epoch 1 | Step 3550/23865 | Loss 0.0417 | LR 2.00e-05 | samples_seen=16802
2026-05-15 18:32:35,566  INFO  Epoch 1 | Step 3550/23865 | Loss 0.0413 | LR 2.00e-05 | samples_seen=16804
2026-05-15 18:32:36,072  INFO  Epoch 1 | Step 3550/23865 | Loss 0.0519 | LR 2.00e-05 | samples_seen=16806
2026-05-15 18:32:36,902  INFO  Epoch 1 | Step 3550/23865 | Loss 0.1551 | LR 2.00e-05 | samples_seen=16808
2026-05-15 18:32:37,470  INFO  Epoch 1 | Step 3550/23865 | Loss 0.0362 | LR 2.00e-05 | samples_seen=16810
2026-05-15 18:32:38,142  INFO  Epoch 1 | Step 3550/23865 | Loss 0.0909 | LR 2.00e-05 | samples_seen=16812
2026-05-15 18:32:38,420  INFO  Epoch 1 | Step 3550/23865 | Loss 0.1129 | LR 2.00e-05 | samples_seen=16814
2026-05-15 18:33:14,576  INFO  Epoch 1 | Step 3560/23865 | Loss 5.5860 | LR 2.00e-05 | samples_seen=16960
2026-05-15 18:33:14,968  INFO  Epoch 1 | Step 3560/23865 | Loss 0.0587 | LR 2.00e-05 | samples_seen=16962
2026-05-15 18:33:15,553  INFO  Epoch 1 | Step 3560/23865 | Loss 0.0846 | LR 2.00e-05 | samples_seen=16964
2026-05-15 18:33:15,845  INFO  Epoch 1 | Step 3560/23865 | Loss 0.1465 | LR 2.00e-05 | samples_seen=16966
2026-05-15 18:33:16,313  INFO  Epoch 1 | Step 3560/23865 | Loss 0.1011 | LR 2.00e-05 | samples_seen=16968
2026-05-15 18:33:16,922  INFO  Epoch 1 | Step 3560/23865 | Loss 0.0322 | LR 2.00e-05 | samples_seen=16970
2026-05-15 18:33:17,565  INFO  Epoch 1 | Step 3560/23865 | Loss 0.0506 | LR 2.00e-05 | samples_seen=16972
2026-05-15 18:33:17,847  INFO  Epoch 1 | Step 3560/23865 | Loss 0.1427 | LR 2.00e-05 | samples_seen=16974
2026-05-15 18:33:55,552  INFO  Epoch 1 | Step 3570/23865 | Loss 5.7857 | LR 2.00e-05 | samples_seen=17120
2026-05-15 18:33:55,917  INFO  Epoch 1 | Step 3570/23865 | Loss 0.0185 | LR 2.00e-05 | samples_seen=17122
2026-05-15 18:33:56,202  INFO  Epoch 1 | Step 3570/23865 | Loss 0.0772 | LR 2.00e-05 | samples_seen=17124
2026-05-15 18:33:56,684  INFO  Epoch 1 | Step 3570/23865 | Loss 0.0453 | LR 2.00e-05 | samples_seen=17126
2026-05-15 18:33:57,008  INFO  Epoch 1 | Step 3570/23865 | Loss 0.1168 | LR 2.00e-05 | samples_seen=17128
2026-05-15 18:33:57,555  INFO  Epoch 1 | Step 3570/23865 | Loss 0.0816 | LR 2.00e-05 | samples_seen=17130
2026-05-15 18:33:57,827  INFO  Epoch 1 | Step 3570/23865 | Loss 0.1401 | LR 2.00e-05 | samples_seen=17132
2026-05-15 18:33:58,125  INFO  Epoch 1 | Step 3570/23865 | Loss 0.1287 | LR 2.00e-05 | samples_seen=17134
2026-05-15 18:34:33,671  INFO  Epoch 1 | Step 3580/23865 | Loss 5.2629 | LR 2.00e-05 | samples_seen=17280
2026-05-15 18:34:34,209  INFO  Epoch 1 | Step 3580/23865 | Loss 0.0292 | LR 2.00e-05 | samples_seen=17282
2026-05-15 18:34:34,504  INFO  Epoch 1 | Step 3580/23865 | Loss 0.2281 | LR 2.00e-05 | samples_seen=17284
2026-05-15 18:34:34,851  INFO  Epoch 1 | Step 3580/23865 | Loss 0.1117 | LR 2.00e-05 | samples_seen=17286
2026-05-15 18:34:35,323  INFO  Epoch 1 | Step 3580/23865 | Loss 0.0473 | LR 2.00e-05 | samples_seen=17288
2026-05-15 18:34:36,054  INFO  Epoch 1 | Step 3580/23865 | Loss 0.0953 | LR 2.00e-05 | samples_seen=17290
2026-05-15 18:34:36,391  INFO  Epoch 1 | Step 3580/23865 | Loss 0.1164 | LR 2.00e-05 | samples_seen=17292
2026-05-15 18:34:36,827  INFO  Epoch 1 | Step 3580/23865 | Loss 0.0273 | LR 2.00e-05 | samples_seen=17294
2026-05-15 18:35:13,208  INFO  Epoch 1 | Step 3590/23865 | Loss 5.4572 | LR 2.00e-05 | samples_seen=17440
2026-05-15 18:35:13,756  INFO  Epoch 1 | Step 3590/23865 | Loss 0.0788 | LR 2.00e-05 | samples_seen=17442
2026-05-15 18:35:14,617  INFO  Epoch 1 | Step 3590/23865 | Loss 0.0497 | LR 2.00e-05 | samples_seen=17444
2026-05-15 18:35:15,057  INFO  Epoch 1 | Step 3590/23865 | Loss 0.0512 | LR 2.00e-05 | samples_seen=17446
2026-05-15 18:35:15,274  INFO  Epoch 1 | Step 3590/23865 | Loss 0.1844 | LR 2.00e-05 | samples_seen=17448
2026-05-15 18:35:15,572  INFO  Epoch 1 | Step 3590/23865 | Loss 0.1216 | LR 2.00e-05 | samples_seen=17450
2026-05-15 18:35:15,862  INFO  Epoch 1 | Step 3590/23865 | Loss 0.1049 | LR 2.00e-05 | samples_seen=17452
2026-05-15 18:35:16,415  INFO  Epoch 1 | Step 3590/23865 | Loss 0.0608 | LR 2.00e-05 | samples_seen=17454
2026-05-15 18:35:54,651  INFO  Epoch 1 | Step 3600/23865 | Loss nan | LR 2.00e-05 | samples_seen=17600
2026-05-15 18:35:55,196  INFO  Epoch 1 | Step 3600/23865 | Loss 0.0257 | LR 2.00e-05 | samples_seen=17602
2026-05-15 18:35:55,483  INFO  Epoch 1 | Step 3600/23865 | Loss 0.0889 | LR 2.00e-05 | samples_seen=17604
2026-05-15 18:35:56,070  INFO  Epoch 1 | Step 3600/23865 | Loss 0.1108 | LR 2.00e-05 | samples_seen=17606
2026-05-15 18:35:56,435  INFO  Epoch 1 | Step 3600/23865 | Loss 0.0776 | LR 2.00e-05 | samples_seen=17608
2026-05-15 18:35:56,954  INFO  Epoch 1 | Step 3600/23865 | Loss 0.0576 | LR 2.00e-05 | samples_seen=17610
2026-05-15 18:35:57,835  INFO  Epoch 1 | Step 3600/23865 | Loss 0.0384 | LR 2.00e-05 | samples_seen=17612
2026-05-15 18:35:58,220  INFO  Epoch 1 | Step 3600/23865 | Loss 0.0378 | LR 2.00e-05 | samples_seen=17614
2026-05-15 18:36:34,862  INFO  Epoch 1 | Step 3610/23865 | Loss 5.6367 | LR 2.00e-05 | samples_seen=17760
2026-05-15 18:36:35,107  INFO  Epoch 1 | Step 3610/23865 | Loss 0.0952 | LR 2.00e-05 | samples_seen=17762
2026-05-15 18:36:35,677  INFO  Epoch 1 | Step 3610/23865 | Loss 0.0655 | LR 2.00e-05 | samples_seen=17764
2026-05-15 18:36:35,944  INFO  Epoch 1 | Step 3610/23865 | Loss 0.1368 | LR 2.00e-05 | samples_seen=17766
2026-05-15 18:36:36,605  INFO  Epoch 1 | Step 3610/23865 | Loss 0.0685 | LR 2.00e-05 | samples_seen=17768
2026-05-15 18:36:36,940  INFO  Epoch 1 | Step 3610/23865 | Loss 0.0329 | LR 2.00e-05 | samples_seen=17770
2026-05-15 18:36:37,229  INFO  Epoch 1 | Step 3610/23865 | Loss 0.1149 | LR 2.00e-05 | samples_seen=17772
2026-05-15 18:36:37,709  INFO  Epoch 1 | Step 3610/23865 | Loss 0.0559 | LR 2.00e-05 | samples_seen=17774
2026-05-15 18:37:15,327  INFO  Epoch 1 | Step 3620/23865 | Loss 4.7602 | LR 2.00e-05 | samples_seen=17920
2026-05-15 18:37:15,731  INFO  Epoch 1 | Step 3620/23865 | Loss 0.0478 | LR 2.00e-05 | samples_seen=17922
2026-05-15 18:37:16,078  INFO  Epoch 1 | Step 3620/23865 | Loss 0.1060 | LR 2.00e-05 | samples_seen=17924
2026-05-15 18:37:16,552  INFO  Epoch 1 | Step 3620/23865 | Loss 0.0387 | LR 2.00e-05 | samples_seen=17926
2026-05-15 18:37:16,940  INFO  Epoch 1 | Step 3620/23865 | Loss 0.0453 | LR 2.00e-05 | samples_seen=17928
2026-05-15 18:37:17,411  INFO  Epoch 1 | Step 3620/23865 | Loss 0.0370 | LR 2.00e-05 | samples_seen=17930
2026-05-15 18:37:17,873  INFO  Epoch 1 | Step 3620/23865 | Loss 0.1011 | LR 2.00e-05 | samples_seen=17932
2026-05-15 18:37:18,647  INFO  Epoch 1 | Step 3620/23865 | Loss 0.0608 | LR 2.00e-05 | samples_seen=17934
2026-05-15 18:37:56,125  INFO  Epoch 1 | Step 3630/23865 | Loss 4.6319 | LR 2.00e-05 | samples_seen=18080
2026-05-15 18:37:56,388  INFO  Epoch 1 | Step 3630/23865 | Loss 0.0958 | LR 2.00e-05 | samples_seen=18082
2026-05-15 18:37:56,984  INFO  Epoch 1 | Step 3630/23865 | Loss 0.0438 | LR 2.00e-05 | samples_seen=18084
2026-05-15 18:37:57,442  INFO  Epoch 1 | Step 3630/23865 | Loss 0.1316 | LR 2.00e-05 | samples_seen=18086
2026-05-15 18:37:57,914  INFO  Epoch 1 | Step 3630/23865 | Loss 0.0242 | LR 2.00e-05 | samples_seen=18088
2026-05-15 18:37:58,191  INFO  Epoch 1 | Step 3630/23865 | Loss 0.1670 | LR 2.00e-05 | samples_seen=18090
2026-05-15 18:37:58,650  INFO  Epoch 1 | Step 3630/23865 | Loss 0.0433 | LR 2.00e-05 | samples_seen=18092
2026-05-15 18:37:59,260  INFO  Epoch 1 | Step 3630/23865 | Loss 0.0265 | LR 2.00e-05 | samples_seen=18094
2026-05-15 18:38:34,901  INFO  Epoch 1 | Step 3640/23865 | Loss 5.4232 | LR 2.00e-05 | samples_seen=18240
2026-05-15 18:38:35,163  INFO  Epoch 1 | Step 3640/23865 | Loss 0.0589 | LR 2.00e-05 | samples_seen=18242
2026-05-15 18:38:35,443  INFO  Epoch 1 | Step 3640/23865 | Loss 0.1198 | LR 2.00e-05 | samples_seen=18244
2026-05-15 18:38:35,821  INFO  Epoch 1 | Step 3640/23865 | Loss 0.1266 | LR 2.00e-05 | samples_seen=18246
2026-05-15 18:38:36,382  INFO  Epoch 1 | Step 3640/23865 | Loss 0.0509 | LR 2.00e-05 | samples_seen=18248
2026-05-15 18:38:36,984  INFO  Epoch 1 | Step 3640/23865 | Loss 0.0651 | LR 2.00e-05 | samples_seen=18250
2026-05-15 18:38:37,541  INFO  Epoch 1 | Step 3640/23865 | Loss 0.0445 | LR 2.00e-05 | samples_seen=18252
2026-05-15 18:38:38,257  INFO  Epoch 1 | Step 3640/23865 | Loss 0.0489 | LR 2.00e-05 | samples_seen=18254
2026-05-15 18:39:17,733  INFO  Epoch 1 | Step 3650/23865 | Loss 5.3275 | LR 2.00e-05 | samples_seen=18400
2026-05-15 18:39:18,187  INFO  Epoch 1 | Step 3650/23865 | Loss 0.0432 | LR 2.00e-05 | samples_seen=18402
2026-05-15 18:39:18,573  INFO  Epoch 1 | Step 3650/23865 | Loss 0.1367 | LR 2.00e-05 | samples_seen=18404
2026-05-15 18:39:18,937  INFO  Epoch 1 | Step 3650/23865 | Loss 0.0343 | LR 2.00e-05 | samples_seen=18406
2026-05-15 18:39:19,468  INFO  Epoch 1 | Step 3650/23865 | Loss 0.0475 | LR 2.00e-05 | samples_seen=18408
2026-05-15 18:39:20,372  INFO  Epoch 1 | Step 3650/23865 | Loss 0.0527 | LR 2.00e-05 | samples_seen=18410
2026-05-15 18:39:21,223  INFO  Epoch 1 | Step 3650/23865 | Loss 0.0526 | LR 2.00e-05 | samples_seen=18412
2026-05-15 18:39:21,516  INFO  Epoch 1 | Step 3650/23865 | Loss 0.1210 | LR 2.00e-05 | samples_seen=18414
2026-05-15 18:39:57,957  INFO  Epoch 1 | Step 3660/23865 | Loss 5.3707 | LR 2.00e-05 | samples_seen=18560
2026-05-15 18:39:58,259  INFO  Epoch 1 | Step 3660/23865 | Loss 0.0789 | LR 2.00e-05 | samples_seen=18562
2026-05-15 18:39:58,638  INFO  Epoch 1 | Step 3660/23865 | Loss 0.0740 | LR 2.00e-05 | samples_seen=18564
2026-05-15 18:39:59,292  INFO  Epoch 1 | Step 3660/23865 | Loss 0.0851 | LR 2.00e-05 | samples_seen=18566
2026-05-15 18:39:59,895  INFO  Epoch 1 | Step 3660/23865 | Loss 0.0324 | LR 2.00e-05 | samples_seen=18568
2026-05-15 18:40:00,435  INFO  Epoch 1 | Step 3660/23865 | Loss 0.0248 | LR 2.00e-05 | samples_seen=18570
2026-05-15 18:40:00,999  INFO  Epoch 1 | Step 3660/23865 | Loss 0.0761 | LR 2.00e-05 | samples_seen=18572
2026-05-15 18:40:01,572  INFO  Epoch 1 | Step 3660/23865 | Loss 0.0982 | LR 2.00e-05 | samples_seen=18574
2026-05-15 18:40:39,817  INFO  Epoch 1 | Step 3670/23865 | Loss 5.6902 | LR 2.00e-05 | samples_seen=18720
2026-05-15 18:40:40,211  INFO  Epoch 1 | Step 3670/23865 | Loss 0.0462 | LR 2.00e-05 | samples_seen=18722
2026-05-15 18:40:40,645  INFO  Epoch 1 | Step 3670/23865 | Loss 0.0540 | LR 2.00e-05 | samples_seen=18724
2026-05-15 18:40:41,019  INFO  Epoch 1 | Step 3670/23865 | Loss 0.0407 | LR 2.00e-05 | samples_seen=18726
2026-05-15 18:40:41,508  INFO  Epoch 1 | Step 3670/23865 | Loss 0.0273 | LR 2.00e-05 | samples_seen=18728
2026-05-15 18:40:41,947  INFO  Epoch 1 | Step 3670/23865 | Loss 0.0447 | LR 2.00e-05 | samples_seen=18730
2026-05-15 18:40:42,536  INFO  Epoch 1 | Step 3670/23865 | Loss 0.0840 | LR 2.00e-05 | samples_seen=18732
2026-05-15 18:40:42,836  INFO  Epoch 1 | Step 3670/23865 | Loss 0.0837 | LR 2.00e-05 | samples_seen=18734
2026-05-15 18:41:20,031  INFO  Epoch 1 | Step 3680/23865 | Loss 5.1985 | LR 2.00e-05 | samples_seen=18880
2026-05-15 18:41:20,398  INFO  Epoch 1 | Step 3680/23865 | Loss 0.0953 | LR 2.00e-05 | samples_seen=18882
2026-05-15 18:41:20,925  INFO  Epoch 1 | Step 3680/23865 | Loss 0.0510 | LR 2.00e-05 | samples_seen=18884
2026-05-15 18:41:21,476  INFO  Epoch 1 | Step 3680/23865 | Loss 0.0438 | LR 2.00e-05 | samples_seen=18886
2026-05-15 18:41:22,109  INFO  Epoch 1 | Step 3680/23865 | Loss 0.0399 | LR 2.00e-05 | samples_seen=18888
2026-05-15 18:41:22,822  INFO  Epoch 1 | Step 3680/23865 | Loss 0.0420 | LR 2.00e-05 | samples_seen=18890
2026-05-15 18:41:23,547  INFO  Epoch 1 | Step 3680/23865 | Loss 0.0173 | LR 2.00e-05 | samples_seen=18892
2026-05-15 18:41:24,157  INFO  Epoch 1 | Step 3680/23865 | Loss 0.0353 | LR 2.00e-05 | samples_seen=18894
2026-05-15 18:41:59,750  INFO  Epoch 1 | Step 3690/23865 | Loss 5.3541 | LR 2.00e-05 | samples_seen=19040
2026-05-15 18:42:00,331  INFO  Epoch 1 | Step 3690/23865 | Loss 0.0709 | LR 2.00e-05 | samples_seen=19042
2026-05-15 18:42:01,013  INFO  Epoch 1 | Step 3690/23865 | Loss 0.0240 | LR 2.00e-05 | samples_seen=19044
2026-05-15 18:42:01,305  INFO  Epoch 1 | Step 3690/23865 | Loss 0.0727 | LR 2.00e-05 | samples_seen=19046
2026-05-15 18:42:01,840  INFO  Epoch 1 | Step 3690/23865 | Loss 0.0916 | LR 2.00e-05 | samples_seen=19048
2026-05-15 18:42:02,612  INFO  Epoch 1 | Step 3690/23865 | Loss 0.0281 | LR 2.00e-05 | samples_seen=19050
2026-05-15 18:42:03,206  INFO  Epoch 1 | Step 3690/23865 | Loss 0.0398 | LR 2.00e-05 | samples_seen=19052
2026-05-15 18:42:03,774  INFO  Epoch 1 | Step 3690/23865 | Loss 0.0391 | LR 2.00e-05 | samples_seen=19054
2026-05-15 18:42:41,204  INFO  Epoch 1 | Step 3700/23865 | Loss 5.2854 | LR 2.00e-05 | samples_seen=19200
2026-05-15 18:42:41,616  INFO  Epoch 1 | Step 3700/23865 | Loss 0.0359 | LR 2.00e-05 | samples_seen=19202
2026-05-15 18:42:42,018  INFO  Epoch 1 | Step 3700/23865 | Loss 0.0559 | LR 2.00e-05 | samples_seen=19204
2026-05-15 18:42:42,680  INFO  Epoch 1 | Step 3700/23865 | Loss 0.0637 | LR 2.00e-05 | samples_seen=19206
2026-05-15 18:42:43,473  INFO  Epoch 1 | Step 3700/23865 | Loss 0.0309 | LR 2.00e-05 | samples_seen=19208
2026-05-15 18:42:44,380  INFO  Epoch 1 | Step 3700/23865 | Loss 0.1628 | LR 2.00e-05 | samples_seen=19210
2026-05-15 18:42:44,933  INFO  Epoch 1 | Step 3700/23865 | Loss 0.0548 | LR 2.00e-05 | samples_seen=19212
2026-05-15 18:42:45,293  INFO  Epoch 1 | Step 3700/23865 | Loss 0.0836 | LR 2.00e-05 | samples_seen=19214
2026-05-15 18:43:20,977  INFO  Epoch 1 | Step 3710/23865 | Loss 4.9782 | LR 2.00e-05 | samples_seen=19360
2026-05-15 18:43:21,230  INFO  Epoch 1 | Step 3710/23865 | Loss 0.1282 | LR 2.00e-05 | samples_seen=19362
2026-05-15 18:43:21,945  INFO  Epoch 1 | Step 3710/23865 | Loss 0.0648 | LR 2.00e-05 | samples_seen=19364
2026-05-15 18:43:22,436  INFO  Epoch 1 | Step 3710/23865 | Loss 0.0801 | LR 2.00e-05 | samples_seen=19366
2026-05-15 18:43:22,736  INFO  Epoch 1 | Step 3710/23865 | Loss 0.0875 | LR 2.00e-05 | samples_seen=19368
2026-05-15 18:43:23,289  INFO  Epoch 1 | Step 3710/23865 | Loss 0.0610 | LR 2.00e-05 | samples_seen=19370
2026-05-15 18:43:23,885  INFO  Epoch 1 | Step 3710/23865 | Loss 0.0713 | LR 2.00e-05 | samples_seen=19372
2026-05-15 18:43:24,531  INFO  Epoch 1 | Step 3710/23865 | Loss 0.0618 | LR 2.00e-05 | samples_seen=19374
2026-05-15 18:44:01,393  INFO  Epoch 1 | Step 3720/23865 | Loss 5.1949 | LR 2.00e-05 | samples_seen=19520
2026-05-15 18:44:01,822  INFO  Epoch 1 | Step 3720/23865 | Loss 0.0452 | LR 2.00e-05 | samples_seen=19522
2026-05-15 18:44:02,309  INFO  Epoch 1 | Step 3720/23865 | Loss 0.1230 | LR 2.00e-05 | samples_seen=19524
2026-05-15 18:44:02,593  INFO  Epoch 1 | Step 3720/23865 | Loss 0.1092 | LR 2.00e-05 | samples_seen=19526
2026-05-15 18:44:03,249  INFO  Epoch 1 | Step 3720/23865 | Loss 0.1139 | LR 2.00e-05 | samples_seen=19528
2026-05-15 18:44:03,556  INFO  Epoch 1 | Step 3720/23865 | Loss 0.1578 | LR 2.00e-05 | samples_seen=19530
2026-05-15 18:44:04,358  INFO  Epoch 1 | Step 3720/23865 | Loss 0.1097 | LR 2.00e-05 | samples_seen=19532
2026-05-15 18:44:05,125  INFO  Epoch 1 | Step 3720/23865 | Loss 0.0875 | LR 2.00e-05 | samples_seen=19534
2026-05-15 18:44:42,433  INFO  Epoch 1 | Step 3730/23865 | Loss 6.0437 | LR 2.00e-05 | samples_seen=19680
2026-05-15 18:44:42,932  INFO  Epoch 1 | Step 3730/23865 | Loss 0.0671 | LR 2.00e-05 | samples_seen=19682
2026-05-15 18:44:43,549  INFO  Epoch 1 | Step 3730/23865 | Loss 0.0936 | LR 2.00e-05 | samples_seen=19684
2026-05-15 18:44:43,842  INFO  Epoch 1 | Step 3730/23865 | Loss 0.1105 | LR 2.00e-05 | samples_seen=19686
2026-05-15 18:44:44,327  INFO  Epoch 1 | Step 3730/23865 | Loss 0.0757 | LR 2.00e-05 | samples_seen=19688
2026-05-15 18:44:44,667  INFO  Epoch 1 | Step 3730/23865 | Loss 0.0378 | LR 2.00e-05 | samples_seen=19690
2026-05-15 18:44:45,341  INFO  Epoch 1 | Step 3730/23865 | Loss 0.0313 | LR 2.00e-05 | samples_seen=19692
2026-05-15 18:44:46,209  INFO  Epoch 1 | Step 3730/23865 | Loss 0.0540 | LR 2.00e-05 | samples_seen=19694
2026-05-15 18:45:22,002  INFO  Epoch 1 | Step 3740/23865 | Loss 5.4762 | LR 2.00e-05 | samples_seen=19840
2026-05-15 18:45:22,549  INFO  Epoch 1 | Step 3740/23865 | Loss 0.0876 | LR 2.00e-05 | samples_seen=19842
2026-05-15 18:45:22,890  INFO  Epoch 1 | Step 3740/23865 | Loss 0.0905 | LR 2.00e-05 | samples_seen=19844
2026-05-15 18:45:23,376  INFO  Epoch 1 | Step 3740/23865 | Loss 0.0362 | LR 2.00e-05 | samples_seen=19846
2026-05-15 18:45:23,853  INFO  Epoch 1 | Step 3740/23865 | Loss 0.0814 | LR 2.00e-05 | samples_seen=19848
2026-05-15 18:45:24,386  INFO  Epoch 1 | Step 3740/23865 | Loss 0.0887 | LR 2.00e-05 | samples_seen=19850
2026-05-15 18:45:24,602  INFO  Epoch 1 | Step 3740/23865 | Loss 0.2290 | LR 2.00e-05 | samples_seen=19852
2026-05-15 18:45:24,972  INFO  Epoch 1 | Step 3740/23865 | Loss 0.0130 | LR 2.00e-05 | samples_seen=19854
2026-05-15 18:46:01,429  INFO  Epoch 1 | Step 3750/23865 | Loss 5.4287 | LR 2.00e-05 | samples_seen=20000
2026-05-15 18:46:02,008  INFO  Epoch 1 | Step 3750/23865 | Loss 0.0988 | LR 2.00e-05 | samples_seen=20002
2026-05-15 18:46:02,452  INFO  Epoch 1 | Step 3750/23865 | Loss 0.0812 | LR 2.00e-05 | samples_seen=20004
2026-05-15 18:46:02,898  INFO  Epoch 1 | Step 3750/23865 | Loss 0.1176 | LR 2.00e-05 | samples_seen=20006
2026-05-15 18:46:03,184  INFO  Epoch 1 | Step 3750/23865 | Loss 0.1210 | LR 2.00e-05 | samples_seen=20008
2026-05-15 18:46:03,768  INFO  Epoch 1 | Step 3750/23865 | Loss 0.0605 | LR 2.00e-05 | samples_seen=20010
2026-05-15 18:46:03,976  INFO  Epoch 1 | Step 3750/23865 | Loss 0.1089 | LR 2.00e-05 | samples_seen=20012
2026-05-15 18:46:04,265  INFO  Epoch 1 | Step 3750/23865 | Loss 0.0938 | LR 2.00e-05 | samples_seen=20014
2026-05-15 18:46:41,525  INFO  Epoch 1 | Step 3760/23865 | Loss 5.2808 | LR 2.00e-05 | samples_seen=20160
2026-05-15 18:46:42,028  INFO  Epoch 1 | Step 3760/23865 | Loss 0.0913 | LR 2.00e-05 | samples_seen=20162
2026-05-15 18:46:42,620  INFO  Epoch 1 | Step 3760/23865 | Loss 0.0472 | LR 2.00e-05 | samples_seen=20164
2026-05-15 18:46:43,098  INFO  Epoch 1 | Step 3760/23865 | Loss 0.0403 | LR 2.00e-05 | samples_seen=20166
2026-05-15 18:46:43,496  INFO  Epoch 1 | Step 3760/23865 | Loss 0.0465 | LR 2.00e-05 | samples_seen=20168
2026-05-15 18:46:43,855  INFO  Epoch 1 | Step 3760/23865 | Loss 0.0808 | LR 2.00e-05 | samples_seen=20170
2026-05-15 18:46:44,190  INFO  Epoch 1 | Step 3760/23865 | Loss 0.0683 | LR 2.00e-05 | samples_seen=20172
2026-05-15 18:46:44,493  INFO  Epoch 1 | Step 3760/23865 | Loss 0.1525 | LR 2.00e-05 | samples_seen=20174
2026-05-15 18:47:19,518  INFO  Epoch 1 | Step 3770/23865 | Loss 5.6659 | LR 2.00e-05 | samples_seen=20320
2026-05-15 18:47:19,964  INFO  Epoch 1 | Step 3770/23865 | Loss 0.0464 | LR 2.00e-05 | samples_seen=20322
2026-05-15 18:47:20,329  INFO  Epoch 1 | Step 3770/23865 | Loss 0.0831 | LR 2.00e-05 | samples_seen=20324
2026-05-15 18:47:21,047  INFO  Epoch 1 | Step 3770/23865 | Loss 0.0556 | LR 2.00e-05 | samples_seen=20326
2026-05-15 18:47:21,403  INFO  Epoch 1 | Step 3770/23865 | Loss 0.0491 | LR 2.00e-05 | samples_seen=20328
2026-05-15 18:47:21,881  INFO  Epoch 1 | Step 3770/23865 | Loss 0.0728 | LR 2.00e-05 | samples_seen=20330
2026-05-15 18:47:22,602  INFO  Epoch 1 | Step 3770/23865 | Loss 0.0694 | LR 2.00e-05 | samples_seen=20332
2026-05-15 18:47:23,231  INFO  Epoch 1 | Step 3770/23865 | Loss 0.0504 | LR 2.00e-05 | samples_seen=20334
2026-05-15 18:47:59,368  INFO  Epoch 1 | Step 3780/23865 | Loss 4.6687 | LR 2.00e-05 | samples_seen=20480
2026-05-15 18:47:59,975  INFO  Epoch 1 | Step 3780/23865 | Loss 0.1269 | LR 2.00e-05 | samples_seen=20482
2026-05-15 18:48:00,543  INFO  Epoch 1 | Step 3780/23865 | Loss 0.0251 | LR 2.00e-05 | samples_seen=20484
2026-05-15 18:48:00,927  INFO  Epoch 1 | Step 3780/23865 | Loss 0.0623 | LR 2.00e-05 | samples_seen=20486
2026-05-15 18:48:01,359  INFO  Epoch 1 | Step 3780/23865 | Loss 0.0265 | LR 2.00e-05 | samples_seen=20488
2026-05-15 18:48:01,911  INFO  Epoch 1 | Step 3780/23865 | Loss 0.0441 | LR 2.00e-05 | samples_seen=20490
2026-05-15 18:48:02,202  INFO  Epoch 1 | Step 3780/23865 | Loss 0.0689 | LR 2.00e-05 | samples_seen=20492
2026-05-15 18:48:02,617  INFO  Epoch 1 | Step 3780/23865 | Loss 0.0348 | LR 2.00e-05 | samples_seen=20494
2026-05-15 18:52:15,402  INFO  Checkpoint saved → ../checkpoints/stage2_l40/step3789 | global_step=3789 | samples_seen=20638
2026-05-15 18:52:15,992  INFO  Epoch 1 | Step 3790/23865 | Loss 4.8318 | LR 2.00e-05 | samples_seen=20640
2026-05-15 18:52:16,408  INFO  Epoch 1 | Step 3790/23865 | Loss 0.0465 | LR 2.00e-05 | samples_seen=20642
2026-05-15 18:52:16,828  INFO  Epoch 1 | Step 3790/23865 | Loss 0.0534 | LR 2.00e-05 | samples_seen=20644
2026-05-15 18:52:17,402  INFO  Epoch 1 | Step 3790/23865 | Loss 0.0569 | LR 2.00e-05 | samples_seen=20646
2026-05-15 18:52:17,672  INFO  Epoch 1 | Step 3790/23865 | Loss 0.1106 | LR 2.00e-05 | samples_seen=20648
2026-05-15 18:52:17,990  INFO  Epoch 1 | Step 3790/23865 | Loss 0.0390 | LR 2.00e-05 | samples_seen=20650
2026-05-15 18:52:18,403  INFO  Epoch 1 | Step 3790/23865 | Loss 0.0754 | LR 2.00e-05 | samples_seen=20652
2026-05-15 18:52:18,770  INFO  Epoch 1 | Step 3790/23865 | Loss 0.0317 | LR 2.00e-05 | samples_seen=20654
2026-05-15 18:52:53,268  INFO  Epoch 1 | Step 3800/23865 | Loss 5.3944 | LR 2.00e-05 | samples_seen=20800
2026-05-15 18:52:53,618  INFO  Epoch 1 | Step 3800/23865 | Loss 0.0869 | LR 2.00e-05 | samples_seen=20802
2026-05-15 18:52:54,174  INFO  Epoch 1 | Step 3800/23865 | Loss 0.0260 | LR 2.00e-05 | samples_seen=20804
2026-05-15 18:52:54,649  INFO  Epoch 1 | Step 3800/23865 | Loss 0.0569 | LR 2.00e-05 | samples_seen=20806
2026-05-15 18:52:54,964  INFO  Epoch 1 | Step 3800/23865 | Loss 0.0866 | LR 2.00e-05 | samples_seen=20808
2026-05-15 18:52:55,599  INFO  Epoch 1 | Step 3800/23865 | Loss 0.0626 | LR 2.00e-05 | samples_seen=20810
2026-05-15 18:52:56,038  INFO  Epoch 1 | Step 3800/23865 | Loss 0.0387 | LR 2.00e-05 | samples_seen=20812
2026-05-15 18:52:56,498  INFO  Epoch 1 | Step 3800/23865 | Loss 0.0790 | LR 2.00e-05 | samples_seen=20814
2026-05-15 18:53:32,183  INFO  Epoch 1 | Step 3810/23865 | Loss 5.5239 | LR 2.00e-05 | samples_seen=20960
2026-05-15 18:53:32,456  INFO  Epoch 1 | Step 3810/23865 | Loss 0.0497 | LR 2.00e-05 | samples_seen=20962
2026-05-15 18:53:33,173  INFO  Epoch 1 | Step 3810/23865 | Loss 0.0787 | LR 2.00e-05 | samples_seen=20964
2026-05-15 18:53:33,436  INFO  Epoch 1 | Step 3810/23865 | Loss 0.1290 | LR 2.00e-05 | samples_seen=20966
2026-05-15 18:53:33,952  INFO  Epoch 1 | Step 3810/23865 | Loss 0.0320 | LR 2.00e-05 | samples_seen=20968
2026-05-15 18:53:34,394  INFO  Epoch 1 | Step 3810/23865 | Loss 0.0614 | LR 2.00e-05 | samples_seen=20970
2026-05-15 18:53:34,684  INFO  Epoch 1 | Step 3810/23865 | Loss 0.0286 | LR 2.00e-05 | samples_seen=20972
2026-05-15 18:53:35,019  INFO  Epoch 1 | Step 3810/23865 | Loss 0.0667 | LR 2.00e-05 | samples_seen=20974
2026-05-15 18:54:10,553  INFO  Epoch 1 | Step 3820/23865 | Loss 5.1652 | LR 2.00e-05 | samples_seen=21120
2026-05-15 18:54:11,166  INFO  Epoch 1 | Step 3820/23865 | Loss 0.1837 | LR 2.00e-05 | samples_seen=21122
2026-05-15 18:54:11,474  INFO  Epoch 1 | Step 3820/23865 | Loss 0.1048 | LR 2.00e-05 | samples_seen=21124
2026-05-15 18:54:12,367  INFO  Epoch 1 | Step 3820/23865 | Loss 0.0727 | LR 2.00e-05 | samples_seen=21126
2026-05-15 18:54:12,999  INFO  Epoch 1 | Step 3820/23865 | Loss 0.0960 | LR 2.00e-05 | samples_seen=21128
2026-05-15 18:54:13,571  INFO  Epoch 1 | Step 3820/23865 | Loss 0.0511 | LR 2.00e-05 | samples_seen=21130
2026-05-15 18:54:14,245  INFO  Epoch 1 | Step 3820/23865 | Loss 0.1023 | LR 2.00e-05 | samples_seen=21132
2026-05-15 18:54:14,696  INFO  Epoch 1 | Step 3820/23865 | Loss 0.0652 | LR 2.00e-05 | samples_seen=21134
2026-05-15 18:54:49,397  INFO  Epoch 1 | Step 3830/23865 | Loss 5.2671 | LR 2.00e-05 | samples_seen=21280
2026-05-15 18:54:49,757  INFO  Epoch 1 | Step 3830/23865 | Loss 0.0861 | LR 2.00e-05 | samples_seen=21282
2026-05-15 18:54:50,035  INFO  Epoch 1 | Step 3830/23865 | Loss 0.0964 | LR 2.00e-05 | samples_seen=21284
2026-05-15 18:54:50,573  INFO  Epoch 1 | Step 3830/23865 | Loss 0.0506 | LR 2.00e-05 | samples_seen=21286
2026-05-15 18:54:51,296  INFO  Epoch 1 | Step 3830/23865 | Loss 0.0885 | LR 2.00e-05 | samples_seen=21288
2026-05-15 18:54:51,759  INFO  Epoch 1 | Step 3830/23865 | Loss 0.0218 | LR 2.00e-05 | samples_seen=21290
2026-05-15 18:54:52,195  INFO  Epoch 1 | Step 3830/23865 | Loss 0.0403 | LR 2.00e-05 | samples_seen=21292
2026-05-15 18:54:52,740  INFO  Epoch 1 | Step 3830/23865 | Loss 0.0537 | LR 2.00e-05 | samples_seen=21294
2026-05-15 18:55:30,937  INFO  Epoch 1 | Step 3840/23865 | Loss 5.4894 | LR 2.00e-05 | samples_seen=21440
2026-05-15 18:55:31,272  INFO  Epoch 1 | Step 3840/23865 | Loss 0.0868 | LR 2.00e-05 | samples_seen=21442
2026-05-15 18:55:31,563  INFO  Epoch 1 | Step 3840/23865 | Loss 0.1288 | LR 2.00e-05 | samples_seen=21444
2026-05-15 18:55:32,036  INFO  Epoch 1 | Step 3840/23865 | Loss 0.0421 | LR 2.00e-05 | samples_seen=21446
2026-05-15 18:55:32,510  INFO  Epoch 1 | Step 3840/23865 | Loss 0.0958 | LR 2.00e-05 | samples_seen=21448
2026-05-15 18:55:33,083  INFO  Epoch 1 | Step 3840/23865 | Loss 0.0307 | LR 2.00e-05 | samples_seen=21450
2026-05-15 18:55:33,670  INFO  Epoch 1 | Step 3840/23865 | Loss 0.0271 | LR 2.00e-05 | samples_seen=21452
2026-05-15 18:55:34,244  INFO  Epoch 1 | Step 3840/23865 | Loss 0.0687 | LR 2.00e-05 | samples_seen=21454
2026-05-15 18:56:11,852  INFO  Epoch 1 | Step 3850/23865 | Loss 5.3630 | LR 2.00e-05 | samples_seen=21600
2026-05-15 18:56:12,396  INFO  Epoch 1 | Step 3850/23865 | Loss 0.0836 | LR 2.00e-05 | samples_seen=21602
2026-05-15 18:56:12,761  INFO  Epoch 1 | Step 3850/23865 | Loss 0.0908 | LR 2.00e-05 | samples_seen=21604
2026-05-15 18:56:13,222  INFO  Epoch 1 | Step 3850/23865 | Loss 0.0302 | LR 2.00e-05 | samples_seen=21606
2026-05-15 18:56:13,806  INFO  Epoch 1 | Step 3850/23865 | Loss 0.1241 | LR 2.00e-05 | samples_seen=21608
2026-05-15 18:56:14,289  INFO  Epoch 1 | Step 3850/23865 | Loss 0.0216 | LR 2.00e-05 | samples_seen=21610
2026-05-15 18:56:14,866  INFO  Epoch 1 | Step 3850/23865 | Loss 0.0636 | LR 2.00e-05 | samples_seen=21612
2026-05-15 18:56:15,294  INFO  Epoch 1 | Step 3850/23865 | Loss 0.0487 | LR 2.00e-05 | samples_seen=21614
2026-05-15 18:56:51,066  INFO  Epoch 1 | Step 3860/23865 | Loss 5.7471 | LR 2.00e-05 | samples_seen=21760
2026-05-15 18:56:51,395  INFO  Epoch 1 | Step 3860/23865 | Loss 0.0295 | LR 2.00e-05 | samples_seen=21762
2026-05-15 18:56:51,812  INFO  Epoch 1 | Step 3860/23865 | Loss 0.0319 | LR 2.00e-05 | samples_seen=21764
2026-05-15 18:56:52,377  INFO  Epoch 1 | Step 3860/23865 | Loss 0.0552 | LR 2.00e-05 | samples_seen=21766
2026-05-15 18:56:52,670  INFO  Epoch 1 | Step 3860/23865 | Loss 0.0959 | LR 2.00e-05 | samples_seen=21768
2026-05-15 18:56:52,959  INFO  Epoch 1 | Step 3860/23865 | Loss 0.1159 | LR 2.00e-05 | samples_seen=21770
2026-05-15 18:56:53,607  INFO  Epoch 1 | Step 3860/23865 | Loss 0.0556 | LR 2.00e-05 | samples_seen=21772
2026-05-15 18:56:54,099  INFO  Epoch 1 | Step 3860/23865 | Loss 0.0505 | LR 2.00e-05 | samples_seen=21774
2026-05-15 18:57:31,084  INFO  Epoch 1 | Step 3870/23865 | Loss 5.1640 | LR 2.00e-05 | samples_seen=21920
2026-05-15 18:57:31,763  INFO  Epoch 1 | Step 3870/23865 | Loss 0.0409 | LR 2.00e-05 | samples_seen=21922
2026-05-15 18:57:32,300  INFO  Epoch 1 | Step 3870/23865 | Loss 0.0881 | LR 2.00e-05 | samples_seen=21924
2026-05-15 18:57:32,864  INFO  Epoch 1 | Step 3870/23865 | Loss 0.0777 | LR 2.00e-05 | samples_seen=21926
2026-05-15 18:57:33,162  INFO  Epoch 1 | Step 3870/23865 | Loss 0.0768 | LR 2.00e-05 | samples_seen=21928
2026-05-15 18:57:33,557  INFO  Epoch 1 | Step 3870/23865 | Loss 0.0723 | LR 2.00e-05 | samples_seen=21930
2026-05-15 18:57:34,206  INFO  Epoch 1 | Step 3870/23865 | Loss 0.0781 | LR 2.00e-05 | samples_seen=21932
2026-05-15 18:57:34,610  INFO  Epoch 1 | Step 3870/23865 | Loss 0.0432 | LR 2.00e-05 | samples_seen=21934
2026-05-15 18:58:12,277  INFO  Epoch 1 | Step 3880/23865 | Loss 5.0263 | LR 2.00e-05 | samples_seen=22080
2026-05-15 18:58:12,635  INFO  Epoch 1 | Step 3880/23865 | Loss 0.0722 | LR 2.00e-05 | samples_seen=22082
2026-05-15 18:58:12,934  INFO  Epoch 1 | Step 3880/23865 | Loss 0.1441 | LR 2.00e-05 | samples_seen=22084
2026-05-15 18:58:13,305  INFO  Epoch 1 | Step 3880/23865 | Loss 0.1113 | LR 2.00e-05 | samples_seen=22086
2026-05-15 18:58:13,911  INFO  Epoch 1 | Step 3880/23865 | Loss 0.0488 | LR 2.00e-05 | samples_seen=22088
2026-05-15 18:58:14,332  INFO  Epoch 1 | Step 3880/23865 | Loss 0.0423 | LR 2.00e-05 | samples_seen=22090
2026-05-15 18:58:14,744  INFO  Epoch 1 | Step 3880/23865 | Loss 0.1168 | LR 2.00e-05 | samples_seen=22092
2026-05-15 18:58:15,227  INFO  Epoch 1 | Step 3880/23865 | Loss 0.0672 | LR 2.00e-05 | samples_seen=22094
2026-05-15 18:58:51,842  INFO  Epoch 1 | Step 3890/23865 | Loss 5.0717 | LR 2.00e-05 | samples_seen=22240
2026-05-15 18:58:52,338  INFO  Epoch 1 | Step 3890/23865 | Loss 0.0400 | LR 2.00e-05 | samples_seen=22242
2026-05-15 18:58:52,637  INFO  Epoch 1 | Step 3890/23865 | Loss 0.0753 | LR 2.00e-05 | samples_seen=22244
2026-05-15 18:58:53,568  INFO  Epoch 1 | Step 3890/23865 | Loss 0.1387 | LR 2.00e-05 | samples_seen=22246
2026-05-15 18:58:54,134  INFO  Epoch 1 | Step 3890/23865 | Loss 0.0525 | LR 2.00e-05 | samples_seen=22248
2026-05-15 18:58:54,586  INFO  Epoch 1 | Step 3890/23865 | Loss 0.0802 | LR 2.00e-05 | samples_seen=22250
2026-05-15 18:58:54,894  INFO  Epoch 1 | Step 3890/23865 | Loss 0.1059 | LR 2.00e-05 | samples_seen=22252
2026-05-15 18:58:55,519  INFO  Epoch 1 | Step 3890/23865 | Loss 0.0262 | LR 2.00e-05 | samples_seen=22254
2026-05-15 18:59:30,238  INFO  Epoch 1 | Step 3900/23865 | Loss 5.4371 | LR 2.00e-05 | samples_seen=22400
2026-05-15 18:59:30,565  INFO  Epoch 1 | Step 3900/23865 | Loss 0.1283 | LR 2.00e-05 | samples_seen=22402
2026-05-15 18:59:31,082  INFO  Epoch 1 | Step 3900/23865 | Loss 0.0838 | LR 2.00e-05 | samples_seen=22404
2026-05-15 18:59:31,624  INFO  Epoch 1 | Step 3900/23865 | Loss 0.1445 | LR 2.00e-05 | samples_seen=22406
2026-05-15 18:59:31,910  INFO  Epoch 1 | Step 3900/23865 | Loss 0.1117 | LR 2.00e-05 | samples_seen=22408
2026-05-15 18:59:32,341  INFO  Epoch 1 | Step 3900/23865 | Loss 0.0566 | LR 2.00e-05 | samples_seen=22410
2026-05-15 18:59:32,692  INFO  Epoch 1 | Step 3900/23865 | Loss 0.1246 | LR 2.00e-05 | samples_seen=22412
2026-05-15 18:59:33,236  INFO  Epoch 1 | Step 3900/23865 | Loss 0.0260 | LR 2.00e-05 | samples_seen=22414
2026-05-15 19:00:08,497  INFO  Epoch 1 | Step 3910/23865 | Loss 5.6116 | LR 2.00e-05 | samples_seen=22560
2026-05-15 19:00:08,998  INFO  Epoch 1 | Step 3910/23865 | Loss 0.0503 | LR 2.00e-05 | samples_seen=22562
2026-05-15 19:00:09,547  INFO  Epoch 1 | Step 3910/23865 | Loss 0.0285 | LR 2.00e-05 | samples_seen=22564
2026-05-15 19:00:10,137  INFO  Epoch 1 | Step 3910/23865 | Loss 0.0450 | LR 2.00e-05 | samples_seen=22566
2026-05-15 19:00:10,641  INFO  Epoch 1 | Step 3910/23865 | Loss 0.0642 | LR 2.00e-05 | samples_seen=22568
2026-05-15 19:00:11,419  INFO  Epoch 1 | Step 3910/23865 | Loss 0.0744 | LR 2.00e-05 | samples_seen=22570
2026-05-15 19:00:11,920  INFO  Epoch 1 | Step 3910/23865 | Loss 0.0800 | LR 2.00e-05 | samples_seen=22572
2026-05-15 19:00:12,409  INFO  Epoch 1 | Step 3910/23865 | Loss 0.0584 | LR 2.00e-05 | samples_seen=22574
2026-05-15 19:00:48,676  INFO  Epoch 1 | Step 3920/23865 | Loss 5.6977 | LR 2.00e-05 | samples_seen=22720
2026-05-15 19:00:49,205  INFO  Epoch 1 | Step 3920/23865 | Loss 0.0392 | LR 2.00e-05 | samples_seen=22722
2026-05-15 19:00:49,573  INFO  Epoch 1 | Step 3920/23865 | Loss 0.1110 | LR 2.00e-05 | samples_seen=22724
2026-05-15 19:00:49,967  INFO  Epoch 1 | Step 3920/23865 | Loss 0.0358 | LR 2.00e-05 | samples_seen=22726
2026-05-15 19:00:50,342  INFO  Epoch 1 | Step 3920/23865 | Loss 0.0319 | LR 2.00e-05 | samples_seen=22728
2026-05-15 19:00:50,832  INFO  Epoch 1 | Step 3920/23865 | Loss 0.0317 | LR 2.00e-05 | samples_seen=22730
2026-05-15 19:00:51,108  INFO  Epoch 1 | Step 3920/23865 | Loss 0.1234 | LR 2.00e-05 | samples_seen=22732
2026-05-15 19:00:51,538  INFO  Epoch 1 | Step 3920/23865 | Loss 0.0610 | LR 2.00e-05 | samples_seen=22734
2026-05-15 19:01:29,755  INFO  Epoch 1 | Step 3930/23865 | Loss 5.5411 | LR 2.00e-05 | samples_seen=22880
2026-05-15 19:01:30,157  INFO  Epoch 1 | Step 3930/23865 | Loss 0.0544 | LR 2.00e-05 | samples_seen=22882
2026-05-15 19:01:30,636  INFO  Epoch 1 | Step 3930/23865 | Loss 0.0761 | LR 2.00e-05 | samples_seen=22884
2026-05-15 19:01:30,974  INFO  Epoch 1 | Step 3930/23865 | Loss 0.1142 | LR 2.00e-05 | samples_seen=22886
2026-05-15 19:01:31,564  INFO  Epoch 1 | Step 3930/23865 | Loss 0.1363 | LR 2.00e-05 | samples_seen=22888
2026-05-15 19:01:31,907  INFO  Epoch 1 | Step 3930/23865 | Loss 0.0567 | LR 2.00e-05 | samples_seen=22890
2026-05-15 19:01:32,385  INFO  Epoch 1 | Step 3930/23865 | Loss 0.0722 | LR 2.00e-05 | samples_seen=22892
2026-05-15 19:01:32,942  INFO  Epoch 1 | Step 3930/23865 | Loss 0.0656 | LR 2.00e-05 | samples_seen=22894
2026-05-15 19:02:11,510  INFO  Epoch 1 | Step 3940/23865 | Loss 5.1594 | LR 2.00e-05 | samples_seen=23040
2026-05-15 19:02:11,697  INFO  Epoch 1 | Step 3940/23865 | Loss 0.0984 | LR 2.00e-05 | samples_seen=23042
2026-05-15 19:02:11,904  INFO  Epoch 1 | Step 3940/23865 | Loss 0.1099 | LR 2.00e-05 | samples_seen=23044
2026-05-15 19:02:12,296  INFO  Epoch 1 | Step 3940/23865 | Loss 0.0663 | LR 2.00e-05 | samples_seen=23046
2026-05-15 19:02:12,609  INFO  Epoch 1 | Step 3940/23865 | Loss 0.1222 | LR 2.00e-05 | samples_seen=23048
2026-05-15 19:02:12,899  INFO  Epoch 1 | Step 3940/23865 | Loss 0.0707 | LR 2.00e-05 | samples_seen=23050
2026-05-15 19:02:13,425  INFO  Epoch 1 | Step 3940/23865 | Loss 0.1282 | LR 2.00e-05 | samples_seen=23052
2026-05-15 19:02:13,901  INFO  Epoch 1 | Step 3940/23865 | Loss 0.0738 | LR 2.00e-05 | samples_seen=23054
2026-05-15 19:02:48,945  INFO  Epoch 1 | Step 3950/23865 | Loss 5.3169 | LR 2.00e-05 | samples_seen=23200
2026-05-15 19:02:49,394  INFO  Epoch 1 | Step 3950/23865 | Loss 0.0781 | LR 2.00e-05 | samples_seen=23202
2026-05-15 19:02:49,823  INFO  Epoch 1 | Step 3950/23865 | Loss 0.0312 | LR 2.00e-05 | samples_seen=23204
2026-05-15 19:02:50,259  INFO  Epoch 1 | Step 3950/23865 | Loss 0.0499 | LR 2.00e-05 | samples_seen=23206
2026-05-15 19:02:50,554  INFO  Epoch 1 | Step 3950/23865 | Loss 0.0601 | LR 2.00e-05 | samples_seen=23208
2026-05-15 19:02:50,855  INFO  Epoch 1 | Step 3950/23865 | Loss 0.0776 | LR 2.00e-05 | samples_seen=23210
2026-05-15 19:02:51,342  INFO  Epoch 1 | Step 3950/23865 | Loss 0.0416 | LR 2.00e-05 | samples_seen=23212
2026-05-15 19:02:51,679  INFO  Epoch 1 | Step 3950/23865 | Loss 0.0416 | LR 2.00e-05 | samples_seen=23214
2026-05-15 19:03:27,788  INFO  Epoch 1 | Step 3960/23865 | Loss 5.1285 | LR 1.99e-05 | samples_seen=23360
2026-05-15 19:03:28,056  INFO  Epoch 1 | Step 3960/23865 | Loss 0.1256 | LR 1.99e-05 | samples_seen=23362
2026-05-15 19:03:28,437  INFO  Epoch 1 | Step 3960/23865 | Loss 0.0615 | LR 1.99e-05 | samples_seen=23364
2026-05-15 19:03:28,985  INFO  Epoch 1 | Step 3960/23865 | Loss 0.0312 | LR 1.99e-05 | samples_seen=23366
2026-05-15 19:03:29,526  INFO  Epoch 1 | Step 3960/23865 | Loss 0.0489 | LR 1.99e-05 | samples_seen=23368
2026-05-15 19:03:30,111  INFO  Epoch 1 | Step 3960/23865 | Loss 0.0739 | LR 1.99e-05 | samples_seen=23370
2026-05-15 19:03:30,373  INFO  Epoch 1 | Step 3960/23865 | Loss 0.0934 | LR 1.99e-05 | samples_seen=23372
2026-05-15 19:03:30,707  INFO  Epoch 1 | Step 3960/23865 | Loss 0.0747 | LR 1.99e-05 | samples_seen=23374
2026-05-15 19:04:08,591  INFO  Epoch 1 | Step 3970/23865 | Loss 5.1421 | LR 1.99e-05 | samples_seen=23520
2026-05-15 19:04:09,102  INFO  Epoch 1 | Step 3970/23865 | Loss 0.0403 | LR 1.99e-05 | samples_seen=23522
2026-05-15 19:04:09,575  INFO  Epoch 1 | Step 3970/23865 | Loss 0.0584 | LR 1.99e-05 | samples_seen=23524
2026-05-15 19:04:10,145  INFO  Epoch 1 | Step 3970/23865 | Loss 0.1555 | LR 1.99e-05 | samples_seen=23526
2026-05-15 19:04:10,453  INFO  Epoch 1 | Step 3970/23865 | Loss 0.1300 | LR 1.99e-05 | samples_seen=23528
2026-05-15 19:04:11,376  INFO  Epoch 1 | Step 3970/23865 | Loss 0.0598 | LR 1.99e-05 | samples_seen=23530
2026-05-15 19:04:11,843  INFO  Epoch 1 | Step 3970/23865 | Loss 0.0815 | LR 1.99e-05 | samples_seen=23532
2026-05-15 19:04:12,421  INFO  Epoch 1 | Step 3970/23865 | Loss 0.0378 | LR 1.99e-05 | samples_seen=23534
2026-05-15 19:04:49,157  INFO  Epoch 1 | Step 3980/23865 | Loss 5.5197 | LR 1.99e-05 | samples_seen=23680
2026-05-15 19:04:49,546  INFO  Epoch 1 | Step 3980/23865 | Loss 0.0705 | LR 1.99e-05 | samples_seen=23682
2026-05-15 19:04:50,092  INFO  Epoch 1 | Step 3980/23865 | Loss 0.0430 | LR 1.99e-05 | samples_seen=23684
2026-05-15 19:04:50,461  INFO  Epoch 1 | Step 3980/23865 | Loss 0.0297 | LR 1.99e-05 | samples_seen=23686
2026-05-15 19:04:51,101  INFO  Epoch 1 | Step 3980/23865 | Loss 0.0385 | LR 1.99e-05 | samples_seen=23688
2026-05-15 19:04:51,541  INFO  Epoch 1 | Step 3980/23865 | Loss 0.0258 | LR 1.99e-05 | samples_seen=23690
2026-05-15 19:04:51,909  INFO  Epoch 1 | Step 3980/23865 | Loss 0.0369 | LR 1.99e-05 | samples_seen=23692
2026-05-15 19:04:52,344  INFO  Epoch 1 | Step 3980/23865 | Loss 0.0600 | LR 1.99e-05 | samples_seen=23694
2026-05-15 19:05:29,276  INFO  Epoch 1 | Step 3990/23865 | Loss 5.1352 | LR 1.99e-05 | samples_seen=23840
2026-05-15 19:05:29,767  INFO  Epoch 1 | Step 3990/23865 | Loss 0.0815 | LR 1.99e-05 | samples_seen=23842
2026-05-15 19:05:30,360  INFO  Epoch 1 | Step 3990/23865 | Loss 0.1181 | LR 1.99e-05 | samples_seen=23844
2026-05-15 19:05:30,655  INFO  Epoch 1 | Step 3990/23865 | Loss 0.1122 | LR 1.99e-05 | samples_seen=23846
2026-05-15 19:05:31,044  INFO  Epoch 1 | Step 3990/23865 | Loss 0.0666 | LR 1.99e-05 | samples_seen=23848
2026-05-15 19:05:31,419  INFO  Epoch 1 | Step 3990/23865 | Loss 0.0976 | LR 1.99e-05 | samples_seen=23850
2026-05-15 19:05:31,895  INFO  Epoch 1 | Step 3990/23865 | Loss 0.0284 | LR 1.99e-05 | samples_seen=23852
2026-05-15 19:05:32,489  INFO  Epoch 1 | Step 3990/23865 | Loss 0.0740 | LR 1.99e-05 | samples_seen=23854
2026-05-15 19:06:07,593  INFO  Epoch 1 | Step 4000/23865 | Loss 5.2919 | LR 1.99e-05 | samples_seen=24000
2026-05-15 19:06:08,198  INFO  Epoch 1 | Step 4000/23865 | Loss 0.0980 | LR 1.99e-05 | samples_seen=24002
2026-05-15 19:06:08,748  INFO  Epoch 1 | Step 4000/23865 | Loss 0.0575 | LR 1.99e-05 | samples_seen=24004
2026-05-15 19:06:09,228  INFO  Epoch 1 | Step 4000/23865 | Loss 0.0942 | LR 1.99e-05 | samples_seen=24006
2026-05-15 19:06:09,571  INFO  Epoch 1 | Step 4000/23865 | Loss 0.0768 | LR 1.99e-05 | samples_seen=24008
2026-05-15 19:06:10,055  INFO  Epoch 1 | Step 4000/23865 | Loss 0.0819 | LR 1.99e-05 | samples_seen=24010
2026-05-15 19:06:10,332  INFO  Epoch 1 | Step 4000/23865 | Loss 0.1348 | LR 1.99e-05 | samples_seen=24012
2026-05-15 19:06:10,621  INFO  Epoch 1 | Step 4000/23865 | Loss 0.1166 | LR 1.99e-05 | samples_seen=24014
2026-05-15 19:06:47,998  INFO  Epoch 1 | Step 4010/23865 | Loss 5.1317 | LR 1.99e-05 | samples_seen=24160
2026-05-15 19:06:48,685  INFO  Epoch 1 | Step 4010/23865 | Loss 0.0293 | LR 1.99e-05 | samples_seen=24162
2026-05-15 19:06:49,145  INFO  Epoch 1 | Step 4010/23865 | Loss 0.0318 | LR 1.99e-05 | samples_seen=24164
2026-05-15 19:06:49,866  INFO  Epoch 1 | Step 4010/23865 | Loss 0.0983 | LR 1.99e-05 | samples_seen=24166
2026-05-15 19:06:50,324  INFO  Epoch 1 | Step 4010/23865 | Loss 0.0456 | LR 1.99e-05 | samples_seen=24168
2026-05-15 19:06:50,873  INFO  Epoch 1 | Step 4010/23865 | Loss 0.1541 | LR 1.99e-05 | samples_seen=24170
2026-05-15 19:06:51,240  INFO  Epoch 1 | Step 4010/23865 | Loss 0.0946 | LR 1.99e-05 | samples_seen=24172
2026-05-15 19:06:51,722  INFO  Epoch 1 | Step 4010/23865 | Loss 0.0707 | LR 1.99e-05 | samples_seen=24174
2026-05-15 19:07:29,621  INFO  Epoch 1 | Step 4020/23865 | Loss 4.6246 | LR 1.99e-05 | samples_seen=24320
2026-05-15 19:07:30,300  INFO  Epoch 1 | Step 4020/23865 | Loss 0.0709 | LR 1.99e-05 | samples_seen=24322
2026-05-15 19:07:30,650  INFO  Epoch 1 | Step 4020/23865 | Loss 0.1368 | LR 1.99e-05 | samples_seen=24324
2026-05-15 19:07:31,130  INFO  Epoch 1 | Step 4020/23865 | Loss 0.0644 | LR 1.99e-05 | samples_seen=24326
2026-05-15 19:07:32,050  INFO  Epoch 1 | Step 4020/23865 | Loss 0.0409 | LR 1.99e-05 | samples_seen=24328
2026-05-15 19:07:32,499  INFO  Epoch 1 | Step 4020/23865 | Loss 0.0799 | LR 1.99e-05 | samples_seen=24330
2026-05-15 19:07:33,100  INFO  Epoch 1 | Step 4020/23865 | Loss 0.0451 | LR 1.99e-05 | samples_seen=24332
2026-05-15 19:07:33,405  INFO  Epoch 1 | Step 4020/23865 | Loss 0.1002 | LR 1.99e-05 | samples_seen=24334
2026-05-15 19:08:09,854  INFO  Epoch 1 | Step 4030/23865 | Loss 5.2862 | LR 1.99e-05 | samples_seen=24480
2026-05-15 19:08:10,117  INFO  Epoch 1 | Step 4030/23865 | Loss 0.1142 | LR 1.99e-05 | samples_seen=24482
2026-05-15 19:08:10,634  INFO  Epoch 1 | Step 4030/23865 | Loss 0.0516 | LR 1.99e-05 | samples_seen=24484
2026-05-15 19:08:11,254  INFO  Epoch 1 | Step 4030/23865 | Loss 0.0853 | LR 1.99e-05 | samples_seen=24486
2026-05-15 19:08:11,798  INFO  Epoch 1 | Step 4030/23865 | Loss 0.0454 | LR 1.99e-05 | samples_seen=24488
2026-05-15 19:08:12,099  INFO  Epoch 1 | Step 4030/23865 | Loss 0.1001 | LR 1.99e-05 | samples_seen=24490
2026-05-15 19:08:12,324  INFO  Epoch 1 | Step 4030/23865 | Loss 0.1290 | LR 1.99e-05 | samples_seen=24492
2026-05-15 19:08:12,648  INFO  Epoch 1 | Step 4030/23865 | Loss 0.0835 | LR 1.99e-05 | samples_seen=24494
2026-05-15 19:08:48,407  INFO  Epoch 1 | Step 4040/23865 | Loss 5.6516 | LR 1.99e-05 | samples_seen=24640
2026-05-15 19:08:48,975  INFO  Epoch 1 | Step 4040/23865 | Loss 0.0486 | LR 1.99e-05 | samples_seen=24642
2026-05-15 19:08:49,576  INFO  Epoch 1 | Step 4040/23865 | Loss 0.1028 | LR 1.99e-05 | samples_seen=24644
2026-05-15 19:08:49,986  INFO  Epoch 1 | Step 4040/23865 | Loss 0.0415 | LR 1.99e-05 | samples_seen=24646
2026-05-15 19:08:50,329  INFO  Epoch 1 | Step 4040/23865 | Loss 0.0538 | LR 1.99e-05 | samples_seen=24648
2026-05-15 19:08:50,850  INFO  Epoch 1 | Step 4040/23865 | Loss 0.0398 | LR 1.99e-05 | samples_seen=24650
2026-05-15 19:08:51,773  INFO  Epoch 1 | Step 4040/23865 | Loss 0.0203 | LR 1.99e-05 | samples_seen=24652
2026-05-15 19:08:52,437  INFO  Epoch 1 | Step 4040/23865 | Loss 0.1615 | LR 1.99e-05 | samples_seen=24654
2026-05-15 19:09:32,081  INFO  Epoch 1 | Step 4050/23865 | Loss 4.9410 | LR 1.99e-05 | samples_seen=24800
2026-05-15 19:09:32,592  INFO  Epoch 1 | Step 4050/23865 | Loss 0.0204 | LR 1.99e-05 | samples_seen=24802
2026-05-15 19:09:33,007  INFO  Epoch 1 | Step 4050/23865 | Loss 0.1223 | LR 1.99e-05 | samples_seen=24804
2026-05-15 19:09:33,315  INFO  Epoch 1 | Step 4050/23865 | Loss 0.0982 | LR 1.99e-05 | samples_seen=24806
2026-05-15 19:09:33,788  INFO  Epoch 1 | Step 4050/23865 | Loss 0.0623 | LR 1.99e-05 | samples_seen=24808
2026-05-15 19:09:34,164  INFO  Epoch 1 | Step 4050/23865 | Loss 0.0375 | LR 1.99e-05 | samples_seen=24810
2026-05-15 19:09:34,638  INFO  Epoch 1 | Step 4050/23865 | Loss 0.0594 | LR 1.99e-05 | samples_seen=24812
2026-05-15 19:09:35,229  INFO  Epoch 1 | Step 4050/23865 | Loss 0.1097 | LR 1.99e-05 | samples_seen=24814
2026-05-15 19:10:09,932  INFO  Epoch 1 | Step 4060/23865 | Loss 5.9447 | LR 1.99e-05 | samples_seen=24960
2026-05-15 19:10:10,380  INFO  Epoch 1 | Step 4060/23865 | Loss 0.0615 | LR 1.99e-05 | samples_seen=24962
2026-05-15 19:10:10,800  INFO  Epoch 1 | Step 4060/23865 | Loss 0.0575 | LR 1.99e-05 | samples_seen=24964
2026-05-15 19:10:11,142  INFO  Epoch 1 | Step 4060/23865 | Loss 0.1392 | LR 1.99e-05 | samples_seen=24966
2026-05-15 19:10:11,609  INFO  Epoch 1 | Step 4060/23865 | Loss 0.0999 | LR 1.99e-05 | samples_seen=24968
2026-05-15 19:10:12,008  INFO  Epoch 1 | Step 4060/23865 | Loss 0.0452 | LR 1.99e-05 | samples_seen=24970
2026-05-15 19:10:12,461  INFO  Epoch 1 | Step 4060/23865 | Loss 0.0421 | LR 1.99e-05 | samples_seen=24972
2026-05-15 19:10:12,948  INFO  Epoch 1 | Step 4060/23865 | Loss 0.1050 | LR 1.99e-05 | samples_seen=24974
2026-05-15 19:10:49,555  INFO  Epoch 1 | Step 4070/23865 | Loss 5.5094 | LR 1.99e-05 | samples_seen=25120
2026-05-15 19:10:49,981  INFO  Epoch 1 | Step 4070/23865 | Loss 0.0456 | LR 1.99e-05 | samples_seen=25122
2026-05-15 19:10:50,404  INFO  Epoch 1 | Step 4070/23865 | Loss 0.0854 | LR 1.99e-05 | samples_seen=25124
2026-05-15 19:10:50,996  INFO  Epoch 1 | Step 4070/23865 | Loss 0.1164 | LR 1.99e-05 | samples_seen=25126
2026-05-15 19:10:51,289  INFO  Epoch 1 | Step 4070/23865 | Loss 0.0453 | LR 1.99e-05 | samples_seen=25128
2026-05-15 19:10:51,596  INFO  Epoch 1 | Step 4070/23865 | Loss 0.1157 | LR 1.99e-05 | samples_seen=25130
2026-05-15 19:10:51,967  INFO  Epoch 1 | Step 4070/23865 | Loss 0.0658 | LR 1.99e-05 | samples_seen=25132
2026-05-15 19:10:52,536  INFO  Epoch 1 | Step 4070/23865 | Loss 0.0422 | LR 1.99e-05 | samples_seen=25134
2026-05-15 19:11:30,277  INFO  Epoch 1 | Step 4080/23865 | Loss 5.2859 | LR 1.99e-05 | samples_seen=25280
2026-05-15 19:11:30,947  INFO  Epoch 1 | Step 4080/23865 | Loss 0.0321 | LR 1.99e-05 | samples_seen=25282
2026-05-15 19:11:31,391  INFO  Epoch 1 | Step 4080/23865 | Loss 0.0742 | LR 1.99e-05 | samples_seen=25284
2026-05-15 19:11:31,748  INFO  Epoch 1 | Step 4080/23865 | Loss 0.0653 | LR 1.99e-05 | samples_seen=25286
2026-05-15 19:11:32,170  INFO  Epoch 1 | Step 4080/23865 | Loss 0.0639 | LR 1.99e-05 | samples_seen=25288
2026-05-15 19:11:32,469  INFO  Epoch 1 | Step 4080/23865 | Loss 0.1146 | LR 1.99e-05 | samples_seen=25290
2026-05-15 19:11:32,857  INFO  Epoch 1 | Step 4080/23865 | Loss 0.0330 | LR 1.99e-05 | samples_seen=25292
2026-05-15 19:11:33,263  INFO  Epoch 1 | Step 4080/23865 | Loss 0.1396 | LR 1.99e-05 | samples_seen=25294
2026-05-15 19:12:09,813  INFO  Epoch 1 | Step 4090/23865 | Loss 5.3791 | LR 1.99e-05 | samples_seen=25440
2026-05-15 19:12:10,206  INFO  Epoch 1 | Step 4090/23865 | Loss 0.0634 | LR 1.99e-05 | samples_seen=25442
2026-05-15 19:12:10,773  INFO  Epoch 1 | Step 4090/23865 | Loss 0.1691 | LR 1.99e-05 | samples_seen=25444
2026-05-15 19:12:11,374  INFO  Epoch 1 | Step 4090/23865 | Loss 0.0298 | LR 1.99e-05 | samples_seen=25446
2026-05-15 19:12:11,923  INFO  Epoch 1 | Step 4090/23865 | Loss 0.0377 | LR 1.99e-05 | samples_seen=25448
2026-05-15 19:12:12,293  INFO  Epoch 1 | Step 4090/23865 | Loss 0.0718 | LR 1.99e-05 | samples_seen=25450
2026-05-15 19:12:12,716  INFO  Epoch 1 | Step 4090/23865 | Loss 0.0434 | LR 1.99e-05 | samples_seen=25452
2026-05-15 19:12:13,128  INFO  Epoch 1 | Step 4090/23865 | Loss 0.0867 | LR 1.99e-05 | samples_seen=25454
2026-05-15 19:12:50,732  INFO  Epoch 1 | Step 4100/23865 | Loss 5.2888 | LR 1.99e-05 | samples_seen=25600
2026-05-15 19:12:51,299  INFO  Epoch 1 | Step 4100/23865 | Loss 0.0390 | LR 1.99e-05 | samples_seen=25602
2026-05-15 19:12:51,637  INFO  Epoch 1 | Step 4100/23865 | Loss 0.0710 | LR 1.99e-05 | samples_seen=25604
2026-05-15 19:12:52,143  INFO  Epoch 1 | Step 4100/23865 | Loss 0.0947 | LR 1.99e-05 | samples_seen=25606
2026-05-15 19:12:52,505  INFO  Epoch 1 | Step 4100/23865 | Loss 0.0975 | LR 1.99e-05 | samples_seen=25608
2026-05-15 19:12:53,001  INFO  Epoch 1 | Step 4100/23865 | Loss 0.0745 | LR 1.99e-05 | samples_seen=25610
2026-05-15 19:12:53,453  INFO  Epoch 1 | Step 4100/23865 | Loss 0.0499 | LR 1.99e-05 | samples_seen=25612
2026-05-15 19:12:54,289  INFO  Epoch 1 | Step 4100/23865 | Loss 0.0748 | LR 1.99e-05 | samples_seen=25614
2026-05-15 19:13:28,195  INFO  Epoch 1 | Step 4110/23865 | Loss 5.6758 | LR 1.99e-05 | samples_seen=25760
2026-05-15 19:13:28,875  INFO  Epoch 1 | Step 4110/23865 | Loss 0.0342 | LR 1.99e-05 | samples_seen=25762
2026-05-15 19:13:29,163  INFO  Epoch 1 | Step 4110/23865 | Loss 0.1100 | LR 1.99e-05 | samples_seen=25764
2026-05-15 19:13:29,739  INFO  Epoch 1 | Step 4110/23865 | Loss 0.0538 | LR 1.99e-05 | samples_seen=25766
2026-05-15 19:13:30,037  INFO  Epoch 1 | Step 4110/23865 | Loss 0.0983 | LR 1.99e-05 | samples_seen=25768
2026-05-15 19:13:30,573  INFO  Epoch 1 | Step 4110/23865 | Loss 0.0920 | LR 1.99e-05 | samples_seen=25770
2026-05-15 19:13:30,970  INFO  Epoch 1 | Step 4110/23865 | Loss 0.0667 | LR 1.99e-05 | samples_seen=25772
2026-05-15 19:13:31,409  INFO  Epoch 1 | Step 4110/23865 | Loss 0.0517 | LR 1.99e-05 | samples_seen=25774
2026-05-15 19:14:06,596  INFO  Epoch 1 | Step 4120/23865 | Loss 4.9313 | LR 1.99e-05 | samples_seen=25920
2026-05-15 19:14:07,463  INFO  Epoch 1 | Step 4120/23865 | Loss 0.0872 | LR 1.99e-05 | samples_seen=25922
2026-05-15 19:14:07,901  INFO  Epoch 1 | Step 4120/23865 | Loss 0.0368 | LR 1.99e-05 | samples_seen=25924
2026-05-15 19:14:08,351  INFO  Epoch 1 | Step 4120/23865 | Loss 0.0635 | LR 1.99e-05 | samples_seen=25926
2026-05-15 19:14:08,946  INFO  Epoch 1 | Step 4120/23865 | Loss 0.0821 | LR 1.99e-05 | samples_seen=25928
2026-05-15 19:14:09,432  INFO  Epoch 1 | Step 4120/23865 | Loss 0.0432 | LR 1.99e-05 | samples_seen=25930
2026-05-15 19:14:09,814  INFO  Epoch 1 | Step 4120/23865 | Loss 0.0229 | LR 1.99e-05 | samples_seen=25932
2026-05-15 19:14:10,298  INFO  Epoch 1 | Step 4120/23865 | Loss 0.0572 | LR 1.99e-05 | samples_seen=25934
2026-05-15 19:14:45,867  INFO  Epoch 1 | Step 4130/23865 | Loss 5.2255 | LR 1.99e-05 | samples_seen=26080
2026-05-15 19:14:46,420  INFO  Epoch 1 | Step 4130/23865 | Loss 0.0645 | LR 1.99e-05 | samples_seen=26082
2026-05-15 19:14:46,930  INFO  Epoch 1 | Step 4130/23865 | Loss 0.0293 | LR 1.99e-05 | samples_seen=26084
2026-05-15 19:14:47,371  INFO  Epoch 1 | Step 4130/23865 | Loss 0.0592 | LR 1.99e-05 | samples_seen=26086
2026-05-15 19:14:47,936  INFO  Epoch 1 | Step 4130/23865 | Loss 0.0567 | LR 1.99e-05 | samples_seen=26088
2026-05-15 19:14:48,526  INFO  Epoch 1 | Step 4130/23865 | Loss 0.1091 | LR 1.99e-05 | samples_seen=26090
2026-05-15 19:14:48,943  INFO  Epoch 1 | Step 4130/23865 | Loss 0.0358 | LR 1.99e-05 | samples_seen=26092
2026-05-15 19:14:49,736  INFO  Epoch 1 | Step 4130/23865 | Loss 0.0658 | LR 1.99e-05 | samples_seen=26094
2026-05-15 19:15:26,086  INFO  Epoch 1 | Step 4140/23865 | Loss 4.8397 | LR 1.99e-05 | samples_seen=26240
2026-05-15 19:15:26,338  INFO  Epoch 1 | Step 4140/23865 | Loss 0.0955 | LR 1.99e-05 | samples_seen=26242
2026-05-15 19:15:26,915  INFO  Epoch 1 | Step 4140/23865 | Loss 0.0427 | LR 1.99e-05 | samples_seen=26244
2026-05-15 19:15:27,332  INFO  Epoch 1 | Step 4140/23865 | Loss 0.0619 | LR 1.99e-05 | samples_seen=26246
2026-05-15 19:15:27,855  INFO  Epoch 1 | Step 4140/23865 | Loss 0.0314 | LR 1.99e-05 | samples_seen=26248
2026-05-15 19:15:28,218  INFO  Epoch 1 | Step 4140/23865 | Loss 0.0375 | LR 1.99e-05 | samples_seen=26250
2026-05-15 19:15:28,511  INFO  Epoch 1 | Step 4140/23865 | Loss 0.0305 | LR 1.99e-05 | samples_seen=26252
2026-05-15 19:15:28,927  INFO  Epoch 1 | Step 4140/23865 | Loss 0.0732 | LR 1.99e-05 | samples_seen=26254
2026-05-15 19:16:05,926  INFO  Epoch 1 | Step 4150/23865 | Loss 5.1581 | LR 1.99e-05 | samples_seen=26400
2026-05-15 19:16:06,349  INFO  Epoch 1 | Step 4150/23865 | Loss 0.0943 | LR 1.99e-05 | samples_seen=26402
2026-05-15 19:16:06,927  INFO  Epoch 1 | Step 4150/23865 | Loss 0.0486 | LR 1.99e-05 | samples_seen=26404
2026-05-15 19:16:07,469  INFO  Epoch 1 | Step 4150/23865 | Loss 0.0686 | LR 1.99e-05 | samples_seen=26406
2026-05-15 19:16:07,836  INFO  Epoch 1 | Step 4150/23865 | Loss 0.0403 | LR 1.99e-05 | samples_seen=26408
2026-05-15 19:16:08,313  INFO  Epoch 1 | Step 4150/23865 | Loss 0.0864 | LR 1.99e-05 | samples_seen=26410
2026-05-15 19:16:08,703  INFO  Epoch 1 | Step 4150/23865 | Loss 0.0707 | LR 1.99e-05 | samples_seen=26412
2026-05-15 19:16:09,083  INFO  Epoch 1 | Step 4150/23865 | Loss 0.0264 | LR 1.99e-05 | samples_seen=26414
2026-05-15 19:16:46,299  INFO  Epoch 1 | Step 4160/23865 | Loss 5.2591 | LR 1.99e-05 | samples_seen=26560
2026-05-15 19:16:46,641  INFO  Epoch 1 | Step 4160/23865 | Loss 0.0166 | LR 1.99e-05 | samples_seen=26562
2026-05-15 19:16:46,941  INFO  Epoch 1 | Step 4160/23865 | Loss 0.1413 | LR 1.99e-05 | samples_seen=26564
2026-05-15 19:16:47,442  INFO  Epoch 1 | Step 4160/23865 | Loss 0.0550 | LR 1.99e-05 | samples_seen=26566
2026-05-15 19:16:48,038  INFO  Epoch 1 | Step 4160/23865 | Loss 0.0817 | LR 1.99e-05 | samples_seen=26568
2026-05-15 19:16:48,657  INFO  Epoch 1 | Step 4160/23865 | Loss 0.0325 | LR 1.99e-05 | samples_seen=26570
2026-05-15 19:16:49,111  INFO  Epoch 1 | Step 4160/23865 | Loss 0.0376 | LR 1.99e-05 | samples_seen=26572
2026-05-15 19:16:49,879  INFO  Epoch 1 | Step 4160/23865 | Loss 0.0697 | LR 1.99e-05 | samples_seen=26574
2026-05-15 19:17:28,049  INFO  Epoch 1 | Step 4170/23865 | Loss 5.5176 | LR 1.99e-05 | samples_seen=26720
2026-05-15 19:17:28,499  INFO  Epoch 1 | Step 4170/23865 | Loss 0.0772 | LR 1.99e-05 | samples_seen=26722
2026-05-15 19:17:28,945  INFO  Epoch 1 | Step 4170/23865 | Loss 0.0405 | LR 1.99e-05 | samples_seen=26724
2026-05-15 19:17:29,523  INFO  Epoch 1 | Step 4170/23865 | Loss 0.1145 | LR 1.99e-05 | samples_seen=26726
2026-05-15 19:17:29,801  INFO  Epoch 1 | Step 4170/23865 | Loss 0.0991 | LR 1.99e-05 | samples_seen=26728
2026-05-15 19:17:30,283  INFO  Epoch 1 | Step 4170/23865 | Loss 0.0832 | LR 1.99e-05 | samples_seen=26730
2026-05-15 19:17:30,998  INFO  Epoch 1 | Step 4170/23865 | Loss 0.0383 | LR 1.99e-05 | samples_seen=26732
2026-05-15 19:17:31,558  INFO  Epoch 1 | Step 4170/23865 | Loss 0.0428 | LR 1.99e-05 | samples_seen=26734
2026-05-15 19:18:07,550  INFO  Epoch 1 | Step 4180/23865 | Loss 5.2267 | LR 1.99e-05 | samples_seen=26880
2026-05-15 19:18:08,045  INFO  Epoch 1 | Step 4180/23865 | Loss 0.0610 | LR 1.99e-05 | samples_seen=26882
2026-05-15 19:18:08,344  INFO  Epoch 1 | Step 4180/23865 | Loss 0.1177 | LR 1.99e-05 | samples_seen=26884
2026-05-15 19:18:08,831  INFO  Epoch 1 | Step 4180/23865 | Loss 0.0485 | LR 1.99e-05 | samples_seen=26886
2026-05-15 19:18:09,231  INFO  Epoch 1 | Step 4180/23865 | Loss 0.0533 | LR 1.99e-05 | samples_seen=26888
2026-05-15 19:18:09,663  INFO  Epoch 1 | Step 4180/23865 | Loss 0.0389 | LR 1.99e-05 | samples_seen=26890
2026-05-15 19:18:10,393  INFO  Epoch 1 | Step 4180/23865 | Loss 0.1064 | LR 1.99e-05 | samples_seen=26892
2026-05-15 19:18:10,975  INFO  Epoch 1 | Step 4180/23865 | Loss 0.0256 | LR 1.99e-05 | samples_seen=26894
2026-05-15 19:18:47,673  INFO  Epoch 1 | Step 4190/23865 | Loss 5.4715 | LR 1.99e-05 | samples_seen=27040
2026-05-15 19:18:47,854  INFO  Epoch 1 | Step 4190/23865 | Loss 0.0816 | LR 1.99e-05 | samples_seen=27042
2026-05-15 19:18:48,240  INFO  Epoch 1 | Step 4190/23865 | Loss 0.0833 | LR 1.99e-05 | samples_seen=27044
2026-05-15 19:18:48,576  INFO  Epoch 1 | Step 4190/23865 | Loss 0.0744 | LR 1.99e-05 | samples_seen=27046
2026-05-15 19:18:48,798  INFO  Epoch 1 | Step 4190/23865 | Loss 0.1503 | LR 1.99e-05 | samples_seen=27048
2026-05-15 19:18:49,535  INFO  Epoch 1 | Step 4190/23865 | Loss 0.0459 | LR 1.99e-05 | samples_seen=27050
2026-05-15 19:18:50,129  INFO  Epoch 1 | Step 4190/23865 | Loss 0.0435 | LR 1.99e-05 | samples_seen=27052
2026-05-15 19:18:50,554  INFO  Epoch 1 | Step 4190/23865 | Loss 0.0477 | LR 1.99e-05 | samples_seen=27054
2026-05-15 19:19:26,826  INFO  Epoch 1 | Step 4200/23865 | Loss 5.2259 | LR 1.99e-05 | samples_seen=27200
2026-05-15 19:19:27,165  INFO  Epoch 1 | Step 4200/23865 | Loss 0.0637 | LR 1.99e-05 | samples_seen=27202
2026-05-15 19:19:27,778  INFO  Epoch 1 | Step 4200/23865 | Loss 0.1272 | LR 1.99e-05 | samples_seen=27204
2026-05-15 19:19:28,056  INFO  Epoch 1 | Step 4200/23865 | Loss 0.0733 | LR 1.99e-05 | samples_seen=27206
2026-05-15 19:19:28,657  INFO  Epoch 1 | Step 4200/23865 | Loss 0.0815 | LR 1.99e-05 | samples_seen=27208
2026-05-15 19:19:29,113  INFO  Epoch 1 | Step 4200/23865 | Loss 0.0259 | LR 1.99e-05 | samples_seen=27210
2026-05-15 19:19:29,343  INFO  Epoch 1 | Step 4200/23865 | Loss 0.1354 | LR 1.99e-05 | samples_seen=27212
2026-05-15 19:19:29,918  INFO  Epoch 1 | Step 4200/23865 | Loss 0.0369 | LR 1.99e-05 | samples_seen=27214
2026-05-15 19:20:06,870  INFO  Epoch 1 | Step 4210/23865 | Loss 5.5049 | LR 1.99e-05 | samples_seen=27360
2026-05-15 19:20:07,243  INFO  Epoch 1 | Step 4210/23865 | Loss 0.0356 | LR 1.99e-05 | samples_seen=27362
2026-05-15 19:20:07,722  INFO  Epoch 1 | Step 4210/23865 | Loss 0.0929 | LR 1.99e-05 | samples_seen=27364
2026-05-15 19:20:08,455  INFO  Epoch 1 | Step 4210/23865 | Loss 0.0826 | LR 1.99e-05 | samples_seen=27366
2026-05-15 19:20:08,947  INFO  Epoch 1 | Step 4210/23865 | Loss 0.0292 | LR 1.99e-05 | samples_seen=27368
2026-05-15 19:20:09,530  INFO  Epoch 1 | Step 4210/23865 | Loss 0.0566 | LR 1.99e-05 | samples_seen=27370
2026-05-15 19:20:10,105  INFO  Epoch 1 | Step 4210/23865 | Loss 0.0205 | LR 1.99e-05 | samples_seen=27372
2026-05-15 19:20:10,531  INFO  Epoch 1 | Step 4210/23865 | Loss 0.0598 | LR 1.99e-05 | samples_seen=27374
2026-05-15 19:20:47,114  INFO  Epoch 1 | Step 4220/23865 | Loss 5.0851 | LR 1.99e-05 | samples_seen=27520
2026-05-15 19:20:47,359  INFO  Epoch 1 | Step 4220/23865 | Loss 0.1125 | LR 1.99e-05 | samples_seen=27522
2026-05-15 19:20:47,649  INFO  Epoch 1 | Step 4220/23865 | Loss 0.0969 | LR 1.99e-05 | samples_seen=27524
2026-05-15 19:20:48,096  INFO  Epoch 1 | Step 4220/23865 | Loss 0.0445 | LR 1.99e-05 | samples_seen=27526
2026-05-15 19:20:48,585  INFO  Epoch 1 | Step 4220/23865 | Loss 0.0965 | LR 1.99e-05 | samples_seen=27528
2026-05-15 19:20:49,167  INFO  Epoch 1 | Step 4220/23865 | Loss 0.0903 | LR 1.99e-05 | samples_seen=27530
2026-05-15 19:20:49,570  INFO  Epoch 1 | Step 4220/23865 | Loss 0.0443 | LR 1.99e-05 | samples_seen=27532
2026-05-15 19:20:50,144  INFO  Epoch 1 | Step 4220/23865 | Loss 0.0550 | LR 1.99e-05 | samples_seen=27534
2026-05-15 19:21:28,175  INFO  Epoch 1 | Step 4230/23865 | Loss 4.8691 | LR 1.99e-05 | samples_seen=27680
2026-05-15 19:21:28,727  INFO  Epoch 1 | Step 4230/23865 | Loss 0.0566 | LR 1.99e-05 | samples_seen=27682
2026-05-15 19:21:29,319  INFO  Epoch 1 | Step 4230/23865 | Loss 0.1072 | LR 1.99e-05 | samples_seen=27684
2026-05-15 19:21:29,686  INFO  Epoch 1 | Step 4230/23865 | Loss 0.0482 | LR 1.99e-05 | samples_seen=27686
2026-05-15 19:21:30,101  INFO  Epoch 1 | Step 4230/23865 | Loss 0.0465 | LR 1.99e-05 | samples_seen=27688
2026-05-15 19:21:30,711  INFO  Epoch 1 | Step 4230/23865 | Loss 0.0681 | LR 1.99e-05 | samples_seen=27690
2026-05-15 19:21:30,941  INFO  Epoch 1 | Step 4230/23865 | Loss 0.0865 | LR 1.99e-05 | samples_seen=27692
2026-05-15 19:21:31,223  INFO  Epoch 1 | Step 4230/23865 | Loss 0.1049 | LR 1.99e-05 | samples_seen=27694
2026-05-15 19:22:07,771  INFO  Epoch 1 | Step 4240/23865 | Loss 5.4673 | LR 1.99e-05 | samples_seen=27840
2026-05-15 19:22:08,021  INFO  Epoch 1 | Step 4240/23865 | Loss 0.0998 | LR 1.99e-05 | samples_seen=27842
2026-05-15 19:22:08,494  INFO  Epoch 1 | Step 4240/23865 | Loss 0.0405 | LR 1.99e-05 | samples_seen=27844
2026-05-15 19:22:09,034  INFO  Epoch 1 | Step 4240/23865 | Loss 0.0984 | LR 1.99e-05 | samples_seen=27846
2026-05-15 19:22:09,511  INFO  Epoch 1 | Step 4240/23865 | Loss 0.0379 | LR 1.99e-05 | samples_seen=27848
2026-05-15 19:22:09,986  INFO  Epoch 1 | Step 4240/23865 | Loss 0.0509 | LR 1.99e-05 | samples_seen=27850
2026-05-15 19:22:10,765  INFO  Epoch 1 | Step 4240/23865 | Loss 0.0393 | LR 1.99e-05 | samples_seen=27852
2026-05-15 19:22:11,062  INFO  Epoch 1 | Step 4240/23865 | Loss 0.0283 | LR 1.99e-05 | samples_seen=27854
2026-05-15 19:26:12,191  INFO  Checkpoint saved → ../checkpoints/stage2_l40/step4242 | global_step=4242 | samples_seen=27872
2026-05-15 19:26:43,020  INFO  Epoch 1 | Step 4250/23865 | Loss 4.8245 | LR 1.99e-05 | samples_seen=28000
2026-05-15 19:26:43,446  INFO  Epoch 1 | Step 4250/23865 | Loss 0.1312 | LR 1.99e-05 | samples_seen=28002
2026-05-15 19:26:43,714  INFO  Epoch 1 | Step 4250/23865 | Loss 0.0955 | LR 1.99e-05 | samples_seen=28004
2026-05-15 19:26:44,095  INFO  Epoch 1 | Step 4250/23865 | Loss 0.0900 | LR 1.99e-05 | samples_seen=28006
2026-05-15 19:26:44,619  INFO  Epoch 1 | Step 4250/23865 | Loss 0.0291 | LR 1.99e-05 | samples_seen=28008
2026-05-15 19:26:44,877  INFO  Epoch 1 | Step 4250/23865 | Loss 0.1132 | LR 1.99e-05 | samples_seen=28010
2026-05-15 19:26:45,129  INFO  Epoch 1 | Step 4250/23865 | Loss 0.0846 | LR 1.99e-05 | samples_seen=28012
2026-05-15 19:26:45,773  INFO  Epoch 1 | Step 4250/23865 | Loss 0.1057 | LR 1.99e-05 | samples_seen=28014
2026-05-15 19:27:18,305  INFO  Epoch 1 | Step 4260/23865 | Loss 5.6540 | LR 1.99e-05 | samples_seen=28160
2026-05-15 19:27:19,113  INFO  Epoch 1 | Step 4260/23865 | Loss 0.0358 | LR 1.99e-05 | samples_seen=28162
2026-05-15 19:27:19,591  INFO  Epoch 1 | Step 4260/23865 | Loss 0.0922 | LR 1.99e-05 | samples_seen=28164
2026-05-15 19:27:20,015  INFO  Epoch 1 | Step 4260/23865 | Loss 0.0380 | LR 1.99e-05 | samples_seen=28166
2026-05-15 19:27:20,430  INFO  Epoch 1 | Step 4260/23865 | Loss 0.0334 | LR 1.99e-05 | samples_seen=28168
2026-05-15 19:27:20,957  INFO  Epoch 1 | Step 4260/23865 | Loss 0.0559 | LR 1.99e-05 | samples_seen=28170
2026-05-15 19:27:21,369  INFO  Epoch 1 | Step 4260/23865 | Loss 0.0626 | LR 1.99e-05 | samples_seen=28172
2026-05-15 19:27:21,922  INFO  Epoch 1 | Step 4260/23865 | Loss 0.0365 | LR 1.99e-05 | samples_seen=28174
2026-05-15 19:27:59,278  INFO  Epoch 1 | Step 4270/23865 | Loss 4.9406 | LR 1.99e-05 | samples_seen=28320
2026-05-15 19:27:59,714  INFO  Epoch 1 | Step 4270/23865 | Loss 0.0556 | LR 1.99e-05 | samples_seen=28322
2026-05-15 19:28:00,067  INFO  Epoch 1 | Step 4270/23865 | Loss 0.0277 | LR 1.99e-05 | samples_seen=28324
2026-05-15 19:28:00,621  INFO  Epoch 1 | Step 4270/23865 | Loss 0.0565 | LR 1.99e-05 | samples_seen=28326
2026-05-15 19:28:01,209  INFO  Epoch 1 | Step 4270/23865 | Loss 0.1705 | LR 1.99e-05 | samples_seen=28328
2026-05-15 19:28:02,083  INFO  Epoch 1 | Step 4270/23865 | Loss 0.0476 | LR 1.99e-05 | samples_seen=28330
2026-05-15 19:28:02,392  INFO  Epoch 1 | Step 4270/23865 | Loss 0.0587 | LR 1.99e-05 | samples_seen=28332
2026-05-15 19:28:02,873  INFO  Epoch 1 | Step 4270/23865 | Loss 0.0495 | LR 1.99e-05 | samples_seen=28334
2026-05-15 19:28:39,112  INFO  Epoch 1 | Step 4280/23865 | Loss 5.1732 | LR 1.99e-05 | samples_seen=28480
2026-05-15 19:28:39,561  INFO  Epoch 1 | Step 4280/23865 | Loss 0.0584 | LR 1.99e-05 | samples_seen=28482
2026-05-15 19:28:40,221  INFO  Epoch 1 | Step 4280/23865 | Loss 0.1067 | LR 1.99e-05 | samples_seen=28484
2026-05-15 19:28:40,577  INFO  Epoch 1 | Step 4280/23865 | Loss 0.0299 | LR 1.99e-05 | samples_seen=28486
2026-05-15 19:28:40,857  INFO  Epoch 1 | Step 4280/23865 | Loss 0.1062 | LR 1.99e-05 | samples_seen=28488
2026-05-15 19:28:41,270  INFO  Epoch 1 | Step 4280/23865 | Loss 0.0643 | LR 1.99e-05 | samples_seen=28490
2026-05-15 19:28:41,707  INFO  Epoch 1 | Step 4280/23865 | Loss 0.0518 | LR 1.99e-05 | samples_seen=28492
2026-05-15 19:28:42,148  INFO  Epoch 1 | Step 4280/23865 | Loss 0.0255 | LR 1.99e-05 | samples_seen=28494
2026-05-15 19:29:16,811  INFO  Epoch 1 | Step 4290/23865 | Loss 5.4674 | LR 1.99e-05 | samples_seen=28640
2026-05-15 19:29:17,426  INFO  Epoch 1 | Step 4290/23865 | Loss 0.0402 | LR 1.99e-05 | samples_seen=28642
2026-05-15 19:29:17,986  INFO  Epoch 1 | Step 4290/23865 | Loss 0.0499 | LR 1.99e-05 | samples_seen=28644
2026-05-15 19:29:18,513  INFO  Epoch 1 | Step 4290/23865 | Loss 0.0476 | LR 1.99e-05 | samples_seen=28646
2026-05-15 19:29:19,066  INFO  Epoch 1 | Step 4290/23865 | Loss 0.0445 | LR 1.99e-05 | samples_seen=28648
2026-05-15 19:29:19,359  INFO  Epoch 1 | Step 4290/23865 | Loss 0.0868 | LR 1.99e-05 | samples_seen=28650
2026-05-15 19:29:19,763  INFO  Epoch 1 | Step 4290/23865 | Loss 0.0845 | LR 1.99e-05 | samples_seen=28652
2026-05-15 19:29:20,110  INFO  Epoch 1 | Step 4290/23865 | Loss 0.0834 | LR 1.99e-05 | samples_seen=28654
2026-05-15 19:29:54,947  INFO  Epoch 1 | Step 4300/23865 | Loss 4.9538 | LR 1.99e-05 | samples_seen=28800
2026-05-15 19:29:55,267  INFO  Epoch 1 | Step 4300/23865 | Loss 0.0846 | LR 1.99e-05 | samples_seen=28802
2026-05-15 19:29:55,596  INFO  Epoch 1 | Step 4300/23865 | Loss 0.0915 | LR 1.99e-05 | samples_seen=28804
2026-05-15 19:29:55,894  INFO  Epoch 1 | Step 4300/23865 | Loss 0.0926 | LR 1.99e-05 | samples_seen=28806
2026-05-15 19:29:56,191  INFO  Epoch 1 | Step 4300/23865 | Loss 0.1021 | LR 1.99e-05 | samples_seen=28808
2026-05-15 19:29:56,469  INFO  Epoch 1 | Step 4300/23865 | Loss 0.1079 | LR 1.99e-05 | samples_seen=28810
2026-05-15 19:29:56,882  INFO  Epoch 1 | Step 4300/23865 | Loss 0.0780 | LR 1.99e-05 | samples_seen=28812
2026-05-15 19:29:57,468  INFO  Epoch 1 | Step 4300/23865 | Loss 0.0962 | LR 1.99e-05 | samples_seen=28814
2026-05-15 19:30:33,762  INFO  Epoch 1 | Step 4310/23865 | Loss 5.1435 | LR 1.99e-05 | samples_seen=28960
2026-05-15 19:30:34,210  INFO  Epoch 1 | Step 4310/23865 | Loss 0.0408 | LR 1.99e-05 | samples_seen=28962
2026-05-15 19:30:34,861  INFO  Epoch 1 | Step 4310/23865 | Loss 0.0889 | LR 1.99e-05 | samples_seen=28964
2026-05-15 19:30:35,550  INFO  Epoch 1 | Step 4310/23865 | Loss 0.0571 | LR 1.99e-05 | samples_seen=28966
2026-05-15 19:30:35,981  INFO  Epoch 1 | Step 4310/23865 | Loss 0.0678 | LR 1.99e-05 | samples_seen=28968
2026-05-15 19:30:36,436  INFO  Epoch 1 | Step 4310/23865 | Loss 0.0496 | LR 1.99e-05 | samples_seen=28970
2026-05-15 19:30:36,885  INFO  Epoch 1 | Step 4310/23865 | Loss 0.0650 | LR 1.99e-05 | samples_seen=28972
2026-05-15 19:30:37,294  INFO  Epoch 1 | Step 4310/23865 | Loss 0.0195 | LR 1.99e-05 | samples_seen=28974
2026-05-15 19:31:13,298  INFO  Epoch 1 | Step 4320/23865 | Loss 5.5550 | LR 1.99e-05 | samples_seen=29120
2026-05-15 19:31:13,628  INFO  Epoch 1 | Step 4320/23865 | Loss 0.0853 | LR 1.99e-05 | samples_seen=29122
2026-05-15 19:31:14,161  INFO  Epoch 1 | Step 4320/23865 | Loss 0.0733 | LR 1.99e-05 | samples_seen=29124
2026-05-15 19:31:14,803  INFO  Epoch 1 | Step 4320/23865 | Loss 0.0922 | LR 1.99e-05 | samples_seen=29126
2026-05-15 19:31:15,086  INFO  Epoch 1 | Step 4320/23865 | Loss 0.1099 | LR 1.99e-05 | samples_seen=29128
2026-05-15 19:31:15,840  INFO  Epoch 1 | Step 4320/23865 | Loss 0.0256 | LR 1.99e-05 | samples_seen=29130
2026-05-15 19:31:16,213  INFO  Epoch 1 | Step 4320/23865 | Loss 0.1375 | LR 1.99e-05 | samples_seen=29132
2026-05-15 19:31:16,653  INFO  Epoch 1 | Step 4320/23865 | Loss 0.0776 | LR 1.99e-05 | samples_seen=29134
2026-05-15 19:31:54,639  INFO  Epoch 1 | Step 4330/23865 | Loss 5.3644 | LR 1.99e-05 | samples_seen=29280
2026-05-15 19:31:55,194  INFO  Epoch 1 | Step 4330/23865 | Loss 0.0423 | LR 1.99e-05 | samples_seen=29282
2026-05-15 19:31:55,603  INFO  Epoch 1 | Step 4330/23865 | Loss 0.0574 | LR 1.99e-05 | samples_seen=29284
2026-05-15 19:31:56,061  INFO  Epoch 1 | Step 4330/23865 | Loss 0.0584 | LR 1.99e-05 | samples_seen=29286
2026-05-15 19:31:56,452  INFO  Epoch 1 | Step 4330/23865 | Loss 0.0451 | LR 1.99e-05 | samples_seen=29288
2026-05-15 19:31:56,809  INFO  Epoch 1 | Step 4330/23865 | Loss 0.0886 | LR 1.99e-05 | samples_seen=29290
2026-05-15 19:31:57,522  INFO  Epoch 1 | Step 4330/23865 | Loss 0.0413 | LR 1.99e-05 | samples_seen=29292
2026-05-15 19:31:57,954  INFO  Epoch 1 | Step 4330/23865 | Loss 0.0553 | LR 1.99e-05 | samples_seen=29294
2026-05-15 19:32:33,437  INFO  Epoch 1 | Step 4340/23865 | Loss 5.3306 | LR 1.99e-05 | samples_seen=29440
2026-05-15 19:32:33,805  INFO  Epoch 1 | Step 4340/23865 | Loss 0.0827 | LR 1.99e-05 | samples_seen=29442
2026-05-15 19:32:34,101  INFO  Epoch 1 | Step 4340/23865 | Loss 0.0504 | LR 1.99e-05 | samples_seen=29444
2026-05-15 19:32:34,405  INFO  Epoch 1 | Step 4340/23865 | Loss 0.0899 | LR 1.99e-05 | samples_seen=29446
2026-05-15 19:32:34,942  INFO  Epoch 1 | Step 4340/23865 | Loss 0.0356 | LR 1.99e-05 | samples_seen=29448
2026-05-15 19:32:35,692  INFO  Epoch 1 | Step 4340/23865 | Loss 0.0699 | LR 1.99e-05 | samples_seen=29450
2026-05-15 19:32:36,212  INFO  Epoch 1 | Step 4340/23865 | Loss 0.0673 | LR 1.99e-05 | samples_seen=29452
2026-05-15 19:32:36,941  INFO  Epoch 1 | Step 4340/23865 | Loss 0.0775 | LR 1.99e-05 | samples_seen=29454
2026-05-15 19:33:13,628  INFO  Epoch 1 | Step 4350/23865 | Loss 5.5459 | LR 1.99e-05 | samples_seen=29600
2026-05-15 19:33:13,897  INFO  Epoch 1 | Step 4350/23865 | Loss 0.1164 | LR 1.99e-05 | samples_seen=29602
2026-05-15 19:33:14,255  INFO  Epoch 1 | Step 4350/23865 | Loss 0.0428 | LR 1.99e-05 | samples_seen=29604
2026-05-15 19:33:14,604  INFO  Epoch 1 | Step 4350/23865 | Loss 0.0862 | LR 1.99e-05 | samples_seen=29606
2026-05-15 19:33:15,090  INFO  Epoch 1 | Step 4350/23865 | Loss 0.0849 | LR 1.99e-05 | samples_seen=29608
2026-05-15 19:33:15,707  INFO  Epoch 1 | Step 4350/23865 | Loss 0.0739 | LR 1.99e-05 | samples_seen=29610
2026-05-15 19:33:16,170  INFO  Epoch 1 | Step 4350/23865 | Loss 0.1203 | LR 1.99e-05 | samples_seen=29612
2026-05-15 19:33:16,508  INFO  Epoch 1 | Step 4350/23865 | Loss 0.0475 | LR 1.99e-05 | samples_seen=29614
2026-05-15 19:33:51,994  INFO  Epoch 1 | Step 4360/23865 | Loss 5.7368 | LR 1.99e-05 | samples_seen=29760
2026-05-15 19:33:52,355  INFO  Epoch 1 | Step 4360/23865 | Loss 0.0452 | LR 1.99e-05 | samples_seen=29762
2026-05-15 19:33:52,817  INFO  Epoch 1 | Step 4360/23865 | Loss 0.0286 | LR 1.99e-05 | samples_seen=29764
2026-05-15 19:33:53,743  INFO  Epoch 1 | Step 4360/23865 | Loss 0.0300 | LR 1.99e-05 | samples_seen=29766
2026-05-15 19:33:54,128  INFO  Epoch 1 | Step 4360/23865 | Loss 0.0787 | LR 1.99e-05 | samples_seen=29768
2026-05-15 19:33:55,025  INFO  Epoch 1 | Step 4360/23865 | Loss 0.0538 | LR 1.99e-05 | samples_seen=29770
2026-05-15 19:33:55,426  INFO  Epoch 1 | Step 4360/23865 | Loss 0.0390 | LR 1.99e-05 | samples_seen=29772
2026-05-15 19:33:55,866  INFO  Epoch 1 | Step 4360/23865 | Loss 0.0394 | LR 1.99e-05 | samples_seen=29774
2026-05-15 19:34:34,486  INFO  Epoch 1 | Step 4370/23865 | Loss 5.6532 | LR 1.99e-05 | samples_seen=29920
2026-05-15 19:34:35,363  INFO  Epoch 1 | Step 4370/23865 | Loss 0.0637 | LR 1.99e-05 | samples_seen=29922
2026-05-15 19:34:35,842  INFO  Epoch 1 | Step 4370/23865 | Loss 0.0643 | LR 1.99e-05 | samples_seen=29924
2026-05-15 19:34:36,487  INFO  Epoch 1 | Step 4370/23865 | Loss 0.0440 | LR 1.99e-05 | samples_seen=29926
2026-05-15 19:34:37,098  INFO  Epoch 1 | Step 4370/23865 | Loss 0.0496 | LR 1.99e-05 | samples_seen=29928
2026-05-15 19:34:37,664  INFO  Epoch 1 | Step 4370/23865 | Loss 0.0832 | LR 1.99e-05 | samples_seen=29930
2026-05-15 19:34:37,956  INFO  Epoch 1 | Step 4370/23865 | Loss 0.0768 | LR 1.99e-05 | samples_seen=29932
2026-05-15 19:34:38,254  INFO  Epoch 1 | Step 4370/23865 | Loss 0.1058 | LR 1.99e-05 | samples_seen=29934
2026-05-15 19:35:12,508  INFO  Epoch 1 | Step 4380/23865 | Loss 5.1427 | LR 1.99e-05 | samples_seen=30080
2026-05-15 19:35:12,867  INFO  Epoch 1 | Step 4380/23865 | Loss 0.0401 | LR 1.99e-05 | samples_seen=30082
2026-05-15 19:35:13,464  INFO  Epoch 1 | Step 4380/23865 | Loss 0.0618 | LR 1.99e-05 | samples_seen=30084
2026-05-15 19:35:13,894  INFO  Epoch 1 | Step 4380/23865 | Loss 0.0952 | LR 1.99e-05 | samples_seen=30086
2026-05-15 19:35:14,244  INFO  Epoch 1 | Step 4380/23865 | Loss 0.0639 | LR 1.99e-05 | samples_seen=30088
2026-05-15 19:35:14,538  INFO  Epoch 1 | Step 4380/23865 | Loss 0.1169 | LR 1.99e-05 | samples_seen=30090
2026-05-15 19:35:14,826  INFO  Epoch 1 | Step 4380/23865 | Loss 0.1138 | LR 1.99e-05 | samples_seen=30092
2026-05-15 19:35:15,274  INFO  Epoch 1 | Step 4380/23865 | Loss 0.0574 | LR 1.99e-05 | samples_seen=30094
2026-05-15 19:35:52,104  INFO  Epoch 1 | Step 4390/23865 | Loss 4.7765 | LR 1.99e-05 | samples_seen=30240
2026-05-15 19:35:52,537  INFO  Epoch 1 | Step 4390/23865 | Loss 0.0325 | LR 1.99e-05 | samples_seen=30242
2026-05-15 19:35:52,867  INFO  Epoch 1 | Step 4390/23865 | Loss 0.0649 | LR 1.99e-05 | samples_seen=30244
2026-05-15 19:35:53,711  INFO  Epoch 1 | Step 4390/23865 | Loss 0.0428 | LR 1.99e-05 | samples_seen=30246
2026-05-15 19:35:54,204  INFO  Epoch 1 | Step 4390/23865 | Loss 0.0517 | LR 1.99e-05 | samples_seen=30248
2026-05-15 19:35:54,621  INFO  Epoch 1 | Step 4390/23865 | Loss 0.0660 | LR 1.99e-05 | samples_seen=30250
2026-05-15 19:35:55,115  INFO  Epoch 1 | Step 4390/23865 | Loss 0.0747 | LR 1.99e-05 | samples_seen=30252
2026-05-15 19:35:55,768  INFO  Epoch 1 | Step 4390/23865 | Loss 0.0170 | LR 1.99e-05 | samples_seen=30254
2026-05-15 19:36:34,238  INFO  Epoch 1 | Step 4400/23865 | Loss 5.1048 | LR 1.99e-05 | samples_seen=30400
2026-05-15 19:36:34,409  INFO  Epoch 1 | Step 4400/23865 | Loss 0.0387 | LR 1.99e-05 | samples_seen=30402
2026-05-15 19:36:34,935  INFO  Epoch 1 | Step 4400/23865 | Loss 0.1071 | LR 1.99e-05 | samples_seen=30404
2026-05-15 19:36:35,532  INFO  Epoch 1 | Step 4400/23865 | Loss 0.0593 | LR 1.99e-05 | samples_seen=30406
2026-05-15 19:36:36,186  INFO  Epoch 1 | Step 4400/23865 | Loss 0.0348 | LR 1.99e-05 | samples_seen=30408
2026-05-15 19:36:36,479  INFO  Epoch 1 | Step 4400/23865 | Loss 0.0453 | LR 1.99e-05 | samples_seen=30410
2026-05-15 19:36:37,074  INFO  Epoch 1 | Step 4400/23865 | Loss 0.0332 | LR 1.99e-05 | samples_seen=30412
2026-05-15 19:36:37,499  INFO  Epoch 1 | Step 4400/23865 | Loss 0.0753 | LR 1.99e-05 | samples_seen=30414
2026-05-15 19:37:12,866  INFO  Epoch 1 | Step 4410/23865 | Loss 5.5558 | LR 1.99e-05 | samples_seen=30560
2026-05-15 19:37:13,294  INFO  Epoch 1 | Step 4410/23865 | Loss 0.0529 | LR 1.99e-05 | samples_seen=30562
2026-05-15 19:37:13,582  INFO  Epoch 1 | Step 4410/23865 | Loss 0.1246 | LR 1.99e-05 | samples_seen=30564
2026-05-15 19:37:14,067  INFO  Epoch 1 | Step 4410/23865 | Loss 0.1272 | LR 1.99e-05 | samples_seen=30566
2026-05-15 19:37:14,400  INFO  Epoch 1 | Step 4410/23865 | Loss 0.0429 | LR 1.99e-05 | samples_seen=30568
2026-05-15 19:37:14,848  INFO  Epoch 1 | Step 4410/23865 | Loss 0.0466 | LR 1.99e-05 | samples_seen=30570
2026-05-15 19:37:15,446  INFO  Epoch 1 | Step 4410/23865 | Loss 0.0614 | LR 1.99e-05 | samples_seen=30572
2026-05-15 19:37:15,719  INFO  Epoch 1 | Step 4410/23865 | Loss 0.1052 | LR 1.99e-05 | samples_seen=30574
2026-05-15 19:37:51,671  INFO  Epoch 1 | Step 4420/23865 | Loss 4.9413 | LR 1.99e-05 | samples_seen=30720
2026-05-15 19:37:52,177  INFO  Epoch 1 | Step 4420/23865 | Loss 0.0326 | LR 1.99e-05 | samples_seen=30722
2026-05-15 19:37:52,738  INFO  Epoch 1 | Step 4420/23865 | Loss 0.0367 | LR 1.99e-05 | samples_seen=30724
2026-05-15 19:37:53,641  INFO  Epoch 1 | Step 4420/23865 | Loss 0.0543 | LR 1.99e-05 | samples_seen=30726
2026-05-15 19:37:54,189  INFO  Epoch 1 | Step 4420/23865 | Loss 0.0819 | LR 1.99e-05 | samples_seen=30728
2026-05-15 19:37:54,774  INFO  Epoch 1 | Step 4420/23865 | Loss 0.0656 | LR 1.99e-05 | samples_seen=30730
2026-05-15 19:37:55,212  INFO  Epoch 1 | Step 4420/23865 | Loss 0.0836 | LR 1.99e-05 | samples_seen=30732
2026-05-15 19:37:56,128  INFO  Epoch 1 | Step 4420/23865 | Loss 0.0605 | LR 1.99e-05 | samples_seen=30734
2026-05-15 19:38:32,359  INFO  Epoch 1 | Step 4430/23865 | Loss 4.7402 | LR 1.99e-05 | samples_seen=30880
2026-05-15 19:38:32,988  INFO  Epoch 1 | Step 4430/23865 | Loss 0.0501 | LR 1.99e-05 | samples_seen=30882
2026-05-15 19:38:33,778  INFO  Epoch 1 | Step 4430/23865 | Loss 0.0418 | LR 1.99e-05 | samples_seen=30884
2026-05-15 19:38:34,264  INFO  Epoch 1 | Step 4430/23865 | Loss 0.0741 | LR 1.99e-05 | samples_seen=30886
2026-05-15 19:38:34,793  INFO  Epoch 1 | Step 4430/23865 | Loss 0.0540 | LR 1.99e-05 | samples_seen=30888
2026-05-15 19:38:35,472  INFO  Epoch 1 | Step 4430/23865 | Loss 0.0933 | LR 1.99e-05 | samples_seen=30890
2026-05-15 19:38:35,896  INFO  Epoch 1 | Step 4430/23865 | Loss 0.0625 | LR 1.99e-05 | samples_seen=30892
2026-05-15 19:38:36,172  INFO  Epoch 1 | Step 4430/23865 | Loss 0.0811 | LR 1.99e-05 | samples_seen=30894
2026-05-15 19:39:12,755  INFO  Epoch 1 | Step 4440/23865 | Loss 5.1213 | LR 1.99e-05 | samples_seen=31040
2026-05-15 19:39:13,556  INFO  Epoch 1 | Step 4440/23865 | Loss 0.3206 | LR 1.99e-05 | samples_seen=31042
2026-05-15 19:39:13,859  INFO  Epoch 1 | Step 4440/23865 | Loss 0.1066 | LR 1.99e-05 | samples_seen=31044
2026-05-15 19:39:14,474  INFO  Epoch 1 | Step 4440/23865 | Loss 0.0533 | LR 1.99e-05 | samples_seen=31046
2026-05-15 19:39:14,694  INFO  Epoch 1 | Step 4440/23865 | Loss 0.2562 | LR 1.99e-05 | samples_seen=31048
2026-05-15 19:39:15,058  INFO  Epoch 1 | Step 4440/23865 | Loss 0.0293 | LR 1.99e-05 | samples_seen=31050
2026-05-15 19:39:15,621  INFO  Epoch 1 | Step 4440/23865 | Loss 0.0577 | LR 1.99e-05 | samples_seen=31052
2026-05-15 19:39:16,536  INFO  Epoch 1 | Step 4440/23865 | Loss 0.0300 | LR 1.99e-05 | samples_seen=31054
2026-05-15 19:39:52,550  INFO  Epoch 1 | Step 4450/23865 | Loss 4.8530 | LR 1.99e-05 | samples_seen=31200
2026-05-15 19:39:53,043  INFO  Epoch 1 | Step 4450/23865 | Loss 0.0407 | LR 1.99e-05 | samples_seen=31202
2026-05-15 19:39:53,469  INFO  Epoch 1 | Step 4450/23865 | Loss 0.0669 | LR 1.99e-05 | samples_seen=31204
2026-05-15 19:39:54,015  INFO  Epoch 1 | Step 4450/23865 | Loss 0.0965 | LR 1.99e-05 | samples_seen=31206
2026-05-15 19:39:54,491  INFO  Epoch 1 | Step 4450/23865 | Loss 0.0416 | LR 1.99e-05 | samples_seen=31208
2026-05-15 19:39:55,077  INFO  Epoch 1 | Step 4450/23865 | Loss 0.0255 | LR 1.99e-05 | samples_seen=31210
2026-05-15 19:39:55,432  INFO  Epoch 1 | Step 4450/23865 | Loss 0.0747 | LR 1.99e-05 | samples_seen=31212
2026-05-15 19:39:56,022  INFO  Epoch 1 | Step 4450/23865 | Loss 0.1064 | LR 1.99e-05 | samples_seen=31214
2026-05-15 19:40:32,422  INFO  Epoch 1 | Step 4460/23865 | Loss 5.0860 | LR 1.99e-05 | samples_seen=31360
2026-05-15 19:40:32,917  INFO  Epoch 1 | Step 4460/23865 | Loss 0.0485 | LR 1.99e-05 | samples_seen=31362
2026-05-15 19:40:33,446  INFO  Epoch 1 | Step 4460/23865 | Loss 0.0440 | LR 1.99e-05 | samples_seen=31364
2026-05-15 19:40:34,089  INFO  Epoch 1 | Step 4460/23865 | Loss 0.0595 | LR 1.99e-05 | samples_seen=31366
2026-05-15 19:40:34,812  INFO  Epoch 1 | Step 4460/23865 | Loss 0.0927 | LR 1.99e-05 | samples_seen=31368
2026-05-15 19:40:35,293  INFO  Epoch 1 | Step 4460/23865 | Loss 0.0800 | LR 1.99e-05 | samples_seen=31370
2026-05-15 19:40:35,938  INFO  Epoch 1 | Step 4460/23865 | Loss 0.0408 | LR 1.99e-05 | samples_seen=31372
2026-05-15 19:40:36,335  INFO  Epoch 1 | Step 4460/23865 | Loss 0.0610 | LR 1.99e-05 | samples_seen=31374
2026-05-15 19:41:13,546  INFO  Epoch 1 | Step 4470/23865 | Loss 4.9473 | LR 1.99e-05 | samples_seen=31520
2026-05-15 19:41:13,977  INFO  Epoch 1 | Step 4470/23865 | Loss 0.0574 | LR 1.99e-05 | samples_seen=31522
2026-05-15 19:41:14,273  INFO  Epoch 1 | Step 4470/23865 | Loss 0.0740 | LR 1.99e-05 | samples_seen=31524
2026-05-15 19:41:14,590  INFO  Epoch 1 | Step 4470/23865 | Loss 0.0878 | LR 1.99e-05 | samples_seen=31526
2026-05-15 19:41:14,927  INFO  Epoch 1 | Step 4470/23865 | Loss 0.1060 | LR 1.99e-05 | samples_seen=31528
2026-05-15 19:41:15,404  INFO  Epoch 1 | Step 4470/23865 | Loss 0.0301 | LR 1.99e-05 | samples_seen=31530
2026-05-15 19:41:15,788  INFO  Epoch 1 | Step 4470/23865 | Loss 0.0299 | LR 1.99e-05 | samples_seen=31532
2026-05-15 19:41:16,053  INFO  Epoch 1 | Step 4470/23865 | Loss 0.1291 | LR 1.99e-05 | samples_seen=31534
2026-05-15 19:41:52,734  INFO  Epoch 1 | Step 4480/23865 | Loss 5.0907 | LR 1.99e-05 | samples_seen=31680
2026-05-15 19:41:52,996  INFO  Epoch 1 | Step 4480/23865 | Loss 0.0328 | LR 1.99e-05 | samples_seen=31682
2026-05-15 19:41:53,450  INFO  Epoch 1 | Step 4480/23865 | Loss 0.0619 | LR 1.99e-05 | samples_seen=31684
2026-05-15 19:41:53,956  INFO  Epoch 1 | Step 4480/23865 | Loss 0.1081 | LR 1.99e-05 | samples_seen=31686
2026-05-15 19:41:54,603  INFO  Epoch 1 | Step 4480/23865 | Loss 0.1387 | LR 1.99e-05 | samples_seen=31688
2026-05-15 19:41:55,265  INFO  Epoch 1 | Step 4480/23865 | Loss 0.0327 | LR 1.99e-05 | samples_seen=31690
2026-05-15 19:41:56,006  INFO  Epoch 1 | Step 4480/23865 | Loss 0.0526 | LR 1.99e-05 | samples_seen=31692
2026-05-15 19:41:56,409  INFO  Epoch 1 | Step 4480/23865 | Loss 0.0636 | LR 1.99e-05 | samples_seen=31694
2026-05-15 19:42:32,554  INFO  Epoch 1 | Step 4490/23865 | Loss 5.6782 | LR 1.99e-05 | samples_seen=31840
2026-05-15 19:42:32,952  INFO  Epoch 1 | Step 4490/23865 | Loss 0.0361 | LR 1.99e-05 | samples_seen=31842
2026-05-15 19:42:33,445  INFO  Epoch 1 | Step 4490/23865 | Loss 0.0365 | LR 1.99e-05 | samples_seen=31844
2026-05-15 19:42:33,853  INFO  Epoch 1 | Step 4490/23865 | Loss 0.0633 | LR 1.99e-05 | samples_seen=31846
2026-05-15 19:42:34,290  INFO  Epoch 1 | Step 4490/23865 | Loss 0.0677 | LR 1.99e-05 | samples_seen=31848
2026-05-15 19:42:34,974  INFO  Epoch 1 | Step 4490/23865 | Loss 0.0687 | LR 1.99e-05 | samples_seen=31850
2026-05-15 19:42:35,552  INFO  Epoch 1 | Step 4490/23865 | Loss 0.0650 | LR 1.99e-05 | samples_seen=31852
2026-05-15 19:42:36,206  INFO  Epoch 1 | Step 4490/23865 | Loss 0.0590 | LR 1.99e-05 | samples_seen=31854
2026-05-15 19:43:11,966  INFO  Epoch 1 | Step 4500/23865 | Loss 5.3771 | LR 1.98e-05 | samples_seen=32000
2026-05-15 19:43:12,237  INFO  Epoch 1 | Step 4500/23865 | Loss 0.0612 | LR 1.98e-05 | samples_seen=32002
2026-05-15 19:43:12,570  INFO  Epoch 1 | Step 4500/23865 | Loss 0.0691 | LR 1.98e-05 | samples_seen=32004
2026-05-15 19:43:12,856  INFO  Epoch 1 | Step 4500/23865 | Loss 0.1479 | LR 1.98e-05 | samples_seen=32006
2026-05-15 19:43:13,161  INFO  Epoch 1 | Step 4500/23865 | Loss 0.1067 | LR 1.98e-05 | samples_seen=32008
2026-05-15 19:43:13,576  INFO  Epoch 1 | Step 4500/23865 | Loss 0.0336 | LR 1.98e-05 | samples_seen=32010
2026-05-15 19:43:14,025  INFO  Epoch 1 | Step 4500/23865 | Loss 0.0726 | LR 1.98e-05 | samples_seen=32012
2026-05-15 19:43:14,362  INFO  Epoch 1 | Step 4500/23865 | Loss 0.0306 | LR 1.98e-05 | samples_seen=32014
2026-05-15 19:43:50,090  INFO  Epoch 1 | Step 4510/23865 | Loss 5.1809 | LR 1.98e-05 | samples_seen=32160
2026-05-15 19:43:50,323  INFO  Epoch 1 | Step 4510/23865 | Loss 0.0820 | LR 1.98e-05 | samples_seen=32162
2026-05-15 19:43:51,253  INFO  Epoch 1 | Step 4510/23865 | Loss 0.0490 | LR 1.98e-05 | samples_seen=32164
2026-05-15 19:43:51,742  INFO  Epoch 1 | Step 4510/23865 | Loss 0.0348 | LR 1.98e-05 | samples_seen=32166
2026-05-15 19:43:52,669  INFO  Epoch 1 | Step 4510/23865 | Loss 0.0750 | LR 1.98e-05 | samples_seen=32168
2026-05-15 19:43:52,955  INFO  Epoch 1 | Step 4510/23865 | Loss 0.1490 | LR 1.98e-05 | samples_seen=32170
2026-05-15 19:43:53,242  INFO  Epoch 1 | Step 4510/23865 | Loss 0.1051 | LR 1.98e-05 | samples_seen=32172
2026-05-15 19:43:53,719  INFO  Epoch 1 | Step 4510/23865 | Loss 0.0603 | LR 1.98e-05 | samples_seen=32174
2026-05-15 19:44:30,238  INFO  Epoch 1 | Step 4520/23865 | Loss 5.5304 | LR 1.98e-05 | samples_seen=32320
2026-05-15 19:44:30,743  INFO  Epoch 1 | Step 4520/23865 | Loss 0.0487 | LR 1.98e-05 | samples_seen=32322
2026-05-15 19:44:31,292  INFO  Epoch 1 | Step 4520/23865 | Loss 0.0610 | LR 1.98e-05 | samples_seen=32324
2026-05-15 19:44:31,883  INFO  Epoch 1 | Step 4520/23865 | Loss 0.0382 | LR 1.98e-05 | samples_seen=32326
2026-05-15 19:44:32,611  INFO  Epoch 1 | Step 4520/23865 | Loss 0.0291 | LR 1.98e-05 | samples_seen=32328
2026-05-15 19:44:32,976  INFO  Epoch 1 | Step 4520/23865 | Loss 0.0390 | LR 1.98e-05 | samples_seen=32330
2026-05-15 19:44:33,405  INFO  Epoch 1 | Step 4520/23865 | Loss 0.0502 | LR 1.98e-05 | samples_seen=32332
2026-05-15 19:44:33,961  INFO  Epoch 1 | Step 4520/23865 | Loss 0.0406 | LR 1.98e-05 | samples_seen=32334
2026-05-15 19:45:11,764  INFO  Epoch 1 | Step 4530/23865 | Loss 5.2155 | LR 1.98e-05 | samples_seen=32480
2026-05-15 19:45:12,126  INFO  Epoch 1 | Step 4530/23865 | Loss 0.0177 | LR 1.98e-05 | samples_seen=32482
2026-05-15 19:45:12,690  INFO  Epoch 1 | Step 4530/23865 | Loss 0.1409 | LR 1.98e-05 | samples_seen=32484
2026-05-15 19:45:13,188  INFO  Epoch 1 | Step 4530/23865 | Loss 0.0600 | LR 1.98e-05 | samples_seen=32486
2026-05-15 19:45:13,753  INFO  Epoch 1 | Step 4530/23865 | Loss 0.0537 | LR 1.98e-05 | samples_seen=32488
2026-05-15 19:45:14,224  INFO  Epoch 1 | Step 4530/23865 | Loss 0.0356 | LR 1.98e-05 | samples_seen=32490
2026-05-15 19:45:14,510  INFO  Epoch 1 | Step 4530/23865 | Loss 0.1215 | LR 1.98e-05 | samples_seen=32492
2026-05-15 19:45:15,109  INFO  Epoch 1 | Step 4530/23865 | Loss 0.0402 | LR 1.98e-05 | samples_seen=32494
2026-05-15 19:45:50,561  INFO  Epoch 1 | Step 4540/23865 | Loss 4.8879 | LR 1.98e-05 | samples_seen=32640
2026-05-15 19:45:51,116  INFO  Epoch 1 | Step 4540/23865 | Loss 0.0444 | LR 1.98e-05 | samples_seen=32642
2026-05-15 19:45:51,721  INFO  Epoch 1 | Step 4540/23865 | Loss 0.1276 | LR 1.98e-05 | samples_seen=32644
2026-05-15 19:45:52,106  INFO  Epoch 1 | Step 4540/23865 | Loss 0.0785 | LR 1.98e-05 | samples_seen=32646
2026-05-15 19:45:52,782  INFO  Epoch 1 | Step 4540/23865 | Loss 0.0207 | LR 1.98e-05 | samples_seen=32648
2026-05-15 19:45:53,120  INFO  Epoch 1 | Step 4540/23865 | Loss 0.0515 | LR 1.98e-05 | samples_seen=32650
2026-05-15 19:45:53,419  INFO  Epoch 1 | Step 4540/23865 | Loss 0.0844 | LR 1.98e-05 | samples_seen=32652
2026-05-15 19:45:53,962  INFO  Epoch 1 | Step 4540/23865 | Loss 0.0623 | LR 1.98e-05 | samples_seen=32654
2026-05-15 19:46:29,984  INFO  Epoch 1 | Step 4550/23865 | Loss 4.9881 | LR 1.98e-05 | samples_seen=32800
2026-05-15 19:46:30,722  INFO  Epoch 1 | Step 4550/23865 | Loss 0.0392 | LR 1.98e-05 | samples_seen=32802
2026-05-15 19:46:31,126  INFO  Epoch 1 | Step 4550/23865 | Loss 0.0696 | LR 1.98e-05 | samples_seen=32804
2026-05-15 19:46:31,578  INFO  Epoch 1 | Step 4550/23865 | Loss 0.0629 | LR 1.98e-05 | samples_seen=32806
2026-05-15 19:46:32,158  INFO  Epoch 1 | Step 4550/23865 | Loss 0.0357 | LR 1.98e-05 | samples_seen=32808
2026-05-15 19:46:32,804  INFO  Epoch 1 | Step 4550/23865 | Loss 0.0472 | LR 1.98e-05 | samples_seen=32810
2026-05-15 19:46:33,047  INFO  Epoch 1 | Step 4550/23865 | Loss 0.0840 | LR 1.98e-05 | samples_seen=32812
2026-05-15 19:46:33,590  INFO  Epoch 1 | Step 4550/23865 | Loss 0.0493 | LR 1.98e-05 | samples_seen=32814
2026-05-15 19:47:09,071  INFO  Epoch 1 | Step 4560/23865 | Loss 4.9694 | LR 1.98e-05 | samples_seen=32960
2026-05-15 19:47:09,474  INFO  Epoch 1 | Step 4560/23865 | Loss 0.1321 | LR 1.98e-05 | samples_seen=32962
2026-05-15 19:47:09,917  INFO  Epoch 1 | Step 4560/23865 | Loss 0.0641 | LR 1.98e-05 | samples_seen=32964
2026-05-15 19:47:10,444  INFO  Epoch 1 | Step 4560/23865 | Loss 0.0488 | LR 1.98e-05 | samples_seen=32966
2026-05-15 19:47:10,771  INFO  Epoch 1 | Step 4560/23865 | Loss 0.0910 | LR 1.98e-05 | samples_seen=32968
2026-05-15 19:47:11,071  INFO  Epoch 1 | Step 4560/23865 | Loss 0.1199 | LR 1.98e-05 | samples_seen=32970
2026-05-15 19:47:11,780  INFO  Epoch 1 | Step 4560/23865 | Loss 0.0882 | LR 1.98e-05 | samples_seen=32972
2026-05-15 19:47:12,209  INFO  Epoch 1 | Step 4560/23865 | Loss 0.0375 | LR 1.98e-05 | samples_seen=32974
2026-05-15 19:47:49,960  INFO  Epoch 1 | Step 4570/23865 | Loss 5.0777 | LR 1.98e-05 | samples_seen=33120
2026-05-15 19:47:50,233  INFO  Epoch 1 | Step 4570/23865 | Loss 0.0967 | LR 1.98e-05 | samples_seen=33122
2026-05-15 19:47:50,903  INFO  Epoch 1 | Step 4570/23865 | Loss 0.0336 | LR 1.98e-05 | samples_seen=33124
2026-05-15 19:47:51,198  INFO  Epoch 1 | Step 4570/23865 | Loss 0.0888 | LR 1.98e-05 | samples_seen=33126
2026-05-15 19:47:52,056  INFO  Epoch 1 | Step 4570/23865 | Loss 0.0274 | LR 1.98e-05 | samples_seen=33128
2026-05-15 19:47:52,599  INFO  Epoch 1 | Step 4570/23865 | Loss 0.1023 | LR 1.98e-05 | samples_seen=33130
2026-05-15 19:47:53,205  INFO  Epoch 1 | Step 4570/23865 | Loss 0.1304 | LR 1.98e-05 | samples_seen=33132
2026-05-15 19:47:53,856  INFO  Epoch 1 | Step 4570/23865 | Loss 0.0607 | LR 1.98e-05 | samples_seen=33134
2026-05-15 19:48:29,636  INFO  Epoch 1 | Step 4580/23865 | Loss 5.6209 | LR 1.98e-05 | samples_seen=33280
2026-05-15 19:48:29,996  INFO  Epoch 1 | Step 4580/23865 | Loss 0.0437 | LR 1.98e-05 | samples_seen=33282
2026-05-15 19:48:30,775  INFO  Epoch 1 | Step 4580/23865 | Loss 0.0640 | LR 1.98e-05 | samples_seen=33284
2026-05-15 19:48:31,317  INFO  Epoch 1 | Step 4580/23865 | Loss 0.0306 | LR 1.98e-05 | samples_seen=33286
2026-05-15 19:48:31,919  INFO  Epoch 1 | Step 4580/23865 | Loss 0.0858 | LR 1.98e-05 | samples_seen=33288
2026-05-15 19:48:32,282  INFO  Epoch 1 | Step 4580/23865 | Loss 0.0851 | LR 1.98e-05 | samples_seen=33290
2026-05-15 19:48:32,575  INFO  Epoch 1 | Step 4580/23865 | Loss 0.1528 | LR 1.98e-05 | samples_seen=33292
2026-05-15 19:48:33,245  INFO  Epoch 1 | Step 4580/23865 | Loss 0.0649 | LR 1.98e-05 | samples_seen=33294
2026-05-15 19:49:10,264  INFO  Epoch 1 | Step 4590/23865 | Loss 5.6853 | LR 1.98e-05 | samples_seen=33440
2026-05-15 19:49:10,619  INFO  Epoch 1 | Step 4590/23865 | Loss 0.0762 | LR 1.98e-05 | samples_seen=33442
2026-05-15 19:49:10,951  INFO  Epoch 1 | Step 4590/23865 | Loss 0.0851 | LR 1.98e-05 | samples_seen=33444
2026-05-15 19:49:11,424  INFO  Epoch 1 | Step 4590/23865 | Loss 0.0425 | LR 1.98e-05 | samples_seen=33446
2026-05-15 19:49:11,719  INFO  Epoch 1 | Step 4590/23865 | Loss 0.1007 | LR 1.98e-05 | samples_seen=33448
2026-05-15 19:49:12,376  INFO  Epoch 1 | Step 4590/23865 | Loss 0.0593 | LR 1.98e-05 | samples_seen=33450
2026-05-15 19:49:12,738  INFO  Epoch 1 | Step 4590/23865 | Loss 0.0509 | LR 1.98e-05 | samples_seen=33452
2026-05-15 19:49:13,073  INFO  Epoch 1 | Step 4590/23865 | Loss 0.0543 | LR 1.98e-05 | samples_seen=33454
2026-05-15 19:49:48,969  INFO  Epoch 1 | Step 4600/23865 | Loss 4.7586 | LR 1.98e-05 | samples_seen=33600
2026-05-15 19:49:49,309  INFO  Epoch 1 | Step 4600/23865 | Loss 0.0399 | LR 1.98e-05 | samples_seen=33602
2026-05-15 19:49:49,958  INFO  Epoch 1 | Step 4600/23865 | Loss 0.0314 | LR 1.98e-05 | samples_seen=33604
2026-05-15 19:49:50,255  INFO  Epoch 1 | Step 4600/23865 | Loss 0.0888 | LR 1.98e-05 | samples_seen=33606
2026-05-15 19:49:50,732  INFO  Epoch 1 | Step 4600/23865 | Loss 0.0919 | LR 1.98e-05 | samples_seen=33608
2026-05-15 19:49:51,187  INFO  Epoch 1 | Step 4600/23865 | Loss 0.0468 | LR 1.98e-05 | samples_seen=33610
2026-05-15 19:49:51,709  INFO  Epoch 1 | Step 4600/23865 | Loss 0.0408 | LR 1.98e-05 | samples_seen=33612
2026-05-15 19:49:52,354  INFO  Epoch 1 | Step 4600/23865 | Loss 0.0531 | LR 1.98e-05 | samples_seen=33614
2026-05-15 19:50:28,768  INFO  Epoch 1 | Step 4610/23865 | Loss 5.1924 | LR 1.98e-05 | samples_seen=33760
2026-05-15 19:50:29,140  INFO  Epoch 1 | Step 4610/23865 | Loss 0.0481 | LR 1.98e-05 | samples_seen=33762
2026-05-15 19:50:29,539  INFO  Epoch 1 | Step 4610/23865 | Loss 0.0723 | LR 1.98e-05 | samples_seen=33764
2026-05-15 19:50:29,974  INFO  Epoch 1 | Step 4610/23865 | Loss 0.0286 | LR 1.98e-05 | samples_seen=33766
2026-05-15 19:50:30,452  INFO  Epoch 1 | Step 4610/23865 | Loss 0.0581 | LR 1.98e-05 | samples_seen=33768
2026-05-15 19:50:30,881  INFO  Epoch 1 | Step 4610/23865 | Loss 0.0217 | LR 1.98e-05 | samples_seen=33770
2026-05-15 19:50:31,162  INFO  Epoch 1 | Step 4610/23865 | Loss 0.1206 | LR 1.98e-05 | samples_seen=33772
2026-05-15 19:50:31,456  INFO  Epoch 1 | Step 4610/23865 | Loss 0.0788 | LR 1.98e-05 | samples_seen=33774
2026-05-15 19:51:08,639  INFO  Epoch 1 | Step 4620/23865 | Loss 5.5765 | LR 1.98e-05 | samples_seen=33920
2026-05-15 19:51:08,996  INFO  Epoch 1 | Step 4620/23865 | Loss 0.0560 | LR 1.98e-05 | samples_seen=33922
2026-05-15 19:51:09,212  INFO  Epoch 1 | Step 4620/23865 | Loss 0.1041 | LR 1.98e-05 | samples_seen=33924
2026-05-15 19:51:09,593  INFO  Epoch 1 | Step 4620/23865 | Loss 0.0432 | LR 1.98e-05 | samples_seen=33926
2026-05-15 19:51:09,945  INFO  Epoch 1 | Step 4620/23865 | Loss 0.1377 | LR 1.98e-05 | samples_seen=33928
2026-05-15 19:51:10,366  INFO  Epoch 1 | Step 4620/23865 | Loss 0.0339 | LR 1.98e-05 | samples_seen=33930
2026-05-15 19:51:10,800  INFO  Epoch 1 | Step 4620/23865 | Loss 0.0947 | LR 1.98e-05 | samples_seen=33932
2026-05-15 19:51:11,251  INFO  Epoch 1 | Step 4620/23865 | Loss 0.0378 | LR 1.98e-05 | samples_seen=33934
2026-05-15 19:51:47,612  INFO  Epoch 1 | Step 4630/23865 | Loss 5.0286 | LR 1.98e-05 | samples_seen=34080
2026-05-15 19:51:47,983  INFO  Epoch 1 | Step 4630/23865 | Loss 0.0279 | LR 1.98e-05 | samples_seen=34082
2026-05-15 19:51:48,592  INFO  Epoch 1 | Step 4630/23865 | Loss 0.0908 | LR 1.98e-05 | samples_seen=34084
2026-05-15 19:51:49,015  INFO  Epoch 1 | Step 4630/23865 | Loss 0.0919 | LR 1.98e-05 | samples_seen=34086
2026-05-15 19:51:49,310  INFO  Epoch 1 | Step 4630/23865 | Loss 0.1084 | LR 1.98e-05 | samples_seen=34088
2026-05-15 19:51:49,854  INFO  Epoch 1 | Step 4630/23865 | Loss 0.0638 | LR 1.98e-05 | samples_seen=34090
2026-05-15 19:51:50,060  INFO  Epoch 1 | Step 4630/23865 | Loss 0.1881 | LR 1.98e-05 | samples_seen=34092
2026-05-15 19:51:50,626  INFO  Epoch 1 | Step 4630/23865 | Loss 0.0263 | LR 1.98e-05 | samples_seen=34094
2026-05-15 19:52:27,826  INFO  Epoch 1 | Step 4640/23865 | Loss 5.4945 | LR 1.98e-05 | samples_seen=34240
2026-05-15 19:52:28,373  INFO  Epoch 1 | Step 4640/23865 | Loss 0.1010 | LR 1.98e-05 | samples_seen=34242
2026-05-15 19:52:28,951  INFO  Epoch 1 | Step 4640/23865 | Loss 0.0515 | LR 1.98e-05 | samples_seen=34244
2026-05-15 19:52:29,517  INFO  Epoch 1 | Step 4640/23865 | Loss 0.0808 | LR 1.98e-05 | samples_seen=34246
2026-05-15 19:52:29,819  INFO  Epoch 1 | Step 4640/23865 | Loss 0.0949 | LR 1.98e-05 | samples_seen=34248
2026-05-15 19:52:30,422  INFO  Epoch 1 | Step 4640/23865 | Loss 0.0358 | LR 1.98e-05 | samples_seen=34250
2026-05-15 19:52:30,996  INFO  Epoch 1 | Step 4640/23865 | Loss 0.0606 | LR 1.98e-05 | samples_seen=34252
2026-05-15 19:52:31,473  INFO  Epoch 1 | Step 4640/23865 | Loss 0.0482 | LR 1.98e-05 | samples_seen=34254
2026-05-15 19:53:09,263  INFO  Epoch 1 | Step 4650/23865 | Loss 5.1164 | LR 1.98e-05 | samples_seen=34400
2026-05-15 19:53:09,818  INFO  Epoch 1 | Step 4650/23865 | Loss 0.0603 | LR 1.98e-05 | samples_seen=34402
2026-05-15 19:53:10,590  INFO  Epoch 1 | Step 4650/23865 | Loss 0.0630 | LR 1.98e-05 | samples_seen=34404
2026-05-15 19:53:11,236  INFO  Epoch 1 | Step 4650/23865 | Loss 0.0356 | LR 1.98e-05 | samples_seen=34406
2026-05-15 19:53:11,536  INFO  Epoch 1 | Step 4650/23865 | Loss 0.0969 | LR 1.98e-05 | samples_seen=34408
2026-05-15 19:53:11,970  INFO  Epoch 1 | Step 4650/23865 | Loss 0.0404 | LR 1.98e-05 | samples_seen=34410
2026-05-15 19:53:12,520  INFO  Epoch 1 | Step 4650/23865 | Loss 0.0611 | LR 1.98e-05 | samples_seen=34412
2026-05-15 19:53:13,057  INFO  Epoch 1 | Step 4650/23865 | Loss 0.0902 | LR 1.98e-05 | samples_seen=34414
2026-05-15 19:53:50,820  INFO  Epoch 1 | Step 4660/23865 | Loss 5.0491 | LR 1.98e-05 | samples_seen=34560
2026-05-15 19:53:51,090  INFO  Epoch 1 | Step 4660/23865 | Loss 0.0967 | LR 1.98e-05 | samples_seen=34562
2026-05-15 19:53:51,446  INFO  Epoch 1 | Step 4660/23865 | Loss 0.0998 | LR 1.98e-05 | samples_seen=34564
2026-05-15 19:53:52,385  INFO  Epoch 1 | Step 4660/23865 | Loss 0.0399 | LR 1.98e-05 | samples_seen=34566
2026-05-15 19:53:52,698  INFO  Epoch 1 | Step 4660/23865 | Loss 0.0795 | LR 1.98e-05 | samples_seen=34568
2026-05-15 19:53:53,162  INFO  Epoch 1 | Step 4660/23865 | Loss 0.0826 | LR 1.98e-05 | samples_seen=34570
2026-05-15 19:53:53,526  INFO  Epoch 1 | Step 4660/23865 | Loss 0.0486 | LR 1.98e-05 | samples_seen=34572
2026-05-15 19:53:54,444  INFO  Epoch 1 | Step 4660/23865 | Loss 0.1042 | LR 1.98e-05 | samples_seen=34574
2026-05-15 19:54:30,539  INFO  Epoch 1 | Step 4670/23865 | Loss 5.4611 | LR 1.98e-05 | samples_seen=34720
2026-05-15 19:54:30,806  INFO  Epoch 1 | Step 4670/23865 | Loss 0.1084 | LR 1.98e-05 | samples_seen=34722
2026-05-15 19:54:31,102  INFO  Epoch 1 | Step 4670/23865 | Loss 0.1265 | LR 1.98e-05 | samples_seen=34724
2026-05-15 19:54:31,692  INFO  Epoch 1 | Step 4670/23865 | Loss 0.1192 | LR 1.98e-05 | samples_seen=34726
2026-05-15 19:54:31,974  INFO  Epoch 1 | Step 4670/23865 | Loss 0.1236 | LR 1.98e-05 | samples_seen=34728
2026-05-15 19:54:32,526  INFO  Epoch 1 | Step 4670/23865 | Loss 0.0546 | LR 1.98e-05 | samples_seen=34730
2026-05-15 19:54:33,107  INFO  Epoch 1 | Step 4670/23865 | Loss 0.0351 | LR 1.98e-05 | samples_seen=34732
2026-05-15 19:54:33,592  INFO  Epoch 1 | Step 4670/23865 | Loss 0.0677 | LR 1.98e-05 | samples_seen=34734
2026-05-15 19:55:10,287  INFO  Epoch 1 | Step 4680/23865 | Loss 5.8171 | LR 1.98e-05 | samples_seen=34880
2026-05-15 19:55:10,551  INFO  Epoch 1 | Step 4680/23865 | Loss 0.0828 | LR 1.98e-05 | samples_seen=34882
2026-05-15 19:55:11,116  INFO  Epoch 1 | Step 4680/23865 | Loss 0.0898 | LR 1.98e-05 | samples_seen=34884
2026-05-15 19:55:11,430  INFO  Epoch 1 | Step 4680/23865 | Loss 0.0947 | LR 1.98e-05 | samples_seen=34886
2026-05-15 19:55:11,940  INFO  Epoch 1 | Step 4680/23865 | Loss 0.0515 | LR 1.98e-05 | samples_seen=34888
2026-05-15 19:55:12,254  INFO  Epoch 1 | Step 4680/23865 | Loss 0.0921 | LR 1.98e-05 | samples_seen=34890
2026-05-15 19:55:12,690  INFO  Epoch 1 | Step 4680/23865 | Loss 0.0986 | LR 1.98e-05 | samples_seen=34892
2026-05-15 19:55:13,555  INFO  Epoch 1 | Step 4680/23865 | Loss 0.0850 | LR 1.98e-05 | samples_seen=34894
2026-05-15 19:55:50,666  INFO  Epoch 1 | Step 4690/23865 | Loss 4.9280 | LR 1.98e-05 | samples_seen=35040
2026-05-15 19:55:51,197  INFO  Epoch 1 | Step 4690/23865 | Loss 0.0532 | LR 1.98e-05 | samples_seen=35042
2026-05-15 19:55:51,610  INFO  Epoch 1 | Step 4690/23865 | Loss 0.0765 | LR 1.98e-05 | samples_seen=35044
2026-05-15 19:55:52,024  INFO  Epoch 1 | Step 4690/23865 | Loss 0.0843 | LR 1.98e-05 | samples_seen=35046
2026-05-15 19:55:52,937  INFO  Epoch 1 | Step 4690/23865 | Loss 0.0550 | LR 1.98e-05 | samples_seen=35048
2026-05-15 19:55:53,353  INFO  Epoch 1 | Step 4690/23865 | Loss 0.0771 | LR 1.98e-05 | samples_seen=35050
2026-05-15 19:55:53,919  INFO  Epoch 1 | Step 4690/23865 | Loss 0.0454 | LR 1.98e-05 | samples_seen=35052
2026-05-15 19:55:54,404  INFO  Epoch 1 | Step 4690/23865 | Loss 0.0540 | LR 1.98e-05 | samples_seen=35054
2026-05-15 20:00:22,006  INFO  Checkpoint saved → ../checkpoints/stage2_l40/step4695 | global_step=4695 | samples_seen=35122
2026-05-15 20:00:40,485  INFO  Epoch 1 | Step 4700/23865 | Loss 5.1568 | LR 1.98e-05 | samples_seen=35200
2026-05-15 20:00:41,304  INFO  Epoch 1 | Step 4700/23865 | Loss 0.0558 | LR 1.98e-05 | samples_seen=35202
2026-05-15 20:00:41,865  INFO  Epoch 1 | Step 4700/23865 | Loss 0.1237 | LR 1.98e-05 | samples_seen=35204
2026-05-15 20:00:42,232  INFO  Epoch 1 | Step 4700/23865 | Loss 0.0990 | LR 1.98e-05 | samples_seen=35206
2026-05-15 20:00:42,656  INFO  Epoch 1 | Step 4700/23865 | Loss 0.0389 | LR 1.98e-05 | samples_seen=35208
2026-05-15 20:00:43,284  INFO  Epoch 1 | Step 4700/23865 | Loss 0.1002 | LR 1.98e-05 | samples_seen=35210
2026-05-15 20:00:43,679  INFO  Epoch 1 | Step 4700/23865 | Loss 0.0838 | LR 1.98e-05 | samples_seen=35212
2026-05-15 20:00:44,196  INFO  Epoch 1 | Step 4700/23865 | Loss 0.0493 | LR 1.98e-05 | samples_seen=35214
2026-05-15 20:01:19,816  INFO  Epoch 1 | Step 4710/23865 | Loss 5.1795 | LR 1.98e-05 | samples_seen=35360
2026-05-15 20:01:20,147  INFO  Epoch 1 | Step 4710/23865 | Loss 0.0361 | LR 1.98e-05 | samples_seen=35362
2026-05-15 20:01:20,590  INFO  Epoch 1 | Step 4710/23865 | Loss 0.0547 | LR 1.98e-05 | samples_seen=35364
2026-05-15 20:01:21,171  INFO  Epoch 1 | Step 4710/23865 | Loss 0.0837 | LR 1.98e-05 | samples_seen=35366
2026-05-15 20:01:21,592  INFO  Epoch 1 | Step 4710/23865 | Loss 0.0819 | LR 1.98e-05 | samples_seen=35368
2026-05-15 20:01:22,070  INFO  Epoch 1 | Step 4710/23865 | Loss 0.0324 | LR 1.98e-05 | samples_seen=35370
2026-05-15 20:01:22,474  INFO  Epoch 1 | Step 4710/23865 | Loss 0.0608 | LR 1.98e-05 | samples_seen=35372
2026-05-15 20:01:23,017  INFO  Epoch 1 | Step 4710/23865 | Loss 0.0529 | LR 1.98e-05 | samples_seen=35374
2026-05-15 20:01:57,226  INFO  Epoch 1 | Step 4720/23865 | Loss 5.2675 | LR 1.98e-05 | samples_seen=35520
2026-05-15 20:01:57,673  INFO  Epoch 1 | Step 4720/23865 | Loss 0.0334 | LR 1.98e-05 | samples_seen=35522
2026-05-15 20:01:58,047  INFO  Epoch 1 | Step 4720/23865 | Loss 0.0476 | LR 1.98e-05 | samples_seen=35524
2026-05-15 20:01:58,453  INFO  Epoch 1 | Step 4720/23865 | Loss 0.0395 | LR 1.98e-05 | samples_seen=35526
2026-05-15 20:01:59,344  INFO  Epoch 1 | Step 4720/23865 | Loss 0.0657 | LR 1.98e-05 | samples_seen=35528
2026-05-15 20:01:59,672  INFO  Epoch 1 | Step 4720/23865 | Loss 0.0945 | LR 1.98e-05 | samples_seen=35530
2026-05-15 20:02:00,218  INFO  Epoch 1 | Step 4720/23865 | Loss 0.1335 | LR 1.98e-05 | samples_seen=35532
2026-05-15 20:02:00,737  INFO  Epoch 1 | Step 4720/23865 | Loss 0.0412 | LR 1.98e-05 | samples_seen=35534
2026-05-15 20:02:37,493  INFO  Epoch 1 | Step 4730/23865 | Loss 5.1589 | LR 1.98e-05 | samples_seen=35680
2026-05-15 20:02:37,741  INFO  Epoch 1 | Step 4730/23865 | Loss 0.1638 | LR 1.98e-05 | samples_seen=35682
2026-05-15 20:02:38,400  INFO  Epoch 1 | Step 4730/23865 | Loss 0.0371 | LR 1.98e-05 | samples_seen=35684
2026-05-15 20:02:38,901  INFO  Epoch 1 | Step 4730/23865 | Loss 0.1239 | LR 1.98e-05 | samples_seen=35686
2026-05-15 20:02:39,601  INFO  Epoch 1 | Step 4730/23865 | Loss 0.0264 | LR 1.98e-05 | samples_seen=35688
2026-05-15 20:02:39,904  INFO  Epoch 1 | Step 4730/23865 | Loss 0.0701 | LR 1.98e-05 | samples_seen=35690
2026-05-15 20:02:40,382  INFO  Epoch 1 | Step 4730/23865 | Loss 0.0418 | LR 1.98e-05 | samples_seen=35692
2026-05-15 20:02:40,982  INFO  Epoch 1 | Step 4730/23865 | Loss 0.1260 | LR 1.98e-05 | samples_seen=35694
2026-05-15 20:03:17,223  INFO  Epoch 1 | Step 4740/23865 | Loss 5.4391 | LR 1.98e-05 | samples_seen=35840
2026-05-15 20:03:17,647  INFO  Epoch 1 | Step 4740/23865 | Loss 0.0594 | LR 1.98e-05 | samples_seen=35842
2026-05-15 20:03:17,994  INFO  Epoch 1 | Step 4740/23865 | Loss 0.0856 | LR 1.98e-05 | samples_seen=35844
2026-05-15 20:03:18,713  INFO  Epoch 1 | Step 4740/23865 | Loss 0.0564 | LR 1.98e-05 | samples_seen=35846
2026-05-15 20:03:18,999  INFO  Epoch 1 | Step 4740/23865 | Loss 0.1169 | LR 1.98e-05 | samples_seen=35848
2026-05-15 20:03:19,370  INFO  Epoch 1 | Step 4740/23865 | Loss 0.0850 | LR 1.98e-05 | samples_seen=35850
2026-05-15 20:03:19,925  INFO  Epoch 1 | Step 4740/23865 | Loss 0.0706 | LR 1.98e-05 | samples_seen=35852
2026-05-15 20:03:20,302  INFO  Epoch 1 | Step 4740/23865 | Loss 0.0458 | LR 1.98e-05 | samples_seen=35854
2026-05-15 20:03:56,940  INFO  Epoch 1 | Step 4750/23865 | Loss 4.8519 | LR 1.98e-05 | samples_seen=36000
2026-05-15 20:03:57,209  INFO  Epoch 1 | Step 4750/23865 | Loss 0.1165 | LR 1.98e-05 | samples_seen=36002
2026-05-15 20:03:57,536  INFO  Epoch 1 | Step 4750/23865 | Loss 0.0482 | LR 1.98e-05 | samples_seen=36004
2026-05-15 20:03:57,834  INFO  Epoch 1 | Step 4750/23865 | Loss 0.1177 | LR 1.98e-05 | samples_seen=36006
2026-05-15 20:03:58,255  INFO  Epoch 1 | Step 4750/23865 | Loss 0.0342 | LR 1.98e-05 | samples_seen=36008
2026-05-15 20:03:58,807  INFO  Epoch 1 | Step 4750/23865 | Loss 0.0347 | LR 1.98e-05 | samples_seen=36010
2026-05-15 20:03:59,249  INFO  Epoch 1 | Step 4750/23865 | Loss 0.0269 | LR 1.98e-05 | samples_seen=36012
2026-05-15 20:03:59,552  INFO  Epoch 1 | Step 4750/23865 | Loss 0.0775 | LR 1.98e-05 | samples_seen=36014
2026-05-15 20:04:35,778  INFO  Epoch 1 | Step 4760/23865 | Loss 5.4573 | LR 1.98e-05 | samples_seen=36160
2026-05-15 20:04:36,162  INFO  Epoch 1 | Step 4760/23865 | Loss 0.0375 | LR 1.98e-05 | samples_seen=36162
2026-05-15 20:04:36,816  INFO  Epoch 1 | Step 4760/23865 | Loss 0.0370 | LR 1.98e-05 | samples_seen=36164
2026-05-15 20:04:37,263  INFO  Epoch 1 | Step 4760/23865 | Loss 0.0586 | LR 1.98e-05 | samples_seen=36166
2026-05-15 20:04:37,560  INFO  Epoch 1 | Step 4760/23865 | Loss 0.1412 | LR 1.98e-05 | samples_seen=36168
2026-05-15 20:04:38,000  INFO  Epoch 1 | Step 4760/23865 | Loss 0.0227 | LR 1.98e-05 | samples_seen=36170
2026-05-15 20:04:38,402  INFO  Epoch 1 | Step 4760/23865 | Loss 0.0552 | LR 1.98e-05 | samples_seen=36172
2026-05-15 20:04:38,843  INFO  Epoch 1 | Step 4760/23865 | Loss 0.0398 | LR 1.98e-05 | samples_seen=36174
2026-05-15 20:05:13,044  INFO  Epoch 1 | Step 4770/23865 | Loss 5.5670 | LR 1.98e-05 | samples_seen=36320
2026-05-15 20:05:13,353  INFO  Epoch 1 | Step 4770/23865 | Loss 0.0430 | LR 1.98e-05 | samples_seen=36322
2026-05-15 20:05:13,768  INFO  Epoch 1 | Step 4770/23865 | Loss 0.0401 | LR 1.98e-05 | samples_seen=36324
2026-05-15 20:05:14,216  INFO  Epoch 1 | Step 4770/23865 | Loss 0.0315 | LR 1.98e-05 | samples_seen=36326
2026-05-15 20:05:14,688  INFO  Epoch 1 | Step 4770/23865 | Loss 0.0927 | LR 1.98e-05 | samples_seen=36328
2026-05-15 20:05:15,476  INFO  Epoch 1 | Step 4770/23865 | Loss 0.0365 | LR 1.98e-05 | samples_seen=36330
2026-05-15 20:05:15,743  INFO  Epoch 1 | Step 4770/23865 | Loss 0.0494 | LR 1.98e-05 | samples_seen=36332
2026-05-15 20:05:16,283  INFO  Epoch 1 | Step 4770/23865 | Loss 0.0728 | LR 1.98e-05 | samples_seen=36334
2026-05-15 20:05:51,243  INFO  Epoch 1 | Step 4780/23865 | Loss 5.7241 | LR 1.98e-05 | samples_seen=36480
2026-05-15 20:05:51,836  INFO  Epoch 1 | Step 4780/23865 | Loss 0.0650 | LR 1.98e-05 | samples_seen=36482
2026-05-15 20:05:52,384  INFO  Epoch 1 | Step 4780/23865 | Loss 0.0428 | LR 1.98e-05 | samples_seen=36484
2026-05-15 20:05:52,903  INFO  Epoch 1 | Step 4780/23865 | Loss 0.0554 | LR 1.98e-05 | samples_seen=36486
2026-05-15 20:05:53,391  INFO  Epoch 1 | Step 4780/23865 | Loss 0.0314 | LR 1.98e-05 | samples_seen=36488
2026-05-15 20:05:53,944  INFO  Epoch 1 | Step 4780/23865 | Loss 0.1136 | LR 1.98e-05 | samples_seen=36490
2026-05-15 20:05:54,245  INFO  Epoch 1 | Step 4780/23865 | Loss 0.0535 | LR 1.98e-05 | samples_seen=36492
2026-05-15 20:05:54,725  INFO  Epoch 1 | Step 4780/23865 | Loss 0.0621 | LR 1.98e-05 | samples_seen=36494
2026-05-15 20:06:29,394  INFO  Epoch 1 | Step 4790/23865 | Loss 5.4328 | LR 1.98e-05 | samples_seen=36640
2026-05-15 20:06:29,777  INFO  Epoch 1 | Step 4790/23865 | Loss 0.0556 | LR 1.98e-05 | samples_seen=36642
2026-05-15 20:06:30,353  INFO  Epoch 1 | Step 4790/23865 | Loss 0.0292 | LR 1.98e-05 | samples_seen=36644
2026-05-15 20:06:30,649  INFO  Epoch 1 | Step 4790/23865 | Loss 0.0794 | LR 1.98e-05 | samples_seen=36646
2026-05-15 20:06:31,059  INFO  Epoch 1 | Step 4790/23865 | Loss 0.0585 | LR 1.98e-05 | samples_seen=36648
2026-05-15 20:06:31,556  INFO  Epoch 1 | Step 4790/23865 | Loss 0.0926 | LR 1.98e-05 | samples_seen=36650
2026-05-15 20:06:32,080  INFO  Epoch 1 | Step 4790/23865 | Loss 0.0728 | LR 1.98e-05 | samples_seen=36652
2026-05-15 20:06:32,362  INFO  Epoch 1 | Step 4790/23865 | Loss 0.0832 | LR 1.98e-05 | samples_seen=36654
2026-05-15 20:07:09,665  INFO  Epoch 1 | Step 4800/23865 | Loss 5.0219 | LR 1.98e-05 | samples_seen=36800
2026-05-15 20:07:10,069  INFO  Epoch 1 | Step 4800/23865 | Loss 0.1079 | LR 1.98e-05 | samples_seen=36802
2026-05-15 20:07:10,398  INFO  Epoch 1 | Step 4800/23865 | Loss 0.0522 | LR 1.98e-05 | samples_seen=36804
2026-05-15 20:07:10,973  INFO  Epoch 1 | Step 4800/23865 | Loss 0.0595 | LR 1.98e-05 | samples_seen=36806
2026-05-15 20:07:11,384  INFO  Epoch 1 | Step 4800/23865 | Loss 0.0806 | LR 1.98e-05 | samples_seen=36808
2026-05-15 20:07:11,674  INFO  Epoch 1 | Step 4800/23865 | Loss 0.1185 | LR 1.98e-05 | samples_seen=36810
2026-05-15 20:07:11,960  INFO  Epoch 1 | Step 4800/23865 | Loss 0.0897 | LR 1.98e-05 | samples_seen=36812
2026-05-15 20:07:12,360  INFO  Epoch 1 | Step 4800/23865 | Loss 0.0485 | LR 1.98e-05 | samples_seen=36814
2026-05-15 20:07:47,617  INFO  Epoch 1 | Step 4810/23865 | Loss 5.6218 | LR 1.98e-05 | samples_seen=36960
2026-05-15 20:07:48,023  INFO  Epoch 1 | Step 4810/23865 | Loss 0.0354 | LR 1.98e-05 | samples_seen=36962
2026-05-15 20:07:48,762  INFO  Epoch 1 | Step 4810/23865 | Loss 0.0581 | LR 1.98e-05 | samples_seen=36964
2026-05-15 20:07:49,214  INFO  Epoch 1 | Step 4810/23865 | Loss 0.0813 | LR 1.98e-05 | samples_seen=36966
2026-05-15 20:07:49,683  INFO  Epoch 1 | Step 4810/23865 | Loss 0.0260 | LR 1.98e-05 | samples_seen=36968
2026-05-15 20:07:50,149  INFO  Epoch 1 | Step 4810/23865 | Loss 0.0806 | LR 1.98e-05 | samples_seen=36970
2026-05-15 20:07:50,687  INFO  Epoch 1 | Step 4810/23865 | Loss 0.0451 | LR 1.98e-05 | samples_seen=36972
2026-05-15 20:07:51,215  INFO  Epoch 1 | Step 4810/23865 | Loss 0.0587 | LR 1.98e-05 | samples_seen=36974
2026-05-15 20:08:25,921  INFO  Epoch 1 | Step 4820/23865 | Loss 5.7582 | LR 1.98e-05 | samples_seen=37120
2026-05-15 20:08:26,425  INFO  Epoch 1 | Step 4820/23865 | Loss 0.0809 | LR 1.98e-05 | samples_seen=37122
2026-05-15 20:08:26,871  INFO  Epoch 1 | Step 4820/23865 | Loss 0.0268 | LR 1.98e-05 | samples_seen=37124
2026-05-15 20:08:27,167  INFO  Epoch 1 | Step 4820/23865 | Loss 0.0988 | LR 1.98e-05 | samples_seen=37126
2026-05-15 20:08:27,823  INFO  Epoch 1 | Step 4820/23865 | Loss 0.0966 | LR 1.98e-05 | samples_seen=37128
2026-05-15 20:08:28,607  INFO  Epoch 1 | Step 4820/23865 | Loss 0.0569 | LR 1.98e-05 | samples_seen=37130
2026-05-15 20:08:28,901  INFO  Epoch 1 | Step 4820/23865 | Loss 0.0765 | LR 1.98e-05 | samples_seen=37132
2026-05-15 20:08:29,430  INFO  Epoch 1 | Step 4820/23865 | Loss 0.0799 | LR 1.98e-05 | samples_seen=37134
2026-05-15 20:09:04,052  INFO  Epoch 1 | Step 4830/23865 | Loss 5.3748 | LR 1.98e-05 | samples_seen=37280
2026-05-15 20:09:04,555  INFO  Epoch 1 | Step 4830/23865 | Loss 0.0355 | LR 1.98e-05 | samples_seen=37282
2026-05-15 20:09:05,214  INFO  Epoch 1 | Step 4830/23865 | Loss 0.0636 | LR 1.98e-05 | samples_seen=37284
2026-05-15 20:09:05,971  INFO  Epoch 1 | Step 4830/23865 | Loss 0.0436 | LR 1.98e-05 | samples_seen=37286
2026-05-15 20:09:06,273  INFO  Epoch 1 | Step 4830/23865 | Loss 0.0990 | LR 1.98e-05 | samples_seen=37288
2026-05-15 20:09:06,826  INFO  Epoch 1 | Step 4830/23865 | Loss 0.0571 | LR 1.98e-05 | samples_seen=37290
2026-05-15 20:09:07,260  INFO  Epoch 1 | Step 4830/23865 | Loss 0.0388 | LR 1.98e-05 | samples_seen=37292
2026-05-15 20:09:08,039  INFO  Epoch 1 | Step 4830/23865 | Loss 0.0719 | LR 1.98e-05 | samples_seen=37294
2026-05-15 20:09:45,251  INFO  Epoch 1 | Step 4840/23865 | Loss 5.1676 | LR 1.98e-05 | samples_seen=37440
2026-05-15 20:09:45,703  INFO  Epoch 1 | Step 4840/23865 | Loss 0.0325 | LR 1.98e-05 | samples_seen=37442
2026-05-15 20:09:46,286  INFO  Epoch 1 | Step 4840/23865 | Loss 0.0327 | LR 1.98e-05 | samples_seen=37444
2026-05-15 20:09:46,563  INFO  Epoch 1 | Step 4840/23865 | Loss 0.0731 | LR 1.98e-05 | samples_seen=37446
2026-05-15 20:09:46,980  INFO  Epoch 1 | Step 4840/23865 | Loss 0.0491 | LR 1.98e-05 | samples_seen=37448
2026-05-15 20:09:47,528  INFO  Epoch 1 | Step 4840/23865 | Loss 0.0751 | LR 1.98e-05 | samples_seen=37450
2026-05-15 20:09:47,931  INFO  Epoch 1 | Step 4840/23865 | Loss 0.0998 | LR 1.98e-05 | samples_seen=37452
2026-05-15 20:09:48,609  INFO  Epoch 1 | Step 4840/23865 | Loss 0.0910 | LR 1.98e-05 | samples_seen=37454
2026-05-15 20:10:25,532  INFO  Epoch 1 | Step 4850/23865 | Loss 5.3758 | LR 1.98e-05 | samples_seen=37600
2026-05-15 20:10:25,963  INFO  Epoch 1 | Step 4850/23865 | Loss 0.1241 | LR 1.98e-05 | samples_seen=37602
2026-05-15 20:10:26,815  INFO  Epoch 1 | Step 4850/23865 | Loss 0.0596 | LR 1.98e-05 | samples_seen=37604
2026-05-15 20:10:27,294  INFO  Epoch 1 | Step 4850/23865 | Loss 0.0967 | LR 1.98e-05 | samples_seen=37606
2026-05-15 20:10:27,641  INFO  Epoch 1 | Step 4850/23865 | Loss 0.1018 | LR 1.98e-05 | samples_seen=37608
2026-05-15 20:10:28,095  INFO  Epoch 1 | Step 4850/23865 | Loss 0.0555 | LR 1.98e-05 | samples_seen=37610
2026-05-15 20:10:29,030  INFO  Epoch 1 | Step 4850/23865 | Loss 0.0621 | LR 1.98e-05 | samples_seen=37612
2026-05-15 20:10:29,522  INFO  Epoch 1 | Step 4850/23865 | Loss 0.0458 | LR 1.98e-05 | samples_seen=37614
2026-05-15 20:11:05,650  INFO  Epoch 1 | Step 4860/23865 | Loss 5.3607 | LR 1.98e-05 | samples_seen=37760
2026-05-15 20:11:06,080  INFO  Epoch 1 | Step 4860/23865 | Loss 0.1692 | LR 1.98e-05 | samples_seen=37762
2026-05-15 20:11:06,520  INFO  Epoch 1 | Step 4860/23865 | Loss 0.0464 | LR 1.98e-05 | samples_seen=37764
2026-05-15 20:11:06,982  INFO  Epoch 1 | Step 4860/23865 | Loss 0.0404 | LR 1.98e-05 | samples_seen=37766
2026-05-15 20:11:07,506  INFO  Epoch 1 | Step 4860/23865 | Loss 0.0496 | LR 1.98e-05 | samples_seen=37768
2026-05-15 20:11:07,787  INFO  Epoch 1 | Step 4860/23865 | Loss 0.1078 | LR 1.98e-05 | samples_seen=37770
2026-05-15 20:11:08,191  INFO  Epoch 1 | Step 4860/23865 | Loss 0.0928 | LR 1.98e-05 | samples_seen=37772
2026-05-15 20:11:08,655  INFO  Epoch 1 | Step 4860/23865 | Loss 0.0493 | LR 1.98e-05 | samples_seen=37774
2026-05-15 20:11:47,101  INFO  Epoch 1 | Step 4870/23865 | Loss 5.3340 | LR 1.97e-05 | samples_seen=37920
2026-05-15 20:11:47,422  INFO  Epoch 1 | Step 4870/23865 | Loss 0.0802 | LR 1.97e-05 | samples_seen=37922
2026-05-15 20:11:48,022  INFO  Epoch 1 | Step 4870/23865 | Loss 0.0674 | LR 1.97e-05 | samples_seen=37924
2026-05-15 20:11:48,503  INFO  Epoch 1 | Step 4870/23865 | Loss 0.0299 | LR 1.97e-05 | samples_seen=37926
2026-05-15 20:11:48,712  INFO  Epoch 1 | Step 4870/23865 | Loss 0.1242 | LR 1.97e-05 | samples_seen=37928
2026-05-15 20:11:49,187  INFO  Epoch 1 | Step 4870/23865 | Loss 0.1114 | LR 1.97e-05 | samples_seen=37930
2026-05-15 20:11:49,580  INFO  Epoch 1 | Step 4870/23865 | Loss 0.0833 | LR 1.97e-05 | samples_seen=37932
2026-05-15 20:11:50,187  INFO  Epoch 1 | Step 4870/23865 | Loss 0.0555 | LR 1.97e-05 | samples_seen=37934
2026-05-15 20:12:26,065  INFO  Epoch 1 | Step 4880/23865 | Loss 5.1822 | LR 1.97e-05 | samples_seen=38080
2026-05-15 20:12:26,513  INFO  Epoch 1 | Step 4880/23865 | Loss 0.0571 | LR 1.97e-05 | samples_seen=38082
2026-05-15 20:12:26,872  INFO  Epoch 1 | Step 4880/23865 | Loss 0.1077 | LR 1.97e-05 | samples_seen=38084
2026-05-15 20:12:27,456  INFO  Epoch 1 | Step 4880/23865 | Loss 0.0791 | LR 1.97e-05 | samples_seen=38086
2026-05-15 20:12:28,040  INFO  Epoch 1 | Step 4880/23865 | Loss 0.0313 | LR 1.97e-05 | samples_seen=38088
2026-05-15 20:12:28,515  INFO  Epoch 1 | Step 4880/23865 | Loss 0.0460 | LR 1.97e-05 | samples_seen=38090
2026-05-15 20:12:28,793  INFO  Epoch 1 | Step 4880/23865 | Loss 0.0851 | LR 1.97e-05 | samples_seen=38092
2026-05-15 20:12:29,101  INFO  Epoch 1 | Step 4880/23865 | Loss 0.0798 | LR 1.97e-05 | samples_seen=38094
2026-05-15 20:13:07,078  INFO  Epoch 1 | Step 4890/23865 | Loss 5.2533 | LR 1.97e-05 | samples_seen=38240
2026-05-15 20:13:07,323  INFO  Epoch 1 | Step 4890/23865 | Loss 0.1123 | LR 1.97e-05 | samples_seen=38242
2026-05-15 20:13:07,993  INFO  Epoch 1 | Step 4890/23865 | Loss 0.1154 | LR 1.97e-05 | samples_seen=38244
2026-05-15 20:13:08,288  INFO  Epoch 1 | Step 4890/23865 | Loss 0.0906 | LR 1.97e-05 | samples_seen=38246
2026-05-15 20:13:08,581  INFO  Epoch 1 | Step 4890/23865 | Loss 0.0683 | LR 1.97e-05 | samples_seen=38248
2026-05-15 20:13:09,065  INFO  Epoch 1 | Step 4890/23865 | Loss 0.0307 | LR 1.97e-05 | samples_seen=38250
2026-05-15 20:13:09,593  INFO  Epoch 1 | Step 4890/23865 | Loss 0.0485 | LR 1.97e-05 | samples_seen=38252
2026-05-15 20:13:09,877  INFO  Epoch 1 | Step 4890/23865 | Loss 0.1483 | LR 1.97e-05 | samples_seen=38254
2026-05-15 20:13:47,260  INFO  Epoch 1 | Step 4900/23865 | Loss 5.2900 | LR 1.97e-05 | samples_seen=38400
2026-05-15 20:13:47,714  INFO  Epoch 1 | Step 4900/23865 | Loss 0.0459 | LR 1.97e-05 | samples_seen=38402
2026-05-15 20:13:48,005  INFO  Epoch 1 | Step 4900/23865 | Loss 0.1172 | LR 1.97e-05 | samples_seen=38404
2026-05-15 20:13:48,619  INFO  Epoch 1 | Step 4900/23865 | Loss 0.0349 | LR 1.97e-05 | samples_seen=38406
2026-05-15 20:13:48,892  INFO  Epoch 1 | Step 4900/23865 | Loss 0.1064 | LR 1.97e-05 | samples_seen=38408
2026-05-15 20:13:49,361  INFO  Epoch 1 | Step 4900/23865 | Loss 0.0700 | LR 1.97e-05 | samples_seen=38410
2026-05-15 20:13:49,744  INFO  Epoch 1 | Step 4900/23865 | Loss 0.0932 | LR 1.97e-05 | samples_seen=38412
2026-05-15 20:13:50,321  INFO  Epoch 1 | Step 4900/23865 | Loss 0.0990 | LR 1.97e-05 | samples_seen=38414
2026-05-15 20:14:27,593  INFO  Epoch 1 | Step 4910/23865 | Loss 5.1374 | LR 1.97e-05 | samples_seen=38560
2026-05-15 20:14:27,987  INFO  Epoch 1 | Step 4910/23865 | Loss 0.0920 | LR 1.97e-05 | samples_seen=38562
2026-05-15 20:14:28,659  INFO  Epoch 1 | Step 4910/23865 | Loss 0.0488 | LR 1.97e-05 | samples_seen=38564
2026-05-15 20:14:29,055  INFO  Epoch 1 | Step 4910/23865 | Loss 0.0536 | LR 1.97e-05 | samples_seen=38566
2026-05-15 20:14:29,518  INFO  Epoch 1 | Step 4910/23865 | Loss 0.0333 | LR 1.97e-05 | samples_seen=38568
2026-05-15 20:14:29,938  INFO  Epoch 1 | Step 4910/23865 | Loss 0.0712 | LR 1.97e-05 | samples_seen=38570
2026-05-15 20:14:30,591  INFO  Epoch 1 | Step 4910/23865 | Loss 0.1216 | LR 1.97e-05 | samples_seen=38572
2026-05-15 20:14:31,137  INFO  Epoch 1 | Step 4910/23865 | Loss 0.0277 | LR 1.97e-05 | samples_seen=38574
2026-05-15 20:15:09,842  INFO  Epoch 1 | Step 4920/23865 | Loss 5.7215 | LR 1.97e-05 | samples_seen=38720
2026-05-15 20:15:10,151  INFO  Epoch 1 | Step 4920/23865 | Loss 0.0946 | LR 1.97e-05 | samples_seen=38722
2026-05-15 20:15:10,444  INFO  Epoch 1 | Step 4920/23865 | Loss 0.1650 | LR 1.97e-05 | samples_seen=38724
2026-05-15 20:15:10,737  INFO  Epoch 1 | Step 4920/23865 | Loss 0.1249 | LR 1.97e-05 | samples_seen=38726
2026-05-15 20:15:11,267  INFO  Epoch 1 | Step 4920/23865 | Loss 0.0930 | LR 1.97e-05 | samples_seen=38728
2026-05-15 20:15:11,636  INFO  Epoch 1 | Step 4920/23865 | Loss 0.0931 | LR 1.97e-05 | samples_seen=38730
2026-05-15 20:15:12,164  INFO  Epoch 1 | Step 4920/23865 | Loss 0.0578 | LR 1.97e-05 | samples_seen=38732
2026-05-15 20:15:12,460  INFO  Epoch 1 | Step 4920/23865 | Loss 0.1228 | LR 1.97e-05 | samples_seen=38734
2026-05-15 20:15:47,549  INFO  Epoch 1 | Step 4930/23865 | Loss 5.3279 | LR 1.97e-05 | samples_seen=38880
2026-05-15 20:15:48,049  INFO  Epoch 1 | Step 4930/23865 | Loss 0.0979 | LR 1.97e-05 | samples_seen=38882
2026-05-15 20:15:48,459  INFO  Epoch 1 | Step 4930/23865 | Loss 0.0401 | LR 1.97e-05 | samples_seen=38884
2026-05-15 20:15:48,734  INFO  Epoch 1 | Step 4930/23865 | Loss 0.0973 | LR 1.97e-05 | samples_seen=38886
2026-05-15 20:15:49,190  INFO  Epoch 1 | Step 4930/23865 | Loss 0.0488 | LR 1.97e-05 | samples_seen=38888
2026-05-15 20:15:49,489  INFO  Epoch 1 | Step 4930/23865 | Loss 0.1531 | LR 1.97e-05 | samples_seen=38890
2026-05-15 20:15:50,063  INFO  Epoch 1 | Step 4930/23865 | Loss 0.0753 | LR 1.97e-05 | samples_seen=38892
2026-05-15 20:15:50,644  INFO  Epoch 1 | Step 4930/23865 | Loss 0.1166 | LR 1.97e-05 | samples_seen=38894
2026-05-15 20:16:27,590  INFO  Epoch 1 | Step 4940/23865 | Loss 5.4418 | LR 1.97e-05 | samples_seen=39040
2026-05-15 20:16:28,041  INFO  Epoch 1 | Step 4940/23865 | Loss 0.0534 | LR 1.97e-05 | samples_seen=39042
2026-05-15 20:16:28,472  INFO  Epoch 1 | Step 4940/23865 | Loss 0.0588 | LR 1.97e-05 | samples_seen=39044
2026-05-15 20:16:29,108  INFO  Epoch 1 | Step 4940/23865 | Loss 0.0567 | LR 1.97e-05 | samples_seen=39046
2026-05-15 20:16:29,472  INFO  Epoch 1 | Step 4940/23865 | Loss 0.0401 | LR 1.97e-05 | samples_seen=39048
2026-05-15 20:16:30,078  INFO  Epoch 1 | Step 4940/23865 | Loss 0.1203 | LR 1.97e-05 | samples_seen=39050
2026-05-15 20:16:30,659  INFO  Epoch 1 | Step 4940/23865 | Loss 0.0652 | LR 1.97e-05 | samples_seen=39052
2026-05-15 20:16:31,018  INFO  Epoch 1 | Step 4940/23865 | Loss 0.0542 | LR 1.97e-05 | samples_seen=39054
2026-05-15 20:17:08,682  INFO  Epoch 1 | Step 4950/23865 | Loss 5.0970 | LR 1.97e-05 | samples_seen=39200
2026-05-15 20:17:08,942  INFO  Epoch 1 | Step 4950/23865 | Loss 0.1183 | LR 1.97e-05 | samples_seen=39202
2026-05-15 20:17:09,375  INFO  Epoch 1 | Step 4950/23865 | Loss 0.0390 | LR 1.97e-05 | samples_seen=39204
2026-05-15 20:17:09,658  INFO  Epoch 1 | Step 4950/23865 | Loss 0.1195 | LR 1.97e-05 | samples_seen=39206
2026-05-15 20:17:10,097  INFO  Epoch 1 | Step 4950/23865 | Loss 0.0209 | LR 1.97e-05 | samples_seen=39208
2026-05-15 20:17:10,489  INFO  Epoch 1 | Step 4950/23865 | Loss 0.0586 | LR 1.97e-05 | samples_seen=39210
2026-05-15 20:17:10,959  INFO  Epoch 1 | Step 4950/23865 | Loss 0.0387 | LR 1.97e-05 | samples_seen=39212
2026-05-15 20:17:11,679  INFO  Epoch 1 | Step 4950/23865 | Loss 0.0813 | LR 1.97e-05 | samples_seen=39214
2026-05-15 20:17:48,093  INFO  Epoch 1 | Step 4960/23865 | Loss 4.6700 | LR 1.97e-05 | samples_seen=39360
2026-05-15 20:17:48,545  INFO  Epoch 1 | Step 4960/23865 | Loss 0.0646 | LR 1.97e-05 | samples_seen=39362
2026-05-15 20:17:49,212  INFO  Epoch 1 | Step 4960/23865 | Loss 0.1348 | LR 1.97e-05 | samples_seen=39364
2026-05-15 20:17:49,823  INFO  Epoch 1 | Step 4960/23865 | Loss 0.0563 | LR 1.97e-05 | samples_seen=39366
2026-05-15 20:17:50,421  INFO  Epoch 1 | Step 4960/23865 | Loss 0.0454 | LR 1.97e-05 | samples_seen=39368
2026-05-15 20:17:50,907  INFO  Epoch 1 | Step 4960/23865 | Loss 0.0959 | LR 1.97e-05 | samples_seen=39370
2026-05-15 20:17:51,209  INFO  Epoch 1 | Step 4960/23865 | Loss 0.0936 | LR 1.97e-05 | samples_seen=39372
2026-05-15 20:17:51,875  INFO  Epoch 1 | Step 4960/23865 | Loss 0.0434 | LR 1.97e-05 | samples_seen=39374
2026-05-15 20:18:28,992  INFO  Epoch 1 | Step 4970/23865 | Loss 4.8613 | LR 1.97e-05 | samples_seen=39520
2026-05-15 20:18:29,424  INFO  Epoch 1 | Step 4970/23865 | Loss 0.0386 | LR 1.97e-05 | samples_seen=39522
2026-05-15 20:18:29,718  INFO  Epoch 1 | Step 4970/23865 | Loss 0.1100 | LR 1.97e-05 | samples_seen=39524
2026-05-15 20:18:29,982  INFO  Epoch 1 | Step 4970/23865 | Loss 0.0918 | LR 1.97e-05 | samples_seen=39526
2026-05-15 20:18:30,563  INFO  Epoch 1 | Step 4970/23865 | Loss 0.0616 | LR 1.97e-05 | samples_seen=39528
2026-05-15 20:18:30,997  INFO  Epoch 1 | Step 4970/23865 | Loss 0.0802 | LR 1.97e-05 | samples_seen=39530
2026-05-15 20:18:31,277  INFO  Epoch 1 | Step 4970/23865 | Loss 0.1392 | LR 1.97e-05 | samples_seen=39532
2026-05-15 20:18:31,574  INFO  Epoch 1 | Step 4970/23865 | Loss 0.1009 | LR 1.97e-05 | samples_seen=39534
2026-05-15 20:19:06,379  INFO  Epoch 1 | Step 4980/23865 | Loss 5.6715 | LR 1.97e-05 | samples_seen=39680
2026-05-15 20:19:06,928  INFO  Epoch 1 | Step 4980/23865 | Loss 0.0548 | LR 1.97e-05 | samples_seen=39682
2026-05-15 20:19:07,216  INFO  Epoch 1 | Step 4980/23865 | Loss 0.0849 | LR 1.97e-05 | samples_seen=39684
2026-05-15 20:19:07,522  INFO  Epoch 1 | Step 4980/23865 | Loss 0.1094 | LR 1.97e-05 | samples_seen=39686
2026-05-15 20:19:07,905  INFO  Epoch 1 | Step 4980/23865 | Loss 0.0473 | LR 1.97e-05 | samples_seen=39688
2026-05-15 20:19:08,300  INFO  Epoch 1 | Step 4980/23865 | Loss 0.0670 | LR 1.97e-05 | samples_seen=39690
2026-05-15 20:19:08,702  INFO  Epoch 1 | Step 4980/23865 | Loss 0.0398 | LR 1.97e-05 | samples_seen=39692
2026-05-15 20:19:09,177  INFO  Epoch 1 | Step 4980/23865 | Loss 0.0382 | LR 1.97e-05 | samples_seen=39694
2026-05-15 20:19:45,726  INFO  Epoch 1 | Step 4990/23865 | Loss 5.6551 | LR 1.97e-05 | samples_seen=39840
2026-05-15 20:19:45,993  INFO  Epoch 1 | Step 4990/23865 | Loss 0.0931 | LR 1.97e-05 | samples_seen=39842
2026-05-15 20:19:46,915  INFO  Epoch 1 | Step 4990/23865 | Loss 0.1386 | LR 1.97e-05 | samples_seen=39844
2026-05-15 20:19:47,204  INFO  Epoch 1 | Step 4990/23865 | Loss 0.1272 | LR 1.97e-05 | samples_seen=39846
2026-05-15 20:19:47,497  INFO  Epoch 1 | Step 4990/23865 | Loss 0.0545 | LR 1.97e-05 | samples_seen=39848
2026-05-15 20:19:48,059  INFO  Epoch 1 | Step 4990/23865 | Loss 0.0514 | LR 1.97e-05 | samples_seen=39850
2026-05-15 20:19:48,362  INFO  Epoch 1 | Step 4990/23865 | Loss 0.0832 | LR 1.97e-05 | samples_seen=39852
2026-05-15 20:19:48,801  INFO  Epoch 1 | Step 4990/23865 | Loss 0.0905 | LR 1.97e-05 | samples_seen=39854
2026-05-15 20:20:25,342  INFO  Epoch 1 | Step 5000/23865 | Loss 4.8851 | LR 1.97e-05 | samples_seen=40000
2026-05-15 20:20:25,736  INFO  Epoch 1 | Step 5000/23865 | Loss 0.0295 | LR 1.97e-05 | samples_seen=40002
2026-05-15 20:20:26,380  INFO  Epoch 1 | Step 5000/23865 | Loss 0.0556 | LR 1.97e-05 | samples_seen=40004
2026-05-15 20:20:27,153  INFO  Epoch 1 | Step 5000/23865 | Loss 0.0607 | LR 1.97e-05 | samples_seen=40006
2026-05-15 20:20:27,641  INFO  Epoch 1 | Step 5000/23865 | Loss 0.0455 | LR 1.97e-05 | samples_seen=40008
2026-05-15 20:20:28,020  INFO  Epoch 1 | Step 5000/23865 | Loss 0.0880 | LR 1.97e-05 | samples_seen=40010
2026-05-15 20:20:28,575  INFO  Epoch 1 | Step 5000/23865 | Loss 0.0624 | LR 1.97e-05 | samples_seen=40012
2026-05-15 20:20:29,053  INFO  Epoch 1 | Step 5000/23865 | Loss 0.0852 | LR 1.97e-05 | samples_seen=40014
2026-05-15 20:21:08,295  INFO  Epoch 1 | Step 5010/23865 | Loss 5.6357 | LR 1.97e-05 | samples_seen=40160
2026-05-15 20:21:08,723  INFO  Epoch 1 | Step 5010/23865 | Loss 0.0770 | LR 1.97e-05 | samples_seen=40162
2026-05-15 20:21:09,127  INFO  Epoch 1 | Step 5010/23865 | Loss 0.0623 | LR 1.97e-05 | samples_seen=40164
2026-05-15 20:21:09,551  INFO  Epoch 1 | Step 5010/23865 | Loss 0.1165 | LR 1.97e-05 | samples_seen=40166
2026-05-15 20:21:09,904  INFO  Epoch 1 | Step 5010/23865 | Loss 0.0376 | LR 1.97e-05 | samples_seen=40168
2026-05-15 20:21:10,442  INFO  Epoch 1 | Step 5010/23865 | Loss 0.0671 | LR 1.97e-05 | samples_seen=40170
2026-05-15 20:21:10,812  INFO  Epoch 1 | Step 5010/23865 | Loss 0.0164 | LR 1.97e-05 | samples_seen=40172
2026-05-15 20:21:11,201  INFO  Epoch 1 | Step 5010/23865 | Loss 0.1055 | LR 1.97e-05 | samples_seen=40174
2026-05-15 20:21:48,723  INFO  Epoch 1 | Step 5020/23865 | Loss 4.9766 | LR 1.97e-05 | samples_seen=40320
2026-05-15 20:21:49,089  INFO  Epoch 1 | Step 5020/23865 | Loss 0.0498 | LR 1.97e-05 | samples_seen=40322
2026-05-15 20:21:49,452  INFO  Epoch 1 | Step 5020/23865 | Loss 0.1130 | LR 1.97e-05 | samples_seen=40324
2026-05-15 20:21:50,233  INFO  Epoch 1 | Step 5020/23865 | Loss 0.0382 | LR 1.97e-05 | samples_seen=40326
2026-05-15 20:21:50,951  INFO  Epoch 1 | Step 5020/23865 | Loss 0.0455 | LR 1.97e-05 | samples_seen=40328
2026-05-15 20:21:51,229  INFO  Epoch 1 | Step 5020/23865 | Loss 0.0929 | LR 1.97e-05 | samples_seen=40330
2026-05-15 20:21:51,947  INFO  Epoch 1 | Step 5020/23865 | Loss 0.0281 | LR 1.97e-05 | samples_seen=40332
2026-05-15 20:21:52,224  INFO  Epoch 1 | Step 5020/23865 | Loss 0.0508 | LR 1.97e-05 | samples_seen=40334
2026-05-15 20:22:29,040  INFO  Epoch 1 | Step 5030/23865 | Loss 4.7765 | LR 1.97e-05 | samples_seen=40480
2026-05-15 20:22:29,467  INFO  Epoch 1 | Step 5030/23865 | Loss 0.0743 | LR 1.97e-05 | samples_seen=40482
2026-05-15 20:22:29,850  INFO  Epoch 1 | Step 5030/23865 | Loss 0.0308 | LR 1.97e-05 | samples_seen=40484
2026-05-15 20:22:30,513  INFO  Epoch 1 | Step 5030/23865 | Loss 0.1332 | LR 1.97e-05 | samples_seen=40486
2026-05-15 20:22:31,256  INFO  Epoch 1 | Step 5030/23865 | Loss 0.1190 | LR 1.97e-05 | samples_seen=40488
2026-05-15 20:22:31,543  INFO  Epoch 1 | Step 5030/23865 | Loss 0.1154 | LR 1.97e-05 | samples_seen=40490
2026-05-15 20:22:32,071  INFO  Epoch 1 | Step 5030/23865 | Loss 0.0777 | LR 1.97e-05 | samples_seen=40492
2026-05-15 20:22:32,651  INFO  Epoch 1 | Step 5030/23865 | Loss 0.0860 | LR 1.97e-05 | samples_seen=40494
2026-05-15 20:23:07,370  INFO  Epoch 1 | Step 5040/23865 | Loss 5.4413 | LR 1.97e-05 | samples_seen=40640
2026-05-15 20:23:07,737  INFO  Epoch 1 | Step 5040/23865 | Loss 0.0565 | LR 1.97e-05 | samples_seen=40642
2026-05-15 20:23:08,338  INFO  Epoch 1 | Step 5040/23865 | Loss 0.0455 | LR 1.97e-05 | samples_seen=40644
2026-05-15 20:23:08,820  INFO  Epoch 1 | Step 5040/23865 | Loss 0.0456 | LR 1.97e-05 | samples_seen=40646
2026-05-15 20:23:09,114  INFO  Epoch 1 | Step 5040/23865 | Loss 0.1186 | LR 1.97e-05 | samples_seen=40648
2026-05-15 20:23:09,551  INFO  Epoch 1 | Step 5040/23865 | Loss 0.1152 | LR 1.97e-05 | samples_seen=40650
2026-05-15 20:23:10,027  INFO  Epoch 1 | Step 5040/23865 | Loss 0.0460 | LR 1.97e-05 | samples_seen=40652
2026-05-15 20:23:10,311  INFO  Epoch 1 | Step 5040/23865 | Loss 0.1168 | LR 1.97e-05 | samples_seen=40654
2026-05-15 20:23:47,556  INFO  Epoch 1 | Step 5050/23865 | Loss 4.9499 | LR 1.97e-05 | samples_seen=40800
2026-05-15 20:23:47,886  INFO  Epoch 1 | Step 5050/23865 | Loss 0.1017 | LR 1.97e-05 | samples_seen=40802
2026-05-15 20:23:48,430  INFO  Epoch 1 | Step 5050/23865 | Loss 0.0479 | LR 1.97e-05 | samples_seen=40804
2026-05-15 20:23:48,715  INFO  Epoch 1 | Step 5050/23865 | Loss 0.1031 | LR 1.97e-05 | samples_seen=40806
2026-05-15 20:23:49,137  INFO  Epoch 1 | Step 5050/23865 | Loss 0.0812 | LR 1.97e-05 | samples_seen=40808
2026-05-15 20:23:49,724  INFO  Epoch 1 | Step 5050/23865 | Loss 0.0523 | LR 1.97e-05 | samples_seen=40810
2026-05-15 20:23:50,117  INFO  Epoch 1 | Step 5050/23865 | Loss 0.1510 | LR 1.97e-05 | samples_seen=40812
2026-05-15 20:23:50,615  INFO  Epoch 1 | Step 5050/23865 | Loss 0.0462 | LR 1.97e-05 | samples_seen=40814
2026-05-15 20:24:27,776  INFO  Epoch 1 | Step 5060/23865 | Loss 5.0845 | LR 1.97e-05 | samples_seen=40960
2026-05-15 20:24:28,339  INFO  Epoch 1 | Step 5060/23865 | Loss 0.0591 | LR 1.97e-05 | samples_seen=40962
2026-05-15 20:24:28,833  INFO  Epoch 1 | Step 5060/23865 | Loss 0.0788 | LR 1.97e-05 | samples_seen=40964
2026-05-15 20:24:29,761  INFO  Epoch 1 | Step 5060/23865 | Loss 0.0542 | LR 1.97e-05 | samples_seen=40966
2026-05-15 20:24:30,031  INFO  Epoch 1 | Step 5060/23865 | Loss 0.1356 | LR 1.97e-05 | samples_seen=40968
2026-05-15 20:24:30,598  INFO  Epoch 1 | Step 5060/23865 | Loss 0.0710 | LR 1.97e-05 | samples_seen=40970
2026-05-15 20:24:30,906  INFO  Epoch 1 | Step 5060/23865 | Loss 0.1007 | LR 1.97e-05 | samples_seen=40972
2026-05-15 20:24:31,151  INFO  Epoch 1 | Step 5060/23865 | Loss 0.1116 | LR 1.97e-05 | samples_seen=40974
2026-05-15 20:25:06,716  INFO  Epoch 1 | Step 5070/23865 | Loss 4.7243 | LR 1.97e-05 | samples_seen=41120
2026-05-15 20:25:07,215  INFO  Epoch 1 | Step 5070/23865 | Loss 0.0814 | LR 1.97e-05 | samples_seen=41122
2026-05-15 20:25:08,125  INFO  Epoch 1 | Step 5070/23865 | Loss 0.0632 | LR 1.97e-05 | samples_seen=41124
2026-05-15 20:25:08,676  INFO  Epoch 1 | Step 5070/23865 | Loss 0.0558 | LR 1.97e-05 | samples_seen=41126
2026-05-15 20:25:09,280  INFO  Epoch 1 | Step 5070/23865 | Loss 0.0555 | LR 1.97e-05 | samples_seen=41128
2026-05-15 20:25:09,581  INFO  Epoch 1 | Step 5070/23865 | Loss 0.1067 | LR 1.97e-05 | samples_seen=41130
2026-05-15 20:25:10,242  INFO  Epoch 1 | Step 5070/23865 | Loss 0.0998 | LR 1.97e-05 | samples_seen=41132
2026-05-15 20:25:10,608  INFO  Epoch 1 | Step 5070/23865 | Loss 0.0746 | LR 1.97e-05 | samples_seen=41134
2026-05-15 20:25:48,962  INFO  Epoch 1 | Step 5080/23865 | Loss 5.2553 | LR 1.97e-05 | samples_seen=41280
2026-05-15 20:25:49,302  INFO  Epoch 1 | Step 5080/23865 | Loss 0.0297 | LR 1.97e-05 | samples_seen=41282
2026-05-15 20:25:49,955  INFO  Epoch 1 | Step 5080/23865 | Loss 0.0752 | LR 1.97e-05 | samples_seen=41284
2026-05-15 20:25:50,597  INFO  Epoch 1 | Step 5080/23865 | Loss 0.0608 | LR 1.97e-05 | samples_seen=41286
2026-05-15 20:25:50,955  INFO  Epoch 1 | Step 5080/23865 | Loss 0.0616 | LR 1.97e-05 | samples_seen=41288
2026-05-15 20:25:51,261  INFO  Epoch 1 | Step 5080/23865 | Loss 0.1366 | LR 1.97e-05 | samples_seen=41290
2026-05-15 20:25:51,863  INFO  Epoch 1 | Step 5080/23865 | Loss 0.0446 | LR 1.97e-05 | samples_seen=41292
2026-05-15 20:25:52,156  INFO  Epoch 1 | Step 5080/23865 | Loss 0.0888 | LR 1.97e-05 | samples_seen=41294
2026-05-15 20:26:28,946  INFO  Epoch 1 | Step 5090/23865 | Loss 4.7497 | LR 1.97e-05 | samples_seen=41440
2026-05-15 20:26:29,380  INFO  Epoch 1 | Step 5090/23865 | Loss 0.0406 | LR 1.97e-05 | samples_seen=41442
2026-05-15 20:26:29,822  INFO  Epoch 1 | Step 5090/23865 | Loss 0.0403 | LR 1.97e-05 | samples_seen=41444
2026-05-15 20:26:30,503  INFO  Epoch 1 | Step 5090/23865 | Loss 0.0765 | LR 1.97e-05 | samples_seen=41446
2026-05-15 20:26:31,050  INFO  Epoch 1 | Step 5090/23865 | Loss 0.0441 | LR 1.97e-05 | samples_seen=41448
2026-05-15 20:26:31,586  INFO  Epoch 1 | Step 5090/23865 | Loss 0.0184 | LR 1.97e-05 | samples_seen=41450
2026-05-15 20:26:31,882  INFO  Epoch 1 | Step 5090/23865 | Loss 0.1482 | LR 1.97e-05 | samples_seen=41452
2026-05-15 20:26:32,365  INFO  Epoch 1 | Step 5090/23865 | Loss 0.0599 | LR 1.97e-05 | samples_seen=41454
2026-05-15 20:27:11,200  INFO  Epoch 1 | Step 5100/23865 | Loss 5.2268 | LR 1.97e-05 | samples_seen=41600
2026-05-15 20:27:11,458  INFO  Epoch 1 | Step 5100/23865 | Loss 0.0329 | LR 1.97e-05 | samples_seen=41602
2026-05-15 20:27:11,773  INFO  Epoch 1 | Step 5100/23865 | Loss 0.1319 | LR 1.97e-05 | samples_seen=41604
2026-05-15 20:27:12,223  INFO  Epoch 1 | Step 5100/23865 | Loss 0.0988 | LR 1.97e-05 | samples_seen=41606
2026-05-15 20:27:12,701  INFO  Epoch 1 | Step 5100/23865 | Loss 0.0752 | LR 1.97e-05 | samples_seen=41608
2026-05-15 20:27:13,060  INFO  Epoch 1 | Step 5100/23865 | Loss 0.0355 | LR 1.97e-05 | samples_seen=41610
2026-05-15 20:27:13,731  INFO  Epoch 1 | Step 5100/23865 | Loss 0.0577 | LR 1.97e-05 | samples_seen=41612
2026-05-15 20:27:14,189  INFO  Epoch 1 | Step 5100/23865 | Loss 0.1496 | LR 1.97e-05 | samples_seen=41614
2026-05-15 20:27:50,524  INFO  Epoch 1 | Step 5110/23865 | Loss 5.8063 | LR 1.97e-05 | samples_seen=41760
2026-05-15 20:27:51,021  INFO  Epoch 1 | Step 5110/23865 | Loss 0.0750 | LR 1.97e-05 | samples_seen=41762
2026-05-15 20:27:51,494  INFO  Epoch 1 | Step 5110/23865 | Loss 0.0304 | LR 1.97e-05 | samples_seen=41764
2026-05-15 20:27:51,974  INFO  Epoch 1 | Step 5110/23865 | Loss 0.0512 | LR 1.97e-05 | samples_seen=41766
2026-05-15 20:27:52,570  INFO  Epoch 1 | Step 5110/23865 | Loss 0.0781 | LR 1.97e-05 | samples_seen=41768
2026-05-15 20:27:52,852  INFO  Epoch 1 | Step 5110/23865 | Loss 0.1204 | LR 1.97e-05 | samples_seen=41770
2026-05-15 20:27:53,314  INFO  Epoch 1 | Step 5110/23865 | Loss 0.0551 | LR 1.97e-05 | samples_seen=41772
2026-05-15 20:27:53,975  INFO  Epoch 1 | Step 5110/23865 | Loss 0.0733 | LR 1.97e-05 | samples_seen=41774
2026-05-15 20:28:29,039  INFO  Epoch 1 | Step 5120/23865 | Loss 5.4636 | LR 1.97e-05 | samples_seen=41920
2026-05-15 20:28:29,444  INFO  Epoch 1 | Step 5120/23865 | Loss 0.0438 | LR 1.97e-05 | samples_seen=41922
2026-05-15 20:28:30,105  INFO  Epoch 1 | Step 5120/23865 | Loss 0.0575 | LR 1.97e-05 | samples_seen=41924
2026-05-15 20:28:30,489  INFO  Epoch 1 | Step 5120/23865 | Loss 0.0627 | LR 1.97e-05 | samples_seen=41926
2026-05-15 20:28:30,950  INFO  Epoch 1 | Step 5120/23865 | Loss 0.0785 | LR 1.97e-05 | samples_seen=41928
2026-05-15 20:28:31,257  INFO  Epoch 1 | Step 5120/23865 | Loss 0.1086 | LR 1.97e-05 | samples_seen=41930
2026-05-15 20:28:31,973  INFO  Epoch 1 | Step 5120/23865 | Loss 0.0432 | LR 1.97e-05 | samples_seen=41932
2026-05-15 20:28:32,695  INFO  Epoch 1 | Step 5120/23865 | Loss 0.0301 | LR 1.97e-05 | samples_seen=41934
2026-05-15 20:29:08,126  INFO  Epoch 1 | Step 5130/23865 | Loss 5.1272 | LR 1.97e-05 | samples_seen=42080
2026-05-15 20:29:08,396  INFO  Epoch 1 | Step 5130/23865 | Loss 0.0542 | LR 1.97e-05 | samples_seen=42082
2026-05-15 20:29:08,682  INFO  Epoch 1 | Step 5130/23865 | Loss 0.1399 | LR 1.97e-05 | samples_seen=42084
2026-05-15 20:29:09,069  INFO  Epoch 1 | Step 5130/23865 | Loss 0.0866 | LR 1.97e-05 | samples_seen=42086
2026-05-15 20:29:09,281  INFO  Epoch 1 | Step 5130/23865 | Loss 0.1579 | LR 1.97e-05 | samples_seen=42088
2026-05-15 20:29:09,695  INFO  Epoch 1 | Step 5130/23865 | Loss 0.1396 | LR 1.97e-05 | samples_seen=42090
2026-05-15 20:29:09,901  INFO  Epoch 1 | Step 5130/23865 | Loss 0.0842 | LR 1.97e-05 | samples_seen=42092
2026-05-15 20:29:10,395  INFO  Epoch 1 | Step 5130/23865 | Loss 0.0730 | LR 1.97e-05 | samples_seen=42094
2026-05-15 20:29:46,575  INFO  Epoch 1 | Step 5140/23865 | Loss 5.2599 | LR 1.97e-05 | samples_seen=42240
2026-05-15 20:29:47,211  INFO  Epoch 1 | Step 5140/23865 | Loss 0.0438 | LR 1.97e-05 | samples_seen=42242
2026-05-15 20:29:47,705  INFO  Epoch 1 | Step 5140/23865 | Loss 0.0878 | LR 1.97e-05 | samples_seen=42244
2026-05-15 20:29:48,000  INFO  Epoch 1 | Step 5140/23865 | Loss 0.0782 | LR 1.97e-05 | samples_seen=42246
2026-05-15 20:29:48,294  INFO  Epoch 1 | Step 5140/23865 | Loss 0.0776 | LR 1.97e-05 | samples_seen=42248
2026-05-15 20:29:48,961  INFO  Epoch 1 | Step 5140/23865 | Loss 0.0454 | LR 1.97e-05 | samples_seen=42250
2026-05-15 20:29:49,218  INFO  Epoch 1 | Step 5140/23865 | Loss 0.0985 | LR 1.97e-05 | samples_seen=42252
2026-05-15 20:29:49,515  INFO  Epoch 1 | Step 5140/23865 | Loss 0.1391 | LR 1.97e-05 | samples_seen=42254
2026-05-15 20:34:06,965  INFO  Checkpoint saved → ../checkpoints/stage2_l40/step5149 | global_step=5149 | samples_seen=42384
2026-05-15 20:34:10,227  INFO  Epoch 1 | Step 5150/23865 | Loss 5.3664 | LR 1.97e-05 | samples_seen=42400
2026-05-15 20:34:10,477  INFO  Epoch 1 | Step 5150/23865 | Loss 0.1365 | LR 1.97e-05 | samples_seen=42402
2026-05-15 20:34:10,736  INFO  Epoch 1 | Step 5150/23865 | Loss 0.1330 | LR 1.97e-05 | samples_seen=42404
2026-05-15 20:34:11,266  INFO  Epoch 1 | Step 5150/23865 | Loss 0.0390 | LR 1.97e-05 | samples_seen=42406
2026-05-15 20:34:11,863  INFO  Epoch 1 | Step 5150/23865 | Loss 0.0471 | LR 1.97e-05 | samples_seen=42408
2026-05-15 20:34:12,181  INFO  Epoch 1 | Step 5150/23865 | Loss 0.0478 | LR 1.97e-05 | samples_seen=42410
2026-05-15 20:34:12,455  INFO  Epoch 1 | Step 5150/23865 | Loss 0.1083 | LR 1.97e-05 | samples_seen=42412
2026-05-15 20:34:12,732  INFO  Epoch 1 | Step 5150/23865 | Loss 0.1018 | LR 1.97e-05 | samples_seen=42414
2026-05-15 20:34:48,702  INFO  Epoch 1 | Step 5160/23865 | Loss 5.1720 | LR 1.97e-05 | samples_seen=42560
2026-05-15 20:34:49,076  INFO  Epoch 1 | Step 5160/23865 | Loss 0.0577 | LR 1.97e-05 | samples_seen=42562
2026-05-15 20:34:49,484  INFO  Epoch 1 | Step 5160/23865 | Loss 0.0482 | LR 1.97e-05 | samples_seen=42564
2026-05-15 20:34:49,773  INFO  Epoch 1 | Step 5160/23865 | Loss 0.1343 | LR 1.97e-05 | samples_seen=42566
2026-05-15 20:34:50,466  INFO  Epoch 1 | Step 5160/23865 | Loss 0.0493 | LR 1.97e-05 | samples_seen=42568
2026-05-15 20:34:51,085  INFO  Epoch 1 | Step 5160/23865 | Loss 0.0647 | LR 1.97e-05 | samples_seen=42570
2026-05-15 20:34:51,457  INFO  Epoch 1 | Step 5160/23865 | Loss 0.0474 | LR 1.97e-05 | samples_seen=42572
2026-05-15 20:34:51,776  INFO  Epoch 1 | Step 5160/23865 | Loss 0.0788 | LR 1.97e-05 | samples_seen=42574
2026-05-15 20:35:27,439  INFO  Epoch 1 | Step 5170/23865 | Loss 5.3654 | LR 1.97e-05 | samples_seen=42720
2026-05-15 20:35:27,828  INFO  Epoch 1 | Step 5170/23865 | Loss 0.0699 | LR 1.97e-05 | samples_seen=42722
2026-05-15 20:35:28,392  INFO  Epoch 1 | Step 5170/23865 | Loss 0.0618 | LR 1.97e-05 | samples_seen=42724
2026-05-15 20:35:28,999  INFO  Epoch 1 | Step 5170/23865 | Loss 0.0442 | LR 1.97e-05 | samples_seen=42726
2026-05-15 20:35:29,283  INFO  Epoch 1 | Step 5170/23865 | Loss 0.1080 | LR 1.97e-05 | samples_seen=42728
2026-05-15 20:35:29,654  INFO  Epoch 1 | Step 5170/23865 | Loss 0.0697 | LR 1.97e-05 | samples_seen=42730
2026-05-15 20:35:30,002  INFO  Epoch 1 | Step 5170/23865 | Loss 0.1231 | LR 1.97e-05 | samples_seen=42732
2026-05-15 20:35:30,325  INFO  Epoch 1 | Step 5170/23865 | Loss 0.0956 | LR 1.97e-05 | samples_seen=42734
2026-05-15 20:36:07,155  INFO  Epoch 1 | Step 5180/23865 | Loss 4.8955 | LR 1.96e-05 | samples_seen=42880
2026-05-15 20:36:07,481  INFO  Epoch 1 | Step 5180/23865 | Loss 0.0278 | LR 1.96e-05 | samples_seen=42882
2026-05-15 20:36:07,933  INFO  Epoch 1 | Step 5180/23865 | Loss 0.0514 | LR 1.96e-05 | samples_seen=42884
2026-05-15 20:36:08,314  INFO  Epoch 1 | Step 5180/23865 | Loss 0.0585 | LR 1.96e-05 | samples_seen=42886
2026-05-15 20:36:08,602  INFO  Epoch 1 | Step 5180/23865 | Loss 0.0864 | LR 1.96e-05 | samples_seen=42888
2026-05-15 20:36:09,317  INFO  Epoch 1 | Step 5180/23865 | Loss 0.0715 | LR 1.96e-05 | samples_seen=42890
2026-05-15 20:36:09,698  INFO  Epoch 1 | Step 5180/23865 | Loss 0.0340 | LR 1.96e-05 | samples_seen=42892
2026-05-15 20:36:10,298  INFO  Epoch 1 | Step 5180/23865 | Loss 0.0814 | LR 1.96e-05 | samples_seen=42894
2026-05-15 20:36:45,242  INFO  Epoch 1 | Step 5190/23865 | Loss 5.5062 | LR 1.96e-05 | samples_seen=43040
2026-05-15 20:36:45,650  INFO  Epoch 1 | Step 5190/23865 | Loss 0.0252 | LR 1.96e-05 | samples_seen=43042
2026-05-15 20:36:46,555  INFO  Epoch 1 | Step 5190/23865 | Loss 0.0383 | LR 1.96e-05 | samples_seen=43044
2026-05-15 20:36:47,092  INFO  Epoch 1 | Step 5190/23865 | Loss 0.0744 | LR 1.96e-05 | samples_seen=43046
2026-05-15 20:36:47,513  INFO  Epoch 1 | Step 5190/23865 | Loss 0.0272 | LR 1.96e-05 | samples_seen=43048
2026-05-15 20:36:47,801  INFO  Epoch 1 | Step 5190/23865 | Loss 0.1376 | LR 1.96e-05 | samples_seen=43050
2026-05-15 20:36:48,577  INFO  Epoch 1 | Step 5190/23865 | Loss 0.1104 | LR 1.96e-05 | samples_seen=43052
2026-05-15 20:36:49,153  INFO  Epoch 1 | Step 5190/23865 | Loss 0.0912 | LR 1.96e-05 | samples_seen=43054
2026-05-15 20:37:27,066  INFO  Epoch 1 | Step 5200/23865 | Loss 4.7060 | LR 1.96e-05 | samples_seen=43200
2026-05-15 20:37:27,329  INFO  Epoch 1 | Step 5200/23865 | Loss 0.1322 | LR 1.96e-05 | samples_seen=43202
2026-05-15 20:37:27,986  INFO  Epoch 1 | Step 5200/23865 | Loss 0.0414 | LR 1.96e-05 | samples_seen=43204
2026-05-15 20:37:28,400  INFO  Epoch 1 | Step 5200/23865 | Loss 0.0327 | LR 1.96e-05 | samples_seen=43206
2026-05-15 20:37:29,110  INFO  Epoch 1 | Step 5200/23865 | Loss 0.0693 | LR 1.96e-05 | samples_seen=43208
2026-05-15 20:37:29,829  INFO  Epoch 1 | Step 5200/23865 | Loss 0.1466 | LR 1.96e-05 | samples_seen=43210
2026-05-15 20:37:30,275  INFO  Epoch 1 | Step 5200/23865 | Loss 0.0838 | LR 1.96e-05 | samples_seen=43212
2026-05-15 20:37:30,719  INFO  Epoch 1 | Step 5200/23865 | Loss 0.0447 | LR 1.96e-05 | samples_seen=43214
2026-05-15 20:38:06,668  INFO  Epoch 1 | Step 5210/23865 | Loss 4.9730 | LR 1.96e-05 | samples_seen=43360
2026-05-15 20:38:07,379  INFO  Epoch 1 | Step 5210/23865 | Loss 0.0238 | LR 1.96e-05 | samples_seen=43362
2026-05-15 20:38:07,790  INFO  Epoch 1 | Step 5210/23865 | Loss 0.0500 | LR 1.96e-05 | samples_seen=43364
2026-05-15 20:38:08,157  INFO  Epoch 1 | Step 5210/23865 | Loss 0.0280 | LR 1.96e-05 | samples_seen=43366
2026-05-15 20:38:08,455  INFO  Epoch 1 | Step 5210/23865 | Loss 0.0865 | LR 1.96e-05 | samples_seen=43368
2026-05-15 20:38:09,359  INFO  Epoch 1 | Step 5210/23865 | Loss 0.0434 | LR 1.96e-05 | samples_seen=43370
2026-05-15 20:38:09,773  INFO  Epoch 1 | Step 5210/23865 | Loss 0.0477 | LR 1.96e-05 | samples_seen=43372
2026-05-15 20:38:10,136  INFO  Epoch 1 | Step 5210/23865 | Loss 0.0595 | LR 1.96e-05 | samples_seen=43374
2026-05-15 20:38:48,990  INFO  Epoch 1 | Step 5220/23865 | Loss 5.0821 | LR 1.96e-05 | samples_seen=43520
2026-05-15 20:38:49,373  INFO  Epoch 1 | Step 5220/23865 | Loss 0.0926 | LR 1.96e-05 | samples_seen=43522
2026-05-15 20:38:49,829  INFO  Epoch 1 | Step 5220/23865 | Loss 0.0684 | LR 1.96e-05 | samples_seen=43524
2026-05-15 20:38:50,309  INFO  Epoch 1 | Step 5220/23865 | Loss 0.1022 | LR 1.96e-05 | samples_seen=43526
2026-05-15 20:38:50,752  INFO  Epoch 1 | Step 5220/23865 | Loss 0.0554 | LR 1.96e-05 | samples_seen=43528
2026-05-15 20:38:51,297  INFO  Epoch 1 | Step 5220/23865 | Loss 0.2051 | LR 1.96e-05 | samples_seen=43530
2026-05-15 20:38:51,821  INFO  Epoch 1 | Step 5220/23865 | Loss 0.0360 | LR 1.96e-05 | samples_seen=43532
2026-05-15 20:38:52,436  INFO  Epoch 1 | Step 5220/23865 | Loss 0.0942 | LR 1.96e-05 | samples_seen=43534
2026-05-15 20:39:28,416  INFO  Epoch 1 | Step 5230/23865 | Loss 5.4158 | LR 1.96e-05 | samples_seen=43680
2026-05-15 20:39:28,819  INFO  Epoch 1 | Step 5230/23865 | Loss 0.0348 | LR 1.96e-05 | samples_seen=43682
2026-05-15 20:39:29,169  INFO  Epoch 1 | Step 5230/23865 | Loss 0.0374 | LR 1.96e-05 | samples_seen=43684
2026-05-15 20:39:29,463  INFO  Epoch 1 | Step 5230/23865 | Loss 0.1299 | LR 1.96e-05 | samples_seen=43686
2026-05-15 20:39:29,895  INFO  Epoch 1 | Step 5230/23865 | Loss 0.1003 | LR 1.96e-05 | samples_seen=43688
2026-05-15 20:39:30,229  INFO  Epoch 1 | Step 5230/23865 | Loss 0.1386 | LR 1.96e-05 | samples_seen=43690
2026-05-15 20:39:30,678  INFO  Epoch 1 | Step 5230/23865 | Loss 0.0646 | LR 1.96e-05 | samples_seen=43692
2026-05-15 20:39:31,014  INFO  Epoch 1 | Step 5230/23865 | Loss 0.0963 | LR 1.96e-05 | samples_seen=43694
2026-05-15 20:40:09,565  INFO  Epoch 1 | Step 5240/23865 | Loss 4.9509 | LR 1.96e-05 | samples_seen=43840
2026-05-15 20:40:10,244  INFO  Epoch 1 | Step 5240/23865 | Loss 0.0634 | LR 1.96e-05 | samples_seen=43842
2026-05-15 20:40:10,743  INFO  Epoch 1 | Step 5240/23865 | Loss 0.0545 | LR 1.96e-05 | samples_seen=43844
2026-05-15 20:40:11,576  INFO  Epoch 1 | Step 5240/23865 | Loss 0.0482 | LR 1.96e-05 | samples_seen=43846
2026-05-15 20:40:12,422  INFO  Epoch 1 | Step 5240/23865 | Loss 0.0925 | LR 1.96e-05 | samples_seen=43848
2026-05-15 20:40:12,720  INFO  Epoch 1 | Step 5240/23865 | Loss 0.0582 | LR 1.96e-05 | samples_seen=43850
2026-05-15 20:40:13,146  INFO  Epoch 1 | Step 5240/23865 | Loss 0.0629 | LR 1.96e-05 | samples_seen=43852
2026-05-15 20:40:13,744  INFO  Epoch 1 | Step 5240/23865 | Loss 0.0970 | LR 1.96e-05 | samples_seen=43854
2026-05-15 20:40:48,850  INFO  Epoch 1 | Step 5250/23865 | Loss 5.1201 | LR 1.96e-05 | samples_seen=44000
2026-05-15 20:40:49,298  INFO  Epoch 1 | Step 5250/23865 | Loss 0.0511 | LR 1.96e-05 | samples_seen=44002
2026-05-15 20:40:49,701  INFO  Epoch 1 | Step 5250/23865 | Loss 0.0783 | LR 1.96e-05 | samples_seen=44004
2026-05-15 20:40:50,165  INFO  Epoch 1 | Step 5250/23865 | Loss 0.0682 | LR 1.96e-05 | samples_seen=44006
2026-05-15 20:40:50,642  INFO  Epoch 1 | Step 5250/23865 | Loss 0.0261 | LR 1.96e-05 | samples_seen=44008
2026-05-15 20:40:51,082  INFO  Epoch 1 | Step 5250/23865 | Loss 0.0400 | LR 1.96e-05 | samples_seen=44010
2026-05-15 20:40:51,452  INFO  Epoch 1 | Step 5250/23865 | Loss 0.0738 | LR 1.96e-05 | samples_seen=44012
2026-05-15 20:40:51,733  INFO  Epoch 1 | Step 5250/23865 | Loss 0.1343 | LR 1.96e-05 | samples_seen=44014
2026-05-15 20:41:26,582  INFO  Epoch 1 | Step 5260/23865 | Loss 4.9759 | LR 1.96e-05 | samples_seen=44160
2026-05-15 20:41:26,850  INFO  Epoch 1 | Step 5260/23865 | Loss 0.1270 | LR 1.96e-05 | samples_seen=44162
2026-05-15 20:41:27,231  INFO  Epoch 1 | Step 5260/23865 | Loss 0.0501 | LR 1.96e-05 | samples_seen=44164
2026-05-15 20:41:27,717  INFO  Epoch 1 | Step 5260/23865 | Loss 0.0298 | LR 1.96e-05 | samples_seen=44166
2026-05-15 20:41:28,193  INFO  Epoch 1 | Step 5260/23865 | Loss 0.0662 | LR 1.96e-05 | samples_seen=44168
2026-05-15 20:41:28,640  INFO  Epoch 1 | Step 5260/23865 | Loss 0.0842 | LR 1.96e-05 | samples_seen=44170
2026-05-15 20:41:29,117  INFO  Epoch 1 | Step 5260/23865 | Loss 0.0399 | LR 1.96e-05 | samples_seen=44172
2026-05-15 20:41:29,478  INFO  Epoch 1 | Step 5260/23865 | Loss 0.0663 | LR 1.96e-05 | samples_seen=44174
2026-05-15 20:42:07,990  INFO  Epoch 1 | Step 5270/23865 | Loss 4.9497 | LR 1.96e-05 | samples_seen=44320
2026-05-15 20:42:08,376  INFO  Epoch 1 | Step 5270/23865 | Loss 0.0579 | LR 1.96e-05 | samples_seen=44322
2026-05-15 20:42:08,765  INFO  Epoch 1 | Step 5270/23865 | Loss 0.0392 | LR 1.96e-05 | samples_seen=44324
2026-05-15 20:42:09,072  INFO  Epoch 1 | Step 5270/23865 | Loss 0.1072 | LR 1.96e-05 | samples_seen=44326
2026-05-15 20:42:09,519  INFO  Epoch 1 | Step 5270/23865 | Loss 0.1058 | LR 1.96e-05 | samples_seen=44328
2026-05-15 20:42:09,984  INFO  Epoch 1 | Step 5270/23865 | Loss 0.0326 | LR 1.96e-05 | samples_seen=44330
2026-05-15 20:42:10,383  INFO  Epoch 1 | Step 5270/23865 | Loss 0.0850 | LR 1.96e-05 | samples_seen=44332
2026-05-15 20:42:10,967  INFO  Epoch 1 | Step 5270/23865 | Loss 0.1806 | LR 1.96e-05 | samples_seen=44334
2026-05-15 20:42:47,759  INFO  Epoch 1 | Step 5280/23865 | Loss 5.0371 | LR 1.96e-05 | samples_seen=44480
2026-05-15 20:42:48,266  INFO  Epoch 1 | Step 5280/23865 | Loss 0.0322 | LR 1.96e-05 | samples_seen=44482
2026-05-15 20:42:48,762  INFO  Epoch 1 | Step 5280/23865 | Loss 0.0281 | LR 1.96e-05 | samples_seen=44484
2026-05-15 20:42:49,294  INFO  Epoch 1 | Step 5280/23865 | Loss 0.0407 | LR 1.96e-05 | samples_seen=44486
2026-05-15 20:42:49,592  INFO  Epoch 1 | Step 5280/23865 | Loss 0.1219 | LR 1.96e-05 | samples_seen=44488
2026-05-15 20:42:50,081  INFO  Epoch 1 | Step 5280/23865 | Loss 0.0478 | LR 1.96e-05 | samples_seen=44490
2026-05-15 20:42:50,868  INFO  Epoch 1 | Step 5280/23865 | Loss 0.1056 | LR 1.96e-05 | samples_seen=44492
2026-05-15 20:42:51,407  INFO  Epoch 1 | Step 5280/23865 | Loss 0.0584 | LR 1.96e-05 | samples_seen=44494
2026-05-15 20:43:28,690  INFO  Epoch 1 | Step 5290/23865 | Loss 5.4352 | LR 1.96e-05 | samples_seen=44640
2026-05-15 20:43:29,300  INFO  Epoch 1 | Step 5290/23865 | Loss 0.0842 | LR 1.96e-05 | samples_seen=44642
2026-05-15 20:43:29,605  INFO  Epoch 1 | Step 5290/23865 | Loss 0.0772 | LR 1.96e-05 | samples_seen=44644
2026-05-15 20:43:30,472  INFO  Epoch 1 | Step 5290/23865 | Loss 0.0528 | LR 1.96e-05 | samples_seen=44646
2026-05-15 20:43:30,765  INFO  Epoch 1 | Step 5290/23865 | Loss 0.1296 | LR 1.96e-05 | samples_seen=44648
2026-05-15 20:43:31,045  INFO  Epoch 1 | Step 5290/23865 | Loss 0.0882 | LR 1.96e-05 | samples_seen=44650
2026-05-15 20:43:31,462  INFO  Epoch 1 | Step 5290/23865 | Loss 0.0837 | LR 1.96e-05 | samples_seen=44652
2026-05-15 20:43:31,890  INFO  Epoch 1 | Step 5290/23865 | Loss 0.0664 | LR 1.96e-05 | samples_seen=44654
2026-05-15 20:44:08,403  INFO  Epoch 1 | Step 5300/23865 | Loss 4.9385 | LR 1.96e-05 | samples_seen=44800
2026-05-15 20:44:08,740  INFO  Epoch 1 | Step 5300/23865 | Loss 0.0333 | LR 1.96e-05 | samples_seen=44802
2026-05-15 20:44:09,396  INFO  Epoch 1 | Step 5300/23865 | Loss 0.0422 | LR 1.96e-05 | samples_seen=44804
2026-05-15 20:44:09,835  INFO  Epoch 1 | Step 5300/23865 | Loss 0.0294 | LR 1.96e-05 | samples_seen=44806
2026-05-15 20:44:10,270  INFO  Epoch 1 | Step 5300/23865 | Loss 0.0677 | LR 1.96e-05 | samples_seen=44808
2026-05-15 20:44:10,558  INFO  Epoch 1 | Step 5300/23865 | Loss 0.1300 | LR 1.96e-05 | samples_seen=44810
2026-05-15 20:44:11,272  INFO  Epoch 1 | Step 5300/23865 | Loss 0.0931 | LR 1.96e-05 | samples_seen=44812
2026-05-15 20:44:11,713  INFO  Epoch 1 | Step 5300/23865 | Loss 0.0529 | LR 1.96e-05 | samples_seen=44814
2026-05-15 20:44:48,980  INFO  Epoch 1 | Step 5310/23865 | Loss 5.3852 | LR 1.96e-05 | samples_seen=44960
2026-05-15 20:44:49,527  INFO  Epoch 1 | Step 5310/23865 | Loss 0.0680 | LR 1.96e-05 | samples_seen=44962
2026-05-15 20:44:49,936  INFO  Epoch 1 | Step 5310/23865 | Loss 0.0416 | LR 1.96e-05 | samples_seen=44964
2026-05-15 20:44:50,598  INFO  Epoch 1 | Step 5310/23865 | Loss 0.0267 | LR 1.96e-05 | samples_seen=44966
2026-05-15 20:44:50,887  INFO  Epoch 1 | Step 5310/23865 | Loss 0.1092 | LR 1.96e-05 | samples_seen=44968
2026-05-15 20:44:51,337  INFO  Epoch 1 | Step 5310/23865 | Loss 0.0622 | LR 1.96e-05 | samples_seen=44970
2026-05-15 20:44:52,052  INFO  Epoch 1 | Step 5310/23865 | Loss 0.0383 | LR 1.96e-05 | samples_seen=44972
2026-05-15 20:44:52,822  INFO  Epoch 1 | Step 5310/23865 | Loss 0.0399 | LR 1.96e-05 | samples_seen=44974
2026-05-15 20:45:30,480  INFO  Epoch 1 | Step 5320/23865 | Loss 5.4234 | LR 1.96e-05 | samples_seen=45120
2026-05-15 20:45:31,024  INFO  Epoch 1 | Step 5320/23865 | Loss 0.0304 | LR 1.96e-05 | samples_seen=45122
2026-05-15 20:45:31,578  INFO  Epoch 1 | Step 5320/23865 | Loss 0.0347 | LR 1.96e-05 | samples_seen=45124
2026-05-15 20:45:32,141  INFO  Epoch 1 | Step 5320/23865 | Loss 0.0668 | LR 1.96e-05 | samples_seen=45126
2026-05-15 20:45:32,689  INFO  Epoch 1 | Step 5320/23865 | Loss 0.0853 | LR 1.96e-05 | samples_seen=45128
2026-05-15 20:45:32,953  INFO  Epoch 1 | Step 5320/23865 | Loss 0.1528 | LR 1.96e-05 | samples_seen=45130
2026-05-15 20:45:33,487  INFO  Epoch 1 | Step 5320/23865 | Loss 0.0574 | LR 1.96e-05 | samples_seen=45132
2026-05-15 20:45:33,935  INFO  Epoch 1 | Step 5320/23865 | Loss 0.0618 | LR 1.96e-05 | samples_seen=45134
2026-05-15 20:46:09,931  INFO  Epoch 1 | Step 5330/23865 | Loss 5.5177 | LR 1.96e-05 | samples_seen=45280
2026-05-15 20:46:10,362  INFO  Epoch 1 | Step 5330/23865 | Loss 0.0840 | LR 1.96e-05 | samples_seen=45282
2026-05-15 20:46:10,848  INFO  Epoch 1 | Step 5330/23865 | Loss 0.0379 | LR 1.96e-05 | samples_seen=45284
2026-05-15 20:46:11,293  INFO  Epoch 1 | Step 5330/23865 | Loss 0.0286 | LR 1.96e-05 | samples_seen=45286
2026-05-15 20:46:11,825  INFO  Epoch 1 | Step 5330/23865 | Loss 0.0704 | LR 1.96e-05 | samples_seen=45288
2026-05-15 20:46:12,422  INFO  Epoch 1 | Step 5330/23865 | Loss 0.0633 | LR 1.96e-05 | samples_seen=45290
2026-05-15 20:46:12,947  INFO  Epoch 1 | Step 5330/23865 | Loss 0.0390 | LR 1.96e-05 | samples_seen=45292
2026-05-15 20:46:13,533  INFO  Epoch 1 | Step 5330/23865 | Loss 0.0377 | LR 1.96e-05 | samples_seen=45294
2026-05-15 20:46:50,358  INFO  Epoch 1 | Step 5340/23865 | Loss 5.9386 | LR 1.96e-05 | samples_seen=45440
2026-05-15 20:46:50,618  INFO  Epoch 1 | Step 5340/23865 | Loss 0.0896 | LR 1.96e-05 | samples_seen=45442
2026-05-15 20:46:51,413  INFO  Epoch 1 | Step 5340/23865 | Loss 0.1097 | LR 1.96e-05 | samples_seen=45444
2026-05-15 20:46:51,865  INFO  Epoch 1 | Step 5340/23865 | Loss 0.0823 | LR 1.96e-05 | samples_seen=45446
2026-05-15 20:46:52,449  INFO  Epoch 1 | Step 5340/23865 | Loss 0.0734 | LR 1.96e-05 | samples_seen=45448
2026-05-15 20:46:53,005  INFO  Epoch 1 | Step 5340/23865 | Loss 0.0545 | LR 1.96e-05 | samples_seen=45450
2026-05-15 20:46:53,492  INFO  Epoch 1 | Step 5340/23865 | Loss 0.0383 | LR 1.96e-05 | samples_seen=45452
2026-05-15 20:46:53,795  INFO  Epoch 1 | Step 5340/23865 | Loss 0.0504 | LR 1.96e-05 | samples_seen=45454
2026-05-15 20:47:29,794  INFO  Epoch 1 | Step 5350/23865 | Loss 5.1342 | LR 1.96e-05 | samples_seen=45600
2026-05-15 20:47:30,039  INFO  Epoch 1 | Step 5350/23865 | Loss 0.1290 | LR 1.96e-05 | samples_seen=45602
2026-05-15 20:47:30,808  INFO  Epoch 1 | Step 5350/23865 | Loss 0.0203 | LR 1.96e-05 | samples_seen=45604
2026-05-15 20:47:31,339  INFO  Epoch 1 | Step 5350/23865 | Loss 0.0555 | LR 1.96e-05 | samples_seen=45606
2026-05-15 20:47:31,713  INFO  Epoch 1 | Step 5350/23865 | Loss 0.0626 | LR 1.96e-05 | samples_seen=45608
2026-05-15 20:47:32,347  INFO  Epoch 1 | Step 5350/23865 | Loss 0.0743 | LR 1.96e-05 | samples_seen=45610
2026-05-15 20:47:33,070  INFO  Epoch 1 | Step 5350/23865 | Loss 0.0337 | LR 1.96e-05 | samples_seen=45612
2026-05-15 20:47:33,664  INFO  Epoch 1 | Step 5350/23865 | Loss 0.1287 | LR 1.96e-05 | samples_seen=45614
2026-05-15 20:48:07,817  INFO  Epoch 1 | Step 5360/23865 | Loss 5.3627 | LR 1.96e-05 | samples_seen=45760
2026-05-15 20:48:08,145  INFO  Epoch 1 | Step 5360/23865 | Loss 0.0755 | LR 1.96e-05 | samples_seen=45762
2026-05-15 20:48:08,865  INFO  Epoch 1 | Step 5360/23865 | Loss 0.1170 | LR 1.96e-05 | samples_seen=45764
2026-05-15 20:48:09,316  INFO  Epoch 1 | Step 5360/23865 | Loss 0.1074 | LR 1.96e-05 | samples_seen=45766
2026-05-15 20:48:09,725  INFO  Epoch 1 | Step 5360/23865 | Loss 0.0756 | LR 1.96e-05 | samples_seen=45768
2026-05-15 20:48:10,014  INFO  Epoch 1 | Step 5360/23865 | Loss 0.0988 | LR 1.96e-05 | samples_seen=45770
2026-05-15 20:48:10,926  INFO  Epoch 1 | Step 5360/23865 | Loss 0.0714 | LR 1.96e-05 | samples_seen=45772
2026-05-15 20:48:11,194  INFO  Epoch 1 | Step 5360/23865 | Loss 0.1745 | LR 1.96e-05 | samples_seen=45774
2026-05-15 20:48:47,254  INFO  Epoch 1 | Step 5370/23865 | Loss 5.1356 | LR 1.96e-05 | samples_seen=45920
2026-05-15 20:48:47,666  INFO  Epoch 1 | Step 5370/23865 | Loss 0.0461 | LR 1.96e-05 | samples_seen=45922
2026-05-15 20:48:48,197  INFO  Epoch 1 | Step 5370/23865 | Loss 0.0523 | LR 1.96e-05 | samples_seen=45924
2026-05-15 20:48:48,580  INFO  Epoch 1 | Step 5370/23865 | Loss 0.0873 | LR 1.96e-05 | samples_seen=45926
2026-05-15 20:48:49,214  INFO  Epoch 1 | Step 5370/23865 | Loss 0.0622 | LR 1.96e-05 | samples_seen=45928
2026-05-15 20:48:49,586  INFO  Epoch 1 | Step 5370/23865 | Loss 0.0350 | LR 1.96e-05 | samples_seen=45930
2026-05-15 20:48:49,985  INFO  Epoch 1 | Step 5370/23865 | Loss 0.0380 | LR 1.96e-05 | samples_seen=45932
2026-05-15 20:48:50,754  INFO  Epoch 1 | Step 5370/23865 | Loss 0.0670 | LR 1.96e-05 | samples_seen=45934
2026-05-15 20:49:28,876  INFO  Epoch 1 | Step 5380/23865 | Loss 4.8598 | LR 1.96e-05 | samples_seen=46080
2026-05-15 20:49:29,377  INFO  Epoch 1 | Step 5380/23865 | Loss 0.0637 | LR 1.96e-05 | samples_seen=46082
2026-05-15 20:49:30,236  INFO  Epoch 1 | Step 5380/23865 | Loss 0.0936 | LR 1.96e-05 | samples_seen=46084
2026-05-15 20:49:30,753  INFO  Epoch 1 | Step 5380/23865 | Loss 0.0723 | LR 1.96e-05 | samples_seen=46086
2026-05-15 20:49:31,170  INFO  Epoch 1 | Step 5380/23865 | Loss 0.0647 | LR 1.96e-05 | samples_seen=46088
2026-05-15 20:49:31,962  INFO  Epoch 1 | Step 5380/23865 | Loss 0.0674 | LR 1.96e-05 | samples_seen=46090
2026-05-15 20:49:32,261  INFO  Epoch 1 | Step 5380/23865 | Loss 0.0515 | LR 1.96e-05 | samples_seen=46092
2026-05-15 20:49:32,538  INFO  Epoch 1 | Step 5380/23865 | Loss 0.1386 | LR 1.96e-05 | samples_seen=46094
2026-05-15 20:50:09,630  INFO  Epoch 1 | Step 5390/23865 | Loss 5.2872 | LR 1.96e-05 | samples_seen=46240
2026-05-15 20:50:10,181  INFO  Epoch 1 | Step 5390/23865 | Loss 0.0353 | LR 1.96e-05 | samples_seen=46242
2026-05-15 20:50:10,546  INFO  Epoch 1 | Step 5390/23865 | Loss 0.1110 | LR 1.96e-05 | samples_seen=46244
2026-05-15 20:50:10,844  INFO  Epoch 1 | Step 5390/23865 | Loss 0.0851 | LR 1.96e-05 | samples_seen=46246
2026-05-15 20:50:11,308  INFO  Epoch 1 | Step 5390/23865 | Loss 0.0390 | LR 1.96e-05 | samples_seen=46248
2026-05-15 20:50:11,852  INFO  Epoch 1 | Step 5390/23865 | Loss 0.0437 | LR 1.96e-05 | samples_seen=46250
2026-05-15 20:50:12,423  INFO  Epoch 1 | Step 5390/23865 | Loss 0.0347 | LR 1.96e-05 | samples_seen=46252
2026-05-15 20:50:12,793  INFO  Epoch 1 | Step 5390/23865 | Loss 0.0712 | LR 1.96e-05 | samples_seen=46254
2026-05-15 20:50:50,120  INFO  Epoch 1 | Step 5400/23865 | Loss 5.1201 | LR 1.96e-05 | samples_seen=46400
2026-05-15 20:50:50,569  INFO  Epoch 1 | Step 5400/23865 | Loss 0.0552 | LR 1.96e-05 | samples_seen=46402
2026-05-15 20:50:50,903  INFO  Epoch 1 | Step 5400/23865 | Loss 0.0496 | LR 1.96e-05 | samples_seen=46404
2026-05-15 20:50:51,484  INFO  Epoch 1 | Step 5400/23865 | Loss 0.0469 | LR 1.96e-05 | samples_seen=46406
2026-05-15 20:50:52,093  INFO  Epoch 1 | Step 5400/23865 | Loss 0.0795 | LR 1.96e-05 | samples_seen=46408
2026-05-15 20:50:52,446  INFO  Epoch 1 | Step 5400/23865 | Loss 0.0876 | LR 1.96e-05 | samples_seen=46410
2026-05-15 20:50:52,923  INFO  Epoch 1 | Step 5400/23865 | Loss 0.0792 | LR 1.96e-05 | samples_seen=46412
2026-05-15 20:50:53,298  INFO  Epoch 1 | Step 5400/23865 | Loss 0.0505 | LR 1.96e-05 | samples_seen=46414
2026-05-15 20:51:32,695  INFO  Epoch 1 | Step 5410/23865 | Loss 4.9685 | LR 1.96e-05 | samples_seen=46560
2026-05-15 20:51:33,192  INFO  Epoch 1 | Step 5410/23865 | Loss 0.0974 | LR 1.96e-05 | samples_seen=46562
2026-05-15 20:51:33,485  INFO  Epoch 1 | Step 5410/23865 | Loss 0.0911 | LR 1.96e-05 | samples_seen=46564
2026-05-15 20:51:33,976  INFO  Epoch 1 | Step 5410/23865 | Loss 0.0554 | LR 1.96e-05 | samples_seen=46566
2026-05-15 20:51:34,590  INFO  Epoch 1 | Step 5410/23865 | Loss 0.0781 | LR 1.96e-05 | samples_seen=46568
2026-05-15 20:51:34,893  INFO  Epoch 1 | Step 5410/23865 | Loss 0.1207 | LR 1.96e-05 | samples_seen=46570
2026-05-15 20:51:35,161  INFO  Epoch 1 | Step 5410/23865 | Loss 0.1022 | LR 1.96e-05 | samples_seen=46572
2026-05-15 20:51:35,432  INFO  Epoch 1 | Step 5410/23865 | Loss 0.1069 | LR 1.96e-05 | samples_seen=46574
2026-05-15 20:52:11,372  INFO  Epoch 1 | Step 5420/23865 | Loss 5.2323 | LR 1.96e-05 | samples_seen=46720
2026-05-15 20:52:11,638  INFO  Epoch 1 | Step 5420/23865 | Loss 0.0922 | LR 1.96e-05 | samples_seen=46722
2026-05-15 20:52:11,937  INFO  Epoch 1 | Step 5420/23865 | Loss 0.0878 | LR 1.96e-05 | samples_seen=46724
2026-05-15 20:52:12,228  INFO  Epoch 1 | Step 5420/23865 | Loss 0.1230 | LR 1.96e-05 | samples_seen=46726
2026-05-15 20:52:12,716  INFO  Epoch 1 | Step 5420/23865 | Loss 0.0803 | LR 1.96e-05 | samples_seen=46728
2026-05-15 20:52:13,196  INFO  Epoch 1 | Step 5420/23865 | Loss 0.0484 | LR 1.96e-05 | samples_seen=46730
2026-05-15 20:52:13,635  INFO  Epoch 1 | Step 5420/23865 | Loss 0.0301 | LR 1.96e-05 | samples_seen=46732
2026-05-15 20:52:13,938  INFO  Epoch 1 | Step 5420/23865 | Loss 0.0988 | LR 1.96e-05 | samples_seen=46734
2026-05-15 20:52:51,874  INFO  Epoch 1 | Step 5430/23865 | Loss 5.4878 | LR 1.96e-05 | samples_seen=46880
2026-05-15 20:52:52,263  INFO  Epoch 1 | Step 5430/23865 | Loss 0.0773 | LR 1.96e-05 | samples_seen=46882
2026-05-15 20:52:52,748  INFO  Epoch 1 | Step 5430/23865 | Loss 0.0820 | LR 1.96e-05 | samples_seen=46884
2026-05-15 20:52:53,153  INFO  Epoch 1 | Step 5430/23865 | Loss 0.1319 | LR 1.96e-05 | samples_seen=46886
2026-05-15 20:52:54,063  INFO  Epoch 1 | Step 5430/23865 | Loss 0.0263 | LR 1.96e-05 | samples_seen=46888
2026-05-15 20:52:54,459  INFO  Epoch 1 | Step 5430/23865 | Loss 0.0601 | LR 1.96e-05 | samples_seen=46890
2026-05-15 20:52:55,094  INFO  Epoch 1 | Step 5430/23865 | Loss 0.0484 | LR 1.96e-05 | samples_seen=46892
2026-05-15 20:52:55,383  INFO  Epoch 1 | Step 5430/23865 | Loss 0.1041 | LR 1.96e-05 | samples_seen=46894
2026-05-15 20:53:29,457  INFO  Epoch 1 | Step 5440/23865 | Loss 5.9053 | LR 1.95e-05 | samples_seen=47040
2026-05-15 20:53:29,871  INFO  Epoch 1 | Step 5440/23865 | Loss 0.0506 | LR 1.95e-05 | samples_seen=47042
2026-05-15 20:53:30,276  INFO  Epoch 1 | Step 5440/23865 | Loss 0.0844 | LR 1.95e-05 | samples_seen=47044
2026-05-15 20:53:30,733  INFO  Epoch 1 | Step 5440/23865 | Loss 0.0647 | LR 1.95e-05 | samples_seen=47046
2026-05-15 20:53:31,319  INFO  Epoch 1 | Step 5440/23865 | Loss 0.0565 | LR 1.95e-05 | samples_seen=47048
2026-05-15 20:53:31,810  INFO  Epoch 1 | Step 5440/23865 | Loss 0.0275 | LR 1.95e-05 | samples_seen=47050
2026-05-15 20:53:32,294  INFO  Epoch 1 | Step 5440/23865 | Loss 0.0686 | LR 1.95e-05 | samples_seen=47052
2026-05-15 20:53:32,664  INFO  Epoch 1 | Step 5440/23865 | Loss 0.0384 | LR 1.95e-05 | samples_seen=47054
2026-05-15 20:54:10,628  INFO  Epoch 1 | Step 5450/23865 | Loss 5.3191 | LR 1.95e-05 | samples_seen=47200
2026-05-15 20:54:10,882  INFO  Epoch 1 | Step 5450/23865 | Loss 0.0832 | LR 1.95e-05 | samples_seen=47202
2026-05-15 20:54:11,473  INFO  Epoch 1 | Step 5450/23865 | Loss 0.0497 | LR 1.95e-05 | samples_seen=47204
2026-05-15 20:54:12,060  INFO  Epoch 1 | Step 5450/23865 | Loss 0.0316 | LR 1.95e-05 | samples_seen=47206
2026-05-15 20:54:12,648  INFO  Epoch 1 | Step 5450/23865 | Loss 0.0827 | LR 1.95e-05 | samples_seen=47208
2026-05-15 20:54:13,081  INFO  Epoch 1 | Step 5450/23865 | Loss 0.0606 | LR 1.95e-05 | samples_seen=47210
2026-05-15 20:54:13,644  INFO  Epoch 1 | Step 5450/23865 | Loss 0.0697 | LR 1.95e-05 | samples_seen=47212
2026-05-15 20:54:14,202  INFO  Epoch 1 | Step 5450/23865 | Loss 0.0648 | LR 1.95e-05 | samples_seen=47214
2026-05-15 20:54:49,936  INFO  Epoch 1 | Step 5460/23865 | Loss 5.5544 | LR 1.95e-05 | samples_seen=47360
2026-05-15 20:54:50,294  INFO  Epoch 1 | Step 5460/23865 | Loss 0.0985 | LR 1.95e-05 | samples_seen=47362
2026-05-15 20:54:51,214  INFO  Epoch 1 | Step 5460/23865 | Loss 0.0391 | LR 1.95e-05 | samples_seen=47364
2026-05-15 20:54:51,790  INFO  Epoch 1 | Step 5460/23865 | Loss 0.1079 | LR 1.95e-05 | samples_seen=47366
2026-05-15 20:54:52,261  INFO  Epoch 1 | Step 5460/23865 | Loss 0.0729 | LR 1.95e-05 | samples_seen=47368
2026-05-15 20:54:53,153  INFO  Epoch 1 | Step 5460/23865 | Loss 0.0572 | LR 1.95e-05 | samples_seen=47370
2026-05-15 20:54:53,544  INFO  Epoch 1 | Step 5460/23865 | Loss 0.0415 | LR 1.95e-05 | samples_seen=47372
2026-05-15 20:54:54,007  INFO  Epoch 1 | Step 5460/23865 | Loss 0.0757 | LR 1.95e-05 | samples_seen=47374
2026-05-15 20:55:30,552  INFO  Epoch 1 | Step 5470/23865 | Loss 5.2000 | LR 1.95e-05 | samples_seen=47520
2026-05-15 20:55:31,050  INFO  Epoch 1 | Step 5470/23865 | Loss 0.0624 | LR 1.95e-05 | samples_seen=47522
2026-05-15 20:55:31,650  INFO  Epoch 1 | Step 5470/23865 | Loss 0.0569 | LR 1.95e-05 | samples_seen=47524
2026-05-15 20:55:32,054  INFO  Epoch 1 | Step 5470/23865 | Loss 0.0602 | LR 1.95e-05 | samples_seen=47526
2026-05-15 20:55:32,485  INFO  Epoch 1 | Step 5470/23865 | Loss 0.0376 | LR 1.95e-05 | samples_seen=47528
2026-05-15 20:55:33,073  INFO  Epoch 1 | Step 5470/23865 | Loss 0.0515 | LR 1.95e-05 | samples_seen=47530
2026-05-15 20:55:33,570  INFO  Epoch 1 | Step 5470/23865 | Loss 0.0576 | LR 1.95e-05 | samples_seen=47532
2026-05-15 20:55:34,227  INFO  Epoch 1 | Step 5470/23865 | Loss 0.0822 | LR 1.95e-05 | samples_seen=47534
2026-05-15 20:56:09,052  INFO  Epoch 1 | Step 5480/23865 | Loss 5.3531 | LR 1.95e-05 | samples_seen=47680
2026-05-15 20:56:09,584  INFO  Epoch 1 | Step 5480/23865 | Loss 0.0323 | LR 1.95e-05 | samples_seen=47682
2026-05-15 20:56:10,152  INFO  Epoch 1 | Step 5480/23865 | Loss 0.0884 | LR 1.95e-05 | samples_seen=47684
2026-05-15 20:56:10,671  INFO  Epoch 1 | Step 5480/23865 | Loss 0.0950 | LR 1.95e-05 | samples_seen=47686
2026-05-15 20:56:11,222  INFO  Epoch 1 | Step 5480/23865 | Loss 0.0484 | LR 1.95e-05 | samples_seen=47688
2026-05-15 20:56:11,500  INFO  Epoch 1 | Step 5480/23865 | Loss 0.0690 | LR 1.95e-05 | samples_seen=47690
2026-05-15 20:56:12,147  INFO  Epoch 1 | Step 5480/23865 | Loss 0.0452 | LR 1.95e-05 | samples_seen=47692
2026-05-15 20:56:12,582  INFO  Epoch 1 | Step 5480/23865 | Loss 0.0555 | LR 1.95e-05 | samples_seen=47694
2026-05-15 20:56:50,910  INFO  Epoch 1 | Step 5490/23865 | Loss 4.7175 | LR 1.95e-05 | samples_seen=47840
2026-05-15 20:56:51,453  INFO  Epoch 1 | Step 5490/23865 | Loss 0.0560 | LR 1.95e-05 | samples_seen=47842
2026-05-15 20:56:52,002  INFO  Epoch 1 | Step 5490/23865 | Loss 0.0939 | LR 1.95e-05 | samples_seen=47844
2026-05-15 20:56:52,279  INFO  Epoch 1 | Step 5490/23865 | Loss 0.1038 | LR 1.95e-05 | samples_seen=47846
2026-05-15 20:56:52,617  INFO  Epoch 1 | Step 5490/23865 | Loss 0.0324 | LR 1.95e-05 | samples_seen=47848
2026-05-15 20:56:53,166  INFO  Epoch 1 | Step 5490/23865 | Loss 0.0829 | LR 1.95e-05 | samples_seen=47850
2026-05-15 20:56:53,680  INFO  Epoch 1 | Step 5490/23865 | Loss 0.0674 | LR 1.95e-05 | samples_seen=47852
2026-05-15 20:56:53,952  INFO  Epoch 1 | Step 5490/23865 | Loss 0.1574 | LR 1.95e-05 | samples_seen=47854
2026-05-15 20:57:28,488  INFO  Epoch 1 | Step 5500/23865 | Loss 5.6600 | LR 1.95e-05 | samples_seen=48000
2026-05-15 20:57:29,056  INFO  Epoch 1 | Step 5500/23865 | Loss 0.1014 | LR 1.95e-05 | samples_seen=48002
2026-05-15 20:57:29,585  INFO  Epoch 1 | Step 5500/23865 | Loss 0.0603 | LR 1.95e-05 | samples_seen=48004
2026-05-15 20:57:30,164  INFO  Epoch 1 | Step 5500/23865 | Loss 0.0823 | LR 1.95e-05 | samples_seen=48006
2026-05-15 20:57:30,459  INFO  Epoch 1 | Step 5500/23865 | Loss 0.1250 | LR 1.95e-05 | samples_seen=48008
2026-05-15 20:57:31,241  INFO  Epoch 1 | Step 5500/23865 | Loss 0.0283 | LR 1.95e-05 | samples_seen=48010
2026-05-15 20:57:31,516  INFO  Epoch 1 | Step 5500/23865 | Loss 0.0904 | LR 1.95e-05 | samples_seen=48012
2026-05-15 20:57:31,809  INFO  Epoch 1 | Step 5500/23865 | Loss 0.0559 | LR 1.95e-05 | samples_seen=48014
2026-05-15 20:58:07,992  INFO  Epoch 1 | Step 5510/23865 | Loss 5.0455 | LR 1.95e-05 | samples_seen=48160
2026-05-15 20:58:08,617  INFO  Epoch 1 | Step 5510/23865 | Loss 0.0794 | LR 1.95e-05 | samples_seen=48162
2026-05-15 20:58:09,151  INFO  Epoch 1 | Step 5510/23865 | Loss 0.0379 | LR 1.95e-05 | samples_seen=48164
2026-05-15 20:58:09,663  INFO  Epoch 1 | Step 5510/23865 | Loss 0.0829 | LR 1.95e-05 | samples_seen=48166
2026-05-15 20:58:10,156  INFO  Epoch 1 | Step 5510/23865 | Loss 0.0649 | LR 1.95e-05 | samples_seen=48168
2026-05-15 20:58:10,690  INFO  Epoch 1 | Step 5510/23865 | Loss 0.0628 | LR 1.95e-05 | samples_seen=48170
2026-05-15 20:58:10,987  INFO  Epoch 1 | Step 5510/23865 | Loss 0.1270 | LR 1.95e-05 | samples_seen=48172
2026-05-15 20:58:11,510  INFO  Epoch 1 | Step 5510/23865 | Loss 0.0694 | LR 1.95e-05 | samples_seen=48174
2026-05-15 20:58:47,880  INFO  Epoch 1 | Step 5520/23865 | Loss 4.8524 | LR 1.95e-05 | samples_seen=48320
2026-05-15 20:58:48,299  INFO  Epoch 1 | Step 5520/23865 | Loss 0.0698 | LR 1.95e-05 | samples_seen=48322
2026-05-15 20:58:48,716  INFO  Epoch 1 | Step 5520/23865 | Loss 0.0378 | LR 1.95e-05 | samples_seen=48324
2026-05-15 20:58:49,261  INFO  Epoch 1 | Step 5520/23865 | Loss 0.0542 | LR 1.95e-05 | samples_seen=48326
2026-05-15 20:58:49,616  INFO  Epoch 1 | Step 5520/23865 | Loss 0.0913 | LR 1.95e-05 | samples_seen=48328
2026-05-15 20:58:50,042  INFO  Epoch 1 | Step 5520/23865 | Loss 0.0627 | LR 1.95e-05 | samples_seen=48330
2026-05-15 20:58:50,594  INFO  Epoch 1 | Step 5520/23865 | Loss 0.1474 | LR 1.95e-05 | samples_seen=48332
2026-05-15 20:58:50,900  INFO  Epoch 1 | Step 5520/23865 | Loss 0.1079 | LR 1.95e-05 | samples_seen=48334
2026-05-15 20:59:27,469  INFO  Epoch 1 | Step 5530/23865 | Loss 5.5489 | LR 1.95e-05 | samples_seen=48480
2026-05-15 20:59:27,810  INFO  Epoch 1 | Step 5530/23865 | Loss 0.0433 | LR 1.95e-05 | samples_seen=48482
2026-05-15 20:59:28,174  INFO  Epoch 1 | Step 5530/23865 | Loss 0.0569 | LR 1.95e-05 | samples_seen=48484
2026-05-15 20:59:28,666  INFO  Epoch 1 | Step 5530/23865 | Loss 0.0306 | LR 1.95e-05 | samples_seen=48486
2026-05-15 20:59:29,267  INFO  Epoch 1 | Step 5530/23865 | Loss 0.0333 | LR 1.95e-05 | samples_seen=48488
2026-05-15 20:59:29,753  INFO  Epoch 1 | Step 5530/23865 | Loss 0.0839 | LR 1.95e-05 | samples_seen=48490
2026-05-15 20:59:30,045  INFO  Epoch 1 | Step 5530/23865 | Loss 0.1049 | LR 1.95e-05 | samples_seen=48492
2026-05-15 20:59:30,404  INFO  Epoch 1 | Step 5530/23865 | Loss 0.0723 | LR 1.95e-05 | samples_seen=48494
2026-05-15 21:00:06,509  INFO  Epoch 1 | Step 5540/23865 | Loss 5.4206 | LR 1.95e-05 | samples_seen=48640
2026-05-15 21:00:07,054  INFO  Epoch 1 | Step 5540/23865 | Loss 0.0705 | LR 1.95e-05 | samples_seen=48642
2026-05-15 21:00:07,595  INFO  Epoch 1 | Step 5540/23865 | Loss 0.0744 | LR 1.95e-05 | samples_seen=48644
2026-05-15 21:00:07,927  INFO  Epoch 1 | Step 5540/23865 | Loss 0.0861 | LR 1.95e-05 | samples_seen=48646
2026-05-15 21:00:08,323  INFO  Epoch 1 | Step 5540/23865 | Loss 0.0333 | LR 1.95e-05 | samples_seen=48648
2026-05-15 21:00:08,863  INFO  Epoch 1 | Step 5540/23865 | Loss 0.0581 | LR 1.95e-05 | samples_seen=48650
2026-05-15 21:00:09,435  INFO  Epoch 1 | Step 5540/23865 | Loss 0.0556 | LR 1.95e-05 | samples_seen=48652
2026-05-15 21:00:09,804  INFO  Epoch 1 | Step 5540/23865 | Loss 0.1031 | LR 1.95e-05 | samples_seen=48654
2026-05-15 21:00:48,764  INFO  Epoch 1 | Step 5550/23865 | Loss 5.1615 | LR 1.95e-05 | samples_seen=48800
2026-05-15 21:00:48,959  INFO  Epoch 1 | Step 5550/23865 | Loss 0.1239 | LR 1.95e-05 | samples_seen=48802
2026-05-15 21:00:49,237  INFO  Epoch 1 | Step 5550/23865 | Loss 0.0678 | LR 1.95e-05 | samples_seen=48804
2026-05-15 21:00:49,724  INFO  Epoch 1 | Step 5550/23865 | Loss 0.0722 | LR 1.95e-05 | samples_seen=48806
2026-05-15 21:00:50,161  INFO  Epoch 1 | Step 5550/23865 | Loss 0.0470 | LR 1.95e-05 | samples_seen=48808
2026-05-15 21:00:50,462  INFO  Epoch 1 | Step 5550/23865 | Loss 0.0959 | LR 1.95e-05 | samples_seen=48810
2026-05-15 21:00:50,766  INFO  Epoch 1 | Step 5550/23865 | Loss 0.0669 | LR 1.95e-05 | samples_seen=48812
2026-05-15 21:00:51,175  INFO  Epoch 1 | Step 5550/23865 | Loss 0.0509 | LR 1.95e-05 | samples_seen=48814
2026-05-15 21:01:28,886  INFO  Epoch 1 | Step 5560/23865 | Loss 5.2997 | LR 1.95e-05 | samples_seen=48960
2026-05-15 21:01:29,307  INFO  Epoch 1 | Step 5560/23865 | Loss 0.0665 | LR 1.95e-05 | samples_seen=48962
2026-05-15 21:01:29,707  INFO  Epoch 1 | Step 5560/23865 | Loss 0.0782 | LR 1.95e-05 | samples_seen=48964
2026-05-15 21:01:30,117  INFO  Epoch 1 | Step 5560/23865 | Loss 0.0914 | LR 1.95e-05 | samples_seen=48966
2026-05-15 21:01:30,666  INFO  Epoch 1 | Step 5560/23865 | Loss 0.0501 | LR 1.95e-05 | samples_seen=48968
2026-05-15 21:01:31,120  INFO  Epoch 1 | Step 5560/23865 | Loss 0.0633 | LR 1.95e-05 | samples_seen=48970
2026-05-15 21:01:31,843  INFO  Epoch 1 | Step 5560/23865 | Loss 0.0390 | LR 1.95e-05 | samples_seen=48972
2026-05-15 21:01:32,305  INFO  Epoch 1 | Step 5560/23865 | Loss 0.0451 | LR 1.95e-05 | samples_seen=48974
2026-05-15 21:02:09,854  INFO  Epoch 1 | Step 5570/23865 | Loss 5.0620 | LR 1.95e-05 | samples_seen=49120
2026-05-15 21:02:10,252  INFO  Epoch 1 | Step 5570/23865 | Loss 0.1087 | LR 1.95e-05 | samples_seen=49122
2026-05-15 21:02:10,653  INFO  Epoch 1 | Step 5570/23865 | Loss 0.0856 | LR 1.95e-05 | samples_seen=49124
2026-05-15 21:02:11,332  INFO  Epoch 1 | Step 5570/23865 | Loss 0.0172 | LR 1.95e-05 | samples_seen=49126
2026-05-15 21:02:11,998  INFO  Epoch 1 | Step 5570/23865 | Loss 0.0256 | LR 1.95e-05 | samples_seen=49128
2026-05-15 21:02:12,354  INFO  Epoch 1 | Step 5570/23865 | Loss 0.0508 | LR 1.95e-05 | samples_seen=49130
2026-05-15 21:02:12,645  INFO  Epoch 1 | Step 5570/23865 | Loss 0.0497 | LR 1.95e-05 | samples_seen=49132
2026-05-15 21:02:12,909  INFO  Epoch 1 | Step 5570/23865 | Loss 0.1044 | LR 1.95e-05 | samples_seen=49134
2026-05-15 21:02:49,959  INFO  Epoch 1 | Step 5580/23865 | Loss 5.2944 | LR 1.95e-05 | samples_seen=49280
2026-05-15 21:02:50,515  INFO  Epoch 1 | Step 5580/23865 | Loss 0.0493 | LR 1.95e-05 | samples_seen=49282
2026-05-15 21:02:51,236  INFO  Epoch 1 | Step 5580/23865 | Loss 0.0474 | LR 1.95e-05 | samples_seen=49284
2026-05-15 21:02:51,940  INFO  Epoch 1 | Step 5580/23865 | Loss 0.0379 | LR 1.95e-05 | samples_seen=49286
2026-05-15 21:02:52,362  INFO  Epoch 1 | Step 5580/23865 | Loss 0.0487 | LR 1.95e-05 | samples_seen=49288
2026-05-15 21:02:52,945  INFO  Epoch 1 | Step 5580/23865 | Loss 0.0692 | LR 1.95e-05 | samples_seen=49290
2026-05-15 21:02:53,588  INFO  Epoch 1 | Step 5580/23865 | Loss 0.0631 | LR 1.95e-05 | samples_seen=49292
2026-05-15 21:02:54,123  INFO  Epoch 1 | Step 5580/23865 | Loss 0.0341 | LR 1.95e-05 | samples_seen=49294
2026-05-15 21:03:31,697  INFO  Epoch 1 | Step 5590/23865 | Loss 4.8229 | LR 1.95e-05 | samples_seen=49440
2026-05-15 21:03:32,425  INFO  Epoch 1 | Step 5590/23865 | Loss 0.0555 | LR 1.95e-05 | samples_seen=49442
2026-05-15 21:03:32,730  INFO  Epoch 1 | Step 5590/23865 | Loss 0.1176 | LR 1.95e-05 | samples_seen=49444
2026-05-15 21:03:33,187  INFO  Epoch 1 | Step 5590/23865 | Loss 0.0739 | LR 1.95e-05 | samples_seen=49446
2026-05-15 21:03:34,101  INFO  Epoch 1 | Step 5590/23865 | Loss 0.0357 | LR 1.95e-05 | samples_seen=49448
2026-05-15 21:03:34,447  INFO  Epoch 1 | Step 5590/23865 | Loss 0.0676 | LR 1.95e-05 | samples_seen=49450
2026-05-15 21:03:34,846  INFO  Epoch 1 | Step 5590/23865 | Loss 0.0966 | LR 1.95e-05 | samples_seen=49452
2026-05-15 21:03:35,414  INFO  Epoch 1 | Step 5590/23865 | Loss 0.0489 | LR 1.95e-05 | samples_seen=49454
2026-05-15 21:09:41,389  INFO  Checkpoint saved → ../checkpoints/stage2_l40/step5598 | global_step=5598 | samples_seen=49578
2026-05-15 21:09:46,218  INFO  Epoch 1 | Step 5600/23865 | Loss 5.5417 | LR 1.95e-05 | samples_seen=49600
2026-05-15 21:09:46,552  INFO  Epoch 1 | Step 5600/23865 | Loss 0.1473 | LR 1.95e-05 | samples_seen=49602
2026-05-15 21:09:46,829  INFO  Epoch 1 | Step 5600/23865 | Loss 0.0797 | LR 1.95e-05 | samples_seen=49604
2026-05-15 21:09:47,355  INFO  Epoch 1 | Step 5600/23865 | Loss 0.1013 | LR 1.95e-05 | samples_seen=49606
2026-05-15 21:09:47,908  INFO  Epoch 1 | Step 5600/23865 | Loss 0.0524 | LR 1.95e-05 | samples_seen=49608
2026-05-15 21:09:48,459  INFO  Epoch 1 | Step 5600/23865 | Loss 0.0614 | LR 1.95e-05 | samples_seen=49610
2026-05-15 21:09:48,720  INFO  Epoch 1 | Step 5600/23865 | Loss 0.1095 | LR 1.95e-05 | samples_seen=49612
2026-05-15 21:09:49,118  INFO  Epoch 1 | Step 5600/23865 | Loss 0.0673 | LR 1.95e-05 | samples_seen=49614
2026-05-15 21:10:24,941  INFO  Epoch 1 | Step 5610/23865 | Loss 5.5228 | LR 1.95e-05 | samples_seen=49760
2026-05-15 21:10:25,115  INFO  Epoch 1 | Step 5610/23865 | Loss 0.0616 | LR 1.95e-05 | samples_seen=49762
2026-05-15 21:10:25,569  INFO  Epoch 1 | Step 5610/23865 | Loss 0.0555 | LR 1.95e-05 | samples_seen=49764
2026-05-15 21:10:26,041  INFO  Epoch 1 | Step 5610/23865 | Loss 0.0386 | LR 1.95e-05 | samples_seen=49766
2026-05-15 21:10:26,459  INFO  Epoch 1 | Step 5610/23865 | Loss 0.0924 | LR 1.95e-05 | samples_seen=49768
2026-05-15 21:10:26,749  INFO  Epoch 1 | Step 5610/23865 | Loss 0.1491 | LR 1.95e-05 | samples_seen=49770
2026-05-15 21:10:27,284  INFO  Epoch 1 | Step 5610/23865 | Loss 0.0596 | LR 1.95e-05 | samples_seen=49772
2026-05-15 21:10:27,573  INFO  Epoch 1 | Step 5610/23865 | Loss 0.1035 | LR 1.95e-05 | samples_seen=49774
2026-05-15 21:11:02,892  INFO  Epoch 1 | Step 5620/23865 | Loss 5.4045 | LR 1.95e-05 | samples_seen=49920
2026-05-15 21:11:03,239  INFO  Epoch 1 | Step 5620/23865 | Loss 0.0251 | LR 1.95e-05 | samples_seen=49922
2026-05-15 21:11:03,580  INFO  Epoch 1 | Step 5620/23865 | Loss 0.0511 | LR 1.95e-05 | samples_seen=49924
2026-05-15 21:11:04,121  INFO  Epoch 1 | Step 5620/23865 | Loss 0.0275 | LR 1.95e-05 | samples_seen=49926
2026-05-15 21:11:05,008  INFO  Epoch 1 | Step 5620/23865 | Loss 0.0446 | LR 1.95e-05 | samples_seen=49928
2026-05-15 21:11:05,637  INFO  Epoch 1 | Step 5620/23865 | Loss 0.0358 | LR 1.95e-05 | samples_seen=49930
2026-05-15 21:11:06,204  INFO  Epoch 1 | Step 5620/23865 | Loss 0.0341 | LR 1.95e-05 | samples_seen=49932
2026-05-15 21:11:06,554  INFO  Epoch 1 | Step 5620/23865 | Loss 0.0233 | LR 1.95e-05 | samples_seen=49934
2026-05-15 21:11:44,827  INFO  Epoch 1 | Step 5630/23865 | Loss 5.2829 | LR 1.95e-05 | samples_seen=50080
2026-05-15 21:11:45,089  INFO  Epoch 1 | Step 5630/23865 | Loss 0.0964 | LR 1.95e-05 | samples_seen=50082
2026-05-15 21:11:45,753  INFO  Epoch 1 | Step 5630/23865 | Loss 0.0297 | LR 1.95e-05 | samples_seen=50084
2026-05-15 21:11:46,173  INFO  Epoch 1 | Step 5630/23865 | Loss 0.0630 | LR 1.95e-05 | samples_seen=50086
2026-05-15 21:11:46,566  INFO  Epoch 1 | Step 5630/23865 | Loss 0.0815 | LR 1.95e-05 | samples_seen=50088
2026-05-15 21:11:47,091  INFO  Epoch 1 | Step 5630/23865 | Loss 0.0756 | LR 1.95e-05 | samples_seen=50090
2026-05-15 21:11:47,380  INFO  Epoch 1 | Step 5630/23865 | Loss 0.1046 | LR 1.95e-05 | samples_seen=50092
2026-05-15 21:11:47,851  INFO  Epoch 1 | Step 5630/23865 | Loss 0.0408 | LR 1.95e-05 | samples_seen=50094
2026-05-15 21:12:24,726  INFO  Epoch 1 | Step 5640/23865 | Loss 5.3096 | LR 1.95e-05 | samples_seen=50240
2026-05-15 21:12:24,996  INFO  Epoch 1 | Step 5640/23865 | Loss 0.1336 | LR 1.95e-05 | samples_seen=50242
2026-05-15 21:12:25,357  INFO  Epoch 1 | Step 5640/23865 | Loss 0.0649 | LR 1.95e-05 | samples_seen=50244
2026-05-15 21:12:26,285  INFO  Epoch 1 | Step 5640/23865 | Loss 0.0523 | LR 1.95e-05 | samples_seen=50246
2026-05-15 21:12:26,659  INFO  Epoch 1 | Step 5640/23865 | Loss 0.0872 | LR 1.95e-05 | samples_seen=50248
2026-05-15 21:12:27,376  INFO  Epoch 1 | Step 5640/23865 | Loss 0.0362 | LR 1.95e-05 | samples_seen=50250
2026-05-15 21:12:27,647  INFO  Epoch 1 | Step 5640/23865 | Loss 0.1118 | LR 1.95e-05 | samples_seen=50252
2026-05-15 21:12:28,241  INFO  Epoch 1 | Step 5640/23865 | Loss 0.0650 | LR 1.95e-05 | samples_seen=50254
2026-05-15 21:13:06,368  INFO  Epoch 1 | Step 5650/23865 | Loss 4.9374 | LR 1.95e-05 | samples_seen=50400
2026-05-15 21:13:06,732  INFO  Epoch 1 | Step 5650/23865 | Loss 0.0730 | LR 1.95e-05 | samples_seen=50402
2026-05-15 21:13:07,629  INFO  Epoch 1 | Step 5650/23865 | Loss 0.0562 | LR 1.95e-05 | samples_seen=50404
2026-05-15 21:13:07,989  INFO  Epoch 1 | Step 5650/23865 | Loss 0.0981 | LR 1.95e-05 | samples_seen=50406
2026-05-15 21:13:08,832  INFO  Epoch 1 | Step 5650/23865 | Loss 0.0491 | LR 1.95e-05 | samples_seen=50408
2026-05-15 21:13:09,442  INFO  Epoch 1 | Step 5650/23865 | Loss 0.0433 | LR 1.95e-05 | samples_seen=50410
2026-05-15 21:13:09,986  INFO  Epoch 1 | Step 5650/23865 | Loss 0.0447 | LR 1.95e-05 | samples_seen=50412
2026-05-15 21:13:10,573  INFO  Epoch 1 | Step 5650/23865 | Loss 0.0334 | LR 1.95e-05 | samples_seen=50414
2026-05-15 21:13:46,605  INFO  Epoch 1 | Step 5660/23865 | Loss 5.5651 | LR 1.95e-05 | samples_seen=50560
2026-05-15 21:13:47,152  INFO  Epoch 1 | Step 5660/23865 | Loss 0.0620 | LR 1.95e-05 | samples_seen=50562
2026-05-15 21:13:47,879  INFO  Epoch 1 | Step 5660/23865 | Loss 0.0460 | LR 1.95e-05 | samples_seen=50564
2026-05-15 21:13:48,479  INFO  Epoch 1 | Step 5660/23865 | Loss 0.0953 | LR 1.95e-05 | samples_seen=50566
2026-05-15 21:13:49,330  INFO  Epoch 1 | Step 5660/23865 | Loss 0.1235 | LR 1.95e-05 | samples_seen=50568
2026-05-15 21:13:49,790  INFO  Epoch 1 | Step 5660/23865 | Loss 0.0997 | LR 1.95e-05 | samples_seen=50570
2026-05-15 21:13:50,273  INFO  Epoch 1 | Step 5660/23865 | Loss 0.0470 | LR 1.95e-05 | samples_seen=50572
2026-05-15 21:13:50,750  INFO  Epoch 1 | Step 5660/23865 | Loss 0.0318 | LR 1.95e-05 | samples_seen=50574
2026-05-15 21:14:25,402  INFO  Epoch 1 | Step 5670/23865 | Loss 5.2261 | LR 1.95e-05 | samples_seen=50720
2026-05-15 21:14:25,679  INFO  Epoch 1 | Step 5670/23865 | Loss 0.0742 | LR 1.95e-05 | samples_seen=50722
2026-05-15 21:14:26,125  INFO  Epoch 1 | Step 5670/23865 | Loss 0.0917 | LR 1.95e-05 | samples_seen=50724
2026-05-15 21:14:26,922  INFO  Epoch 1 | Step 5670/23865 | Loss 0.0896 | LR 1.95e-05 | samples_seen=50726
2026-05-15 21:14:27,211  INFO  Epoch 1 | Step 5670/23865 | Loss 0.1318 | LR 1.95e-05 | samples_seen=50728
2026-05-15 21:14:27,835  INFO  Epoch 1 | Step 5670/23865 | Loss 0.1206 | LR 1.95e-05 | samples_seen=50730
2026-05-15 21:14:28,111  INFO  Epoch 1 | Step 5670/23865 | Loss 0.1073 | LR 1.95e-05 | samples_seen=50732
2026-05-15 21:14:28,560  INFO  Epoch 1 | Step 5670/23865 | Loss 0.0541 | LR 1.95e-05 | samples_seen=50734
2026-05-15 21:15:03,430  INFO  Epoch 1 | Step 5680/23865 | Loss 5.0202 | LR 1.94e-05 | samples_seen=50880
2026-05-15 21:15:03,680  INFO  Epoch 1 | Step 5680/23865 | Loss 0.1065 | LR 1.94e-05 | samples_seen=50882
2026-05-15 21:15:04,075  INFO  Epoch 1 | Step 5680/23865 | Loss 0.0934 | LR 1.94e-05 | samples_seen=50884
2026-05-15 21:15:04,499  INFO  Epoch 1 | Step 5680/23865 | Loss 0.0365 | LR 1.94e-05 | samples_seen=50886
2026-05-15 21:15:04,984  INFO  Epoch 1 | Step 5680/23865 | Loss 0.0698 | LR 1.94e-05 | samples_seen=50888
2026-05-15 21:15:05,383  INFO  Epoch 1 | Step 5680/23865 | Loss 0.0392 | LR 1.94e-05 | samples_seen=50890
2026-05-15 21:15:05,690  INFO  Epoch 1 | Step 5680/23865 | Loss 0.1291 | LR 1.94e-05 | samples_seen=50892
2026-05-15 21:15:06,264  INFO  Epoch 1 | Step 5680/23865 | Loss 0.0542 | LR 1.94e-05 | samples_seen=50894
2026-05-15 21:15:44,243  INFO  Epoch 1 | Step 5690/23865 | Loss 5.0300 | LR 1.94e-05 | samples_seen=51040
2026-05-15 21:15:44,580  INFO  Epoch 1 | Step 5690/23865 | Loss 0.1333 | LR 1.94e-05 | samples_seen=51042
2026-05-15 21:15:45,058  INFO  Epoch 1 | Step 5690/23865 | Loss 0.0895 | LR 1.94e-05 | samples_seen=51044
2026-05-15 21:15:45,508  INFO  Epoch 1 | Step 5690/23865 | Loss 0.0365 | LR 1.94e-05 | samples_seen=51046
2026-05-15 21:15:45,936  INFO  Epoch 1 | Step 5690/23865 | Loss 0.0856 | LR 1.94e-05 | samples_seen=51048
2026-05-15 21:15:46,369  INFO  Epoch 1 | Step 5690/23865 | Loss 0.1217 | LR 1.94e-05 | samples_seen=51050
2026-05-15 21:15:46,820  INFO  Epoch 1 | Step 5690/23865 | Loss 0.0788 | LR 1.94e-05 | samples_seen=51052
2026-05-15 21:15:47,217  INFO  Epoch 1 | Step 5690/23865 | Loss 0.0464 | LR 1.94e-05 | samples_seen=51054
2026-05-15 21:16:25,986  INFO  Epoch 1 | Step 5700/23865 | Loss 5.0483 | LR 1.94e-05 | samples_seen=51200
2026-05-15 21:16:26,249  INFO  Epoch 1 | Step 5700/23865 | Loss 0.1023 | LR 1.94e-05 | samples_seen=51202
2026-05-15 21:16:26,675  INFO  Epoch 1 | Step 5700/23865 | Loss 0.0423 | LR 1.94e-05 | samples_seen=51204
2026-05-15 21:16:26,991  INFO  Epoch 1 | Step 5700/23865 | Loss 0.0414 | LR 1.94e-05 | samples_seen=51206
2026-05-15 21:16:27,589  INFO  Epoch 1 | Step 5700/23865 | Loss 0.0549 | LR 1.94e-05 | samples_seen=51208
2026-05-15 21:16:28,078  INFO  Epoch 1 | Step 5700/23865 | Loss 0.0552 | LR 1.94e-05 | samples_seen=51210
2026-05-15 21:16:28,537  INFO  Epoch 1 | Step 5700/23865 | Loss 0.0852 | LR 1.94e-05 | samples_seen=51212
2026-05-15 21:16:28,950  INFO  Epoch 1 | Step 5700/23865 | Loss 0.0541 | LR 1.94e-05 | samples_seen=51214
2026-05-15 21:17:04,563  INFO  Epoch 1 | Step 5710/23865 | Loss 5.2573 | LR 1.94e-05 | samples_seen=51360
2026-05-15 21:17:04,954  INFO  Epoch 1 | Step 5710/23865 | Loss 0.0657 | LR 1.94e-05 | samples_seen=51362
2026-05-15 21:17:05,607  INFO  Epoch 1 | Step 5710/23865 | Loss 0.0872 | LR 1.94e-05 | samples_seen=51364
2026-05-15 21:17:06,341  INFO  Epoch 1 | Step 5710/23865 | Loss 0.0212 | LR 1.94e-05 | samples_seen=51366
2026-05-15 21:17:06,901  INFO  Epoch 1 | Step 5710/23865 | Loss 0.0502 | LR 1.94e-05 | samples_seen=51368
2026-05-15 21:17:07,545  INFO  Epoch 1 | Step 5710/23865 | Loss 0.0737 | LR 1.94e-05 | samples_seen=51370
2026-05-15 21:17:07,816  INFO  Epoch 1 | Step 5710/23865 | Loss 0.1221 | LR 1.94e-05 | samples_seen=51372
2026-05-15 21:17:08,038  INFO  Epoch 1 | Step 5710/23865 | Loss 0.1272 | LR 1.94e-05 | samples_seen=51374
2026-05-15 21:17:44,803  INFO  Epoch 1 | Step 5720/23865 | Loss 5.2796 | LR 1.94e-05 | samples_seen=51520
2026-05-15 21:17:45,107  INFO  Epoch 1 | Step 5720/23865 | Loss 0.0383 | LR 1.94e-05 | samples_seen=51522
2026-05-15 21:17:45,760  INFO  Epoch 1 | Step 5720/23865 | Loss 0.0346 | LR 1.94e-05 | samples_seen=51524
2026-05-15 21:17:46,061  INFO  Epoch 1 | Step 5720/23865 | Loss 0.1216 | LR 1.94e-05 | samples_seen=51526
2026-05-15 21:17:46,474  INFO  Epoch 1 | Step 5720/23865 | Loss 0.0921 | LR 1.94e-05 | samples_seen=51528
2026-05-15 21:17:46,871  INFO  Epoch 1 | Step 5720/23865 | Loss 0.0278 | LR 1.94e-05 | samples_seen=51530
2026-05-15 21:17:47,452  INFO  Epoch 1 | Step 5720/23865 | Loss 0.1029 | LR 1.94e-05 | samples_seen=51532
2026-05-15 21:17:47,914  INFO  Epoch 1 | Step 5720/23865 | Loss 0.0637 | LR 1.94e-05 | samples_seen=51534
2026-05-15 21:18:23,908  INFO  Epoch 1 | Step 5730/23865 | Loss 5.2979 | LR 1.94e-05 | samples_seen=51680
2026-05-15 21:18:24,154  INFO  Epoch 1 | Step 5730/23865 | Loss 0.1185 | LR 1.94e-05 | samples_seen=51682
2026-05-15 21:18:24,446  INFO  Epoch 1 | Step 5730/23865 | Loss 0.1309 | LR 1.94e-05 | samples_seen=51684
2026-05-15 21:18:24,737  INFO  Epoch 1 | Step 5730/23865 | Loss 0.1009 | LR 1.94e-05 | samples_seen=51686
2026-05-15 21:18:25,076  INFO  Epoch 1 | Step 5730/23865 | Loss 0.0725 | LR 1.94e-05 | samples_seen=51688
2026-05-15 21:18:25,631  INFO  Epoch 1 | Step 5730/23865 | Loss 0.0566 | LR 1.94e-05 | samples_seen=51690
2026-05-15 21:18:26,190  INFO  Epoch 1 | Step 5730/23865 | Loss 0.0372 | LR 1.94e-05 | samples_seen=51692
2026-05-15 21:18:26,757  INFO  Epoch 1 | Step 5730/23865 | Loss 0.0490 | LR 1.94e-05 | samples_seen=51694
2026-05-15 21:19:01,825  INFO  Epoch 1 | Step 5740/23865 | Loss 5.4354 | LR 1.94e-05 | samples_seen=51840
2026-05-15 21:19:02,091  INFO  Epoch 1 | Step 5740/23865 | Loss 0.1167 | LR 1.94e-05 | samples_seen=51842
2026-05-15 21:19:02,380  INFO  Epoch 1 | Step 5740/23865 | Loss 0.1049 | LR 1.94e-05 | samples_seen=51844
2026-05-15 21:19:02,881  INFO  Epoch 1 | Step 5740/23865 | Loss 0.0311 | LR 1.94e-05 | samples_seen=51846
2026-05-15 21:19:03,286  INFO  Epoch 1 | Step 5740/23865 | Loss 0.0544 | LR 1.94e-05 | samples_seen=51848
2026-05-15 21:19:03,867  INFO  Epoch 1 | Step 5740/23865 | Loss 0.0498 | LR 1.94e-05 | samples_seen=51850
2026-05-15 21:19:04,635  INFO  Epoch 1 | Step 5740/23865 | Loss 0.0488 | LR 1.94e-05 | samples_seen=51852
2026-05-15 21:19:05,004  INFO  Epoch 1 | Step 5740/23865 | Loss 0.0290 | LR 1.94e-05 | samples_seen=51854
2026-05-15 21:19:41,593  INFO  Epoch 1 | Step 5750/23865 | Loss 5.4824 | LR 1.94e-05 | samples_seen=52000
2026-05-15 21:19:42,139  INFO  Epoch 1 | Step 5750/23865 | Loss 0.0392 | LR 1.94e-05 | samples_seen=52002
2026-05-15 21:19:42,733  INFO  Epoch 1 | Step 5750/23865 | Loss 0.1183 | LR 1.94e-05 | samples_seen=52004
2026-05-15 21:19:43,096  INFO  Epoch 1 | Step 5750/23865 | Loss 0.1045 | LR 1.94e-05 | samples_seen=52006
2026-05-15 21:19:43,535  INFO  Epoch 1 | Step 5750/23865 | Loss 0.0564 | LR 1.94e-05 | samples_seen=52008
2026-05-15 21:19:44,022  INFO  Epoch 1 | Step 5750/23865 | Loss 0.0469 | LR 1.94e-05 | samples_seen=52010
2026-05-15 21:19:44,296  INFO  Epoch 1 | Step 5750/23865 | Loss 0.1089 | LR 1.94e-05 | samples_seen=52012
2026-05-15 21:19:44,832  INFO  Epoch 1 | Step 5750/23865 | Loss 0.0327 | LR 1.94e-05 | samples_seen=52014
2026-05-15 21:20:20,648  INFO  Epoch 1 | Step 5760/23865 | Loss 5.3003 | LR 1.94e-05 | samples_seen=52160
2026-05-15 21:20:21,142  INFO  Epoch 1 | Step 5760/23865 | Loss 0.0801 | LR 1.94e-05 | samples_seen=52162
2026-05-15 21:20:21,718  INFO  Epoch 1 | Step 5760/23865 | Loss 0.0288 | LR 1.94e-05 | samples_seen=52164
2026-05-15 21:20:22,096  INFO  Epoch 1 | Step 5760/23865 | Loss 0.0829 | LR 1.94e-05 | samples_seen=52166
2026-05-15 21:20:22,379  INFO  Epoch 1 | Step 5760/23865 | Loss 0.1127 | LR 1.94e-05 | samples_seen=52168
2026-05-15 21:20:22,875  INFO  Epoch 1 | Step 5760/23865 | Loss 0.0776 | LR 1.94e-05 | samples_seen=52170
2026-05-15 21:20:23,230  INFO  Epoch 1 | Step 5760/23865 | Loss 0.0795 | LR 1.94e-05 | samples_seen=52172
2026-05-15 21:20:23,660  INFO  Epoch 1 | Step 5760/23865 | Loss 0.0510 | LR 1.94e-05 | samples_seen=52174
2026-05-15 21:21:00,210  INFO  Epoch 1 | Step 5770/23865 | Loss 5.3667 | LR 1.94e-05 | samples_seen=52320
2026-05-15 21:21:00,759  INFO  Epoch 1 | Step 5770/23865 | Loss 0.0840 | LR 1.94e-05 | samples_seen=52322
2026-05-15 21:21:01,250  INFO  Epoch 1 | Step 5770/23865 | Loss 0.0387 | LR 1.94e-05 | samples_seen=52324
2026-05-15 21:21:01,517  INFO  Epoch 1 | Step 5770/23865 | Loss 0.0725 | LR 1.94e-05 | samples_seen=52326
2026-05-15 21:21:02,225  INFO  Epoch 1 | Step 5770/23865 | Loss 0.1295 | LR 1.94e-05 | samples_seen=52328
2026-05-15 21:21:02,792  INFO  Epoch 1 | Step 5770/23865 | Loss 0.0428 | LR 1.94e-05 | samples_seen=52330
2026-05-15 21:21:03,227  INFO  Epoch 1 | Step 5770/23865 | Loss 0.0457 | LR 1.94e-05 | samples_seen=52332
2026-05-15 21:21:03,695  INFO  Epoch 1 | Step 5770/23865 | Loss 0.0487 | LR 1.94e-05 | samples_seen=52334
2026-05-15 21:21:39,098  INFO  Epoch 1 | Step 5780/23865 | Loss 5.2110 | LR 1.94e-05 | samples_seen=52480
2026-05-15 21:21:39,450  INFO  Epoch 1 | Step 5780/23865 | Loss 0.0863 | LR 1.94e-05 | samples_seen=52482
2026-05-15 21:21:39,662  INFO  Epoch 1 | Step 5780/23865 | Loss 0.1693 | LR 1.94e-05 | samples_seen=52484
2026-05-15 21:21:40,198  INFO  Epoch 1 | Step 5780/23865 | Loss 0.0660 | LR 1.94e-05 | samples_seen=52486
2026-05-15 21:21:40,826  INFO  Epoch 1 | Step 5780/23865 | Loss 0.0733 | LR 1.94e-05 | samples_seen=52488
2026-05-15 21:21:41,310  INFO  Epoch 1 | Step 5780/23865 | Loss 0.0986 | LR 1.94e-05 | samples_seen=52490
2026-05-15 21:21:41,690  INFO  Epoch 1 | Step 5780/23865 | Loss 0.0477 | LR 1.94e-05 | samples_seen=52492
2026-05-15 21:21:42,162  INFO  Epoch 1 | Step 5780/23865 | Loss 0.0367 | LR 1.94e-05 | samples_seen=52494
2026-05-15 21:22:18,659  INFO  Epoch 1 | Step 5790/23865 | Loss 5.1026 | LR 1.94e-05 | samples_seen=52640
2026-05-15 21:22:19,049  INFO  Epoch 1 | Step 5790/23865 | Loss 0.0779 | LR 1.94e-05 | samples_seen=52642
2026-05-15 21:22:19,318  INFO  Epoch 1 | Step 5790/23865 | Loss 0.1681 | LR 1.94e-05 | samples_seen=52644
2026-05-15 21:22:19,972  INFO  Epoch 1 | Step 5790/23865 | Loss 0.0288 | LR 1.94e-05 | samples_seen=52646
2026-05-15 21:22:20,514  INFO  Epoch 1 | Step 5790/23865 | Loss 0.0927 | LR 1.94e-05 | samples_seen=52648
2026-05-15 21:22:20,845  INFO  Epoch 1 | Step 5790/23865 | Loss 0.0563 | LR 1.94e-05 | samples_seen=52650
2026-05-15 21:22:21,449  INFO  Epoch 1 | Step 5790/23865 | Loss 0.0719 | LR 1.94e-05 | samples_seen=52652
2026-05-15 21:22:21,879  INFO  Epoch 1 | Step 5790/23865 | Loss 0.0860 | LR 1.94e-05 | samples_seen=52654
2026-05-15 21:22:58,953  INFO  Epoch 1 | Step 5800/23865 | Loss 5.4826 | LR 1.94e-05 | samples_seen=52800
2026-05-15 21:22:59,206  INFO  Epoch 1 | Step 5800/23865 | Loss 0.1088 | LR 1.94e-05 | samples_seen=52802
2026-05-15 21:22:59,784  INFO  Epoch 1 | Step 5800/23865 | Loss 0.0179 | LR 1.94e-05 | samples_seen=52804
2026-05-15 21:23:00,505  INFO  Epoch 1 | Step 5800/23865 | Loss 0.0323 | LR 1.94e-05 | samples_seen=52806
2026-05-15 21:23:00,925  INFO  Epoch 1 | Step 5800/23865 | Loss 0.0594 | LR 1.94e-05 | samples_seen=52808
2026-05-15 21:23:01,377  INFO  Epoch 1 | Step 5800/23865 | Loss 0.0550 | LR 1.94e-05 | samples_seen=52810
2026-05-15 21:23:01,670  INFO  Epoch 1 | Step 5800/23865 | Loss 0.1402 | LR 1.94e-05 | samples_seen=52812
2026-05-15 21:23:02,236  INFO  Epoch 1 | Step 5800/23865 | Loss 0.0388 | LR 1.94e-05 | samples_seen=52814
2026-05-15 21:23:38,600  INFO  Epoch 1 | Step 5810/23865 | Loss 5.1242 | LR 1.94e-05 | samples_seen=52960
2026-05-15 21:23:39,284  INFO  Epoch 1 | Step 5810/23865 | Loss 0.0574 | LR 1.94e-05 | samples_seen=52962
2026-05-15 21:23:39,859  INFO  Epoch 1 | Step 5810/23865 | Loss 0.0347 | LR 1.94e-05 | samples_seen=52964
2026-05-15 21:23:40,609  INFO  Epoch 1 | Step 5810/23865 | Loss 0.0455 | LR 1.94e-05 | samples_seen=52966
2026-05-15 21:23:41,515  INFO  Epoch 1 | Step 5810/23865 | Loss 0.0250 | LR 1.94e-05 | samples_seen=52968
2026-05-15 21:23:41,934  INFO  Epoch 1 | Step 5810/23865 | Loss 0.0368 | LR 1.94e-05 | samples_seen=52970
2026-05-15 21:23:42,316  INFO  Epoch 1 | Step 5810/23865 | Loss 0.0606 | LR 1.94e-05 | samples_seen=52972
2026-05-15 21:23:42,724  INFO  Epoch 1 | Step 5810/23865 | Loss 0.0382 | LR 1.94e-05 | samples_seen=52974
2026-05-15 21:24:18,225  INFO  Epoch 1 | Step 5820/23865 | Loss 5.4655 | LR 1.94e-05 | samples_seen=53120
2026-05-15 21:24:18,776  INFO  Epoch 1 | Step 5820/23865 | Loss 0.0840 | LR 1.94e-05 | samples_seen=53122
2026-05-15 21:24:19,282  INFO  Epoch 1 | Step 5820/23865 | Loss 0.0263 | LR 1.94e-05 | samples_seen=53124
2026-05-15 21:24:19,675  INFO  Epoch 1 | Step 5820/23865 | Loss 0.0437 | LR 1.94e-05 | samples_seen=53126
2026-05-15 21:24:20,064  INFO  Epoch 1 | Step 5820/23865 | Loss 0.0899 | LR 1.94e-05 | samples_seen=53128
2026-05-15 21:24:20,369  INFO  Epoch 1 | Step 5820/23865 | Loss 0.1287 | LR 1.94e-05 | samples_seen=53130
2026-05-15 21:24:20,790  INFO  Epoch 1 | Step 5820/23865 | Loss 0.0366 | LR 1.94e-05 | samples_seen=53132
2026-05-15 21:24:21,018  INFO  Epoch 1 | Step 5820/23865 | Loss 0.1061 | LR 1.94e-05 | samples_seen=53134
2026-05-15 21:24:57,996  INFO  Epoch 1 | Step 5830/23865 | Loss 4.9951 | LR 1.94e-05 | samples_seen=53280
2026-05-15 21:24:58,297  INFO  Epoch 1 | Step 5830/23865 | Loss 0.0835 | LR 1.94e-05 | samples_seen=53282
2026-05-15 21:24:58,774  INFO  Epoch 1 | Step 5830/23865 | Loss 0.0360 | LR 1.94e-05 | samples_seen=53284
2026-05-15 21:24:59,073  INFO  Epoch 1 | Step 5830/23865 | Loss 0.1299 | LR 1.94e-05 | samples_seen=53286
2026-05-15 21:24:59,428  INFO  Epoch 1 | Step 5830/23865 | Loss 0.0853 | LR 1.94e-05 | samples_seen=53288
2026-05-15 21:24:59,811  INFO  Epoch 1 | Step 5830/23865 | Loss 0.0732 | LR 1.94e-05 | samples_seen=53290
2026-05-15 21:25:00,099  INFO  Epoch 1 | Step 5830/23865 | Loss 0.1312 | LR 1.94e-05 | samples_seen=53292
2026-05-15 21:25:00,451  INFO  Epoch 1 | Step 5830/23865 | Loss 0.0582 | LR 1.94e-05 | samples_seen=53294
2026-05-15 21:25:38,188  INFO  Epoch 1 | Step 5840/23865 | Loss 4.9529 | LR 1.94e-05 | samples_seen=53440
2026-05-15 21:25:38,578  INFO  Epoch 1 | Step 5840/23865 | Loss 0.0756 | LR 1.94e-05 | samples_seen=53442
2026-05-15 21:25:39,243  INFO  Epoch 1 | Step 5840/23865 | Loss 0.0388 | LR 1.94e-05 | samples_seen=53444
2026-05-15 21:25:39,903  INFO  Epoch 1 | Step 5840/23865 | Loss 0.0650 | LR 1.94e-05 | samples_seen=53446
2026-05-15 21:25:40,738  INFO  Epoch 1 | Step 5840/23865 | Loss 0.0398 | LR 1.94e-05 | samples_seen=53448
2026-05-15 21:25:41,295  INFO  Epoch 1 | Step 5840/23865 | Loss 0.0574 | LR 1.94e-05 | samples_seen=53450
2026-05-15 21:25:41,942  INFO  Epoch 1 | Step 5840/23865 | Loss 0.0287 | LR 1.94e-05 | samples_seen=53452
2026-05-15 21:25:42,237  INFO  Epoch 1 | Step 5840/23865 | Loss 0.0871 | LR 1.94e-05 | samples_seen=53454
2026-05-15 21:26:21,739  INFO  Epoch 1 | Step 5850/23865 | Loss 5.3164 | LR 1.94e-05 | samples_seen=53600
2026-05-15 21:26:22,060  INFO  Epoch 1 | Step 5850/23865 | Loss 0.0511 | LR 1.94e-05 | samples_seen=53602
2026-05-15 21:26:22,499  INFO  Epoch 1 | Step 5850/23865 | Loss 0.0365 | LR 1.94e-05 | samples_seen=53604
2026-05-15 21:26:23,035  INFO  Epoch 1 | Step 5850/23865 | Loss 0.0367 | LR 1.94e-05 | samples_seen=53606
2026-05-15 21:26:23,425  INFO  Epoch 1 | Step 5850/23865 | Loss 0.0527 | LR 1.94e-05 | samples_seen=53608
2026-05-15 21:26:23,878  INFO  Epoch 1 | Step 5850/23865 | Loss 0.0212 | LR 1.94e-05 | samples_seen=53610
2026-05-15 21:26:24,420  INFO  Epoch 1 | Step 5850/23865 | Loss 0.0435 | LR 1.94e-05 | samples_seen=53612
2026-05-15 21:26:25,024  INFO  Epoch 1 | Step 5850/23865 | Loss 0.1110 | LR 1.94e-05 | samples_seen=53614
2026-05-15 21:26:58,800  INFO  Epoch 1 | Step 5860/23865 | Loss 5.3110 | LR 1.94e-05 | samples_seen=53760
2026-05-15 21:26:59,121  INFO  Epoch 1 | Step 5860/23865 | Loss 0.0793 | LR 1.94e-05 | samples_seen=53762
2026-05-15 21:26:59,526  INFO  Epoch 1 | Step 5860/23865 | Loss 0.0961 | LR 1.94e-05 | samples_seen=53764
2026-05-15 21:27:00,091  INFO  Epoch 1 | Step 5860/23865 | Loss 0.0826 | LR 1.94e-05 | samples_seen=53766
2026-05-15 21:27:00,615  INFO  Epoch 1 | Step 5860/23865 | Loss 0.0630 | LR 1.94e-05 | samples_seen=53768
2026-05-15 21:27:00,914  INFO  Epoch 1 | Step 5860/23865 | Loss 0.0823 | LR 1.94e-05 | samples_seen=53770
2026-05-15 21:27:01,207  INFO  Epoch 1 | Step 5860/23865 | Loss 0.1432 | LR 1.94e-05 | samples_seen=53772
2026-05-15 21:27:01,736  INFO  Epoch 1 | Step 5860/23865 | Loss 0.0696 | LR 1.94e-05 | samples_seen=53774
2026-05-15 21:27:38,390  INFO  Epoch 1 | Step 5870/23865 | Loss 5.3742 | LR 1.94e-05 | samples_seen=53920
2026-05-15 21:27:38,956  INFO  Epoch 1 | Step 5870/23865 | Loss 0.0380 | LR 1.94e-05 | samples_seen=53922
2026-05-15 21:27:39,422  INFO  Epoch 1 | Step 5870/23865 | Loss 0.0990 | LR 1.94e-05 | samples_seen=53924
2026-05-15 21:27:40,181  INFO  Epoch 1 | Step 5870/23865 | Loss 0.0416 | LR 1.94e-05 | samples_seen=53926
2026-05-15 21:27:40,453  INFO  Epoch 1 | Step 5870/23865 | Loss 0.1077 | LR 1.94e-05 | samples_seen=53928
2026-05-15 21:27:40,732  INFO  Epoch 1 | Step 5870/23865 | Loss 0.1265 | LR 1.94e-05 | samples_seen=53930
2026-05-15 21:27:41,305  INFO  Epoch 1 | Step 5870/23865 | Loss 0.0391 | LR 1.94e-05 | samples_seen=53932
2026-05-15 21:27:41,870  INFO  Epoch 1 | Step 5870/23865 | Loss 0.1184 | LR 1.94e-05 | samples_seen=53934
2026-05-15 21:28:17,811  INFO  Epoch 1 | Step 5880/23865 | Loss 5.4584 | LR 1.94e-05 | samples_seen=54080
2026-05-15 21:28:18,320  INFO  Epoch 1 | Step 5880/23865 | Loss 0.0301 | LR 1.94e-05 | samples_seen=54082
2026-05-15 21:28:19,206  INFO  Epoch 1 | Step 5880/23865 | Loss 0.0751 | LR 1.94e-05 | samples_seen=54084
2026-05-15 21:28:19,927  INFO  Epoch 1 | Step 5880/23865 | Loss 0.1301 | LR 1.94e-05 | samples_seen=54086
2026-05-15 21:28:20,290  INFO  Epoch 1 | Step 5880/23865 | Loss 0.0985 | LR 1.94e-05 | samples_seen=54088
2026-05-15 21:28:20,930  INFO  Epoch 1 | Step 5880/23865 | Loss 0.1151 | LR 1.94e-05 | samples_seen=54090
2026-05-15 21:28:21,406  INFO  Epoch 1 | Step 5880/23865 | Loss 0.0766 | LR 1.94e-05 | samples_seen=54092
2026-05-15 21:28:21,801  INFO  Epoch 1 | Step 5880/23865 | Loss 0.0387 | LR 1.94e-05 | samples_seen=54094
2026-05-15 21:28:58,122  INFO  Epoch 1 | Step 5890/23865 | Loss 5.6548 | LR 1.93e-05 | samples_seen=54240
2026-05-15 21:28:58,446  INFO  Epoch 1 | Step 5890/23865 | Loss 0.1264 | LR 1.93e-05 | samples_seen=54242
2026-05-15 21:28:58,655  INFO  Epoch 1 | Step 5890/23865 | Loss 0.1041 | LR 1.93e-05 | samples_seen=54244
2026-05-15 21:28:59,056  INFO  Epoch 1 | Step 5890/23865 | Loss 0.0522 | LR 1.93e-05 | samples_seen=54246
2026-05-15 21:28:59,614  INFO  Epoch 1 | Step 5890/23865 | Loss 0.1106 | LR 1.93e-05 | samples_seen=54248
2026-05-15 21:29:00,277  INFO  Epoch 1 | Step 5890/23865 | Loss 0.0621 | LR 1.93e-05 | samples_seen=54250
2026-05-15 21:29:00,608  INFO  Epoch 1 | Step 5890/23865 | Loss 0.1204 | LR 1.93e-05 | samples_seen=54252
2026-05-15 21:29:01,327  INFO  Epoch 1 | Step 5890/23865 | Loss 0.0306 | LR 1.93e-05 | samples_seen=54254
2026-05-15 21:29:37,287  INFO  Epoch 1 | Step 5900/23865 | Loss 5.3406 | LR 1.93e-05 | samples_seen=54400
2026-05-15 21:29:37,607  INFO  Epoch 1 | Step 5900/23865 | Loss 0.0809 | LR 1.93e-05 | samples_seen=54402
2026-05-15 21:29:38,147  INFO  Epoch 1 | Step 5900/23865 | Loss 0.0580 | LR 1.93e-05 | samples_seen=54404
2026-05-15 21:29:38,559  INFO  Epoch 1 | Step 5900/23865 | Loss 0.1032 | LR 1.93e-05 | samples_seen=54406
2026-05-15 21:29:39,113  INFO  Epoch 1 | Step 5900/23865 | Loss 0.0810 | LR 1.93e-05 | samples_seen=54408
2026-05-15 21:29:39,392  INFO  Epoch 1 | Step 5900/23865 | Loss 0.0990 | LR 1.93e-05 | samples_seen=54410
2026-05-15 21:29:39,840  INFO  Epoch 1 | Step 5900/23865 | Loss 0.0417 | LR 1.93e-05 | samples_seen=54412
2026-05-15 21:29:40,412  INFO  Epoch 1 | Step 5900/23865 | Loss 0.0222 | LR 1.93e-05 | samples_seen=54414
2026-05-15 21:30:16,017  INFO  Epoch 1 | Step 5910/23865 | Loss 4.8049 | LR 1.93e-05 | samples_seen=54560
2026-05-15 21:30:16,355  INFO  Epoch 1 | Step 5910/23865 | Loss 0.0317 | LR 1.93e-05 | samples_seen=54562
2026-05-15 21:30:16,751  INFO  Epoch 1 | Step 5910/23865 | Loss 0.0596 | LR 1.93e-05 | samples_seen=54564
2026-05-15 21:30:17,539  INFO  Epoch 1 | Step 5910/23865 | Loss 0.0569 | LR 1.93e-05 | samples_seen=54566
2026-05-15 21:30:18,079  INFO  Epoch 1 | Step 5910/23865 | Loss 0.0466 | LR 1.93e-05 | samples_seen=54568
2026-05-15 21:30:18,792  INFO  Epoch 1 | Step 5910/23865 | Loss 0.0383 | LR 1.93e-05 | samples_seen=54570
2026-05-15 21:30:19,286  INFO  Epoch 1 | Step 5910/23865 | Loss 0.0657 | LR 1.93e-05 | samples_seen=54572
2026-05-15 21:30:19,875  INFO  Epoch 1 | Step 5910/23865 | Loss 0.0516 | LR 1.93e-05 | samples_seen=54574
2026-05-15 21:30:56,415  INFO  Epoch 1 | Step 5920/23865 | Loss 5.4562 | LR 1.93e-05 | samples_seen=54720
2026-05-15 21:30:56,869  INFO  Epoch 1 | Step 5920/23865 | Loss 0.1570 | LR 1.93e-05 | samples_seen=54722
2026-05-15 21:30:57,616  INFO  Epoch 1 | Step 5920/23865 | Loss 0.0419 | LR 1.93e-05 | samples_seen=54724
2026-05-15 21:30:58,121  INFO  Epoch 1 | Step 5920/23865 | Loss 0.1277 | LR 1.93e-05 | samples_seen=54726
2026-05-15 21:30:58,688  INFO  Epoch 1 | Step 5920/23865 | Loss 0.0814 | LR 1.93e-05 | samples_seen=54728
2026-05-15 21:30:59,292  INFO  Epoch 1 | Step 5920/23865 | Loss 0.0340 | LR 1.93e-05 | samples_seen=54730
2026-05-15 21:30:59,624  INFO  Epoch 1 | Step 5920/23865 | Loss 0.0542 | LR 1.93e-05 | samples_seen=54732
2026-05-15 21:31:00,040  INFO  Epoch 1 | Step 5920/23865 | Loss 0.0227 | LR 1.93e-05 | samples_seen=54734
2026-05-15 21:31:35,670  INFO  Epoch 1 | Step 5930/23865 | Loss 5.3047 | LR 1.93e-05 | samples_seen=54880
2026-05-15 21:31:36,010  INFO  Epoch 1 | Step 5930/23865 | Loss 0.0828 | LR 1.93e-05 | samples_seen=54882
2026-05-15 21:31:36,216  INFO  Epoch 1 | Step 5930/23865 | Loss 0.1745 | LR 1.93e-05 | samples_seen=54884
2026-05-15 21:31:36,604  INFO  Epoch 1 | Step 5930/23865 | Loss 0.0556 | LR 1.93e-05 | samples_seen=54886
2026-05-15 21:31:37,513  INFO  Epoch 1 | Step 5930/23865 | Loss 0.1029 | LR 1.93e-05 | samples_seen=54888
2026-05-15 21:31:38,076  INFO  Epoch 1 | Step 5930/23865 | Loss 0.0395 | LR 1.93e-05 | samples_seen=54890
2026-05-15 21:31:38,614  INFO  Epoch 1 | Step 5930/23865 | Loss 0.0776 | LR 1.93e-05 | samples_seen=54892
2026-05-15 21:31:39,099  INFO  Epoch 1 | Step 5930/23865 | Loss 0.0425 | LR 1.93e-05 | samples_seen=54894
2026-05-15 21:32:15,294  INFO  Epoch 1 | Step 5940/23865 | Loss 5.5220 | LR 1.93e-05 | samples_seen=55040
2026-05-15 21:32:15,799  INFO  Epoch 1 | Step 5940/23865 | Loss 0.0654 | LR 1.93e-05 | samples_seen=55042
2026-05-15 21:32:16,344  INFO  Epoch 1 | Step 5940/23865 | Loss 0.0706 | LR 1.93e-05 | samples_seen=55044
2026-05-15 21:32:16,703  INFO  Epoch 1 | Step 5940/23865 | Loss 0.0474 | LR 1.93e-05 | samples_seen=55046
2026-05-15 21:32:16,973  INFO  Epoch 1 | Step 5940/23865 | Loss 0.1123 | LR 1.93e-05 | samples_seen=55048
2026-05-15 21:32:17,411  INFO  Epoch 1 | Step 5940/23865 | Loss 0.0441 | LR 1.93e-05 | samples_seen=55050
2026-05-15 21:32:18,127  INFO  Epoch 1 | Step 5940/23865 | Loss 0.0559 | LR 1.93e-05 | samples_seen=55052
2026-05-15 21:32:18,620  INFO  Epoch 1 | Step 5940/23865 | Loss 0.0332 | LR 1.93e-05 | samples_seen=55054
2026-05-15 21:32:54,323  INFO  Epoch 1 | Step 5950/23865 | Loss 5.1578 | LR 1.93e-05 | samples_seen=55200
2026-05-15 21:32:54,959  INFO  Epoch 1 | Step 5950/23865 | Loss 0.0315 | LR 1.93e-05 | samples_seen=55202
2026-05-15 21:32:55,608  INFO  Epoch 1 | Step 5950/23865 | Loss 0.0695 | LR 1.93e-05 | samples_seen=55204
2026-05-15 21:32:56,042  INFO  Epoch 1 | Step 5950/23865 | Loss 0.0682 | LR 1.93e-05 | samples_seen=55206
2026-05-15 21:32:56,526  INFO  Epoch 1 | Step 5950/23865 | Loss 0.0705 | LR 1.93e-05 | samples_seen=55208
2026-05-15 21:32:56,820  INFO  Epoch 1 | Step 5950/23865 | Loss 0.1169 | LR 1.93e-05 | samples_seen=55210
2026-05-15 21:32:57,409  INFO  Epoch 1 | Step 5950/23865 | Loss 0.0526 | LR 1.93e-05 | samples_seen=55212
2026-05-15 21:32:57,861  INFO  Epoch 1 | Step 5950/23865 | Loss 0.0677 | LR 1.93e-05 | samples_seen=55214
2026-05-15 21:33:32,577  INFO  Epoch 1 | Step 5960/23865 | Loss 4.6968 | LR 1.93e-05 | samples_seen=55360
2026-05-15 21:33:32,969  INFO  Epoch 1 | Step 5960/23865 | Loss 0.0329 | LR 1.93e-05 | samples_seen=55362
2026-05-15 21:33:33,240  INFO  Epoch 1 | Step 5960/23865 | Loss 0.1067 | LR 1.93e-05 | samples_seen=55364
2026-05-15 21:33:33,821  INFO  Epoch 1 | Step 5960/23865 | Loss 0.0931 | LR 1.93e-05 | samples_seen=55366
2026-05-15 21:33:34,154  INFO  Epoch 1 | Step 5960/23865 | Loss 0.0894 | LR 1.93e-05 | samples_seen=55368
2026-05-15 21:33:34,536  INFO  Epoch 1 | Step 5960/23865 | Loss 0.1097 | LR 1.93e-05 | samples_seen=55370
2026-05-15 21:33:35,200  INFO  Epoch 1 | Step 5960/23865 | Loss 0.0228 | LR 1.93e-05 | samples_seen=55372
2026-05-15 21:33:35,586  INFO  Epoch 1 | Step 5960/23865 | Loss 0.0781 | LR 1.93e-05 | samples_seen=55374
2026-05-15 21:34:13,727  INFO  Epoch 1 | Step 5970/23865 | Loss 4.6784 | LR 1.93e-05 | samples_seen=55520
2026-05-15 21:34:14,404  INFO  Epoch 1 | Step 5970/23865 | Loss 0.0625 | LR 1.93e-05 | samples_seen=55522
2026-05-15 21:34:15,180  INFO  Epoch 1 | Step 5970/23865 | Loss 0.0408 | LR 1.93e-05 | samples_seen=55524
2026-05-15 21:34:15,650  INFO  Epoch 1 | Step 5970/23865 | Loss 0.0532 | LR 1.93e-05 | samples_seen=55526
2026-05-15 21:34:16,417  INFO  Epoch 1 | Step 5970/23865 | Loss 0.0859 | LR 1.93e-05 | samples_seen=55528
2026-05-15 21:34:16,913  INFO  Epoch 1 | Step 5970/23865 | Loss 0.0671 | LR 1.93e-05 | samples_seen=55530
2026-05-15 21:34:17,454  INFO  Epoch 1 | Step 5970/23865 | Loss 0.0590 | LR 1.93e-05 | samples_seen=55532
2026-05-15 21:34:17,861  INFO  Epoch 1 | Step 5970/23865 | Loss 0.0370 | LR 1.93e-05 | samples_seen=55534
2026-05-15 21:34:56,566  INFO  Epoch 1 | Step 5980/23865 | Loss 4.9162 | LR 1.93e-05 | samples_seen=55680
2026-05-15 21:34:56,828  INFO  Epoch 1 | Step 5980/23865 | Loss 0.1112 | LR 1.93e-05 | samples_seen=55682
2026-05-15 21:34:57,748  INFO  Epoch 1 | Step 5980/23865 | Loss 0.0554 | LR 1.93e-05 | samples_seen=55684
2026-05-15 21:34:58,107  INFO  Epoch 1 | Step 5980/23865 | Loss 0.0899 | LR 1.93e-05 | samples_seen=55686
2026-05-15 21:34:58,511  INFO  Epoch 1 | Step 5980/23865 | Loss 0.0791 | LR 1.93e-05 | samples_seen=55688
2026-05-15 21:34:58,978  INFO  Epoch 1 | Step 5980/23865 | Loss 0.0387 | LR 1.93e-05 | samples_seen=55690
2026-05-15 21:34:59,372  INFO  Epoch 1 | Step 5980/23865 | Loss 0.0633 | LR 1.93e-05 | samples_seen=55692
2026-05-15 21:34:59,972  INFO  Epoch 1 | Step 5980/23865 | Loss 0.0910 | LR 1.93e-05 | samples_seen=55694
2026-05-15 21:35:36,672  INFO  Epoch 1 | Step 5990/23865 | Loss 5.4448 | LR 1.93e-05 | samples_seen=55840
2026-05-15 21:35:37,202  INFO  Epoch 1 | Step 5990/23865 | Loss 0.1159 | LR 1.93e-05 | samples_seen=55842
2026-05-15 21:35:37,541  INFO  Epoch 1 | Step 5990/23865 | Loss 0.0661 | LR 1.93e-05 | samples_seen=55844
2026-05-15 21:35:38,181  INFO  Epoch 1 | Step 5990/23865 | Loss 0.0202 | LR 1.93e-05 | samples_seen=55846
2026-05-15 21:35:38,696  INFO  Epoch 1 | Step 5990/23865 | Loss 0.0656 | LR 1.93e-05 | samples_seen=55848
2026-05-15 21:35:39,285  INFO  Epoch 1 | Step 5990/23865 | Loss 0.0566 | LR 1.93e-05 | samples_seen=55850
2026-05-15 21:35:40,010  INFO  Epoch 1 | Step 5990/23865 | Loss 0.0451 | LR 1.93e-05 | samples_seen=55852
2026-05-15 21:35:40,303  INFO  Epoch 1 | Step 5990/23865 | Loss 0.1256 | LR 1.93e-05 | samples_seen=55854
2026-05-15 21:36:16,624  INFO  Epoch 1 | Step 6000/23865 | Loss 5.4159 | LR 1.93e-05 | samples_seen=56000
2026-05-15 21:36:17,033  INFO  Epoch 1 | Step 6000/23865 | Loss 0.0500 | LR 1.93e-05 | samples_seen=56002
2026-05-15 21:36:17,415  INFO  Epoch 1 | Step 6000/23865 | Loss 0.0876 | LR 1.93e-05 | samples_seen=56004
2026-05-15 21:36:18,024  INFO  Epoch 1 | Step 6000/23865 | Loss 0.0912 | LR 1.93e-05 | samples_seen=56006
2026-05-15 21:36:18,479  INFO  Epoch 1 | Step 6000/23865 | Loss 0.0509 | LR 1.93e-05 | samples_seen=56008
2026-05-15 21:36:18,823  INFO  Epoch 1 | Step 6000/23865 | Loss 0.0761 | LR 1.93e-05 | samples_seen=56010
2026-05-15 21:36:19,257  INFO  Epoch 1 | Step 6000/23865 | Loss 0.0986 | LR 1.93e-05 | samples_seen=56012
2026-05-15 21:36:20,091  INFO  Epoch 1 | Step 6000/23865 | Loss 0.0677 | LR 1.93e-05 | samples_seen=56014
2026-05-15 21:36:55,295  INFO  Epoch 1 | Step 6010/23865 | Loss 5.4950 | LR 1.93e-05 | samples_seen=56160
2026-05-15 21:36:55,873  INFO  Epoch 1 | Step 6010/23865 | Loss 0.1072 | LR 1.93e-05 | samples_seen=56162
2026-05-15 21:36:56,298  INFO  Epoch 1 | Step 6010/23865 | Loss 0.0766 | LR 1.93e-05 | samples_seen=56164
2026-05-15 21:36:56,694  INFO  Epoch 1 | Step 6010/23865 | Loss 0.0409 | LR 1.93e-05 | samples_seen=56166
2026-05-15 21:36:57,253  INFO  Epoch 1 | Step 6010/23865 | Loss 0.0777 | LR 1.93e-05 | samples_seen=56168
2026-05-15 21:36:58,042  INFO  Epoch 1 | Step 6010/23865 | Loss 0.0831 | LR 1.93e-05 | samples_seen=56170
2026-05-15 21:36:58,537  INFO  Epoch 1 | Step 6010/23865 | Loss 0.0268 | LR 1.93e-05 | samples_seen=56172
2026-05-15 21:36:59,089  INFO  Epoch 1 | Step 6010/23865 | Loss 0.0237 | LR 1.93e-05 | samples_seen=56174
2026-05-15 21:37:35,133  INFO  Epoch 1 | Step 6020/23865 | Loss 4.7331 | LR 1.93e-05 | samples_seen=56320
2026-05-15 21:37:35,464  INFO  Epoch 1 | Step 6020/23865 | Loss 0.0867 | LR 1.93e-05 | samples_seen=56322
2026-05-15 21:37:36,056  INFO  Epoch 1 | Step 6020/23865 | Loss 0.0550 | LR 1.93e-05 | samples_seen=56324
2026-05-15 21:37:36,849  INFO  Epoch 1 | Step 6020/23865 | Loss 0.0448 | LR 1.93e-05 | samples_seen=56326
2026-05-15 21:37:37,443  INFO  Epoch 1 | Step 6020/23865 | Loss 0.0837 | LR 1.93e-05 | samples_seen=56328
2026-05-15 21:37:38,076  INFO  Epoch 1 | Step 6020/23865 | Loss 0.0496 | LR 1.93e-05 | samples_seen=56330
2026-05-15 21:37:38,568  INFO  Epoch 1 | Step 6020/23865 | Loss 0.0481 | LR 1.93e-05 | samples_seen=56332
2026-05-15 21:37:39,495  INFO  Epoch 1 | Step 6020/23865 | Loss 0.1082 | LR 1.93e-05 | samples_seen=56334
2026-05-15 21:38:13,242  INFO  Epoch 1 | Step 6030/23865 | Loss 5.3101 | LR 1.93e-05 | samples_seen=56480
2026-05-15 21:38:13,736  INFO  Epoch 1 | Step 6030/23865 | Loss 0.0341 | LR 1.93e-05 | samples_seen=56482
2026-05-15 21:38:14,145  INFO  Epoch 1 | Step 6030/23865 | Loss 0.0339 | LR 1.93e-05 | samples_seen=56484
2026-05-15 21:38:14,555  INFO  Epoch 1 | Step 6030/23865 | Loss 0.0496 | LR 1.93e-05 | samples_seen=56486
2026-05-15 21:38:14,958  INFO  Epoch 1 | Step 6030/23865 | Loss 0.0332 | LR 1.93e-05 | samples_seen=56488
2026-05-15 21:38:15,498  INFO  Epoch 1 | Step 6030/23865 | Loss 0.0660 | LR 1.93e-05 | samples_seen=56490
2026-05-15 21:38:15,759  INFO  Epoch 1 | Step 6030/23865 | Loss 0.1438 | LR 1.93e-05 | samples_seen=56492
2026-05-15 21:38:16,053  INFO  Epoch 1 | Step 6030/23865 | Loss 0.0968 | LR 1.93e-05 | samples_seen=56494
2026-05-15 21:38:52,746  INFO  Epoch 1 | Step 6040/23865 | Loss 4.9163 | LR 1.93e-05 | samples_seen=56640
2026-05-15 21:38:53,138  INFO  Epoch 1 | Step 6040/23865 | Loss 0.0477 | LR 1.93e-05 | samples_seen=56642
2026-05-15 21:38:53,857  INFO  Epoch 1 | Step 6040/23865 | Loss 0.0868 | LR 1.93e-05 | samples_seen=56644
2026-05-15 21:38:54,205  INFO  Epoch 1 | Step 6040/23865 | Loss 0.0829 | LR 1.93e-05 | samples_seen=56646
2026-05-15 21:38:55,110  INFO  Epoch 1 | Step 6040/23865 | Loss 0.0354 | LR 1.93e-05 | samples_seen=56648
2026-05-15 21:38:55,686  INFO  Epoch 1 | Step 6040/23865 | Loss 0.0812 | LR 1.93e-05 | samples_seen=56650
2026-05-15 21:38:55,978  INFO  Epoch 1 | Step 6040/23865 | Loss 0.0619 | LR 1.93e-05 | samples_seen=56652
2026-05-15 21:38:56,519  INFO  Epoch 1 | Step 6040/23865 | Loss 0.0943 | LR 1.93e-05 | samples_seen=56654
2026-05-15 21:39:32,988  INFO  Epoch 1 | Step 6050/23865 | Loss 4.5839 | LR 1.93e-05 | samples_seen=56800
2026-05-15 21:39:33,265  INFO  Epoch 1 | Step 6050/23865 | Loss 0.0913 | LR 1.93e-05 | samples_seen=56802
2026-05-15 21:39:33,592  INFO  Epoch 1 | Step 6050/23865 | Loss 0.0709 | LR 1.93e-05 | samples_seen=56804
2026-05-15 21:39:34,309  INFO  Epoch 1 | Step 6050/23865 | Loss 0.0411 | LR 1.93e-05 | samples_seen=56806
2026-05-15 21:39:35,225  INFO  Epoch 1 | Step 6050/23865 | Loss 0.0447 | LR 1.93e-05 | samples_seen=56808
2026-05-15 21:39:36,010  INFO  Epoch 1 | Step 6050/23865 | Loss 0.0488 | LR 1.93e-05 | samples_seen=56810
2026-05-15 21:39:36,302  INFO  Epoch 1 | Step 6050/23865 | Loss 0.1181 | LR 1.93e-05 | samples_seen=56812
2026-05-15 21:39:36,882  INFO  Epoch 1 | Step 6050/23865 | Loss 0.0417 | LR 1.93e-05 | samples_seen=56814
2026-05-15 21:42:53,598  INFO  Checkpoint saved → ../checkpoints/stage2_l40/step6052 | global_step=6052 | samples_seen=56832
2026-05-15 21:43:22,554  INFO  Epoch 1 | Step 6060/23865 | Loss 5.1353 | LR 1.93e-05 | samples_seen=56960
2026-05-15 21:43:23,196  INFO  Epoch 1 | Step 6060/23865 | Loss 0.0562 | LR 1.93e-05 | samples_seen=56962
2026-05-15 21:43:23,622  INFO  Epoch 1 | Step 6060/23865 | Loss 0.1398 | LR 1.93e-05 | samples_seen=56964
2026-05-15 21:43:23,889  INFO  Epoch 1 | Step 6060/23865 | Loss 0.1141 | LR 1.93e-05 | samples_seen=56966
2026-05-15 21:43:24,324  INFO  Epoch 1 | Step 6060/23865 | Loss 0.0597 | LR 1.93e-05 | samples_seen=56968
2026-05-15 21:43:24,835  INFO  Epoch 1 | Step 6060/23865 | Loss 0.0668 | LR 1.93e-05 | samples_seen=56970
2026-05-15 21:43:25,376  INFO  Epoch 1 | Step 6060/23865 | Loss 0.0743 | LR 1.93e-05 | samples_seen=56972
2026-05-15 21:43:25,707  INFO  Epoch 1 | Step 6060/23865 | Loss 0.0811 | LR 1.93e-05 | samples_seen=56974
2026-05-15 21:44:00,302  INFO  Epoch 1 | Step 6070/23865 | Loss 5.3023 | LR 1.93e-05 | samples_seen=57120
2026-05-15 21:44:00,687  INFO  Epoch 1 | Step 6070/23865 | Loss 0.0575 | LR 1.93e-05 | samples_seen=57122
2026-05-15 21:44:01,161  INFO  Epoch 1 | Step 6070/23865 | Loss 0.0205 | LR 1.93e-05 | samples_seen=57124
2026-05-15 21:44:01,894  INFO  Epoch 1 | Step 6070/23865 | Loss 0.0699 | LR 1.93e-05 | samples_seen=57126
2026-05-15 21:44:02,524  INFO  Epoch 1 | Step 6070/23865 | Loss 0.0423 | LR 1.93e-05 | samples_seen=57128
2026-05-15 21:44:03,065  INFO  Epoch 1 | Step 6070/23865 | Loss 0.0506 | LR 1.93e-05 | samples_seen=57130
2026-05-15 21:44:03,488  INFO  Epoch 1 | Step 6070/23865 | Loss 0.0363 | LR 1.93e-05 | samples_seen=57132
2026-05-15 21:44:03,952  INFO  Epoch 1 | Step 6070/23865 | Loss 0.0760 | LR 1.93e-05 | samples_seen=57134
2026-05-15 21:44:37,577  INFO  Epoch 1 | Step 6080/23865 | Loss 5.2806 | LR 1.93e-05 | samples_seen=57280
2026-05-15 21:44:38,063  INFO  Epoch 1 | Step 6080/23865 | Loss 0.0604 | LR 1.93e-05 | samples_seen=57282
2026-05-15 21:44:38,591  INFO  Epoch 1 | Step 6080/23865 | Loss 0.0680 | LR 1.93e-05 | samples_seen=57284
2026-05-15 21:44:39,126  INFO  Epoch 1 | Step 6080/23865 | Loss 0.0604 | LR 1.93e-05 | samples_seen=57286
2026-05-15 21:44:39,421  INFO  Epoch 1 | Step 6080/23865 | Loss 0.0667 | LR 1.93e-05 | samples_seen=57288
2026-05-15 21:44:39,882  INFO  Epoch 1 | Step 6080/23865 | Loss 0.0474 | LR 1.93e-05 | samples_seen=57290
2026-05-15 21:44:40,463  INFO  Epoch 1 | Step 6080/23865 | Loss 0.0757 | LR 1.93e-05 | samples_seen=57292
2026-05-15 21:44:40,742  INFO  Epoch 1 | Step 6080/23865 | Loss 0.0783 | LR 1.93e-05 | samples_seen=57294
2026-05-15 21:45:17,661  INFO  Epoch 1 | Step 6090/23865 | Loss 5.2393 | LR 1.92e-05 | samples_seen=57440
2026-05-15 21:45:17,924  INFO  Epoch 1 | Step 6090/23865 | Loss 0.0921 | LR 1.92e-05 | samples_seen=57442
2026-05-15 21:45:18,342  INFO  Epoch 1 | Step 6090/23865 | Loss 0.0450 | LR 1.92e-05 | samples_seen=57444
2026-05-15 21:45:18,559  INFO  Epoch 1 | Step 6090/23865 | Loss 0.1158 | LR 1.92e-05 | samples_seen=57446
2026-05-15 21:45:18,922  INFO  Epoch 1 | Step 6090/23865 | Loss 0.0627 | LR 1.92e-05 | samples_seen=57448
2026-05-15 21:45:19,394  INFO  Epoch 1 | Step 6090/23865 | Loss 0.0556 | LR 1.92e-05 | samples_seen=57450
2026-05-15 21:45:19,935  INFO  Epoch 1 | Step 6090/23865 | Loss 0.0944 | LR 1.92e-05 | samples_seen=57452
2026-05-15 21:45:20,571  INFO  Epoch 1 | Step 6090/23865 | Loss 0.0561 | LR 1.92e-05 | samples_seen=57454
2026-05-15 21:45:56,698  INFO  Epoch 1 | Step 6100/23865 | Loss 4.9666 | LR 1.92e-05 | samples_seen=57600
2026-05-15 21:45:56,911  INFO  Epoch 1 | Step 6100/23865 | Loss 0.1006 | LR 1.92e-05 | samples_seen=57602
2026-05-15 21:45:57,200  INFO  Epoch 1 | Step 6100/23865 | Loss 0.0410 | LR 1.92e-05 | samples_seen=57604
2026-05-15 21:45:57,979  INFO  Epoch 1 | Step 6100/23865 | Loss 0.0588 | LR 1.92e-05 | samples_seen=57606
2026-05-15 21:45:58,392  INFO  Epoch 1 | Step 6100/23865 | Loss 0.0225 | LR 1.92e-05 | samples_seen=57608
2026-05-15 21:45:58,633  INFO  Epoch 1 | Step 6100/23865 | Loss 0.1385 | LR 1.92e-05 | samples_seen=57610
2026-05-15 21:45:59,384  INFO  Epoch 1 | Step 6100/23865 | Loss 0.0436 | LR 1.92e-05 | samples_seen=57612
2026-05-15 21:46:00,273  INFO  Epoch 1 | Step 6100/23865 | Loss 0.0549 | LR 1.92e-05 | samples_seen=57614
2026-05-15 21:46:36,118  INFO  Epoch 1 | Step 6110/23865 | Loss 5.4968 | LR 1.92e-05 | samples_seen=57760
2026-05-15 21:46:36,933  INFO  Epoch 1 | Step 6110/23865 | Loss 0.0655 | LR 1.92e-05 | samples_seen=57762
2026-05-15 21:46:37,651  INFO  Epoch 1 | Step 6110/23865 | Loss 0.1092 | LR 1.92e-05 | samples_seen=57764
2026-05-15 21:46:38,059  INFO  Epoch 1 | Step 6110/23865 | Loss 0.1062 | LR 1.92e-05 | samples_seen=57766
2026-05-15 21:46:38,600  INFO  Epoch 1 | Step 6110/23865 | Loss 0.0555 | LR 1.92e-05 | samples_seen=57768
2026-05-15 21:46:39,063  INFO  Epoch 1 | Step 6110/23865 | Loss 0.0395 | LR 1.92e-05 | samples_seen=57770
2026-05-15 21:46:39,836  INFO  Epoch 1 | Step 6110/23865 | Loss 0.0420 | LR 1.92e-05 | samples_seen=57772
2026-05-15 21:46:40,198  INFO  Epoch 1 | Step 6110/23865 | Loss 0.0251 | LR 1.92e-05 | samples_seen=57774
2026-05-15 21:47:16,838  INFO  Epoch 1 | Step 6120/23865 | Loss 5.4526 | LR 1.92e-05 | samples_seen=57920
2026-05-15 21:47:17,404  INFO  Epoch 1 | Step 6120/23865 | Loss 0.0471 | LR 1.92e-05 | samples_seen=57922
2026-05-15 21:47:17,833  INFO  Epoch 1 | Step 6120/23865 | Loss 0.0394 | LR 1.92e-05 | samples_seen=57924
2026-05-15 21:47:18,366  INFO  Epoch 1 | Step 6120/23865 | Loss 0.0713 | LR 1.92e-05 | samples_seen=57926
2026-05-15 21:47:19,082  INFO  Epoch 1 | Step 6120/23865 | Loss 0.1171 | LR 1.92e-05 | samples_seen=57928
2026-05-15 21:47:19,542  INFO  Epoch 1 | Step 6120/23865 | Loss 0.0678 | LR 1.92e-05 | samples_seen=57930
2026-05-15 21:47:20,079  INFO  Epoch 1 | Step 6120/23865 | Loss 0.0453 | LR 1.92e-05 | samples_seen=57932
2026-05-15 21:47:20,498  INFO  Epoch 1 | Step 6120/23865 | Loss 0.0607 | LR 1.92e-05 | samples_seen=57934
2026-05-15 21:47:57,078  INFO  Epoch 1 | Step 6130/23865 | Loss 5.5055 | LR 1.92e-05 | samples_seen=58080
2026-05-15 21:47:57,523  INFO  Epoch 1 | Step 6130/23865 | Loss 0.0470 | LR 1.92e-05 | samples_seen=58082
2026-05-15 21:47:57,881  INFO  Epoch 1 | Step 6130/23865 | Loss 0.0691 | LR 1.92e-05 | samples_seen=58084
2026-05-15 21:47:58,583  INFO  Epoch 1 | Step 6130/23865 | Loss 0.0597 | LR 1.92e-05 | samples_seen=58086
2026-05-15 21:47:59,143  INFO  Epoch 1 | Step 6130/23865 | Loss 0.0560 | LR 1.92e-05 | samples_seen=58088
2026-05-15 21:47:59,512  INFO  Epoch 1 | Step 6130/23865 | Loss 0.0701 | LR 1.92e-05 | samples_seen=58090
2026-05-15 21:47:59,779  INFO  Epoch 1 | Step 6130/23865 | Loss 0.1108 | LR 1.92e-05 | samples_seen=58092
2026-05-15 21:48:00,536  INFO  Epoch 1 | Step 6130/23865 | Loss 0.0679 | LR 1.92e-05 | samples_seen=58094
2026-05-15 21:48:38,007  INFO  Epoch 1 | Step 6140/23865 | Loss 5.1955 | LR 1.92e-05 | samples_seen=58240
2026-05-15 21:48:38,430  INFO  Epoch 1 | Step 6140/23865 | Loss 0.0230 | LR 1.92e-05 | samples_seen=58242
2026-05-15 21:48:38,726  INFO  Epoch 1 | Step 6140/23865 | Loss 0.0885 | LR 1.92e-05 | samples_seen=58244
2026-05-15 21:48:39,320  INFO  Epoch 1 | Step 6140/23865 | Loss 0.0686 | LR 1.92e-05 | samples_seen=58246
2026-05-15 21:48:39,608  INFO  Epoch 1 | Step 6140/23865 | Loss 0.0965 | LR 1.92e-05 | samples_seen=58248
2026-05-15 21:48:39,913  INFO  Epoch 1 | Step 6140/23865 | Loss 0.0804 | LR 1.92e-05 | samples_seen=58250
2026-05-15 21:48:40,453  INFO  Epoch 1 | Step 6140/23865 | Loss 0.0947 | LR 1.92e-05 | samples_seen=58252
2026-05-15 21:48:40,747  INFO  Epoch 1 | Step 6140/23865 | Loss 0.1131 | LR 1.92e-05 | samples_seen=58254
2026-05-15 21:49:15,395  INFO  Epoch 1 | Step 6150/23865 | Loss 5.6258 | LR 1.92e-05 | samples_seen=58400
2026-05-15 21:49:15,770  INFO  Epoch 1 | Step 6150/23865 | Loss 0.0809 | LR 1.92e-05 | samples_seen=58402
2026-05-15 21:49:16,227  INFO  Epoch 1 | Step 6150/23865 | Loss 0.0735 | LR 1.92e-05 | samples_seen=58404
2026-05-15 21:49:16,724  INFO  Epoch 1 | Step 6150/23865 | Loss 0.0496 | LR 1.92e-05 | samples_seen=58406
2026-05-15 21:49:17,313  INFO  Epoch 1 | Step 6150/23865 | Loss 0.0833 | LR 1.92e-05 | samples_seen=58408
2026-05-15 21:49:17,811  INFO  Epoch 1 | Step 6150/23865 | Loss 0.0460 | LR 1.92e-05 | samples_seen=58410
2026-05-15 21:49:18,201  INFO  Epoch 1 | Step 6150/23865 | Loss 0.0549 | LR 1.92e-05 | samples_seen=58412
2026-05-15 21:49:18,790  INFO  Epoch 1 | Step 6150/23865 | Loss 0.0355 | LR 1.92e-05 | samples_seen=58414
2026-05-15 21:49:54,976  INFO  Epoch 1 | Step 6160/23865 | Loss 5.7359 | LR 1.92e-05 | samples_seen=58560
2026-05-15 21:49:55,843  INFO  Epoch 1 | Step 6160/23865 | Loss 0.0893 | LR 1.92e-05 | samples_seen=58562
2026-05-15 21:49:56,150  INFO  Epoch 1 | Step 6160/23865 | Loss 0.0791 | LR 1.92e-05 | samples_seen=58564
2026-05-15 21:49:56,681  INFO  Epoch 1 | Step 6160/23865 | Loss 0.0283 | LR 1.92e-05 | samples_seen=58566
2026-05-15 21:49:56,899  INFO  Epoch 1 | Step 6160/23865 | Loss 0.1885 | LR 1.92e-05 | samples_seen=58568
2026-05-15 21:49:57,327  INFO  Epoch 1 | Step 6160/23865 | Loss 0.0817 | LR 1.92e-05 | samples_seen=58570
2026-05-15 21:49:57,604  INFO  Epoch 1 | Step 6160/23865 | Loss 0.0715 | LR 1.92e-05 | samples_seen=58572
2026-05-15 21:49:58,043  INFO  Epoch 1 | Step 6160/23865 | Loss 0.1365 | LR 1.92e-05 | samples_seen=58574
2026-05-15 21:50:34,747  INFO  Epoch 1 | Step 6170/23865 | Loss 5.3906 | LR 1.92e-05 | samples_seen=58720
2026-05-15 21:50:35,139  INFO  Epoch 1 | Step 6170/23865 | Loss 0.0322 | LR 1.92e-05 | samples_seen=58722
2026-05-15 21:50:35,864  INFO  Epoch 1 | Step 6170/23865 | Loss 0.0658 | LR 1.92e-05 | samples_seen=58724
2026-05-15 21:50:36,293  INFO  Epoch 1 | Step 6170/23865 | Loss 0.0223 | LR 1.92e-05 | samples_seen=58726
2026-05-15 21:50:36,841  INFO  Epoch 1 | Step 6170/23865 | Loss 0.0655 | LR 1.92e-05 | samples_seen=58728
2026-05-15 21:50:37,229  INFO  Epoch 1 | Step 6170/23865 | Loss 0.0323 | LR 1.92e-05 | samples_seen=58730
2026-05-15 21:50:37,532  INFO  Epoch 1 | Step 6170/23865 | Loss 0.0991 | LR 1.92e-05 | samples_seen=58732
2026-05-15 21:50:38,094  INFO  Epoch 1 | Step 6170/23865 | Loss 0.0438 | LR 1.92e-05 | samples_seen=58734
2026-05-15 21:51:13,048  INFO  Epoch 1 | Step 6180/23865 | Loss 5.4993 | LR 1.92e-05 | samples_seen=58880
2026-05-15 21:51:13,490  INFO  Epoch 1 | Step 6180/23865 | Loss 0.0480 | LR 1.92e-05 | samples_seen=58882
2026-05-15 21:51:13,936  INFO  Epoch 1 | Step 6180/23865 | Loss 0.0369 | LR 1.92e-05 | samples_seen=58884
2026-05-15 21:51:14,275  INFO  Epoch 1 | Step 6180/23865 | Loss 0.0320 | LR 1.92e-05 | samples_seen=58886
2026-05-15 21:51:14,565  INFO  Epoch 1 | Step 6180/23865 | Loss 0.1235 | LR 1.92e-05 | samples_seen=58888
2026-05-15 21:51:15,112  INFO  Epoch 1 | Step 6180/23865 | Loss 0.1142 | LR 1.92e-05 | samples_seen=58890
2026-05-15 21:51:15,407  INFO  Epoch 1 | Step 6180/23865 | Loss 0.0677 | LR 1.92e-05 | samples_seen=58892
2026-05-15 21:51:15,803  INFO  Epoch 1 | Step 6180/23865 | Loss 0.0512 | LR 1.92e-05 | samples_seen=58894
2026-05-15 21:51:53,540  INFO  Epoch 1 | Step 6190/23865 | Loss 4.7724 | LR 1.92e-05 | samples_seen=59040
2026-05-15 21:51:54,034  INFO  Epoch 1 | Step 6190/23865 | Loss 0.0539 | LR 1.92e-05 | samples_seen=59042
2026-05-15 21:51:54,501  INFO  Epoch 1 | Step 6190/23865 | Loss 0.0644 | LR 1.92e-05 | samples_seen=59044
2026-05-15 21:51:54,929  INFO  Epoch 1 | Step 6190/23865 | Loss 0.0705 | LR 1.92e-05 | samples_seen=59046
2026-05-15 21:51:55,454  INFO  Epoch 1 | Step 6190/23865 | Loss 0.0462 | LR 1.92e-05 | samples_seen=59048
2026-05-15 21:51:56,053  INFO  Epoch 1 | Step 6190/23865 | Loss 0.0833 | LR 1.92e-05 | samples_seen=59050
2026-05-15 21:51:56,280  INFO  Epoch 1 | Step 6190/23865 | Loss 0.0581 | LR 1.92e-05 | samples_seen=59052
2026-05-15 21:51:56,868  INFO  Epoch 1 | Step 6190/23865 | Loss 0.0804 | LR 1.92e-05 | samples_seen=59054
2026-05-15 21:52:33,083  INFO  Epoch 1 | Step 6200/23865 | Loss 5.3894 | LR 1.92e-05 | samples_seen=59200
2026-05-15 21:52:33,646  INFO  Epoch 1 | Step 6200/23865 | Loss 0.0452 | LR 1.92e-05 | samples_seen=59202
2026-05-15 21:52:34,136  INFO  Epoch 1 | Step 6200/23865 | Loss 0.0489 | LR 1.92e-05 | samples_seen=59204
2026-05-15 21:52:34,466  INFO  Epoch 1 | Step 6200/23865 | Loss 0.1106 | LR 1.92e-05 | samples_seen=59206
2026-05-15 21:52:35,007  INFO  Epoch 1 | Step 6200/23865 | Loss 0.0577 | LR 1.92e-05 | samples_seen=59208
2026-05-15 21:52:35,449  INFO  Epoch 1 | Step 6200/23865 | Loss 0.1230 | LR 1.92e-05 | samples_seen=59210
2026-05-15 21:52:36,027  INFO  Epoch 1 | Step 6200/23865 | Loss 0.0514 | LR 1.92e-05 | samples_seen=59212
2026-05-15 21:52:36,604  INFO  Epoch 1 | Step 6200/23865 | Loss 0.0435 | LR 1.92e-05 | samples_seen=59214
2026-05-15 21:53:13,802  INFO  Epoch 1 | Step 6210/23865 | Loss 5.2735 | LR 1.92e-05 | samples_seen=59360
2026-05-15 21:53:14,418  INFO  Epoch 1 | Step 6210/23865 | Loss 0.0429 | LR 1.92e-05 | samples_seen=59362
2026-05-15 21:53:14,822  INFO  Epoch 1 | Step 6210/23865 | Loss 0.0600 | LR 1.92e-05 | samples_seen=59364
2026-05-15 21:53:15,402  INFO  Epoch 1 | Step 6210/23865 | Loss 0.0523 | LR 1.92e-05 | samples_seen=59366
2026-05-15 21:53:16,079  INFO  Epoch 1 | Step 6210/23865 | Loss 0.0458 | LR 1.92e-05 | samples_seen=59368
2026-05-15 21:53:16,540  INFO  Epoch 1 | Step 6210/23865 | Loss 0.0488 | LR 1.92e-05 | samples_seen=59370
2026-05-15 21:53:17,197  INFO  Epoch 1 | Step 6210/23865 | Loss 0.0323 | LR 1.92e-05 | samples_seen=59372
2026-05-15 21:53:17,927  INFO  Epoch 1 | Step 6210/23865 | Loss 0.0273 | LR 1.92e-05 | samples_seen=59374
2026-05-15 21:53:55,099  INFO  Epoch 1 | Step 6220/23865 | Loss 5.0805 | LR 1.92e-05 | samples_seen=59520
2026-05-15 21:53:55,460  INFO  Epoch 1 | Step 6220/23865 | Loss 0.0777 | LR 1.92e-05 | samples_seen=59522
2026-05-15 21:53:55,730  INFO  Epoch 1 | Step 6220/23865 | Loss 0.0667 | LR 1.92e-05 | samples_seen=59524
2026-05-15 21:53:56,218  INFO  Epoch 1 | Step 6220/23865 | Loss 0.0980 | LR 1.92e-05 | samples_seen=59526
2026-05-15 21:53:56,636  INFO  Epoch 1 | Step 6220/23865 | Loss 0.0810 | LR 1.92e-05 | samples_seen=59528
2026-05-15 21:53:57,129  INFO  Epoch 1 | Step 6220/23865 | Loss 0.0662 | LR 1.92e-05 | samples_seen=59530
2026-05-15 21:53:57,613  INFO  Epoch 1 | Step 6220/23865 | Loss 0.0354 | LR 1.92e-05 | samples_seen=59532
2026-05-15 21:53:58,113  INFO  Epoch 1 | Step 6220/23865 | Loss 0.0403 | LR 1.92e-05 | samples_seen=59534
2026-05-15 21:54:34,515  INFO  Epoch 1 | Step 6230/23865 | Loss 5.2918 | LR 1.92e-05 | samples_seen=59680
2026-05-15 21:54:34,788  INFO  Epoch 1 | Step 6230/23865 | Loss 0.1146 | LR 1.92e-05 | samples_seen=59682
2026-05-15 21:54:35,068  INFO  Epoch 1 | Step 6230/23865 | Loss 0.1166 | LR 1.92e-05 | samples_seen=59684
2026-05-15 21:54:35,370  INFO  Epoch 1 | Step 6230/23865 | Loss 0.1437 | LR 1.92e-05 | samples_seen=59686
2026-05-15 21:54:35,971  INFO  Epoch 1 | Step 6230/23865 | Loss 0.0594 | LR 1.92e-05 | samples_seen=59688
2026-05-15 21:54:36,639  INFO  Epoch 1 | Step 6230/23865 | Loss 0.0256 | LR 1.92e-05 | samples_seen=59690
2026-05-15 21:54:37,063  INFO  Epoch 1 | Step 6230/23865 | Loss 0.0612 | LR 1.92e-05 | samples_seen=59692
2026-05-15 21:54:37,539  INFO  Epoch 1 | Step 6230/23865 | Loss 0.0670 | LR 1.92e-05 | samples_seen=59694
2026-05-15 21:55:13,386  INFO  Epoch 1 | Step 6240/23865 | Loss 4.6535 | LR 1.92e-05 | samples_seen=59840
2026-05-15 21:55:13,880  INFO  Epoch 1 | Step 6240/23865 | Loss 0.0502 | LR 1.92e-05 | samples_seen=59842
2026-05-15 21:55:14,465  INFO  Epoch 1 | Step 6240/23865 | Loss 0.0735 | LR 1.92e-05 | samples_seen=59844
2026-05-15 21:55:14,882  INFO  Epoch 1 | Step 6240/23865 | Loss 0.0684 | LR 1.92e-05 | samples_seen=59846
2026-05-15 21:55:15,621  INFO  Epoch 1 | Step 6240/23865 | Loss 0.0748 | LR 1.92e-05 | samples_seen=59848
2026-05-15 21:55:16,067  INFO  Epoch 1 | Step 6240/23865 | Loss 0.0922 | LR 1.92e-05 | samples_seen=59850
2026-05-15 21:55:16,371  INFO  Epoch 1 | Step 6240/23865 | Loss 0.0884 | LR 1.92e-05 | samples_seen=59852
2026-05-15 21:55:16,858  INFO  Epoch 1 | Step 6240/23865 | Loss 0.1301 | LR 1.92e-05 | samples_seen=59854
2026-05-15 21:55:52,566  INFO  Epoch 1 | Step 6250/23865 | Loss 4.8171 | LR 1.92e-05 | samples_seen=60000
2026-05-15 21:55:52,835  INFO  Epoch 1 | Step 6250/23865 | Loss 0.0774 | LR 1.92e-05 | samples_seen=60002
2026-05-15 21:55:53,448  INFO  Epoch 1 | Step 6250/23865 | Loss 0.0583 | LR 1.92e-05 | samples_seen=60004
2026-05-15 21:55:53,905  INFO  Epoch 1 | Step 6250/23865 | Loss 0.0657 | LR 1.92e-05 | samples_seen=60006
2026-05-15 21:55:54,352  INFO  Epoch 1 | Step 6250/23865 | Loss 0.0603 | LR 1.92e-05 | samples_seen=60008
2026-05-15 21:55:55,257  INFO  Epoch 1 | Step 6250/23865 | Loss 0.0877 | LR 1.92e-05 | samples_seen=60010
2026-05-15 21:55:55,547  INFO  Epoch 1 | Step 6250/23865 | Loss 0.0961 | LR 1.92e-05 | samples_seen=60012
2026-05-15 21:55:56,195  INFO  Epoch 1 | Step 6250/23865 | Loss 0.0376 | LR 1.92e-05 | samples_seen=60014
2026-05-15 21:56:34,497  INFO  Epoch 1 | Step 6260/23865 | Loss 5.5540 | LR 1.92e-05 | samples_seen=60160
2026-05-15 21:56:35,003  INFO  Epoch 1 | Step 6260/23865 | Loss 0.1216 | LR 1.92e-05 | samples_seen=60162
2026-05-15 21:56:35,479  INFO  Epoch 1 | Step 6260/23865 | Loss 0.0657 | LR 1.92e-05 | samples_seen=60164
2026-05-15 21:56:35,853  INFO  Epoch 1 | Step 6260/23865 | Loss 0.0613 | LR 1.92e-05 | samples_seen=60166
2026-05-15 21:56:36,070  INFO  Epoch 1 | Step 6260/23865 | Loss 0.1313 | LR 1.92e-05 | samples_seen=60168
2026-05-15 21:56:36,479  INFO  Epoch 1 | Step 6260/23865 | Loss 0.0547 | LR 1.92e-05 | samples_seen=60170
2026-05-15 21:56:36,852  INFO  Epoch 1 | Step 6260/23865 | Loss 0.0663 | LR 1.92e-05 | samples_seen=60172
2026-05-15 21:56:37,409  INFO  Epoch 1 | Step 6260/23865 | Loss 0.0388 | LR 1.92e-05 | samples_seen=60174
2026-05-15 21:57:14,249  INFO  Epoch 1 | Step 6270/23865 | Loss 5.3641 | LR 1.92e-05 | samples_seen=60320
2026-05-15 21:57:14,685  INFO  Epoch 1 | Step 6270/23865 | Loss 0.0726 | LR 1.92e-05 | samples_seen=60322
2026-05-15 21:57:15,265  INFO  Epoch 1 | Step 6270/23865 | Loss 0.0411 | LR 1.92e-05 | samples_seen=60324
2026-05-15 21:57:15,697  INFO  Epoch 1 | Step 6270/23865 | Loss 0.0604 | LR 1.92e-05 | samples_seen=60326
2026-05-15 21:57:16,176  INFO  Epoch 1 | Step 6270/23865 | Loss 0.0283 | LR 1.92e-05 | samples_seen=60328
2026-05-15 21:57:16,847  INFO  Epoch 1 | Step 6270/23865 | Loss 0.0718 | LR 1.92e-05 | samples_seen=60330
2026-05-15 21:57:17,563  INFO  Epoch 1 | Step 6270/23865 | Loss 0.0909 | LR 1.92e-05 | samples_seen=60332
2026-05-15 21:57:17,889  INFO  Epoch 1 | Step 6270/23865 | Loss 0.1012 | LR 1.92e-05 | samples_seen=60334
2026-05-15 21:57:53,009  INFO  Epoch 1 | Step 6280/23865 | Loss 5.8010 | LR 1.91e-05 | samples_seen=60480
2026-05-15 21:57:53,686  INFO  Epoch 1 | Step 6280/23865 | Loss 0.0614 | LR 1.91e-05 | samples_seen=60482
2026-05-15 21:57:53,990  INFO  Epoch 1 | Step 6280/23865 | Loss 0.0986 | LR 1.91e-05 | samples_seen=60484
2026-05-15 21:57:54,845  INFO  Epoch 1 | Step 6280/23865 | Loss 0.0433 | LR 1.91e-05 | samples_seen=60486
2026-05-15 21:57:55,418  INFO  Epoch 1 | Step 6280/23865 | Loss 0.0885 | LR 1.91e-05 | samples_seen=60488
2026-05-15 21:57:55,850  INFO  Epoch 1 | Step 6280/23865 | Loss 0.0358 | LR 1.91e-05 | samples_seen=60490
2026-05-15 21:57:56,394  INFO  Epoch 1 | Step 6280/23865 | Loss 0.1109 | LR 1.91e-05 | samples_seen=60492
2026-05-15 21:57:56,729  INFO  Epoch 1 | Step 6280/23865 | Loss 0.0255 | LR 1.91e-05 | samples_seen=60494
2026-05-15 21:58:32,974  INFO  Epoch 1 | Step 6290/23865 | Loss 5.4678 | LR 1.91e-05 | samples_seen=60640
2026-05-15 21:58:33,240  INFO  Epoch 1 | Step 6290/23865 | Loss 0.0867 | LR 1.91e-05 | samples_seen=60642
2026-05-15 21:58:33,567  INFO  Epoch 1 | Step 6290/23865 | Loss 0.0573 | LR 1.91e-05 | samples_seen=60644
2026-05-15 21:58:33,969  INFO  Epoch 1 | Step 6290/23865 | Loss 0.0637 | LR 1.91e-05 | samples_seen=60646
2026-05-15 21:58:34,669  INFO  Epoch 1 | Step 6290/23865 | Loss 0.0441 | LR 1.91e-05 | samples_seen=60648
2026-05-15 21:58:35,093  INFO  Epoch 1 | Step 6290/23865 | Loss 0.0783 | LR 1.91e-05 | samples_seen=60650
2026-05-15 21:58:35,383  INFO  Epoch 1 | Step 6290/23865 | Loss 0.0957 | LR 1.91e-05 | samples_seen=60652
2026-05-15 21:58:35,674  INFO  Epoch 1 | Step 6290/23865 | Loss 0.0990 | LR 1.91e-05 | samples_seen=60654
2026-05-15 21:59:11,671  INFO  Epoch 1 | Step 6300/23865 | Loss 4.9255 | LR 1.91e-05 | samples_seen=60800
2026-05-15 21:59:12,300  INFO  Epoch 1 | Step 6300/23865 | Loss 0.0349 | LR 1.91e-05 | samples_seen=60802
2026-05-15 21:59:12,954  INFO  Epoch 1 | Step 6300/23865 | Loss 0.0617 | LR 1.91e-05 | samples_seen=60804
2026-05-15 21:59:13,287  INFO  Epoch 1 | Step 6300/23865 | Loss 0.0734 | LR 1.91e-05 | samples_seen=60806
2026-05-15 21:59:13,909  INFO  Epoch 1 | Step 6300/23865 | Loss 0.0636 | LR 1.91e-05 | samples_seen=60808
2026-05-15 21:59:14,379  INFO  Epoch 1 | Step 6300/23865 | Loss 0.1046 | LR 1.91e-05 | samples_seen=60810
2026-05-15 21:59:14,798  INFO  Epoch 1 | Step 6300/23865 | Loss 0.0819 | LR 1.91e-05 | samples_seen=60812
2026-05-15 21:59:15,095  INFO  Epoch 1 | Step 6300/23865 | Loss 0.1107 | LR 1.91e-05 | samples_seen=60814
2026-05-15 21:59:53,129  INFO  Epoch 1 | Step 6310/23865 | Loss 5.1542 | LR 1.91e-05 | samples_seen=60960
2026-05-15 21:59:53,398  INFO  Epoch 1 | Step 6310/23865 | Loss 0.0635 | LR 1.91e-05 | samples_seen=60962
2026-05-15 21:59:53,786  INFO  Epoch 1 | Step 6310/23865 | Loss 0.0482 | LR 1.91e-05 | samples_seen=60964
2026-05-15 21:59:54,334  INFO  Epoch 1 | Step 6310/23865 | Loss 0.0621 | LR 1.91e-05 | samples_seen=60966
2026-05-15 21:59:54,715  INFO  Epoch 1 | Step 6310/23865 | Loss 0.0378 | LR 1.91e-05 | samples_seen=60968
2026-05-15 21:59:55,322  INFO  Epoch 1 | Step 6310/23865 | Loss 0.0455 | LR 1.91e-05 | samples_seen=60970
2026-05-15 21:59:55,720  INFO  Epoch 1 | Step 6310/23865 | Loss 0.0294 | LR 1.91e-05 | samples_seen=60972
2026-05-15 21:59:56,608  INFO  Epoch 1 | Step 6310/23865 | Loss 0.0393 | LR 1.91e-05 | samples_seen=60974
2026-05-15 22:00:32,962  INFO  Epoch 1 | Step 6320/23865 | Loss 5.2343 | LR 1.91e-05 | samples_seen=61120
2026-05-15 22:00:33,539  INFO  Epoch 1 | Step 6320/23865 | Loss 0.1016 | LR 1.91e-05 | samples_seen=61122
2026-05-15 22:00:33,824  INFO  Epoch 1 | Step 6320/23865 | Loss 0.1068 | LR 1.91e-05 | samples_seen=61124
2026-05-15 22:00:34,387  INFO  Epoch 1 | Step 6320/23865 | Loss 0.0451 | LR 1.91e-05 | samples_seen=61126
2026-05-15 22:00:34,771  INFO  Epoch 1 | Step 6320/23865 | Loss 0.0864 | LR 1.91e-05 | samples_seen=61128
2026-05-15 22:00:35,264  INFO  Epoch 1 | Step 6320/23865 | Loss 0.0339 | LR 1.91e-05 | samples_seen=61130
2026-05-15 22:00:35,634  INFO  Epoch 1 | Step 6320/23865 | Loss 0.0991 | LR 1.91e-05 | samples_seen=61132
2026-05-15 22:00:36,185  INFO  Epoch 1 | Step 6320/23865 | Loss 0.0567 | LR 1.91e-05 | samples_seen=61134
2026-05-15 22:01:11,073  INFO  Epoch 1 | Step 6330/23865 | Loss 5.1107 | LR 1.91e-05 | samples_seen=61280
2026-05-15 22:01:11,484  INFO  Epoch 1 | Step 6330/23865 | Loss 0.0492 | LR 1.91e-05 | samples_seen=61282
2026-05-15 22:01:11,847  INFO  Epoch 1 | Step 6330/23865 | Loss 0.0574 | LR 1.91e-05 | samples_seen=61284
2026-05-15 22:01:12,095  INFO  Epoch 1 | Step 6330/23865 | Loss 0.2435 | LR 1.91e-05 | samples_seen=61286
2026-05-15 22:01:12,655  INFO  Epoch 1 | Step 6330/23865 | Loss 0.1012 | LR 1.91e-05 | samples_seen=61288
2026-05-15 22:01:13,233  INFO  Epoch 1 | Step 6330/23865 | Loss 0.0602 | LR 1.91e-05 | samples_seen=61290
2026-05-15 22:01:13,445  INFO  Epoch 1 | Step 6330/23865 | Loss 0.1082 | LR 1.91e-05 | samples_seen=61292
2026-05-15 22:01:13,922  INFO  Epoch 1 | Step 6330/23865 | Loss 0.0561 | LR 1.91e-05 | samples_seen=61294
2026-05-15 22:01:49,283  INFO  Epoch 1 | Step 6340/23865 | Loss 5.1416 | LR 1.91e-05 | samples_seen=61440
2026-05-15 22:01:49,545  INFO  Epoch 1 | Step 6340/23865 | Loss 0.1212 | LR 1.91e-05 | samples_seen=61442
2026-05-15 22:01:49,836  INFO  Epoch 1 | Step 6340/23865 | Loss 0.1146 | LR 1.91e-05 | samples_seen=61444
2026-05-15 22:01:50,543  INFO  Epoch 1 | Step 6340/23865 | Loss 0.0875 | LR 1.91e-05 | samples_seen=61446
2026-05-15 22:01:51,120  INFO  Epoch 1 | Step 6340/23865 | Loss 0.1003 | LR 1.91e-05 | samples_seen=61448
2026-05-15 22:01:51,573  INFO  Epoch 1 | Step 6340/23865 | Loss 0.0767 | LR 1.91e-05 | samples_seen=61450
2026-05-15 22:01:52,334  INFO  Epoch 1 | Step 6340/23865 | Loss 0.0395 | LR 1.91e-05 | samples_seen=61452
2026-05-15 22:01:52,681  INFO  Epoch 1 | Step 6340/23865 | Loss 0.0915 | LR 1.91e-05 | samples_seen=61454
2026-05-15 22:02:29,551  INFO  Epoch 1 | Step 6350/23865 | Loss 4.7733 | LR 1.91e-05 | samples_seen=61600
2026-05-15 22:02:29,941  INFO  Epoch 1 | Step 6350/23865 | Loss 0.0903 | LR 1.91e-05 | samples_seen=61602
2026-05-15 22:02:30,203  INFO  Epoch 1 | Step 6350/23865 | Loss 0.1434 | LR 1.91e-05 | samples_seen=61604
2026-05-15 22:02:30,617  INFO  Epoch 1 | Step 6350/23865 | Loss 0.0578 | LR 1.91e-05 | samples_seen=61606
2026-05-15 22:02:30,974  INFO  Epoch 1 | Step 6350/23865 | Loss 0.1302 | LR 1.91e-05 | samples_seen=61608
2026-05-15 22:02:31,305  INFO  Epoch 1 | Step 6350/23865 | Loss 0.0732 | LR 1.91e-05 | samples_seen=61610
2026-05-15 22:02:31,575  INFO  Epoch 1 | Step 6350/23865 | Loss 0.1406 | LR 1.91e-05 | samples_seen=61612
2026-05-15 22:02:31,852  INFO  Epoch 1 | Step 6350/23865 | Loss 0.0808 | LR 1.91e-05 | samples_seen=61614
2026-05-15 22:03:09,254  INFO  Epoch 1 | Step 6360/23865 | Loss 5.1130 | LR 1.91e-05 | samples_seen=61760
2026-05-15 22:03:09,453  INFO  Epoch 1 | Step 6360/23865 | Loss 0.1677 | LR 1.91e-05 | samples_seen=61762
2026-05-15 22:03:10,093  INFO  Epoch 1 | Step 6360/23865 | Loss 0.1319 | LR 1.91e-05 | samples_seen=61764
2026-05-15 22:03:10,714  INFO  Epoch 1 | Step 6360/23865 | Loss 0.0536 | LR 1.91e-05 | samples_seen=61766
2026-05-15 22:03:11,251  INFO  Epoch 1 | Step 6360/23865 | Loss 0.0650 | LR 1.91e-05 | samples_seen=61768
2026-05-15 22:03:11,844  INFO  Epoch 1 | Step 6360/23865 | Loss 0.0557 | LR 1.91e-05 | samples_seen=61770
2026-05-15 22:03:12,280  INFO  Epoch 1 | Step 6360/23865 | Loss 0.0351 | LR 1.91e-05 | samples_seen=61772
2026-05-15 22:03:12,874  INFO  Epoch 1 | Step 6360/23865 | Loss 0.0896 | LR 1.91e-05 | samples_seen=61774
2026-05-15 22:03:48,382  INFO  Epoch 1 | Step 6370/23865 | Loss 5.6814 | LR 1.91e-05 | samples_seen=61920
2026-05-15 22:03:48,753  INFO  Epoch 1 | Step 6370/23865 | Loss 0.1020 | LR 1.91e-05 | samples_seen=61922
2026-05-15 22:03:49,207  INFO  Epoch 1 | Step 6370/23865 | Loss 0.0640 | LR 1.91e-05 | samples_seen=61924
2026-05-15 22:03:49,522  INFO  Epoch 1 | Step 6370/23865 | Loss 0.0792 | LR 1.91e-05 | samples_seen=61926
2026-05-15 22:03:50,430  INFO  Epoch 1 | Step 6370/23865 | Loss 0.0734 | LR 1.91e-05 | samples_seen=61928
2026-05-15 22:03:50,850  INFO  Epoch 1 | Step 6370/23865 | Loss 0.0344 | LR 1.91e-05 | samples_seen=61930
2026-05-15 22:03:51,397  INFO  Epoch 1 | Step 6370/23865 | Loss 0.0670 | LR 1.91e-05 | samples_seen=61932
2026-05-15 22:03:52,106  INFO  Epoch 1 | Step 6370/23865 | Loss 0.0479 | LR 1.91e-05 | samples_seen=61934
2026-05-15 22:04:26,621  INFO  Epoch 1 | Step 6380/23865 | Loss 5.6253 | LR 1.91e-05 | samples_seen=62080
2026-05-15 22:04:26,891  INFO  Epoch 1 | Step 6380/23865 | Loss 0.0259 | LR 1.91e-05 | samples_seen=62082
2026-05-15 22:04:27,182  INFO  Epoch 1 | Step 6380/23865 | Loss 0.0977 | LR 1.91e-05 | samples_seen=62084
2026-05-15 22:04:27,641  INFO  Epoch 1 | Step 6380/23865 | Loss 0.1143 | LR 1.91e-05 | samples_seen=62086
2026-05-15 22:04:28,126  INFO  Epoch 1 | Step 6380/23865 | Loss 0.0703 | LR 1.91e-05 | samples_seen=62088
2026-05-15 22:04:28,667  INFO  Epoch 1 | Step 6380/23865 | Loss 0.0389 | LR 1.91e-05 | samples_seen=62090
2026-05-15 22:04:29,088  INFO  Epoch 1 | Step 6380/23865 | Loss 0.0820 | LR 1.91e-05 | samples_seen=62092
2026-05-15 22:04:29,529  INFO  Epoch 1 | Step 6380/23865 | Loss 0.0432 | LR 1.91e-05 | samples_seen=62094
2026-05-15 22:05:06,105  INFO  Epoch 1 | Step 6390/23865 | Loss 5.2778 | LR 1.91e-05 | samples_seen=62240
2026-05-15 22:05:06,984  INFO  Epoch 1 | Step 6390/23865 | Loss 0.0538 | LR 1.91e-05 | samples_seen=62242
2026-05-15 22:05:07,399  INFO  Epoch 1 | Step 6390/23865 | Loss 0.0375 | LR 1.91e-05 | samples_seen=62244
2026-05-15 22:05:08,105  INFO  Epoch 1 | Step 6390/23865 | Loss 0.0619 | LR 1.91e-05 | samples_seen=62246
2026-05-15 22:05:08,501  INFO  Epoch 1 | Step 6390/23865 | Loss 0.0721 | LR 1.91e-05 | samples_seen=62248
2026-05-15 22:05:09,077  INFO  Epoch 1 | Step 6390/23865 | Loss 0.1192 | LR 1.91e-05 | samples_seen=62250
2026-05-15 22:05:09,370  INFO  Epoch 1 | Step 6390/23865 | Loss 0.0914 | LR 1.91e-05 | samples_seen=62252
2026-05-15 22:05:09,650  INFO  Epoch 1 | Step 6390/23865 | Loss 0.1443 | LR 1.91e-05 | samples_seen=62254
2026-05-15 22:05:45,264  INFO  Epoch 1 | Step 6400/23865 | Loss 4.9046 | LR 1.91e-05 | samples_seen=62400
2026-05-15 22:05:45,532  INFO  Epoch 1 | Step 6400/23865 | Loss 0.1180 | LR 1.91e-05 | samples_seen=62402
2026-05-15 22:05:46,005  INFO  Epoch 1 | Step 6400/23865 | Loss 0.1041 | LR 1.91e-05 | samples_seen=62404
2026-05-15 22:05:46,499  INFO  Epoch 1 | Step 6400/23865 | Loss 0.0480 | LR 1.91e-05 | samples_seen=62406
2026-05-15 22:05:46,948  INFO  Epoch 1 | Step 6400/23865 | Loss 0.0500 | LR 1.91e-05 | samples_seen=62408
2026-05-15 22:05:47,556  INFO  Epoch 1 | Step 6400/23865 | Loss 0.0250 | LR 1.91e-05 | samples_seen=62410
2026-05-15 22:05:48,419  INFO  Epoch 1 | Step 6400/23865 | Loss 0.0338 | LR 1.91e-05 | samples_seen=62412
2026-05-15 22:05:48,776  INFO  Epoch 1 | Step 6400/23865 | Loss 0.0596 | LR 1.91e-05 | samples_seen=62414
2026-05-15 22:06:27,185  INFO  Epoch 1 | Step 6410/23865 | Loss 5.1621 | LR 1.91e-05 | samples_seen=62560
2026-05-15 22:06:27,449  INFO  Epoch 1 | Step 6410/23865 | Loss 0.1009 | LR 1.91e-05 | samples_seen=62562
2026-05-15 22:06:27,738  INFO  Epoch 1 | Step 6410/23865 | Loss 0.1202 | LR 1.91e-05 | samples_seen=62564
2026-05-15 22:06:28,325  INFO  Epoch 1 | Step 6410/23865 | Loss 0.0245 | LR 1.91e-05 | samples_seen=62566
2026-05-15 22:06:28,650  INFO  Epoch 1 | Step 6410/23865 | Loss 0.1063 | LR 1.91e-05 | samples_seen=62568
2026-05-15 22:06:29,102  INFO  Epoch 1 | Step 6410/23865 | Loss 0.0157 | LR 1.91e-05 | samples_seen=62570
2026-05-15 22:06:29,398  INFO  Epoch 1 | Step 6410/23865 | Loss 0.1174 | LR 1.91e-05 | samples_seen=62572
2026-05-15 22:06:29,813  INFO  Epoch 1 | Step 6410/23865 | Loss 0.0722 | LR 1.91e-05 | samples_seen=62574
2026-05-15 22:07:07,768  INFO  Epoch 1 | Step 6420/23865 | Loss 5.0153 | LR 1.91e-05 | samples_seen=62720
2026-05-15 22:07:08,322  INFO  Epoch 1 | Step 6420/23865 | Loss 0.1009 | LR 1.91e-05 | samples_seen=62722
2026-05-15 22:07:09,242  INFO  Epoch 1 | Step 6420/23865 | Loss 0.0376 | LR 1.91e-05 | samples_seen=62724
2026-05-15 22:07:09,538  INFO  Epoch 1 | Step 6420/23865 | Loss 0.0860 | LR 1.91e-05 | samples_seen=62726
2026-05-15 22:07:09,848  INFO  Epoch 1 | Step 6420/23865 | Loss 0.0823 | LR 1.91e-05 | samples_seen=62728
2026-05-15 22:07:10,406  INFO  Epoch 1 | Step 6420/23865 | Loss 0.0899 | LR 1.91e-05 | samples_seen=62730
2026-05-15 22:07:10,753  INFO  Epoch 1 | Step 6420/23865 | Loss 0.0994 | LR 1.91e-05 | samples_seen=62732
2026-05-15 22:07:11,053  INFO  Epoch 1 | Step 6420/23865 | Loss 0.1247 | LR 1.91e-05 | samples_seen=62734
2026-05-15 22:07:48,293  INFO  Epoch 1 | Step 6430/23865 | Loss 5.1515 | LR 1.91e-05 | samples_seen=62880
2026-05-15 22:07:48,556  INFO  Epoch 1 | Step 6430/23865 | Loss 0.0842 | LR 1.91e-05 | samples_seen=62882
2026-05-15 22:07:48,814  INFO  Epoch 1 | Step 6430/23865 | Loss 0.1632 | LR 1.91e-05 | samples_seen=62884
2026-05-15 22:07:49,148  INFO  Epoch 1 | Step 6430/23865 | Loss 0.0452 | LR 1.91e-05 | samples_seen=62886
2026-05-15 22:07:49,745  INFO  Epoch 1 | Step 6430/23865 | Loss 0.0669 | LR 1.91e-05 | samples_seen=62888
2026-05-15 22:07:50,080  INFO  Epoch 1 | Step 6430/23865 | Loss 0.0966 | LR 1.91e-05 | samples_seen=62890
2026-05-15 22:07:50,678  INFO  Epoch 1 | Step 6430/23865 | Loss 0.0239 | LR 1.91e-05 | samples_seen=62892
2026-05-15 22:07:51,017  INFO  Epoch 1 | Step 6430/23865 | Loss 0.1068 | LR 1.91e-05 | samples_seen=62894
2026-05-15 22:08:26,659  INFO  Epoch 1 | Step 6440/23865 | Loss 5.2151 | LR 1.91e-05 | samples_seen=63040
2026-05-15 22:08:27,088  INFO  Epoch 1 | Step 6440/23865 | Loss 0.0244 | LR 1.91e-05 | samples_seen=63042
2026-05-15 22:08:27,698  INFO  Epoch 1 | Step 6440/23865 | Loss 0.0459 | LR 1.91e-05 | samples_seen=63044
2026-05-15 22:08:27,942  INFO  Epoch 1 | Step 6440/23865 | Loss 0.1256 | LR 1.91e-05 | samples_seen=63046
2026-05-15 22:08:28,397  INFO  Epoch 1 | Step 6440/23865 | Loss 0.0654 | LR 1.91e-05 | samples_seen=63048
2026-05-15 22:08:28,701  INFO  Epoch 1 | Step 6440/23865 | Loss 0.0509 | LR 1.91e-05 | samples_seen=63050
2026-05-15 22:08:29,138  INFO  Epoch 1 | Step 6440/23865 | Loss 0.0387 | LR 1.91e-05 | samples_seen=63052
2026-05-15 22:08:30,052  INFO  Epoch 1 | Step 6440/23865 | Loss 0.0356 | LR 1.91e-05 | samples_seen=63054
2026-05-15 22:09:06,744  INFO  Epoch 1 | Step 6450/23865 | Loss 5.1292 | LR 1.91e-05 | samples_seen=63200
2026-05-15 22:09:07,074  INFO  Epoch 1 | Step 6450/23865 | Loss 0.0526 | LR 1.91e-05 | samples_seen=63202
2026-05-15 22:09:07,372  INFO  Epoch 1 | Step 6450/23865 | Loss 0.0980 | LR 1.91e-05 | samples_seen=63204
2026-05-15 22:09:07,948  INFO  Epoch 1 | Step 6450/23865 | Loss 0.0486 | LR 1.91e-05 | samples_seen=63206
2026-05-15 22:09:08,423  INFO  Epoch 1 | Step 6450/23865 | Loss 0.0951 | LR 1.91e-05 | samples_seen=63208
2026-05-15 22:09:08,779  INFO  Epoch 1 | Step 6450/23865 | Loss 0.1076 | LR 1.91e-05 | samples_seen=63210
2026-05-15 22:09:09,052  INFO  Epoch 1 | Step 6450/23865 | Loss 0.0627 | LR 1.91e-05 | samples_seen=63212
2026-05-15 22:09:09,468  INFO  Epoch 1 | Step 6450/23865 | Loss 0.0859 | LR 1.91e-05 | samples_seen=63214
2026-05-15 22:09:45,208  INFO  Epoch 1 | Step 6460/23865 | Loss 5.8080 | LR 1.90e-05 | samples_seen=63360
2026-05-15 22:09:45,476  INFO  Epoch 1 | Step 6460/23865 | Loss 0.1160 | LR 1.90e-05 | samples_seen=63362
2026-05-15 22:09:46,059  INFO  Epoch 1 | Step 6460/23865 | Loss 0.0979 | LR 1.90e-05 | samples_seen=63364
2026-05-15 22:09:46,791  INFO  Epoch 1 | Step 6460/23865 | Loss 0.0440 | LR 1.90e-05 | samples_seen=63366
2026-05-15 22:09:47,586  INFO  Epoch 1 | Step 6460/23865 | Loss 0.0569 | LR 1.90e-05 | samples_seen=63368
2026-05-15 22:09:48,242  INFO  Epoch 1 | Step 6460/23865 | Loss 0.0670 | LR 1.90e-05 | samples_seen=63370
2026-05-15 22:09:48,519  INFO  Epoch 1 | Step 6460/23865 | Loss 0.1311 | LR 1.90e-05 | samples_seen=63372
2026-05-15 22:09:48,912  INFO  Epoch 1 | Step 6460/23865 | Loss 0.0775 | LR 1.90e-05 | samples_seen=63374
2026-05-15 22:10:24,518  INFO  Epoch 1 | Step 6470/23865 | Loss 5.4515 | LR 1.90e-05 | samples_seen=63520
2026-05-15 22:10:25,084  INFO  Epoch 1 | Step 6470/23865 | Loss 0.0459 | LR 1.90e-05 | samples_seen=63522
2026-05-15 22:10:25,622  INFO  Epoch 1 | Step 6470/23865 | Loss 0.0417 | LR 1.90e-05 | samples_seen=63524
2026-05-15 22:10:26,098  INFO  Epoch 1 | Step 6470/23865 | Loss 0.1011 | LR 1.90e-05 | samples_seen=63526
2026-05-15 22:10:26,306  INFO  Epoch 1 | Step 6470/23865 | Loss 0.0865 | LR 1.90e-05 | samples_seen=63528
2026-05-15 22:10:26,763  INFO  Epoch 1 | Step 6470/23865 | Loss 0.0423 | LR 1.90e-05 | samples_seen=63530
2026-05-15 22:10:27,120  INFO  Epoch 1 | Step 6470/23865 | Loss 0.0408 | LR 1.90e-05 | samples_seen=63532
2026-05-15 22:10:27,664  INFO  Epoch 1 | Step 6470/23865 | Loss 0.0747 | LR 1.90e-05 | samples_seen=63534
2026-05-15 22:11:03,087  INFO  Epoch 1 | Step 6480/23865 | Loss 5.2196 | LR 1.90e-05 | samples_seen=63680
2026-05-15 22:11:03,449  INFO  Epoch 1 | Step 6480/23865 | Loss 0.0466 | LR 1.90e-05 | samples_seen=63682
2026-05-15 22:11:04,023  INFO  Epoch 1 | Step 6480/23865 | Loss 0.0446 | LR 1.90e-05 | samples_seen=63684
2026-05-15 22:11:04,454  INFO  Epoch 1 | Step 6480/23865 | Loss 0.1053 | LR 1.90e-05 | samples_seen=63686
2026-05-15 22:11:04,747  INFO  Epoch 1 | Step 6480/23865 | Loss 0.0938 | LR 1.90e-05 | samples_seen=63688
2026-05-15 22:11:05,016  INFO  Epoch 1 | Step 6480/23865 | Loss 0.1193 | LR 1.90e-05 | samples_seen=63690
2026-05-15 22:11:05,322  INFO  Epoch 1 | Step 6480/23865 | Loss 0.0921 | LR 1.90e-05 | samples_seen=63692
2026-05-15 22:11:05,611  INFO  Epoch 1 | Step 6480/23865 | Loss 0.1196 | LR 1.90e-05 | samples_seen=63694
2026-05-15 22:11:39,479  INFO  Epoch 1 | Step 6490/23865 | Loss 5.3343 | LR 1.90e-05 | samples_seen=63840
2026-05-15 22:11:39,727  INFO  Epoch 1 | Step 6490/23865 | Loss 0.1268 | LR 1.90e-05 | samples_seen=63842
2026-05-15 22:11:40,512  INFO  Epoch 1 | Step 6490/23865 | Loss 0.0420 | LR 1.90e-05 | samples_seen=63844
2026-05-15 22:11:40,803  INFO  Epoch 1 | Step 6490/23865 | Loss 0.0997 | LR 1.90e-05 | samples_seen=63846
2026-05-15 22:11:41,100  INFO  Epoch 1 | Step 6490/23865 | Loss 0.0763 | LR 1.90e-05 | samples_seen=63848
2026-05-15 22:11:41,309  INFO  Epoch 1 | Step 6490/23865 | Loss 0.0858 | LR 1.90e-05 | samples_seen=63850
2026-05-15 22:11:41,911  INFO  Epoch 1 | Step 6490/23865 | Loss 0.0467 | LR 1.90e-05 | samples_seen=63852
2026-05-15 22:11:42,333  INFO  Epoch 1 | Step 6490/23865 | Loss 0.0442 | LR 1.90e-05 | samples_seen=63854
2026-05-15 22:12:19,210  INFO  Epoch 1 | Step 6500/23865 | Loss 5.4908 | LR 1.90e-05 | samples_seen=64000
2026-05-15 22:12:19,581  INFO  Epoch 1 | Step 6500/23865 | Loss 0.0384 | LR 1.90e-05 | samples_seen=64002
2026-05-15 22:12:20,050  INFO  Epoch 1 | Step 6500/23865 | Loss 0.0780 | LR 1.90e-05 | samples_seen=64004
2026-05-15 22:12:20,452  INFO  Epoch 1 | Step 6500/23865 | Loss 0.1039 | LR 1.90e-05 | samples_seen=64006
2026-05-15 22:12:20,981  INFO  Epoch 1 | Step 6500/23865 | Loss 0.0464 | LR 1.90e-05 | samples_seen=64008
2026-05-15 22:12:21,261  INFO  Epoch 1 | Step 6500/23865 | Loss 0.0588 | LR 1.90e-05 | samples_seen=64010
2026-05-15 22:12:21,530  INFO  Epoch 1 | Step 6500/23865 | Loss 0.1006 | LR 1.90e-05 | samples_seen=64012
2026-05-15 22:12:22,021  INFO  Epoch 1 | Step 6500/23865 | Loss 0.0351 | LR 1.90e-05 | samples_seen=64014
2026-05-15 22:16:30,357  INFO  Checkpoint saved → ../checkpoints/stage2_l40/step6508 | global_step=6508 | samples_seen=64138
2026-05-15 22:16:36,285  INFO  Epoch 1 | Step 6510/23865 | Loss 5.0575 | LR 1.90e-05 | samples_seen=64160
2026-05-15 22:16:36,702  INFO  Epoch 1 | Step 6510/23865 | Loss 0.0395 | LR 1.90e-05 | samples_seen=64162
2026-05-15 22:16:37,176  INFO  Epoch 1 | Step 6510/23865 | Loss 0.0530 | LR 1.90e-05 | samples_seen=64164
2026-05-15 22:16:37,775  INFO  Epoch 1 | Step 6510/23865 | Loss 0.0870 | LR 1.90e-05 | samples_seen=64166
2026-05-15 22:16:38,059  INFO  Epoch 1 | Step 6510/23865 | Loss 0.1624 | LR 1.90e-05 | samples_seen=64168
2026-05-15 22:16:38,344  INFO  Epoch 1 | Step 6510/23865 | Loss 0.0635 | LR 1.90e-05 | samples_seen=64170
2026-05-15 22:16:38,783  INFO  Epoch 1 | Step 6510/23865 | Loss 0.0351 | LR 1.90e-05 | samples_seen=64172
2026-05-15 22:16:39,239  INFO  Epoch 1 | Step 6510/23865 | Loss 0.0340 | LR 1.90e-05 | samples_seen=64174
2026-05-15 22:17:16,971  INFO  Epoch 1 | Step 6520/23865 | Loss 4.8147 | LR 1.90e-05 | samples_seen=64320
2026-05-15 22:17:17,509  INFO  Epoch 1 | Step 6520/23865 | Loss 0.0455 | LR 1.90e-05 | samples_seen=64322
2026-05-15 22:17:17,894  INFO  Epoch 1 | Step 6520/23865 | Loss 0.1161 | LR 1.90e-05 | samples_seen=64324
2026-05-15 22:17:18,238  INFO  Epoch 1 | Step 6520/23865 | Loss 0.0679 | LR 1.90e-05 | samples_seen=64326
2026-05-15 22:17:18,693  INFO  Epoch 1 | Step 6520/23865 | Loss 0.0545 | LR 1.90e-05 | samples_seen=64328
2026-05-15 22:17:19,048  INFO  Epoch 1 | Step 6520/23865 | Loss 0.0553 | LR 1.90e-05 | samples_seen=64330
2026-05-15 22:17:19,510  INFO  Epoch 1 | Step 6520/23865 | Loss 0.0533 | LR 1.90e-05 | samples_seen=64332
2026-05-15 22:17:19,954  INFO  Epoch 1 | Step 6520/23865 | Loss 0.0503 | LR 1.90e-05 | samples_seen=64334
2026-05-15 22:17:56,275  INFO  Epoch 1 | Step 6530/23865 | Loss 5.0901 | LR 1.90e-05 | samples_seen=64480
2026-05-15 22:17:56,641  INFO  Epoch 1 | Step 6530/23865 | Loss 0.0697 | LR 1.90e-05 | samples_seen=64482
2026-05-15 22:17:57,157  INFO  Epoch 1 | Step 6530/23865 | Loss 0.0420 | LR 1.90e-05 | samples_seen=64484
2026-05-15 22:17:57,632  INFO  Epoch 1 | Step 6530/23865 | Loss 0.0616 | LR 1.90e-05 | samples_seen=64486
2026-05-15 22:17:57,897  INFO  Epoch 1 | Step 6530/23865 | Loss 0.1454 | LR 1.90e-05 | samples_seen=64488
2026-05-15 22:17:58,380  INFO  Epoch 1 | Step 6530/23865 | Loss 0.0476 | LR 1.90e-05 | samples_seen=64490
2026-05-15 22:17:58,766  INFO  Epoch 1 | Step 6530/23865 | Loss 0.0572 | LR 1.90e-05 | samples_seen=64492
2026-05-15 22:17:59,040  INFO  Epoch 1 | Step 6530/23865 | Loss 0.0743 | LR 1.90e-05 | samples_seen=64494
2026-05-15 22:18:35,016  INFO  Epoch 1 | Step 6540/23865 | Loss 5.0815 | LR 1.90e-05 | samples_seen=64640
2026-05-15 22:18:35,401  INFO  Epoch 1 | Step 6540/23865 | Loss 0.0527 | LR 1.90e-05 | samples_seen=64642
2026-05-15 22:18:35,820  INFO  Epoch 1 | Step 6540/23865 | Loss 0.0513 | LR 1.90e-05 | samples_seen=64644
2026-05-15 22:18:36,187  INFO  Epoch 1 | Step 6540/23865 | Loss 0.0571 | LR 1.90e-05 | samples_seen=64646
2026-05-15 22:18:36,650  INFO  Epoch 1 | Step 6540/23865 | Loss 0.0897 | LR 1.90e-05 | samples_seen=64648
2026-05-15 22:18:37,191  INFO  Epoch 1 | Step 6540/23865 | Loss 0.0477 | LR 1.90e-05 | samples_seen=64650
2026-05-15 22:18:38,048  INFO  Epoch 1 | Step 6540/23865 | Loss 0.0434 | LR 1.90e-05 | samples_seen=64652
2026-05-15 22:18:38,775  INFO  Epoch 1 | Step 6540/23865 | Loss 0.0322 | LR 1.90e-05 | samples_seen=64654
2026-05-15 22:19:16,265  INFO  Epoch 1 | Step 6550/23865 | Loss 4.7524 | LR 1.90e-05 | samples_seen=64800
2026-05-15 22:19:16,647  INFO  Epoch 1 | Step 6550/23865 | Loss 0.0235 | LR 1.90e-05 | samples_seen=64802
2026-05-15 22:19:17,202  INFO  Epoch 1 | Step 6550/23865 | Loss 0.1269 | LR 1.90e-05 | samples_seen=64804
2026-05-15 22:19:17,654  INFO  Epoch 1 | Step 6550/23865 | Loss 0.1048 | LR 1.90e-05 | samples_seen=64806
2026-05-15 22:19:18,278  INFO  Epoch 1 | Step 6550/23865 | Loss 0.0806 | LR 1.90e-05 | samples_seen=64808
2026-05-15 22:19:18,683  INFO  Epoch 1 | Step 6550/23865 | Loss 0.0228 | LR 1.90e-05 | samples_seen=64810
2026-05-15 22:19:19,261  INFO  Epoch 1 | Step 6550/23865 | Loss 0.0404 | LR 1.90e-05 | samples_seen=64812
2026-05-15 22:19:19,870  INFO  Epoch 1 | Step 6550/23865 | Loss 0.0453 | LR 1.90e-05 | samples_seen=64814
2026-05-15 22:19:53,384  INFO  Epoch 1 | Step 6560/23865 | Loss 5.2701 | LR 1.90e-05 | samples_seen=64960
2026-05-15 22:19:53,643  INFO  Epoch 1 | Step 6560/23865 | Loss 0.1010 | LR 1.90e-05 | samples_seen=64962
2026-05-15 22:19:54,111  INFO  Epoch 1 | Step 6560/23865 | Loss 0.0667 | LR 1.90e-05 | samples_seen=64964
2026-05-15 22:19:54,675  INFO  Epoch 1 | Step 6560/23865 | Loss 0.0401 | LR 1.90e-05 | samples_seen=64966
2026-05-15 22:19:55,067  INFO  Epoch 1 | Step 6560/23865 | Loss 0.0789 | LR 1.90e-05 | samples_seen=64968
2026-05-15 22:19:55,675  INFO  Epoch 1 | Step 6560/23865 | Loss 0.0467 | LR 1.90e-05 | samples_seen=64970
2026-05-15 22:19:56,105  INFO  Epoch 1 | Step 6560/23865 | Loss 0.0447 | LR 1.90e-05 | samples_seen=64972
2026-05-15 22:19:56,543  INFO  Epoch 1 | Step 6560/23865 | Loss 0.0634 | LR 1.90e-05 | samples_seen=64974
2026-05-15 22:20:31,493  INFO  Epoch 1 | Step 6570/23865 | Loss 5.0173 | LR 1.90e-05 | samples_seen=65120
2026-05-15 22:20:31,860  INFO  Epoch 1 | Step 6570/23865 | Loss 0.0490 | LR 1.90e-05 | samples_seen=65122
2026-05-15 22:20:32,153  INFO  Epoch 1 | Step 6570/23865 | Loss 0.0545 | LR 1.90e-05 | samples_seen=65124
2026-05-15 22:20:32,751  INFO  Epoch 1 | Step 6570/23865 | Loss 0.0582 | LR 1.90e-05 | samples_seen=65126
2026-05-15 22:20:33,189  INFO  Epoch 1 | Step 6570/23865 | Loss 0.0266 | LR 1.90e-05 | samples_seen=65128
2026-05-15 22:20:33,661  INFO  Epoch 1 | Step 6570/23865 | Loss 0.0457 | LR 1.90e-05 | samples_seen=65130
2026-05-15 22:20:33,955  INFO  Epoch 1 | Step 6570/23865 | Loss 0.1360 | LR 1.90e-05 | samples_seen=65132
2026-05-15 22:20:34,250  INFO  Epoch 1 | Step 6570/23865 | Loss 0.0982 | LR 1.90e-05 | samples_seen=65134
2026-05-15 22:21:14,096  INFO  Epoch 1 | Step 6580/23865 | Loss 4.8067 | LR 1.90e-05 | samples_seen=65280
2026-05-15 22:21:14,644  INFO  Epoch 1 | Step 6580/23865 | Loss 0.0873 | LR 1.90e-05 | samples_seen=65282
2026-05-15 22:21:15,061  INFO  Epoch 1 | Step 6580/23865 | Loss 0.0544 | LR 1.90e-05 | samples_seen=65284
2026-05-15 22:21:15,610  INFO  Epoch 1 | Step 6580/23865 | Loss 0.0333 | LR 1.90e-05 | samples_seen=65286
2026-05-15 22:21:15,907  INFO  Epoch 1 | Step 6580/23865 | Loss 0.1213 | LR 1.90e-05 | samples_seen=65288
2026-05-15 22:21:16,511  INFO  Epoch 1 | Step 6580/23865 | Loss 0.0345 | LR 1.90e-05 | samples_seen=65290
2026-05-15 22:21:16,847  INFO  Epoch 1 | Step 6580/23865 | Loss 0.0712 | LR 1.90e-05 | samples_seen=65292
2026-05-15 22:21:17,338  INFO  Epoch 1 | Step 6580/23865 | Loss 0.0382 | LR 1.90e-05 | samples_seen=65294
2026-05-15 22:21:52,418  INFO  Epoch 1 | Step 6590/23865 | Loss 5.0202 | LR 1.90e-05 | samples_seen=65440
2026-05-15 22:21:52,618  INFO  Epoch 1 | Step 6590/23865 | Loss 0.0880 | LR 1.90e-05 | samples_seen=65442
2026-05-15 22:21:53,265  INFO  Epoch 1 | Step 6590/23865 | Loss 0.0484 | LR 1.90e-05 | samples_seen=65444
2026-05-15 22:21:53,852  INFO  Epoch 1 | Step 6590/23865 | Loss 0.0454 | LR 1.90e-05 | samples_seen=65446
2026-05-15 22:21:54,563  INFO  Epoch 1 | Step 6590/23865 | Loss 0.0555 | LR 1.90e-05 | samples_seen=65448
2026-05-15 22:21:54,854  INFO  Epoch 1 | Step 6590/23865 | Loss 0.0877 | LR 1.90e-05 | samples_seen=65450
2026-05-15 22:21:55,391  INFO  Epoch 1 | Step 6590/23865 | Loss 0.0691 | LR 1.90e-05 | samples_seen=65452
2026-05-15 22:21:56,054  INFO  Epoch 1 | Step 6590/23865 | Loss 0.0346 | LR 1.90e-05 | samples_seen=65454
2026-05-15 22:22:32,267  INFO  Epoch 1 | Step 6600/23865 | Loss 5.4965 | LR 1.90e-05 | samples_seen=65600
2026-05-15 22:22:32,674  INFO  Epoch 1 | Step 6600/23865 | Loss 0.0562 | LR 1.90e-05 | samples_seen=65602
2026-05-15 22:22:33,109  INFO  Epoch 1 | Step 6600/23865 | Loss 0.0460 | LR 1.90e-05 | samples_seen=65604
2026-05-15 22:22:33,528  INFO  Epoch 1 | Step 6600/23865 | Loss 0.0614 | LR 1.90e-05 | samples_seen=65606
2026-05-15 22:22:33,805  INFO  Epoch 1 | Step 6600/23865 | Loss 0.1118 | LR 1.90e-05 | samples_seen=65608
2026-05-15 22:22:34,475  INFO  Epoch 1 | Step 6600/23865 | Loss 0.0984 | LR 1.90e-05 | samples_seen=65610
2026-05-15 22:22:34,736  INFO  Epoch 1 | Step 6600/23865 | Loss 0.0693 | LR 1.90e-05 | samples_seen=65612
2026-05-15 22:22:35,179  INFO  Epoch 1 | Step 6600/23865 | Loss 0.0264 | LR 1.90e-05 | samples_seen=65614
2026-05-15 22:23:10,859  INFO  Epoch 1 | Step 6610/23865 | Loss 5.0651 | LR 1.90e-05 | samples_seen=65760
2026-05-15 22:23:11,265  INFO  Epoch 1 | Step 6610/23865 | Loss 0.0623 | LR 1.90e-05 | samples_seen=65762
2026-05-15 22:23:11,815  INFO  Epoch 1 | Step 6610/23865 | Loss 0.0632 | LR 1.90e-05 | samples_seen=65764
2026-05-15 22:23:12,242  INFO  Epoch 1 | Step 6610/23865 | Loss 0.0483 | LR 1.90e-05 | samples_seen=65766
2026-05-15 22:23:12,721  INFO  Epoch 1 | Step 6610/23865 | Loss 0.1553 | LR 1.90e-05 | samples_seen=65768
2026-05-15 22:23:13,016  INFO  Epoch 1 | Step 6610/23865 | Loss 0.1189 | LR 1.90e-05 | samples_seen=65770
2026-05-15 22:23:13,441  INFO  Epoch 1 | Step 6610/23865 | Loss 0.1041 | LR 1.90e-05 | samples_seen=65772
2026-05-15 22:23:13,983  INFO  Epoch 1 | Step 6610/23865 | Loss 0.1581 | LR 1.90e-05 | samples_seen=65774
2026-05-15 22:23:49,486  INFO  Epoch 1 | Step 6620/23865 | Loss 5.2158 | LR 1.90e-05 | samples_seen=65920
2026-05-15 22:23:49,752  INFO  Epoch 1 | Step 6620/23865 | Loss 0.0954 | LR 1.90e-05 | samples_seen=65922
2026-05-15 22:23:50,286  INFO  Epoch 1 | Step 6620/23865 | Loss 0.0759 | LR 1.90e-05 | samples_seen=65924
2026-05-15 22:23:50,938  INFO  Epoch 1 | Step 6620/23865 | Loss 0.0280 | LR 1.90e-05 | samples_seen=65926
2026-05-15 22:23:51,510  INFO  Epoch 1 | Step 6620/23865 | Loss 0.0827 | LR 1.90e-05 | samples_seen=65928
2026-05-15 22:23:51,957  INFO  Epoch 1 | Step 6620/23865 | Loss 0.0679 | LR 1.90e-05 | samples_seen=65930
2026-05-15 22:23:52,443  INFO  Epoch 1 | Step 6620/23865 | Loss 0.0523 | LR 1.90e-05 | samples_seen=65932
2026-05-15 22:23:52,993  INFO  Epoch 1 | Step 6620/23865 | Loss 0.0604 | LR 1.90e-05 | samples_seen=65934
2026-05-15 22:24:29,777  INFO  Epoch 1 | Step 6630/23865 | Loss 5.0619 | LR 1.89e-05 | samples_seen=66080
2026-05-15 22:24:30,115  INFO  Epoch 1 | Step 6630/23865 | Loss 0.0813 | LR 1.89e-05 | samples_seen=66082
2026-05-15 22:24:30,401  INFO  Epoch 1 | Step 6630/23865 | Loss 0.1079 | LR 1.89e-05 | samples_seen=66084
2026-05-15 22:24:30,939  INFO  Epoch 1 | Step 6630/23865 | Loss 0.1470 | LR 1.89e-05 | samples_seen=66086
2026-05-15 22:24:31,293  INFO  Epoch 1 | Step 6630/23865 | Loss 0.0335 | LR 1.89e-05 | samples_seen=66088
2026-05-15 22:24:31,719  INFO  Epoch 1 | Step 6630/23865 | Loss 0.0631 | LR 1.89e-05 | samples_seen=66090
2026-05-15 22:24:32,309  INFO  Epoch 1 | Step 6630/23865 | Loss 0.0513 | LR 1.89e-05 | samples_seen=66092
2026-05-15 22:24:32,598  INFO  Epoch 1 | Step 6630/23865 | Loss 0.0601 | LR 1.89e-05 | samples_seen=66094
2026-05-15 22:25:07,881  INFO  Epoch 1 | Step 6640/23865 | Loss 5.8079 | LR 1.89e-05 | samples_seen=66240
2026-05-15 22:25:08,490  INFO  Epoch 1 | Step 6640/23865 | Loss 0.0994 | LR 1.89e-05 | samples_seen=66242
2026-05-15 22:25:08,772  INFO  Epoch 1 | Step 6640/23865 | Loss 0.1002 | LR 1.89e-05 | samples_seen=66244
2026-05-15 22:25:09,192  INFO  Epoch 1 | Step 6640/23865 | Loss 0.0492 | LR 1.89e-05 | samples_seen=66246
2026-05-15 22:25:09,574  INFO  Epoch 1 | Step 6640/23865 | Loss 0.0320 | LR 1.89e-05 | samples_seen=66248
2026-05-15 22:25:09,972  INFO  Epoch 1 | Step 6640/23865 | Loss 0.0375 | LR 1.89e-05 | samples_seen=66250
2026-05-15 22:25:10,248  INFO  Epoch 1 | Step 6640/23865 | Loss 0.0926 | LR 1.89e-05 | samples_seen=66252
2026-05-15 22:25:10,822  INFO  Epoch 1 | Step 6640/23865 | Loss 0.0742 | LR 1.89e-05 | samples_seen=66254
2026-05-15 22:25:45,934  INFO  Epoch 1 | Step 6650/23865 | Loss 5.0871 | LR 1.89e-05 | samples_seen=66400
2026-05-15 22:25:46,183  INFO  Epoch 1 | Step 6650/23865 | Loss 0.0779 | LR 1.89e-05 | samples_seen=66402
2026-05-15 22:25:46,538  INFO  Epoch 1 | Step 6650/23865 | Loss 0.0780 | LR 1.89e-05 | samples_seen=66404
2026-05-15 22:25:47,088  INFO  Epoch 1 | Step 6650/23865 | Loss 0.0595 | LR 1.89e-05 | samples_seen=66406
2026-05-15 22:25:47,375  INFO  Epoch 1 | Step 6650/23865 | Loss 0.0807 | LR 1.89e-05 | samples_seen=66408
2026-05-15 22:25:47,940  INFO  Epoch 1 | Step 6650/23865 | Loss 0.0451 | LR 1.89e-05 | samples_seen=66410
2026-05-15 22:25:48,298  INFO  Epoch 1 | Step 6650/23865 | Loss 0.1407 | LR 1.89e-05 | samples_seen=66412
2026-05-15 22:25:48,775  INFO  Epoch 1 | Step 6650/23865 | Loss 0.1343 | LR 1.89e-05 | samples_seen=66414
2026-05-15 22:26:24,840  INFO  Epoch 1 | Step 6660/23865 | Loss 5.2982 | LR 1.89e-05 | samples_seen=66560
2026-05-15 22:26:25,384  INFO  Epoch 1 | Step 6660/23865 | Loss 0.0952 | LR 1.89e-05 | samples_seen=66562
2026-05-15 22:26:25,775  INFO  Epoch 1 | Step 6660/23865 | Loss 0.0710 | LR 1.89e-05 | samples_seen=66564
2026-05-15 22:26:26,677  INFO  Epoch 1 | Step 6660/23865 | Loss 0.0626 | LR 1.89e-05 | samples_seen=66566
2026-05-15 22:26:27,580  INFO  Epoch 1 | Step 6660/23865 | Loss 0.0549 | LR 1.89e-05 | samples_seen=66568
2026-05-15 22:26:28,300  INFO  Epoch 1 | Step 6660/23865 | Loss 0.0646 | LR 1.89e-05 | samples_seen=66570
2026-05-15 22:26:28,879  INFO  Epoch 1 | Step 6660/23865 | Loss 0.0777 | LR 1.89e-05 | samples_seen=66572
2026-05-15 22:26:29,486  INFO  Epoch 1 | Step 6660/23865 | Loss 0.0741 | LR 1.89e-05 | samples_seen=66574
2026-05-15 22:27:06,224  INFO  Epoch 1 | Step 6670/23865 | Loss 5.4115 | LR 1.89e-05 | samples_seen=66720
2026-05-15 22:27:06,678  INFO  Epoch 1 | Step 6670/23865 | Loss 0.0472 | LR 1.89e-05 | samples_seen=66722
2026-05-15 22:27:07,259  INFO  Epoch 1 | Step 6670/23865 | Loss 0.0621 | LR 1.89e-05 | samples_seen=66724
2026-05-15 22:27:07,541  INFO  Epoch 1 | Step 6670/23865 | Loss 0.1479 | LR 1.89e-05 | samples_seen=66726
2026-05-15 22:27:08,458  INFO  Epoch 1 | Step 6670/23865 | Loss 0.0176 | LR 1.89e-05 | samples_seen=66728
2026-05-15 22:27:09,068  INFO  Epoch 1 | Step 6670/23865 | Loss 0.0270 | LR 1.89e-05 | samples_seen=66730
2026-05-15 22:27:09,720  INFO  Epoch 1 | Step 6670/23865 | Loss 0.0510 | LR 1.89e-05 | samples_seen=66732
2026-05-15 22:27:10,138  INFO  Epoch 1 | Step 6670/23865 | Loss 0.0582 | LR 1.89e-05 | samples_seen=66734
2026-05-15 22:27:44,197  INFO  Epoch 1 | Step 6680/23865 | Loss 5.1157 | LR 1.89e-05 | samples_seen=66880
2026-05-15 22:27:44,599  INFO  Epoch 1 | Step 6680/23865 | Loss 0.0212 | LR 1.89e-05 | samples_seen=66882
2026-05-15 22:27:45,323  INFO  Epoch 1 | Step 6680/23865 | Loss 0.0602 | LR 1.89e-05 | samples_seen=66884
2026-05-15 22:27:45,533  INFO  Epoch 1 | Step 6680/23865 | Loss 0.0881 | LR 1.89e-05 | samples_seen=66886
2026-05-15 22:27:45,872  INFO  Epoch 1 | Step 6680/23865 | Loss 0.1350 | LR 1.89e-05 | samples_seen=66888
2026-05-15 22:27:46,604  INFO  Epoch 1 | Step 6680/23865 | Loss 0.0765 | LR 1.89e-05 | samples_seen=66890
2026-05-15 22:27:47,144  INFO  Epoch 1 | Step 6680/23865 | Loss 0.0470 | LR 1.89e-05 | samples_seen=66892
2026-05-15 22:27:47,597  INFO  Epoch 1 | Step 6680/23865 | Loss 0.0433 | LR 1.89e-05 | samples_seen=66894
2026-05-15 22:28:23,889  INFO  Epoch 1 | Step 6690/23865 | Loss 4.8838 | LR 1.89e-05 | samples_seen=67040
2026-05-15 22:28:24,246  INFO  Epoch 1 | Step 6690/23865 | Loss 0.0371 | LR 1.89e-05 | samples_seen=67042
2026-05-15 22:28:24,628  INFO  Epoch 1 | Step 6690/23865 | Loss 0.0625 | LR 1.89e-05 | samples_seen=67044
2026-05-15 22:28:25,239  INFO  Epoch 1 | Step 6690/23865 | Loss 0.0457 | LR 1.89e-05 | samples_seen=67046
2026-05-15 22:28:25,994  INFO  Epoch 1 | Step 6690/23865 | Loss 0.0465 | LR 1.89e-05 | samples_seen=67048
2026-05-15 22:28:26,629  INFO  Epoch 1 | Step 6690/23865 | Loss 0.0293 | LR 1.89e-05 | samples_seen=67050
2026-05-15 22:28:27,127  INFO  Epoch 1 | Step 6690/23865 | Loss 0.0276 | LR 1.89e-05 | samples_seen=67052
2026-05-15 22:28:28,047  INFO  Epoch 1 | Step 6690/23865 | Loss 0.0396 | LR 1.89e-05 | samples_seen=67054
2026-05-15 22:29:04,715  INFO  Epoch 1 | Step 6700/23865 | Loss 4.8668 | LR 1.89e-05 | samples_seen=67200
2026-05-15 22:29:04,975  INFO  Epoch 1 | Step 6700/23865 | Loss 0.1152 | LR 1.89e-05 | samples_seen=67202
2026-05-15 22:29:05,446  INFO  Epoch 1 | Step 6700/23865 | Loss 0.0259 | LR 1.89e-05 | samples_seen=67204
2026-05-15 22:29:05,671  INFO  Epoch 1 | Step 6700/23865 | Loss 0.0239 | LR 1.89e-05 | samples_seen=67206
2026-05-15 22:29:06,194  INFO  Epoch 1 | Step 6700/23865 | Loss 0.0426 | LR 1.89e-05 | samples_seen=67208
2026-05-15 22:29:06,678  INFO  Epoch 1 | Step 6700/23865 | Loss 0.0464 | LR 1.89e-05 | samples_seen=67210
2026-05-15 22:29:07,093  INFO  Epoch 1 | Step 6700/23865 | Loss 0.0659 | LR 1.89e-05 | samples_seen=67212
2026-05-15 22:29:07,553  INFO  Epoch 1 | Step 6700/23865 | Loss 0.0402 | LR 1.89e-05 | samples_seen=67214
2026-05-15 22:29:45,013  INFO  Epoch 1 | Step 6710/23865 | Loss 5.4724 | LR 1.89e-05 | samples_seen=67360
2026-05-15 22:29:45,539  INFO  Epoch 1 | Step 6710/23865 | Loss 0.0509 | LR 1.89e-05 | samples_seen=67362
2026-05-15 22:29:45,989  INFO  Epoch 1 | Step 6710/23865 | Loss 0.0858 | LR 1.89e-05 | samples_seen=67364
2026-05-15 22:29:46,351  INFO  Epoch 1 | Step 6710/23865 | Loss 0.0552 | LR 1.89e-05 | samples_seen=67366
2026-05-15 22:29:46,806  INFO  Epoch 1 | Step 6710/23865 | Loss 0.0638 | LR 1.89e-05 | samples_seen=67368
2026-05-15 22:29:47,270  INFO  Epoch 1 | Step 6710/23865 | Loss 0.0380 | LR 1.89e-05 | samples_seen=67370
2026-05-15 22:29:47,843  INFO  Epoch 1 | Step 6710/23865 | Loss 0.0855 | LR 1.89e-05 | samples_seen=67372
2026-05-15 22:29:48,404  INFO  Epoch 1 | Step 6710/23865 | Loss 0.1152 | LR 1.89e-05 | samples_seen=67374
2026-05-15 22:30:22,785  INFO  Epoch 1 | Step 6720/23865 | Loss 5.2809 | LR 1.89e-05 | samples_seen=67520
2026-05-15 22:30:23,227  INFO  Epoch 1 | Step 6720/23865 | Loss 0.0743 | LR 1.89e-05 | samples_seen=67522
2026-05-15 22:30:23,591  INFO  Epoch 1 | Step 6720/23865 | Loss 0.0735 | LR 1.89e-05 | samples_seen=67524
2026-05-15 22:30:23,897  INFO  Epoch 1 | Step 6720/23865 | Loss 0.1107 | LR 1.89e-05 | samples_seen=67526
2026-05-15 22:30:24,192  INFO  Epoch 1 | Step 6720/23865 | Loss 0.1100 | LR 1.89e-05 | samples_seen=67528
2026-05-15 22:30:24,726  INFO  Epoch 1 | Step 6720/23865 | Loss 0.0330 | LR 1.89e-05 | samples_seen=67530
2026-05-15 22:30:25,249  INFO  Epoch 1 | Step 6720/23865 | Loss 0.0532 | LR 1.89e-05 | samples_seen=67532
2026-05-15 22:30:25,509  INFO  Epoch 1 | Step 6720/23865 | Loss 0.0890 | LR 1.89e-05 | samples_seen=67534
2026-05-15 22:31:01,870  INFO  Epoch 1 | Step 6730/23865 | Loss 5.3593 | LR 1.89e-05 | samples_seen=67680
2026-05-15 22:31:02,445  INFO  Epoch 1 | Step 6730/23865 | Loss 0.0754 | LR 1.89e-05 | samples_seen=67682
2026-05-15 22:31:02,890  INFO  Epoch 1 | Step 6730/23865 | Loss 0.1023 | LR 1.89e-05 | samples_seen=67684
2026-05-15 22:31:03,155  INFO  Epoch 1 | Step 6730/23865 | Loss 0.0829 | LR 1.89e-05 | samples_seen=67686
2026-05-15 22:31:04,012  INFO  Epoch 1 | Step 6730/23865 | Loss 0.0374 | LR 1.89e-05 | samples_seen=67688
2026-05-15 22:31:04,447  INFO  Epoch 1 | Step 6730/23865 | Loss 0.0754 | LR 1.89e-05 | samples_seen=67690
2026-05-15 22:31:05,105  INFO  Epoch 1 | Step 6730/23865 | Loss 0.0677 | LR 1.89e-05 | samples_seen=67692
2026-05-15 22:31:05,583  INFO  Epoch 1 | Step 6730/23865 | Loss 0.0368 | LR 1.89e-05 | samples_seen=67694
2026-05-15 22:31:43,417  INFO  Epoch 1 | Step 6740/23865 | Loss 5.4703 | LR 1.89e-05 | samples_seen=67840
2026-05-15 22:31:44,095  INFO  Epoch 1 | Step 6740/23865 | Loss 0.0539 | LR 1.89e-05 | samples_seen=67842
2026-05-15 22:31:44,550  INFO  Epoch 1 | Step 6740/23865 | Loss 0.0341 | LR 1.89e-05 | samples_seen=67844
2026-05-15 22:31:44,842  INFO  Epoch 1 | Step 6740/23865 | Loss 0.0987 | LR 1.89e-05 | samples_seen=67846
2026-05-15 22:31:45,234  INFO  Epoch 1 | Step 6740/23865 | Loss 0.0644 | LR 1.89e-05 | samples_seen=67848
2026-05-15 22:31:45,536  INFO  Epoch 1 | Step 6740/23865 | Loss 0.1021 | LR 1.89e-05 | samples_seen=67850
2026-05-15 22:31:46,016  INFO  Epoch 1 | Step 6740/23865 | Loss 0.1537 | LR 1.89e-05 | samples_seen=67852
2026-05-15 22:31:46,296  INFO  Epoch 1 | Step 6740/23865 | Loss 0.1099 | LR 1.89e-05 | samples_seen=67854
2026-05-15 22:32:23,280  INFO  Epoch 1 | Step 6750/23865 | Loss 4.7173 | LR 1.89e-05 | samples_seen=68000
2026-05-15 22:32:23,788  INFO  Epoch 1 | Step 6750/23865 | Loss 0.0501 | LR 1.89e-05 | samples_seen=68002
2026-05-15 22:32:24,083  INFO  Epoch 1 | Step 6750/23865 | Loss 0.1230 | LR 1.89e-05 | samples_seen=68004
2026-05-15 22:32:24,613  INFO  Epoch 1 | Step 6750/23865 | Loss 0.0327 | LR 1.89e-05 | samples_seen=68006
2026-05-15 22:32:25,094  INFO  Epoch 1 | Step 6750/23865 | Loss 0.0677 | LR 1.89e-05 | samples_seen=68008
2026-05-15 22:32:25,430  INFO  Epoch 1 | Step 6750/23865 | Loss 0.0664 | LR 1.89e-05 | samples_seen=68010
2026-05-15 22:32:25,727  INFO  Epoch 1 | Step 6750/23865 | Loss 0.0583 | LR 1.89e-05 | samples_seen=68012
2026-05-15 22:32:26,006  INFO  Epoch 1 | Step 6750/23865 | Loss 0.2429 | LR 1.89e-05 | samples_seen=68014
2026-05-15 22:33:01,993  INFO  Epoch 1 | Step 6760/23865 | Loss 5.0431 | LR 1.89e-05 | samples_seen=68160
2026-05-15 22:33:02,446  INFO  Epoch 1 | Step 6760/23865 | Loss 0.0239 | LR 1.89e-05 | samples_seen=68162
2026-05-15 22:33:02,715  INFO  Epoch 1 | Step 6760/23865 | Loss 0.1052 | LR 1.89e-05 | samples_seen=68164
2026-05-15 22:33:03,175  INFO  Epoch 1 | Step 6760/23865 | Loss 0.1233 | LR 1.89e-05 | samples_seen=68166
2026-05-15 22:33:03,463  INFO  Epoch 1 | Step 6760/23865 | Loss 0.1174 | LR 1.89e-05 | samples_seen=68168
2026-05-15 22:33:03,814  INFO  Epoch 1 | Step 6760/23865 | Loss 0.1228 | LR 1.89e-05 | samples_seen=68170
2026-05-15 22:33:04,546  INFO  Epoch 1 | Step 6760/23865 | Loss 0.1023 | LR 1.89e-05 | samples_seen=68172
2026-05-15 22:33:04,973  INFO  Epoch 1 | Step 6760/23865 | Loss 0.0277 | LR 1.89e-05 | samples_seen=68174
2026-05-15 22:33:40,576  INFO  Epoch 1 | Step 6770/23865 | Loss 5.4586 | LR 1.89e-05 | samples_seen=68320
2026-05-15 22:33:41,157  INFO  Epoch 1 | Step 6770/23865 | Loss 0.0864 | LR 1.89e-05 | samples_seen=68322
2026-05-15 22:33:41,520  INFO  Epoch 1 | Step 6770/23865 | Loss 0.0309 | LR 1.89e-05 | samples_seen=68324
2026-05-15 22:33:42,010  INFO  Epoch 1 | Step 6770/23865 | Loss 0.0448 | LR 1.89e-05 | samples_seen=68326
2026-05-15 22:33:42,337  INFO  Epoch 1 | Step 6770/23865 | Loss 0.0687 | LR 1.89e-05 | samples_seen=68328
2026-05-15 22:33:42,910  INFO  Epoch 1 | Step 6770/23865 | Loss 0.0693 | LR 1.89e-05 | samples_seen=68330
2026-05-15 22:33:43,296  INFO  Epoch 1 | Step 6770/23865 | Loss 0.1112 | LR 1.89e-05 | samples_seen=68332
2026-05-15 22:33:43,611  INFO  Epoch 1 | Step 6770/23865 | Loss 0.0359 | LR 1.89e-05 | samples_seen=68334
2026-05-15 22:34:22,453  INFO  Epoch 1 | Step 6780/23865 | Loss 4.7882 | LR 1.89e-05 | samples_seen=68480
2026-05-15 22:34:22,783  INFO  Epoch 1 | Step 6780/23865 | Loss 0.1131 | LR 1.89e-05 | samples_seen=68482
2026-05-15 22:34:23,240  INFO  Epoch 1 | Step 6780/23865 | Loss 0.0297 | LR 1.89e-05 | samples_seen=68484
2026-05-15 22:34:23,674  INFO  Epoch 1 | Step 6780/23865 | Loss 0.0709 | LR 1.89e-05 | samples_seen=68486
2026-05-15 22:34:24,067  INFO  Epoch 1 | Step 6780/23865 | Loss 0.0338 | LR 1.89e-05 | samples_seen=68488
2026-05-15 22:34:24,611  INFO  Epoch 1 | Step 6780/23865 | Loss 0.0312 | LR 1.89e-05 | samples_seen=68490
2026-05-15 22:34:25,080  INFO  Epoch 1 | Step 6780/23865 | Loss 0.0960 | LR 1.89e-05 | samples_seen=68492
2026-05-15 22:34:25,382  INFO  Epoch 1 | Step 6780/23865 | Loss 0.1165 | LR 1.89e-05 | samples_seen=68494
2026-05-15 22:35:01,292  INFO  Epoch 1 | Step 6790/23865 | Loss 5.0200 | LR 1.88e-05 | samples_seen=68640
2026-05-15 22:35:01,542  INFO  Epoch 1 | Step 6790/23865 | Loss 0.0985 | LR 1.88e-05 | samples_seen=68642
2026-05-15 22:35:01,766  INFO  Epoch 1 | Step 6790/23865 | Loss 0.1312 | LR 1.88e-05 | samples_seen=68644
2026-05-15 22:35:02,305  INFO  Epoch 1 | Step 6790/23865 | Loss 0.0641 | LR 1.88e-05 | samples_seen=68646
2026-05-15 22:35:02,952  INFO  Epoch 1 | Step 6790/23865 | Loss 0.0775 | LR 1.88e-05 | samples_seen=68648
2026-05-15 22:35:03,178  INFO  Epoch 1 | Step 6790/23865 | Loss 0.1709 | LR 1.88e-05 | samples_seen=68650
2026-05-15 22:35:03,515  INFO  Epoch 1 | Step 6790/23865 | Loss 0.1053 | LR 1.88e-05 | samples_seen=68652
2026-05-15 22:35:04,070  INFO  Epoch 1 | Step 6790/23865 | Loss 0.0379 | LR 1.88e-05 | samples_seen=68654
2026-05-15 22:35:41,755  INFO  Epoch 1 | Step 6800/23865 | Loss 5.4366 | LR 1.88e-05 | samples_seen=68800
2026-05-15 22:35:42,007  INFO  Epoch 1 | Step 6800/23865 | Loss 0.0771 | LR 1.88e-05 | samples_seen=68802
2026-05-15 22:35:42,582  INFO  Epoch 1 | Step 6800/23865 | Loss 0.0757 | LR 1.88e-05 | samples_seen=68804
2026-05-15 22:35:42,981  INFO  Epoch 1 | Step 6800/23865 | Loss 0.0369 | LR 1.88e-05 | samples_seen=68806
2026-05-15 22:35:43,357  INFO  Epoch 1 | Step 6800/23865 | Loss 0.0962 | LR 1.88e-05 | samples_seen=68808
2026-05-15 22:35:43,893  INFO  Epoch 1 | Step 6800/23865 | Loss 0.0587 | LR 1.88e-05 | samples_seen=68810
2026-05-15 22:35:44,292  INFO  Epoch 1 | Step 6800/23865 | Loss 0.0406 | LR 1.88e-05 | samples_seen=68812
2026-05-15 22:35:44,947  INFO  Epoch 1 | Step 6800/23865 | Loss 0.0436 | LR 1.88e-05 | samples_seen=68814
2026-05-15 22:36:20,758  INFO  Epoch 1 | Step 6810/23865 | Loss 5.2773 | LR 1.88e-05 | samples_seen=68960
2026-05-15 22:36:21,432  INFO  Epoch 1 | Step 6810/23865 | Loss 0.0582 | LR 1.88e-05 | samples_seen=68962
2026-05-15 22:36:21,739  INFO  Epoch 1 | Step 6810/23865 | Loss 0.1402 | LR 1.88e-05 | samples_seen=68964
2026-05-15 22:36:22,228  INFO  Epoch 1 | Step 6810/23865 | Loss 0.0953 | LR 1.88e-05 | samples_seen=68966
2026-05-15 22:36:22,770  INFO  Epoch 1 | Step 6810/23865 | Loss 0.0504 | LR 1.88e-05 | samples_seen=68968
2026-05-15 22:36:23,198  INFO  Epoch 1 | Step 6810/23865 | Loss 0.0559 | LR 1.88e-05 | samples_seen=68970
2026-05-15 22:36:23,857  INFO  Epoch 1 | Step 6810/23865 | Loss 0.1318 | LR 1.88e-05 | samples_seen=68972
2026-05-15 22:36:24,403  INFO  Epoch 1 | Step 6810/23865 | Loss 0.0340 | LR 1.88e-05 | samples_seen=68974
2026-05-15 22:36:58,829  INFO  Epoch 1 | Step 6820/23865 | Loss 5.5059 | LR 1.88e-05 | samples_seen=69120
2026-05-15 22:36:59,218  INFO  Epoch 1 | Step 6820/23865 | Loss 0.1045 | LR 1.88e-05 | samples_seen=69122
2026-05-15 22:36:59,777  INFO  Epoch 1 | Step 6820/23865 | Loss 0.0936 | LR 1.88e-05 | samples_seen=69124
2026-05-15 22:37:00,264  INFO  Epoch 1 | Step 6820/23865 | Loss 0.0661 | LR 1.88e-05 | samples_seen=69126
2026-05-15 22:37:00,858  INFO  Epoch 1 | Step 6820/23865 | Loss 0.0550 | LR 1.88e-05 | samples_seen=69128
2026-05-15 22:37:01,142  INFO  Epoch 1 | Step 6820/23865 | Loss 0.1915 | LR 1.88e-05 | samples_seen=69130
2026-05-15 22:37:01,432  INFO  Epoch 1 | Step 6820/23865 | Loss 0.0940 | LR 1.88e-05 | samples_seen=69132
2026-05-15 22:37:01,825  INFO  Epoch 1 | Step 6820/23865 | Loss 0.1098 | LR 1.88e-05 | samples_seen=69134
2026-05-15 22:37:38,098  INFO  Epoch 1 | Step 6830/23865 | Loss 5.3132 | LR 1.88e-05 | samples_seen=69280
2026-05-15 22:37:38,647  INFO  Epoch 1 | Step 6830/23865 | Loss 0.0371 | LR 1.88e-05 | samples_seen=69282
2026-05-15 22:37:38,927  INFO  Epoch 1 | Step 6830/23865 | Loss 0.1060 | LR 1.88e-05 | samples_seen=69284
2026-05-15 22:37:39,512  INFO  Epoch 1 | Step 6830/23865 | Loss 0.0648 | LR 1.88e-05 | samples_seen=69286
2026-05-15 22:37:39,967  INFO  Epoch 1 | Step 6830/23865 | Loss 0.0361 | LR 1.88e-05 | samples_seen=69288
2026-05-15 22:37:40,472  INFO  Epoch 1 | Step 6830/23865 | Loss 0.0531 | LR 1.88e-05 | samples_seen=69290
2026-05-15 22:37:41,015  INFO  Epoch 1 | Step 6830/23865 | Loss 0.1287 | LR 1.88e-05 | samples_seen=69292
2026-05-15 22:37:41,252  INFO  Epoch 1 | Step 6830/23865 | Loss 0.0554 | LR 1.88e-05 | samples_seen=69294
2026-05-15 22:38:16,131  INFO  Epoch 1 | Step 6840/23865 | Loss 5.6431 | LR 1.88e-05 | samples_seen=69440
2026-05-15 22:38:16,394  INFO  Epoch 1 | Step 6840/23865 | Loss 0.1858 | LR 1.88e-05 | samples_seen=69442
2026-05-15 22:38:16,729  INFO  Epoch 1 | Step 6840/23865 | Loss 0.1235 | LR 1.88e-05 | samples_seen=69444
2026-05-15 22:38:17,382  INFO  Epoch 1 | Step 6840/23865 | Loss 0.0271 | LR 1.88e-05 | samples_seen=69446
2026-05-15 22:38:17,864  INFO  Epoch 1 | Step 6840/23865 | Loss 0.0585 | LR 1.88e-05 | samples_seen=69448
2026-05-15 22:38:18,168  INFO  Epoch 1 | Step 6840/23865 | Loss 0.1010 | LR 1.88e-05 | samples_seen=69450
2026-05-15 22:38:18,443  INFO  Epoch 1 | Step 6840/23865 | Loss 0.0949 | LR 1.88e-05 | samples_seen=69452
2026-05-15 22:38:18,720  INFO  Epoch 1 | Step 6840/23865 | Loss 0.1114 | LR 1.88e-05 | samples_seen=69454
2026-05-15 22:38:53,357  INFO  Epoch 1 | Step 6850/23865 | Loss 5.1711 | LR 1.88e-05 | samples_seen=69600
2026-05-15 22:38:53,906  INFO  Epoch 1 | Step 6850/23865 | Loss 0.1293 | LR 1.88e-05 | samples_seen=69602
2026-05-15 22:38:54,314  INFO  Epoch 1 | Step 6850/23865 | Loss 0.0471 | LR 1.88e-05 | samples_seen=69604
2026-05-15 22:38:54,867  INFO  Epoch 1 | Step 6850/23865 | Loss 0.0883 | LR 1.88e-05 | samples_seen=69606
2026-05-15 22:38:55,430  INFO  Epoch 1 | Step 6850/23865 | Loss 0.0411 | LR 1.88e-05 | samples_seen=69608
2026-05-15 22:38:56,024  INFO  Epoch 1 | Step 6850/23865 | Loss 0.0449 | LR 1.88e-05 | samples_seen=69610
2026-05-15 22:38:56,606  INFO  Epoch 1 | Step 6850/23865 | Loss 0.0217 | LR 1.88e-05 | samples_seen=69612
2026-05-15 22:38:57,205  INFO  Epoch 1 | Step 6850/23865 | Loss 0.0581 | LR 1.88e-05 | samples_seen=69614
2026-05-15 22:39:35,661  INFO  Epoch 1 | Step 6860/23865 | Loss 5.3422 | LR 1.88e-05 | samples_seen=69760
2026-05-15 22:39:36,016  INFO  Epoch 1 | Step 6860/23865 | Loss 0.0307 | LR 1.88e-05 | samples_seen=69762
2026-05-15 22:39:36,377  INFO  Epoch 1 | Step 6860/23865 | Loss 0.0422 | LR 1.88e-05 | samples_seen=69764
2026-05-15 22:39:36,912  INFO  Epoch 1 | Step 6860/23865 | Loss 0.0391 | LR 1.88e-05 | samples_seen=69766
2026-05-15 22:39:37,754  INFO  Epoch 1 | Step 6860/23865 | Loss 0.0671 | LR 1.88e-05 | samples_seen=69768
2026-05-15 22:39:38,153  INFO  Epoch 1 | Step 6860/23865 | Loss 0.0325 | LR 1.88e-05 | samples_seen=69770
2026-05-15 22:39:38,443  INFO  Epoch 1 | Step 6860/23865 | Loss 0.0640 | LR 1.88e-05 | samples_seen=69772
2026-05-15 22:39:38,694  INFO  Epoch 1 | Step 6860/23865 | Loss 0.0899 | LR 1.88e-05 | samples_seen=69774
2026-05-15 22:40:15,636  INFO  Epoch 1 | Step 6870/23865 | Loss 5.5907 | LR 1.88e-05 | samples_seen=69920
2026-05-15 22:40:16,041  INFO  Epoch 1 | Step 6870/23865 | Loss 0.0826 | LR 1.88e-05 | samples_seen=69922
2026-05-15 22:40:16,478  INFO  Epoch 1 | Step 6870/23865 | Loss 0.0750 | LR 1.88e-05 | samples_seen=69924
2026-05-15 22:40:16,962  INFO  Epoch 1 | Step 6870/23865 | Loss 0.1076 | LR 1.88e-05 | samples_seen=69926
2026-05-15 22:40:17,480  INFO  Epoch 1 | Step 6870/23865 | Loss 0.0574 | LR 1.88e-05 | samples_seen=69928
2026-05-15 22:40:17,959  INFO  Epoch 1 | Step 6870/23865 | Loss 0.0538 | LR 1.88e-05 | samples_seen=69930
2026-05-15 22:40:18,236  INFO  Epoch 1 | Step 6870/23865 | Loss 0.0988 | LR 1.88e-05 | samples_seen=69932
2026-05-15 22:40:18,708  INFO  Epoch 1 | Step 6870/23865 | Loss 0.1177 | LR 1.88e-05 | samples_seen=69934
2026-05-15 22:40:55,945  INFO  Epoch 1 | Step 6880/23865 | Loss 4.5176 | LR 1.88e-05 | samples_seen=70080
2026-05-15 22:40:56,215  INFO  Epoch 1 | Step 6880/23865 | Loss 0.0712 | LR 1.88e-05 | samples_seen=70082
2026-05-15 22:40:56,559  INFO  Epoch 1 | Step 6880/23865 | Loss 0.0616 | LR 1.88e-05 | samples_seen=70084
2026-05-15 22:40:57,054  INFO  Epoch 1 | Step 6880/23865 | Loss 0.1264 | LR 1.88e-05 | samples_seen=70086
2026-05-15 22:40:57,767  INFO  Epoch 1 | Step 6880/23865 | Loss 0.0538 | LR 1.88e-05 | samples_seen=70088
2026-05-15 22:40:58,056  INFO  Epoch 1 | Step 6880/23865 | Loss 0.1010 | LR 1.88e-05 | samples_seen=70090
2026-05-15 22:40:58,392  INFO  Epoch 1 | Step 6880/23865 | Loss 0.1190 | LR 1.88e-05 | samples_seen=70092
2026-05-15 22:40:58,918  INFO  Epoch 1 | Step 6880/23865 | Loss 0.0655 | LR 1.88e-05 | samples_seen=70094
2026-05-15 22:41:33,770  INFO  Epoch 1 | Step 6890/23865 | Loss 5.6400 | LR 1.88e-05 | samples_seen=70240
2026-05-15 22:41:34,139  INFO  Epoch 1 | Step 6890/23865 | Loss 0.0454 | LR 1.88e-05 | samples_seen=70242
2026-05-15 22:41:34,525  INFO  Epoch 1 | Step 6890/23865 | Loss 0.0478 | LR 1.88e-05 | samples_seen=70244
2026-05-15 22:41:34,894  INFO  Epoch 1 | Step 6890/23865 | Loss 0.0874 | LR 1.88e-05 | samples_seen=70246
2026-05-15 22:41:35,595  INFO  Epoch 1 | Step 6890/23865 | Loss 0.0468 | LR 1.88e-05 | samples_seen=70248
2026-05-15 22:41:36,274  INFO  Epoch 1 | Step 6890/23865 | Loss 0.0881 | LR 1.88e-05 | samples_seen=70250
2026-05-15 22:41:36,830  INFO  Epoch 1 | Step 6890/23865 | Loss 0.0692 | LR 1.88e-05 | samples_seen=70252
2026-05-15 22:41:37,536  INFO  Epoch 1 | Step 6890/23865 | Loss 0.0566 | LR 1.88e-05 | samples_seen=70254
2026-05-15 22:42:14,754  INFO  Epoch 1 | Step 6900/23865 | Loss 4.9930 | LR 1.88e-05 | samples_seen=70400
2026-05-15 22:42:15,179  INFO  Epoch 1 | Step 6900/23865 | Loss 0.0368 | LR 1.88e-05 | samples_seen=70402
2026-05-15 22:42:15,842  INFO  Epoch 1 | Step 6900/23865 | Loss 0.0462 | LR 1.88e-05 | samples_seen=70404
2026-05-15 22:42:16,498  INFO  Epoch 1 | Step 6900/23865 | Loss 0.1494 | LR 1.88e-05 | samples_seen=70406
2026-05-15 22:42:16,861  INFO  Epoch 1 | Step 6900/23865 | Loss 0.0929 | LR 1.88e-05 | samples_seen=70408
2026-05-15 22:42:17,299  INFO  Epoch 1 | Step 6900/23865 | Loss 0.0579 | LR 1.88e-05 | samples_seen=70410
2026-05-15 22:42:17,831  INFO  Epoch 1 | Step 6900/23865 | Loss 0.0427 | LR 1.88e-05 | samples_seen=70412
2026-05-15 22:42:18,370  INFO  Epoch 1 | Step 6900/23865 | Loss 0.1314 | LR 1.88e-05 | samples_seen=70414
2026-05-15 22:42:56,478  INFO  Epoch 1 | Step 6910/23865 | Loss 5.2108 | LR 1.88e-05 | samples_seen=70560
2026-05-15 22:42:56,747  INFO  Epoch 1 | Step 6910/23865 | Loss 0.1166 | LR 1.88e-05 | samples_seen=70562
2026-05-15 22:42:57,146  INFO  Epoch 1 | Step 6910/23865 | Loss 0.0517 | LR 1.88e-05 | samples_seen=70564
2026-05-15 22:42:57,744  INFO  Epoch 1 | Step 6910/23865 | Loss 0.0643 | LR 1.88e-05 | samples_seen=70566
2026-05-15 22:42:58,041  INFO  Epoch 1 | Step 6910/23865 | Loss 0.1180 | LR 1.88e-05 | samples_seen=70568
2026-05-15 22:42:58,483  INFO  Epoch 1 | Step 6910/23865 | Loss 0.0391 | LR 1.88e-05 | samples_seen=70570
2026-05-15 22:42:58,755  INFO  Epoch 1 | Step 6910/23865 | Loss 0.1028 | LR 1.88e-05 | samples_seen=70572
2026-05-15 22:42:59,107  INFO  Epoch 1 | Step 6910/23865 | Loss 0.0877 | LR 1.88e-05 | samples_seen=70574
2026-05-15 22:43:35,986  INFO  Epoch 1 | Step 6920/23865 | Loss 5.2957 | LR 1.88e-05 | samples_seen=70720
2026-05-15 22:43:36,486  INFO  Epoch 1 | Step 6920/23865 | Loss 0.0322 | LR 1.88e-05 | samples_seen=70722
2026-05-15 22:43:36,781  INFO  Epoch 1 | Step 6920/23865 | Loss 0.0979 | LR 1.88e-05 | samples_seen=70724
2026-05-15 22:43:37,372  INFO  Epoch 1 | Step 6920/23865 | Loss 0.0359 | LR 1.88e-05 | samples_seen=70726
2026-05-15 22:43:37,824  INFO  Epoch 1 | Step 6920/23865 | Loss 0.0478 | LR 1.88e-05 | samples_seen=70728
2026-05-15 22:43:38,376  INFO  Epoch 1 | Step 6920/23865 | Loss 0.0303 | LR 1.88e-05 | samples_seen=70730
2026-05-15 22:43:38,712  INFO  Epoch 1 | Step 6920/23865 | Loss 0.0620 | LR 1.88e-05 | samples_seen=70732
2026-05-15 22:43:39,187  INFO  Epoch 1 | Step 6920/23865 | Loss 0.0439 | LR 1.88e-05 | samples_seen=70734
2026-05-15 22:44:17,466  INFO  Epoch 1 | Step 6930/23865 | Loss 4.9707 | LR 1.88e-05 | samples_seen=70880
2026-05-15 22:44:18,334  INFO  Epoch 1 | Step 6930/23865 | Loss 0.1412 | LR 1.88e-05 | samples_seen=70882
2026-05-15 22:44:18,826  INFO  Epoch 1 | Step 6930/23865 | Loss 0.0770 | LR 1.88e-05 | samples_seen=70884
2026-05-15 22:44:19,372  INFO  Epoch 1 | Step 6930/23865 | Loss 0.0751 | LR 1.88e-05 | samples_seen=70886
2026-05-15 22:44:19,673  INFO  Epoch 1 | Step 6930/23865 | Loss 0.1211 | LR 1.88e-05 | samples_seen=70888
2026-05-15 22:44:20,156  INFO  Epoch 1 | Step 6930/23865 | Loss 0.0506 | LR 1.88e-05 | samples_seen=70890
2026-05-15 22:44:20,456  INFO  Epoch 1 | Step 6930/23865 | Loss 0.1249 | LR 1.88e-05 | samples_seen=70892
2026-05-15 22:44:20,943  INFO  Epoch 1 | Step 6930/23865 | Loss 0.0636 | LR 1.88e-05 | samples_seen=70894
2026-05-15 22:44:56,609  INFO  Epoch 1 | Step 6940/23865 | Loss 5.0913 | LR 1.87e-05 | samples_seen=71040
2026-05-15 22:44:56,975  INFO  Epoch 1 | Step 6940/23865 | Loss 0.0764 | LR 1.87e-05 | samples_seen=71042
2026-05-15 22:44:57,517  INFO  Epoch 1 | Step 6940/23865 | Loss 0.0503 | LR 1.87e-05 | samples_seen=71044
2026-05-15 22:44:57,892  INFO  Epoch 1 | Step 6940/23865 | Loss 0.0464 | LR 1.87e-05 | samples_seen=71046
2026-05-15 22:44:58,543  INFO  Epoch 1 | Step 6940/23865 | Loss 0.0413 | LR 1.87e-05 | samples_seen=71048
2026-05-15 22:44:58,876  INFO  Epoch 1 | Step 6940/23865 | Loss 0.0935 | LR 1.87e-05 | samples_seen=71050
2026-05-15 22:44:59,274  INFO  Epoch 1 | Step 6940/23865 | Loss 0.0268 | LR 1.87e-05 | samples_seen=71052
2026-05-15 22:44:59,664  INFO  Epoch 1 | Step 6940/23865 | Loss 0.1309 | LR 1.87e-05 | samples_seen=71054
2026-05-15 22:45:36,202  INFO  Epoch 1 | Step 6950/23865 | Loss 5.2733 | LR 1.87e-05 | samples_seen=71200
2026-05-15 22:45:36,567  INFO  Epoch 1 | Step 6950/23865 | Loss 0.0641 | LR 1.87e-05 | samples_seen=71202
2026-05-15 22:45:37,139  INFO  Epoch 1 | Step 6950/23865 | Loss 0.0339 | LR 1.87e-05 | samples_seen=71204
2026-05-15 22:45:37,741  INFO  Epoch 1 | Step 6950/23865 | Loss 0.0379 | LR 1.87e-05 | samples_seen=71206
2026-05-15 22:45:38,142  INFO  Epoch 1 | Step 6950/23865 | Loss 0.0780 | LR 1.87e-05 | samples_seen=71208
2026-05-15 22:45:38,437  INFO  Epoch 1 | Step 6950/23865 | Loss 0.0349 | LR 1.87e-05 | samples_seen=71210
2026-05-15 22:45:38,795  INFO  Epoch 1 | Step 6950/23865 | Loss 0.0901 | LR 1.87e-05 | samples_seen=71212
2026-05-15 22:45:39,093  INFO  Epoch 1 | Step 6950/23865 | Loss 0.1009 | LR 1.87e-05 | samples_seen=71214
2026-05-15 22:46:16,158  INFO  Epoch 1 | Step 6960/23865 | Loss 5.1539 | LR 1.87e-05 | samples_seen=71360
2026-05-15 22:46:17,023  INFO  Epoch 1 | Step 6960/23865 | Loss 0.0298 | LR 1.87e-05 | samples_seen=71362
2026-05-15 22:46:17,459  INFO  Epoch 1 | Step 6960/23865 | Loss 0.0290 | LR 1.87e-05 | samples_seen=71364
2026-05-15 22:46:18,044  INFO  Epoch 1 | Step 6960/23865 | Loss 0.0485 | LR 1.87e-05 | samples_seen=71366
2026-05-15 22:46:18,412  INFO  Epoch 1 | Step 6960/23865 | Loss 0.0844 | LR 1.87e-05 | samples_seen=71368
2026-05-15 22:46:18,870  INFO  Epoch 1 | Step 6960/23865 | Loss 0.0496 | LR 1.87e-05 | samples_seen=71370
2026-05-15 22:46:19,232  INFO  Epoch 1 | Step 6960/23865 | Loss 0.0540 | LR 1.87e-05 | samples_seen=71372
2026-05-15 22:46:19,762  INFO  Epoch 1 | Step 6960/23865 | Loss 0.0619 | LR 1.87e-05 | samples_seen=71374
2026-05-15 22:50:02,938  INFO  Checkpoint saved → ../checkpoints/stage2_l40/step6963 | global_step=6963 | samples_seen=71418
2026-05-15 22:50:26,336  INFO  Epoch 1 | Step 6970/23865 | Loss 5.4170 | LR 1.87e-05 | samples_seen=71520
2026-05-15 22:50:26,577  INFO  Epoch 1 | Step 6970/23865 | Loss 0.0909 | LR 1.87e-05 | samples_seen=71522
2026-05-15 22:50:27,119  INFO  Epoch 1 | Step 6970/23865 | Loss 0.0780 | LR 1.87e-05 | samples_seen=71524
2026-05-15 22:50:27,533  INFO  Epoch 1 | Step 6970/23865 | Loss 0.1116 | LR 1.87e-05 | samples_seen=71526
2026-05-15 22:50:28,027  INFO  Epoch 1 | Step 6970/23865 | Loss 0.0468 | LR 1.87e-05 | samples_seen=71528
2026-05-15 22:50:28,461  INFO  Epoch 1 | Step 6970/23865 | Loss 0.0554 | LR 1.87e-05 | samples_seen=71530
2026-05-15 22:50:28,723  INFO  Epoch 1 | Step 6970/23865 | Loss 0.1147 | LR 1.87e-05 | samples_seen=71532
2026-05-15 22:50:29,120  INFO  Epoch 1 | Step 6970/23865 | Loss 0.0438 | LR 1.87e-05 | samples_seen=71534
2026-05-15 22:51:03,347  INFO  Epoch 1 | Step 6980/23865 | Loss 4.8342 | LR 1.87e-05 | samples_seen=71680
2026-05-15 22:51:04,134  INFO  Epoch 1 | Step 6980/23865 | Loss 0.0469 | LR 1.87e-05 | samples_seen=71682
2026-05-15 22:51:04,429  INFO  Epoch 1 | Step 6980/23865 | Loss 0.1130 | LR 1.87e-05 | samples_seen=71684
2026-05-15 22:51:05,079  INFO  Epoch 1 | Step 6980/23865 | Loss 0.0547 | LR 1.87e-05 | samples_seen=71686
2026-05-15 22:51:05,662  INFO  Epoch 1 | Step 6980/23865 | Loss 0.0434 | LR 1.87e-05 | samples_seen=71688
2026-05-15 22:51:06,124  INFO  Epoch 1 | Step 6980/23865 | Loss 0.0481 | LR 1.87e-05 | samples_seen=71690
2026-05-15 22:51:06,712  INFO  Epoch 1 | Step 6980/23865 | Loss 0.0950 | LR 1.87e-05 | samples_seen=71692
2026-05-15 22:51:07,249  INFO  Epoch 1 | Step 6980/23865 | Loss 0.0362 | LR 1.87e-05 | samples_seen=71694
2026-05-15 22:51:44,711  INFO  Epoch 1 | Step 6990/23865 | Loss 5.1391 | LR 1.87e-05 | samples_seen=71840
2026-05-15 22:51:44,972  INFO  Epoch 1 | Step 6990/23865 | Loss 0.0816 | LR 1.87e-05 | samples_seen=71842
2026-05-15 22:51:45,439  INFO  Epoch 1 | Step 6990/23865 | Loss 0.0590 | LR 1.87e-05 | samples_seen=71844
2026-05-15 22:51:45,849  INFO  Epoch 1 | Step 6990/23865 | Loss 0.0771 | LR 1.87e-05 | samples_seen=71846
2026-05-15 22:51:46,137  INFO  Epoch 1 | Step 6990/23865 | Loss 0.0787 | LR 1.87e-05 | samples_seen=71848
2026-05-15 22:51:46,421  INFO  Epoch 1 | Step 6990/23865 | Loss 0.1246 | LR 1.87e-05 | samples_seen=71850
2026-05-15 22:51:46,962  INFO  Epoch 1 | Step 6990/23865 | Loss 0.0268 | LR 1.87e-05 | samples_seen=71852
2026-05-15 22:51:47,556  INFO  Epoch 1 | Step 6990/23865 | Loss 0.0962 | LR 1.87e-05 | samples_seen=71854
2026-05-15 22:52:25,491  INFO  Epoch 1 | Step 7000/23865 | Loss 4.9206 | LR 1.87e-05 | samples_seen=72000
2026-05-15 22:52:25,752  INFO  Epoch 1 | Step 7000/23865 | Loss 0.0779 | LR 1.87e-05 | samples_seen=72002
2026-05-15 22:52:26,325  INFO  Epoch 1 | Step 7000/23865 | Loss 0.0599 | LR 1.87e-05 | samples_seen=72004
2026-05-15 22:52:26,631  INFO  Epoch 1 | Step 7000/23865 | Loss 0.1143 | LR 1.87e-05 | samples_seen=72006
2026-05-15 22:52:27,198  INFO  Epoch 1 | Step 7000/23865 | Loss 0.0810 | LR 1.87e-05 | samples_seen=72008
2026-05-15 22:52:27,481  INFO  Epoch 1 | Step 7000/23865 | Loss 0.1148 | LR 1.87e-05 | samples_seen=72010
2026-05-15 22:52:28,116  INFO  Epoch 1 | Step 7000/23865 | Loss 0.0692 | LR 1.87e-05 | samples_seen=72012
2026-05-15 22:52:28,400  INFO  Epoch 1 | Step 7000/23865 | Loss 0.0774 | LR 1.87e-05 | samples_seen=72014
2026-05-15 22:53:05,418  INFO  Epoch 1 | Step 7010/23865 | Loss 5.1416 | LR 1.87e-05 | samples_seen=72160
2026-05-15 22:53:05,649  INFO  Epoch 1 | Step 7010/23865 | Loss 0.1416 | LR 1.87e-05 | samples_seen=72162
2026-05-15 22:53:05,935  INFO  Epoch 1 | Step 7010/23865 | Loss 0.1093 | LR 1.87e-05 | samples_seen=72164
2026-05-15 22:53:06,216  INFO  Epoch 1 | Step 7010/23865 | Loss 0.0846 | LR 1.87e-05 | samples_seen=72166
2026-05-15 22:53:06,754  INFO  Epoch 1 | Step 7010/23865 | Loss 0.0619 | LR 1.87e-05 | samples_seen=72168
2026-05-15 22:53:07,413  INFO  Epoch 1 | Step 7010/23865 | Loss 0.0546 | LR 1.87e-05 | samples_seen=72170
2026-05-15 22:53:07,717  INFO  Epoch 1 | Step 7010/23865 | Loss 0.1180 | LR 1.87e-05 | samples_seen=72172
2026-05-15 22:53:08,101  INFO  Epoch 1 | Step 7010/23865 | Loss 0.0411 | LR 1.87e-05 | samples_seen=72174
2026-05-15 22:53:43,155  INFO  Epoch 1 | Step 7020/23865 | Loss 4.8705 | LR 1.87e-05 | samples_seen=72320
2026-05-15 22:53:43,837  INFO  Epoch 1 | Step 7020/23865 | Loss 0.1152 | LR 1.87e-05 | samples_seen=72322
2026-05-15 22:53:44,402  INFO  Epoch 1 | Step 7020/23865 | Loss 0.0427 | LR 1.87e-05 | samples_seen=72324
2026-05-15 22:53:44,733  INFO  Epoch 1 | Step 7020/23865 | Loss 0.0833 | LR 1.87e-05 | samples_seen=72326
2026-05-15 22:53:45,023  INFO  Epoch 1 | Step 7020/23865 | Loss 0.0909 | LR 1.87e-05 | samples_seen=72328
2026-05-15 22:53:45,566  INFO  Epoch 1 | Step 7020/23865 | Loss 0.0353 | LR 1.87e-05 | samples_seen=72330
2026-05-15 22:53:45,804  INFO  Epoch 1 | Step 7020/23865 | Loss 0.1055 | LR 1.87e-05 | samples_seen=72332
2026-05-15 22:53:46,570  INFO  Epoch 1 | Step 7020/23865 | Loss 0.0311 | LR 1.87e-05 | samples_seen=72334
2026-05-15 22:54:23,872  INFO  Epoch 1 | Step 7030/23865 | Loss 5.0711 | LR 1.87e-05 | samples_seen=72480
2026-05-15 22:54:24,130  INFO  Epoch 1 | Step 7030/23865 | Loss 0.1302 | LR 1.87e-05 | samples_seen=72482
2026-05-15 22:54:24,511  INFO  Epoch 1 | Step 7030/23865 | Loss 0.0818 | LR 1.87e-05 | samples_seen=72484
2026-05-15 22:54:24,996  INFO  Epoch 1 | Step 7030/23865 | Loss 0.0467 | LR 1.87e-05 | samples_seen=72486
2026-05-15 22:54:25,325  INFO  Epoch 1 | Step 7030/23865 | Loss 0.1223 | LR 1.87e-05 | samples_seen=72488
2026-05-15 22:54:25,761  INFO  Epoch 1 | Step 7030/23865 | Loss 0.0703 | LR 1.87e-05 | samples_seen=72490
2026-05-15 22:54:26,097  INFO  Epoch 1 | Step 7030/23865 | Loss 0.0381 | LR 1.87e-05 | samples_seen=72492
2026-05-15 22:54:26,496  INFO  Epoch 1 | Step 7030/23865 | Loss 0.0512 | LR 1.87e-05 | samples_seen=72494
2026-05-15 22:55:04,612  INFO  Epoch 1 | Step 7040/23865 | Loss 5.4943 | LR 1.87e-05 | samples_seen=72640
2026-05-15 22:55:05,228  INFO  Epoch 1 | Step 7040/23865 | Loss 0.0673 | LR 1.87e-05 | samples_seen=72642
2026-05-15 22:55:05,626  INFO  Epoch 1 | Step 7040/23865 | Loss 0.1042 | LR 1.87e-05 | samples_seen=72644
2026-05-15 22:55:06,208  INFO  Epoch 1 | Step 7040/23865 | Loss 0.0553 | LR 1.87e-05 | samples_seen=72646
2026-05-15 22:55:06,621  INFO  Epoch 1 | Step 7040/23865 | Loss 0.0477 | LR 1.87e-05 | samples_seen=72648
2026-05-15 22:55:06,913  INFO  Epoch 1 | Step 7040/23865 | Loss 0.1218 | LR 1.87e-05 | samples_seen=72650
2026-05-15 22:55:07,387  INFO  Epoch 1 | Step 7040/23865 | Loss 0.0457 | LR 1.87e-05 | samples_seen=72652
2026-05-15 22:55:07,715  INFO  Epoch 1 | Step 7040/23865 | Loss 0.0358 | LR 1.87e-05 | samples_seen=72654
2026-05-15 22:55:45,713  INFO  Epoch 1 | Step 7050/23865 | Loss 4.7516 | LR 1.87e-05 | samples_seen=72800
2026-05-15 22:55:46,572  INFO  Epoch 1 | Step 7050/23865 | Loss 0.0740 | LR 1.87e-05 | samples_seen=72802
2026-05-15 22:55:46,945  INFO  Epoch 1 | Step 7050/23865 | Loss 0.0497 | LR 1.87e-05 | samples_seen=72804
2026-05-15 22:55:47,574  INFO  Epoch 1 | Step 7050/23865 | Loss 0.0832 | LR 1.87e-05 | samples_seen=72806
2026-05-15 22:55:47,951  INFO  Epoch 1 | Step 7050/23865 | Loss 0.0860 | LR 1.87e-05 | samples_seen=72808
2026-05-15 22:55:48,521  INFO  Epoch 1 | Step 7050/23865 | Loss 0.0341 | LR 1.87e-05 | samples_seen=72810
2026-05-15 22:55:48,832  INFO  Epoch 1 | Step 7050/23865 | Loss 0.0916 | LR 1.87e-05 | samples_seen=72812
2026-05-15 22:55:49,291  INFO  Epoch 1 | Step 7050/23865 | Loss 0.0298 | LR 1.87e-05 | samples_seen=72814
2026-05-15 22:56:27,611  INFO  Epoch 1 | Step 7060/23865 | Loss 4.4703 | LR 1.87e-05 | samples_seen=72960
2026-05-15 22:56:27,933  INFO  Epoch 1 | Step 7060/23865 | Loss 0.0996 | LR 1.87e-05 | samples_seen=72962
2026-05-15 22:56:28,214  INFO  Epoch 1 | Step 7060/23865 | Loss 0.1313 | LR 1.87e-05 | samples_seen=72964
2026-05-15 22:56:28,662  INFO  Epoch 1 | Step 7060/23865 | Loss 0.0218 | LR 1.87e-05 | samples_seen=72966
2026-05-15 22:56:28,930  INFO  Epoch 1 | Step 7060/23865 | Loss 0.1390 | LR 1.87e-05 | samples_seen=72968
2026-05-15 22:56:29,197  INFO  Epoch 1 | Step 7060/23865 | Loss 0.1002 | LR 1.87e-05 | samples_seen=72970
2026-05-15 22:56:29,694  INFO  Epoch 1 | Step 7060/23865 | Loss 0.0891 | LR 1.87e-05 | samples_seen=72972
2026-05-15 22:56:30,062  INFO  Epoch 1 | Step 7060/23865 | Loss 0.0763 | LR 1.87e-05 | samples_seen=72974
2026-05-15 22:57:05,777  INFO  Epoch 1 | Step 7070/23865 | Loss 5.0829 | LR 1.87e-05 | samples_seen=73120
2026-05-15 22:57:06,144  INFO  Epoch 1 | Step 7070/23865 | Loss 0.0373 | LR 1.87e-05 | samples_seen=73122
2026-05-15 22:57:06,726  INFO  Epoch 1 | Step 7070/23865 | Loss 0.0495 | LR 1.87e-05 | samples_seen=73124
2026-05-15 22:57:07,220  INFO  Epoch 1 | Step 7070/23865 | Loss 0.0444 | LR 1.87e-05 | samples_seen=73126
2026-05-15 22:57:07,611  INFO  Epoch 1 | Step 7070/23865 | Loss 0.0673 | LR 1.87e-05 | samples_seen=73128
2026-05-15 22:57:08,043  INFO  Epoch 1 | Step 7070/23865 | Loss 0.0347 | LR 1.87e-05 | samples_seen=73130
2026-05-15 22:57:08,434  INFO  Epoch 1 | Step 7070/23865 | Loss 0.0807 | LR 1.87e-05 | samples_seen=73132
2026-05-15 22:57:09,152  INFO  Epoch 1 | Step 7070/23865 | Loss 0.0921 | LR 1.87e-05 | samples_seen=73134
2026-05-15 22:57:44,115  INFO  Epoch 1 | Step 7080/23865 | Loss 5.3280 | LR 1.87e-05 | samples_seen=73280
2026-05-15 22:57:44,758  INFO  Epoch 1 | Step 7080/23865 | Loss 0.0864 | LR 1.87e-05 | samples_seen=73282
2026-05-15 22:57:45,354  INFO  Epoch 1 | Step 7080/23865 | Loss 0.0263 | LR 1.87e-05 | samples_seen=73284
2026-05-15 22:57:45,804  INFO  Epoch 1 | Step 7080/23865 | Loss 0.0477 | LR 1.87e-05 | samples_seen=73286
2026-05-15 22:57:46,399  INFO  Epoch 1 | Step 7080/23865 | Loss 0.0621 | LR 1.87e-05 | samples_seen=73288
2026-05-15 22:57:46,816  INFO  Epoch 1 | Step 7080/23865 | Loss 0.0654 | LR 1.87e-05 | samples_seen=73290
2026-05-15 22:57:47,468  INFO  Epoch 1 | Step 7080/23865 | Loss 0.0459 | LR 1.87e-05 | samples_seen=73292
2026-05-15 22:57:47,854  INFO  Epoch 1 | Step 7080/23865 | Loss 0.0470 | LR 1.87e-05 | samples_seen=73294
